Distance,Tx Power,Bandwidth,Subband BW,Subband Offset
8097.045403,18.277992,25,12,1
8902.144133,43.860123,25,12,1
2216.546746,28.822472,25,12,1
4215.432894,54.468951,25,12,1
5582.983054,45.573615,25,12,1
2282.280150,15.874801,25,12,1
504.742197,19.699068,25,12,1
7922.469180,51.530398,25,12,1
