Distance,Tx Power,Bandwidth,Subband BW,Subband Offset
6268.896185,46.060007,15,14,1
6781.544336,23.467533,15,14,1
5114.091563,26.499431,15,14,1
4009.522867,36.735956,15,14,1
4745.004493,38.488945,15,14,1
2159.045861,37.617073,15,14,1
7310.298408,21.144812,15,14,1
5904.116340,39.452485,15,14,1
