Distance,Tx Power,Bandwidth,Subband BW,Subband Offset
5718.016589,40.721663,15,11,3
7910.448927,22.020072,15,11,3
2249.121189,46.192265,15,11,3
1741.511807,54.952328,15,11,3
4712.186713,53.483654,15,11,3
1968.933991,57.875840,15,11,3
2701.666966,38.751721,15,11,3
3925.792269,43.355287,15,11,3
