Distance,Tx Power,Bandwidth,Subband BW,Subband Offset
4600.690204,36.368261,50,9,16
5660.588255,45.597705,50,9,16
4763.446719,28.441258,50,9,16
4254.637296,38.785711,50,9,16
7843.521704,41.836307,50,9,16
8002.290663,18.955465,50,9,16
9286.009633,33.841152,50,9,16
1950.676237,15.094028,50,9,16
