Distance,Tx Power,Bandwidth,Subband BW,Subband Offset
3363.899325,57.488548,25,10,13
7451.960891,54.005783,25,10,13
4121.371224,39.206837,25,10,13
1593.328083,57.518967,25,10,13
2564.309037,42.477940,25,10,13
8076.223446,17.895940,25,10,13
6255.949346,39.831376,25,10,13
3581.600577,55.880421,25,10,13
