Distance,Tx Power,Bandwidth,Subband BW,Subband Offset
7483.218715,48.948301,50,6,31
2627.174080,19.581745,50,6,31
2405.863073,28.370450,50,6,31
7660.840151,24.930243,50,6,31
6377.281088,45.073798,50,6,31
7799.447734,51.576765,50,6,31
3275.004734,16.959612,50,6,31
5081.783550,43.295112,50,6,31
