Distance,Tx Power,Bandwidth,Subband BW,Subband Offset
893.635828,30.556767,100,12,85
7418.432098,59.499560,100,12,85
3914.445621,31.858251,100,12,85
5884.938817,50.729422,100,12,85
1084.931526,32.207606,100,12,85
8999.078660,53.942147,100,12,85
3625.672831,31.208991,100,12,85
6437.576295,37.938570,100,12,85
