Distance,Tx Power,Bandwidth,Subband BW,Subband Offset
5012.715684,23.737154,50,26,9
295.042525,35.865923,50,26,9
1994.982962,56.448381,50,26,9
1323.965093,47.264049,50,26,9
3845.008182,47.498321,50,26,9
4137.731951,29.888422,50,26,9
7400.354645,27.286969,50,26,9
2194.194202,22.823610,50,26,9
