Distance,Tx Power,Bandwidth,Subband BW,Subband Offset
7706.648143,45.747747,75,27,23
6784.291898,20.324293,75,27,23
3763.298058,20.474609,75,27,23
5497.906045,15.675431,75,27,23
3701.226080,17.958620,75,27,23
2108.975889,51.680551,75,27,23
7086.426638,39.630947,75,27,23
2829.800354,44.845866,75,27,23
