Distance,Tx Power,Bandwidth,Subband BW,Subband Offset
2221.720186,23.803462,75,28,47
5080.905001,59.544727,75,28,47
4431.137566,16.349053,75,28,47
4756.165476,47.973598,75,28,47
4639.931960,50.795631,75,28,47
5209.121996,24.445956,75,28,47
8591.460616,37.622369,75,28,47
6884.000719,58.458846,75,28,47
