Distance,Tx Power,Bandwidth,Subband BW,Subband Offset
4542.690387,49.345884,100,42,18
3563.241963,19.223213,100,42,18
8696.083571,59.991000,100,42,18
757.886089,49.103032,100,42,18
7310.925068,36.730171,100,42,18
7771.043607,43.418414,100,42,18
5328.502688,47.817324,100,42,18
1233.608460,36.901813,100,42,18
