Distance,Tx Power,Bandwidth,Subband BW,Subband Offset
6500.237360,47.872176,15,8,6
2257.200894,16.753740,15,8,6
8888.708700,56.247886,15,8,6
9077.692840,29.078665,15,8,6
2515.067378,21.804281,15,8,6
351.889257,57.155996,15,8,6
8274.956898,48.442804,15,8,6
8789.736426,33.003044,15,8,6
