Distance,Tx Power,Bandwidth,Subband BW,Subband Offset
6110.526324,32.508110,25,14,9
5867.269203,22.387221,25,14,9
7908.449508,58.231112,25,14,9
7530.908329,34.664386,25,14,9
397.508801,57.936331,25,14,9
1985.966131,51.597576,25,14,9
726.210758,31.284325,25,14,9
6379.695663,17.644989,25,14,9
