Distance,Tx Power,Bandwidth,Subband BW,Subband Offset
1569.051874,27.516636,100,67,27
5818.537987,17.017879,100,67,27
3853.687684,30.441665,100,67,27
634.789737,15.784888,100,67,27
3509.312167,38.964143,100,67,27
5228.428037,17.234104,100,67,27
1703.124360,59.749661,100,67,27
5602.250356,18.200735,100,67,27
