Distance,Tx Power,Bandwidth,Subband BW,Subband Offset
4686.926511,44.723588,100,22,46
6419.104552,41.287052,100,22,46
3719.754255,55.999571,100,22,46
7980.116011,48.106734,100,22,46
2576.675882,33.774381,100,22,46
2123.232115,27.591533,100,22,46
526.815810,28.764092,100,22,46
277.800922,40.955159,100,22,46
