Distance,Tx Power,Bandwidth,Subband BW,Subband Offset
7368.089699,29.823865,75,34,4
486.304399,28.343928,75,34,4
3940.165378,56.463491,75,34,4
3379.915270,40.166681,75,34,4
1945.257389,25.769154,75,34,4
8536.896898,44.281097,75,34,4
1599.303121,48.350690,75,34,4
8009.521937,20.271344,75,34,4
