Distance,Tx Power,Bandwidth,Subband BW,Subband Offset
2114.785566,27.298093,75,8,35
5150.187620,59.837707,75,8,35
5737.985474,36.697944,75,8,35
3575.935159,28.254865,75,8,35
533.908888,48.783041,75,8,35
410.773888,40.456929,75,8,35
4690.236422,50.848399,75,8,35
3525.033335,37.495912,75,8,35
