Distance,Tx Power,Bandwidth,Subband BW,Subband Offset
856.058672,18.286285,25,16,0
393.012101,32.581030,25,16,0
3911.043651,58.385835,25,16,0
4384.725000,22.047967,25,16,0
5797.617800,33.772108,25,16,0
9859.096000,35.778939,25,16,0
309.662891,35.456172,25,16,0
661.028626,39.803455,25,16,0
