Distance,Tx Power,Bandwidth,Subband BW,Subband Offset
9578.655562,50.027201,100,14,72
6017.955886,41.532394,100,14,72
4237.289939,56.515523,100,14,72
7362.424766,27.016269,100,14,72
6112.311094,59.881691,100,14,72
4933.155680,24.090729,100,14,72
8298.309937,49.668465,100,14,72
4624.480980,46.412491,100,14,72
