Distance,Tx Power,Bandwidth,Subband BW,Subband Offset
3620.071324,48.206216,75,14,49
4102.391463,55.062245,75,14,49
7492.304767,20.698054,75,14,49
8326.799092,34.749272,75,14,49
5693.666272,26.411352,75,14,49
8792.159462,49.801674,75,14,49
6415.802165,29.827964,75,14,49
9506.417960,20.993574,75,14,49
