Distance,Tx Power,Bandwidth,Subband BW,Subband Offset
5406.602252,45.879456,25,19,0
5643.439940,23.474400,25,19,0
2310.870525,27.259327,25,19,0
4241.782269,40.472696,25,19,0
8824.779153,28.361644,25,19,0
1184.253505,48.498598,25,19,0
3526.640968,34.208932,25,19,0
3798.776342,34.176716,25,19,0
