Distance,Tx Power,Bandwidth,Subband BW,Subband Offset
1939.774422,25.059350,50,13,16
7884.329251,58.620607,50,13,16
3039.172054,30.515043,50,13,16
1021.518661,27.489461,50,13,16
9925.387071,43.080087,50,13,16
9789.618252,52.721755,50,13,16
287.918142,30.271829,50,13,16
8649.118295,35.300134,50,13,16
