Distance,Tx Power,Bandwidth,Subband BW,Subband Offset
4160.453704,45.196316,100,42,2
7840.126906,47.601931,100,42,2
9147.448544,42.865699,100,42,2
8325.191643,46.199286,100,42,2
8613.903863,34.058703,100,42,2
5359.930701,23.194257,100,42,2
9856.380565,51.891663,100,42,2
8861.945253,34.705207,100,42,2
