Distance,Tx Power,Bandwidth,Subband BW,Subband Offset
6029.050095,58.044135,100,54,8
4671.761177,27.158861,100,54,8
965.776088,37.004396,100,54,8
4974.857508,45.684737,100,54,8
3112.788279,43.602002,100,54,8
3486.618560,34.287394,100,54,8
2431.462112,44.888107,100,54,8
2430.350579,44.475476,100,54,8
