Distance,Tx Power,Bandwidth,Subband BW,Subband Offset
2340.598048,16.964236,75,57,11
3167.326631,59.210881,75,57,11
1885.921061,51.114065,75,57,11
5020.992994,49.538643,75,57,11
4990.972273,32.684201,75,57,11
9899.510547,15.024958,75,57,11
2640.007560,43.119996,75,57,11
5031.948745,52.563389,75,57,11
