Distance,Tx Power,Bandwidth,Subband BW,Subband Offset
8344.083868,42.981793,75,38,4
2185.648044,45.780031,75,38,4
5102.424009,19.398804,75,38,4
820.488783,55.031185,75,38,4
4687.379897,36.808329,75,38,4
7547.915999,40.702180,75,38,4
240.516376,37.561936,75,38,4
1903.713522,20.541632,75,38,4
