Distance,Tx Power,Bandwidth,Subband BW,Subband Offset
8451.032762,24.728790,75,8,8
3276.100498,46.450978,75,8,8
1804.834976,22.467742,75,8,8
2069.987799,18.818416,75,8,8
7996.061460,21.666441,75,8,8
7482.924548,43.928787,75,8,8
3316.498779,45.151622,75,8,8
9310.325737,43.582986,75,8,8
