Distance,Tx Power,Bandwidth,Subband BW,Subband Offset
448.156237,43.320748,25,7,8
869.669207,46.980762,25,7,8
7012.449292,20.562154,25,7,8
8992.876004,37.628355,25,7,8
9790.595181,58.372114,25,7,8
1455.716709,17.846668,25,7,8
8534.526536,21.073248,25,7,8
3035.425624,37.894693,25,7,8
