Distance,Tx Power,Bandwidth,Subband BW,Subband Offset
764.809238,32.375275,50,11,9
7412.390358,41.705746,50,11,9
4741.881718,43.296682,50,11,9
9922.856739,15.506470,50,11,9
1350.772499,55.989808,50,11,9
4823.051126,46.585683,50,11,9
7744.528397,26.957302,50,11,9
9221.882439,47.808191,50,11,9
