Distance,Tx Power,Bandwidth,Subband BW,Subband Offset
7718.022280,59.785100,75,14,36
7298.957236,30.282992,75,14,36
5835.159941,42.143512,75,14,36
1242.205818,36.775044,75,14,36
1184.058581,35.339497,75,14,36
358.737908,39.568337,75,14,36
5202.426259,25.392684,75,14,36
6505.782268,25.070450,75,14,36
