Distance,Tx Power,Bandwidth,Subband BW,Subband Offset
415.767771,51.908878,100,24,6
1014.982268,47.266269,100,24,6
5049.223427,20.319746,100,24,6
8198.780352,26.710802,100,24,6
6550.647322,47.723444,100,24,6
711.721292,16.809154,100,24,6
5108.925695,23.670282,100,24,6
7225.715755,40.120804,100,24,6
