Distance,Tx Power,Bandwidth,Subband BW,Subband Offset
6847.764648,50.141872,50,7,4
5813.745558,33.038630,50,7,4
869.044393,47.736063,50,7,4
2126.339423,36.392083,50,7,4
1532.756806,59.123851,50,7,4
2614.613657,52.325217,50,7,4
440.340622,24.209222,50,7,4
1020.176024,26.663676,50,7,4
