Distance,Tx Power,Bandwidth,Subband BW,Subband Offset
7612.739542,32.404111,15,7,5
7728.777493,38.847702,15,7,5
2745.986321,53.676966,15,7,5
7899.919885,42.394629,15,7,5
1188.093671,20.967285,15,7,5
9581.364383,54.541588,15,7,5
7316.464410,41.998965,15,7,5
1815.242773,15.836365,15,7,5
