Distance,Tx Power,Bandwidth,Subband BW,Subband Offset
4011.266288,30.663360,100,7,44
9582.144167,33.168535,100,7,44
9071.140389,43.610211,100,7,44
9917.297955,57.164117,100,7,44
3165.422199,27.398097,100,7,44
1929.880250,36.269194,100,7,44
6208.591295,54.215696,100,7,44
3897.023075,18.710279,100,7,44
