Distance,Tx Power,Bandwidth,Subband BW,Subband Offset
9634.746885,51.675902,15,6,4
6001.140330,57.692778,15,6,4
387.787780,37.192266,15,6,4
9175.705939,41.112125,15,6,4
229.229094,24.008848,15,6,4
7102.394526,45.337645,15,6,4
3789.272630,25.811629,15,6,4
3138.576547,47.284385,15,6,4
