Distance,Tx Power,Bandwidth,Subband BW,Subband Offset
9457.902178,17.664783,50,12,25
2507.161223,58.778133,50,12,25
5225.033136,59.078358,50,12,25
5421.964572,50.707737,50,12,25
7032.651973,40.494086,50,12,25
584.302096,25.034535,50,12,25
8041.587735,17.588811,50,12,25
6870.631626,32.241254,50,12,25
