Distance,Tx Power,Bandwidth,Subband BW,Subband Offset
4429.061022,42.454449,25,7,0
4828.179972,44.221859,25,7,0
8133.458636,18.702204,25,7,0
7080.612896,39.777991,25,7,0
2454.194232,25.177193,25,7,0
6402.551219,39.663510,25,7,0
3953.735000,55.799355,25,7,0
7279.049270,16.445862,25,7,0
