Distance,Tx Power,Bandwidth,Subband BW,Subband Offset
6907.482135,34.017935,25,12,10
2744.554717,45.267201,25,12,10
5004.638036,31.272247,25,12,10
1576.508659,55.906314,25,12,10
7146.990850,58.271640,25,12,10
8007.748617,41.441606,25,12,10
6707.622978,16.332590,25,12,10
9625.799809,24.563564,25,12,10
