Distance,Tx Power,Bandwidth,Subband BW,Subband Offset
8363.047758,49.600429,50,39,10
1980.036142,51.238647,50,39,10
1068.630121,58.140571,50,39,10
2740.727108,28.326039,50,39,10
1962.485684,58.838609,50,39,10
3953.526306,57.118580,50,39,10
6377.607592,41.213254,50,39,10
6401.117720,51.026143,50,39,10
