Distance,Tx Power,Bandwidth,Subband BW,Subband Offset
4502.306103,39.620028,25,24,1
7578.146637,58.756222,25,24,1
3458.109392,34.151592,25,24,1
6018.319189,52.249138,25,24,1
2192.098912,56.033377,25,24,1
7788.268553,29.331559,25,24,1
2244.797815,57.505217,25,24,1
2383.292523,51.582013,25,24,1
