Distance,Tx Power,Bandwidth,Subband BW,Subband Offset
9822.945472,24.281824,15,11,1
7627.378993,21.726373,15,11,1
1460.772886,30.742683,15,11,1
9243.159742,17.772437,15,11,1
1174.864683,43.713377,15,11,1
1050.612458,47.533393,15,11,1
2962.547322,46.318975,15,11,1
8797.481183,29.015074,15,11,1
