Distance,Tx Power,Bandwidth,Subband BW,Subband Offset
9172.565999,38.557012,75,23,33
8102.407394,54.657238,75,23,33
4774.799605,44.986085,75,23,33
7364.004928,59.140643,75,23,33
1556.699150,18.335490,75,23,33
8899.882295,32.353674,75,23,33
477.253183,24.846472,75,23,33
7269.678963,17.600494,75,23,33
