Distance,Tx Power,Bandwidth,Subband BW,Subband Offset
9947.481296,44.636564,75,6,45
409.637977,17.484261,75,6,45
5521.480562,21.677055,75,6,45
2998.180002,31.446506,75,6,45
9160.294705,58.823035,75,6,45
4314.254371,42.445411,75,6,45
8059.851184,59.117323,75,6,45
4618.707166,38.686616,75,6,45
