Distance,Tx Power,Bandwidth,Subband BW,Subband Offset
6067.054560,38.106252,75,14,48
6119.341517,55.526076,75,14,48
2173.359962,55.784613,75,14,48
5142.645746,46.790220,75,14,48
9210.171059,54.918541,75,14,48
1184.100793,47.322920,75,14,48
4719.179015,27.357986,75,14,48
3228.587029,40.250677,75,14,48
