Distance,Tx Power,Bandwidth,Subband BW,Subband Offset
7372.522488,58.171052,25,8,5
9568.318542,41.861857,25,8,5
1590.960183,55.322655,25,8,5
4181.066743,33.679383,25,8,5
8720.458986,46.984748,25,8,5
215.511593,55.055690,25,8,5
969.859190,51.215436,25,8,5
3459.626083,44.349196,25,8,5
