Distance,Tx Power,Bandwidth,Subband BW,Subband Offset
5492.227297,36.659343,25,8,15
2099.880116,52.016721,25,8,15
2189.978109,28.914019,25,8,15
2325.740843,55.992534,25,8,15
4678.415038,46.398754,25,8,15
801.387042,48.493645,25,8,15
1428.927303,41.489102,25,8,15
3264.432080,27.801030,25,8,15
