Distance,Tx Power,Bandwidth,Subband BW,Subband Offset
9161.981144,21.936197,50,20,16
127.556252,51.376435,50,20,16
8143.815322,21.109066,50,20,16
3143.729720,54.256969,50,20,16
8172.066599,34.035982,50,20,16
8738.387685,59.023967,50,20,16
4304.861395,54.399338,50,20,16
1439.911278,16.857132,50,20,16
