Distance,Tx Power,Bandwidth,Subband BW,Subband Offset
7844.378357,54.829206,50,32,4
9377.858640,43.772197,50,32,4
3514.468457,19.442908,50,32,4
6675.463218,27.346511,50,32,4
3071.103087,50.114257,50,32,4
8442.733771,56.412487,50,32,4
5461.820613,19.558182,50,32,4
9466.807176,53.554149,50,32,4
