Distance,Tx Power,Bandwidth,Subband BW,Subband Offset
4328.223953,27.062090,15,12,2
5516.302682,39.034661,15,12,2
591.274329,27.769744,15,12,2
3335.770177,18.652255,15,12,2
1423.345366,51.270982,15,12,2
9862.113639,35.890996,15,12,2
7645.177162,51.101839,15,12,2
6959.523138,27.040861,15,12,2
