Distance,Tx Power,Bandwidth,Subband BW,Subband Offset
9519.440388,28.552443,100,74,11
8698.723093,50.757257,100,74,11
7010.064354,55.583708,100,74,11
2164.472469,47.664055,100,74,11
4707.780170,57.727334,100,74,11
3273.021160,44.064349,100,74,11
6509.975883,20.140348,100,74,11
6292.710921,26.289577,100,74,11
