Distance,Tx Power,Bandwidth,Subband BW,Subband Offset
2091.139185,34.857324,50,22,16
7460.548849,19.521738,50,22,16
3110.727233,24.735112,50,22,16
9021.161272,51.337412,50,22,16
3763.505244,45.008573,50,22,16
8728.006094,25.022319,50,22,16
9186.747603,33.185865,50,22,16
1244.620449,37.883182,50,22,16
