Distance,Tx Power,Bandwidth,Subband BW,Subband Offset
4304.284153,16.358928,15,12,0
9412.135258,58.648564,15,12,0
2800.133597,39.277039,15,12,0
2041.447834,50.874587,15,12,0
8540.388085,24.874950,15,12,0
8419.561025,33.251586,15,12,0
9161.455627,50.307353,15,12,0
1648.212175,39.901267,15,12,0
