Distance,Tx Power,Bandwidth,Subband BW,Subband Offset
5259.832293,27.285729,50,11,29
1937.404348,19.998815,50,11,29
732.582115,53.159611,50,11,29
5487.746034,50.405839,50,11,29
6498.995884,42.373690,50,11,29
2707.048446,46.596209,50,11,29
9291.329910,41.514724,50,11,29
2828.120229,48.124851,50,11,29
