Distance,Tx Power,Bandwidth,Subband BW,Subband Offset
3600.829106,29.615836,15,10,1
917.157493,55.329883,15,10,1
4991.295400,49.586772,15,10,1
7371.919361,30.656112,15,10,1
3294.004056,52.221110,15,10,1
7312.261384,57.292695,15,10,1
9223.145877,15.025381,15,10,1
8661.660877,45.202775,15,10,1
