Distance,Tx Power,Bandwidth,Subband BW,Subband Offset
8711.335934,55.367718,100,32,57
5339.279467,35.516156,100,32,57
5041.261383,32.326553,100,32,57
1713.539157,34.247088,100,32,57
5957.447091,43.044677,100,32,57
8891.406567,15.303042,100,32,57
5428.363886,21.414581,100,32,57
6316.220046,34.443338,100,32,57
