Distance,Tx Power,Bandwidth,Subband BW,Subband Offset
6393.507870,52.712394,15,13,2
6852.777487,26.891123,15,13,2
8144.083335,47.411270,15,13,2
7354.747891,26.006145,15,13,2
5876.821243,21.879913,15,13,2
8296.367666,35.402815,15,13,2
7222.632432,24.483776,15,13,2
6941.627269,25.686616,15,13,2
