Distance,Tx Power,Bandwidth,Subband BW,Subband Offset
2229.510125,20.480491,50,42,2
6279.406983,57.634091,50,42,2
1119.088749,55.938798,50,42,2
7896.360067,42.244971,50,42,2
599.340549,46.210621,50,42,2
3532.317413,53.006457,50,42,2
3140.407294,52.263061,50,42,2
659.868798,41.304960,50,42,2
