Distance,Tx Power,Bandwidth,Subband BW,Subband Offset
5541.561575,47.297920,100,37,50
9212.588333,29.759930,100,37,50
2567.795411,32.083485,100,37,50
2142.671913,24.967834,100,37,50
5166.481873,31.735348,100,37,50
5718.243381,56.488907,100,37,50
2162.937488,57.412442,100,37,50
1051.969063,28.015128,100,37,50
