Distance,Tx Power,Bandwidth,Subband BW,Subband Offset
3543.387453,28.204083,25,17,6
9026.161881,44.803665,25,17,6
1891.699645,31.764922,25,17,6
283.965096,25.750729,25,17,6
6010.960853,57.284700,25,17,6
9981.343023,55.009886,25,17,6
4064.323685,36.887077,25,17,6
1039.001336,45.924523,25,17,6
