Distance,Tx Power,Bandwidth,Subband BW,Subband Offset
209.571975,16.746383,25,19,0
9715.765568,29.957671,25,19,0
137.783238,47.891594,25,19,0
2764.918276,51.725086,25,19,0
6648.839146,50.567181,25,19,0
5562.429953,42.987897,25,19,0
4624.669581,38.821353,25,19,0
9325.739630,47.969424,25,19,0
