Distance,Tx Power,Bandwidth,Subband BW,Subband Offset
9543.840542,47.282084,75,21,25
9784.265227,51.108761,75,21,25
9122.341291,31.797068,75,21,25
4936.012695,52.791785,75,21,25
1395.024897,49.354435,75,21,25
3000.784146,37.214397,75,21,25
1887.148973,42.361875,75,21,25
3512.724804,32.730711,75,21,25
