Distance,Tx Power,Bandwidth,Subband BW,Subband Offset
978.370962,59.296025,50,40,8
1199.563790,33.646304,50,40,8
1311.349563,56.612371,50,40,8
5584.683073,18.396128,50,40,8
579.131653,34.661669,50,40,8
6744.909504,20.411887,50,40,8
5613.467839,54.753446,50,40,8
2552.484487,58.267670,50,40,8
