Distance,Tx Power,Bandwidth,Subband BW,Subband Offset
1196.779910,36.010802,100,48,22
3667.502803,44.732751,100,48,22
4208.213777,16.838614,100,48,22
3311.976399,58.492043,100,48,22
1797.509326,50.579502,100,48,22
7546.843248,30.302815,100,48,22
3368.649848,49.122267,100,48,22
8687.589492,19.709314,100,48,22
