Distance,Tx Power,Bandwidth,Subband BW,Subband Offset
3760.544740,46.055829,50,14,33
5624.580258,21.736790,50,14,33
3652.618458,41.289594,50,14,33
6401.156572,27.242495,50,14,33
244.382842,47.416360,50,14,33
7839.550248,54.478480,50,14,33
1672.400130,21.870711,50,14,33
7032.106842,38.637193,50,14,33
