Distance,Tx Power,Bandwidth,Subband BW,Subband Offset
2084.191886,28.800256,25,11,13
3529.744239,54.136463,25,11,13
9599.416336,36.190861,25,11,13
9882.825860,45.007394,25,11,13
2412.662285,40.370462,25,11,13
3621.257790,18.272899,25,11,13
1433.259016,47.782710,25,11,13
948.042591,45.216464,25,11,13
