Distance,Tx Power,Bandwidth,Subband BW,Subband Offset
5715.593275,28.359038,25,9,15
6601.400801,57.468185,25,9,15
3794.454559,25.118133,25,9,15
537.535527,43.403569,25,9,15
1886.322933,39.129610,25,9,15
1026.462977,52.167360,25,9,15
2207.483734,32.765065,25,9,15
7641.356528,56.468131,25,9,15
