Distance,Tx Power,Bandwidth,Subband BW,Subband Offset
3163.411368,50.265047,25,11,10
9957.816032,21.878330,25,11,10
3936.762830,28.358327,25,11,10
3704.239039,52.404501,25,11,10
5926.077773,28.098948,25,11,10
7983.836414,52.480848,25,11,10
2905.135338,53.264786,25,11,10
1997.596350,46.928530,25,11,10
