Distance,Tx Power,Bandwidth,Subband BW,Subband Offset
2798.155723,22.099882,15,9,6
3118.115249,15.879498,15,9,6
9507.828717,42.916548,15,9,6
1495.052900,26.501443,15,9,6
8605.518426,32.929049,15,9,6
7389.731563,54.483869,15,9,6
7982.519850,46.114913,15,9,6
3089.685259,43.328278,15,9,6
