Distance,Tx Power,Bandwidth,Subband BW,Subband Offset
1816.859591,24.608699,50,10,1
3693.133708,45.729094,50,10,1
4011.859231,18.194847,50,10,1
6313.960879,34.880446,50,10,1
9972.978126,44.726442,50,10,1
8038.691066,37.633579,50,10,1
2513.067728,47.098660,50,10,1
3004.383257,19.445684,50,10,1
