Distance,Tx Power,Bandwidth,Subband BW,Subband Offset
1528.143833,29.082260,25,6,0
6204.210048,58.397192,25,6,0
8353.866566,53.487825,25,6,0
4266.619940,37.387623,25,6,0
2025.499566,25.518195,25,6,0
6734.064117,25.701816,25,6,0
5776.727446,42.881897,25,6,0
9545.070588,43.152651,25,6,0
