Distance,Tx Power,Bandwidth,Subband BW,Subband Offset
876.502143,42.427505,15,14,0
2081.197211,39.812688,15,14,0
5449.393581,21.981794,15,14,0
2975.361266,27.195594,15,14,0
9039.354665,55.117595,15,14,0
7045.987069,38.941996,15,14,0
973.279562,54.335256,15,14,0
1410.577523,34.377113,15,14,0
