Distance,Tx Power,Bandwidth,Subband BW,Subband Offset
3480.519303,50.249405,50,24,24
9996.739327,17.144443,50,24,24
1925.399779,42.070641,50,24,24
691.952560,58.585674,50,24,24
5640.654755,43.750498,50,24,24
2074.845922,55.282627,50,24,24
2316.618879,15.034624,50,24,24
1267.731724,38.024231,50,24,24
