Distance,Tx Power,Bandwidth,Subband BW,Subband Offset
8749.174867,59.706817,100,12,49
2548.848646,42.764610,100,12,49
2442.805296,32.495418,100,12,49
3255.747410,38.213079,100,12,49
2249.017050,16.364219,100,12,49
3132.558764,25.903757,100,12,49
7452.439994,32.732180,100,12,49
677.159504,17.392733,100,12,49
