Distance,Tx Power,Bandwidth,Subband BW,Subband Offset
3204.447047,17.815678,100,7,71
8876.495929,26.639268,100,7,71
3726.617576,49.059519,100,7,71
7660.035472,58.049461,100,7,71
9987.409828,15.272796,100,7,71
3153.987723,28.074760,100,7,71
9673.961638,40.636284,100,7,71
1334.206005,38.328097,100,7,71
