Distance,Tx Power,Bandwidth,Subband BW,Subband Offset
5726.120553,29.643336,50,20,6
9413.271796,51.966155,50,20,6
1088.950006,36.597678,50,20,6
4045.675180,40.903591,50,20,6
9968.805348,19.254833,50,20,6
8479.181366,16.506161,50,20,6
9190.821181,38.760304,50,20,6
535.601991,41.689722,50,20,6
