Distance,Tx Power,Bandwidth,Subband BW,Subband Offset
6748.759787,43.280015,75,13,38
4439.027599,19.918847,75,13,38
1311.158707,21.084117,75,13,38
7720.083004,27.972677,75,13,38
212.856165,17.070087,75,13,38
1906.576576,56.849816,75,13,38
191.896985,37.490438,75,13,38
7228.242496,27.931064,75,13,38
