Distance,Tx Power,Bandwidth,Subband BW,Subband Offset
6648.046634,23.463321,75,43,4
7368.381364,16.060814,75,43,4
4008.531739,26.693484,75,43,4
4768.774377,37.863681,75,43,4
3255.250307,42.429677,75,43,4
429.968693,25.049305,75,43,4
1450.836229,21.358443,75,43,4
4259.846754,15.141675,75,43,4
