Distance,Tx Power,Bandwidth,Subband BW,Subband Offset
2480.135045,22.801964,15,6,6
1195.125466,45.331523,15,6,6
8685.535177,18.805712,15,6,6
6659.246580,27.008924,15,6,6
8499.000256,23.313908,15,6,6
3100.620819,51.569889,15,6,6
6620.491422,18.902218,15,6,6
8838.064369,35.121536,15,6,6
