Distance,Tx Power,Bandwidth,Subband BW,Subband Offset
9354.736546,34.453792,75,19,44
2187.345479,57.127036,75,19,44
109.666053,50.572924,75,19,44
5819.393883,59.120537,75,19,44
2868.082683,23.359062,75,19,44
1538.693506,42.814484,75,19,44
3871.654545,19.856972,75,19,44
248.721679,34.659257,75,19,44
