Distance,Tx Power,Bandwidth,Subband BW,Subband Offset
2826.765423,18.369094,25,8,0
6445.083908,59.576504,25,8,0
6101.109768,18.180426,25,8,0
2609.949000,56.141264,25,8,0
6831.426735,40.334263,25,8,0
2974.528699,23.461753,25,8,0
2866.051027,58.740183,25,8,0
3133.069915,25.437223,25,8,0
