Distance,Tx Power,Bandwidth,Subband BW,Subband Offset
1121.589900,34.555020,25,13,9
832.291420,43.583357,25,13,9
3402.298723,18.761534,25,13,9
830.505873,51.153999,25,13,9
1409.491273,55.700636,25,13,9
1755.020696,53.199447,25,13,9
9802.714822,51.375692,25,13,9
5207.007113,32.785818,25,13,9
