Distance,Tx Power,Bandwidth,Subband BW,Subband Offset
582.567573,28.526923,100,61,24
9275.048540,24.995663,100,61,24
6260.184489,16.386785,100,61,24
3784.796652,43.745391,100,61,24
5047.381772,47.422242,100,61,24
6756.204564,30.003273,100,61,24
998.361811,18.631863,100,61,24
3939.698532,19.300083,100,61,24
