Distance,Tx Power,Bandwidth,Subband BW,Subband Offset
9814.022349,43.077779,75,8,25
3505.404151,24.369166,75,8,25
7092.465378,29.867609,75,8,25
1973.727626,34.437554,75,8,25
561.946789,25.570228,75,8,25
2055.699358,40.476620,75,8,25
390.477853,55.060434,75,8,25
5286.432398,47.135077,75,8,25
