Distance,Tx Power,Bandwidth,Subband BW,Subband Offset
144.205681,55.911387,25,11,7
3490.813788,19.250463,25,11,7
9600.129194,18.290407,25,11,7
1310.026911,42.085305,25,11,7
7832.764372,22.245259,25,11,7
8833.123353,26.204257,25,11,7
5971.200228,35.616253,25,11,7
7331.513658,25.118448,25,11,7
