Distance,Tx Power,Bandwidth,Subband BW,Subband Offset
5383.279176,56.801989,75,49,4
6897.205922,15.063825,75,49,4
7213.577315,17.124341,75,49,4
6108.994601,53.954934,75,49,4
1646.892234,35.036756,75,49,4
4038.765314,23.557056,75,49,4
9689.265696,26.542991,75,49,4
1391.754018,28.104675,75,49,4
