Distance,Tx Power,Bandwidth,Subband BW,Subband Offset
4488.137180,32.669598,15,9,3
8763.132864,26.743279,15,9,3
6261.110757,36.143044,15,9,3
3653.175130,42.157304,15,9,3
9614.372398,18.366303,15,9,3
9994.439901,33.940144,15,9,3
8680.383929,31.983589,15,9,3
9721.845655,57.411238,15,9,3
