Distance,Tx Power,Bandwidth,Subband BW,Subband Offset
4872.154592,49.361446,75,33,23
8530.780068,29.021840,75,33,23
5304.842376,21.964530,75,33,23
4211.015625,23.501498,75,33,23
3751.556181,17.615882,75,33,23
6979.208070,25.531633,75,33,23
6918.072726,20.337501,75,33,23
484.663830,16.492067,75,33,23
