Distance,Tx Power,Bandwidth,Subband BW,Subband Offset
1053.686948,31.208407,100,50,47
3109.433627,59.818064,100,50,47
286.163096,46.359089,100,50,47
3689.579389,40.784257,100,50,47
104.473706,16.766296,100,50,47
5452.979401,56.362260,100,50,47
7627.428545,54.181450,100,50,47
1201.378097,41.319420,100,50,47
