Distance,Tx Power,Bandwidth,Subband BW,Subband Offset
9408.154136,47.131904,75,29,4
6694.424045,45.005369,75,29,4
8699.990364,59.092020,75,29,4
7402.182136,59.996300,75,29,4
9589.517210,58.365066,75,29,4
8536.978574,55.292706,75,29,4
8960.858217,49.885015,75,29,4
722.682016,56.352257,75,29,4
