Distance,Tx Power,Bandwidth,Subband BW,Subband Offset
8206.498884,20.870595,75,6,67
6898.297935,19.787753,75,6,67
5601.138451,34.363571,75,6,67
9876.462479,51.759457,75,6,67
4989.106632,18.094546,75,6,67
6712.994004,49.361498,75,6,67
3179.318115,32.799349,75,6,67
3338.395229,22.251364,75,6,67
