Distance,Tx Power,Bandwidth,Subband BW,Subband Offset
4480.740094,39.652715,75,10,23
1725.241610,51.734031,75,10,23
3038.314115,18.496225,75,10,23
5920.404581,50.936534,75,10,23
4390.000612,57.522978,75,10,23
3428.119588,57.571461,75,10,23
2674.887770,32.425693,75,10,23
4639.608836,35.235156,75,10,23
