Distance,Tx Power,Bandwidth,Subband BW,Subband Offset
1345.643212,48.958005,15,7,5
3155.522764,17.794153,15,7,5
634.999282,35.054565,15,7,5
5781.058158,18.487139,15,7,5
7164.105879,42.126935,15,7,5
3092.527587,56.323522,15,7,5
3972.185159,55.588941,15,7,5
1785.363985,38.936060,15,7,5
