Distance,Tx Power,Bandwidth,Subband BW,Subband Offset
2407.183806,27.472083,75,16,49
6775.469746,53.891119,75,16,49
374.637585,16.222874,75,16,49
575.778736,22.494526,75,16,49
8343.112659,16.305566,75,16,49
9631.813524,34.893848,75,16,49
6718.182989,55.696558,75,16,49
8880.707051,43.647339,75,16,49
