Distance,Tx Power,Bandwidth,Subband BW,Subband Offset
4411.340302,18.118454,25,17,3
6699.042893,56.252922,25,17,3
3590.721494,55.666593,25,17,3
4445.411529,53.566821,25,17,3
9018.963507,51.811555,25,17,3
8760.366322,59.167262,25,17,3
4186.657151,44.400956,25,17,3
9088.267112,25.357568,25,17,3
