Distance,Tx Power,Bandwidth,Subband BW,Subband Offset
2165.905418,23.084393,100,43,18
2822.203498,24.062245,100,43,18
1785.196129,30.954189,100,43,18
3609.720737,37.199922,100,43,18
673.824105,32.358381,100,43,18
6179.300373,15.724046,100,43,18
7894.593827,31.887237,100,43,18
5065.918279,58.394050,100,43,18
