Distance,Tx Power,Bandwidth,Subband BW,Subband Offset
623.209192,26.624133,75,20,15
1659.392210,45.726887,75,20,15
294.483914,32.040236,75,20,15
4707.990211,16.084704,75,20,15
628.719015,43.871085,75,20,15
7795.559149,37.910996,75,20,15
2479.398984,40.162521,75,20,15
1447.687805,24.904903,75,20,15
