Distance,Tx Power,Bandwidth,Subband BW,Subband Offset
1589.773848,21.245646,50,19,5
8268.071652,25.953751,50,19,5
133.971689,30.618004,50,19,5
4342.431192,32.974400,50,19,5
2630.097723,38.874126,50,19,5
1296.834895,17.120411,50,19,5
7964.246698,44.433246,50,19,5
3881.308128,20.722264,50,19,5
