Distance,Tx Power,Bandwidth,Subband BW,Subband Offset
6398.603729,15.914918,25,14,10
5133.835120,47.567537,25,14,10
5861.661465,54.761192,25,14,10
8773.185087,24.027940,25,14,10
2312.783513,28.834510,25,14,10
5300.859819,33.388970,25,14,10
1181.716206,18.062223,25,14,10
2706.465690,34.650661,25,14,10
