Distance,Tx Power,Bandwidth,Subband BW,Subband Offset
5263.657560,21.679092,100,73,17
1866.760007,19.763720,100,73,17
8040.376585,22.799756,100,73,17
8366.379220,40.378414,100,73,17
2425.960190,52.022374,100,73,17
7963.328694,52.040939,100,73,17
9913.729804,16.066240,100,73,17
7947.981505,58.116936,100,73,17
