Distance,Tx Power,Bandwidth,Subband BW,Subband Offset
7765.515815,35.329420,100,31,49
5774.160750,40.309156,100,31,49
1828.759700,54.758243,100,31,49
1043.527444,58.939313,100,31,49
2661.672001,43.749838,100,31,49
7396.060521,41.296327,100,31,49
3928.176674,42.239196,100,31,49
6625.165138,52.314492,100,31,49
