Distance,Tx Power,Bandwidth,Subband BW,Subband Offset
8541.881732,46.727442,100,77,16
2747.298740,33.950268,100,77,16
7474.871837,59.295261,100,77,16
454.660174,58.779297,100,77,16
5450.949721,57.127257,100,77,16
6838.521921,47.327593,100,77,16
2072.057060,47.556235,100,77,16
6043.748318,59.395930,100,77,16
