Distance,Tx Power,Bandwidth,Subband BW,Subband Offset
8315.983629,18.177976,15,12,3
2738.613599,16.125270,15,12,3
9010.053043,20.622401,15,12,3
5665.318996,45.481207,15,12,3
5665.447892,42.073635,15,12,3
6944.815112,33.085180,15,12,3
6714.412231,25.041435,15,12,3
5739.943010,19.385336,15,12,3
