Distance,Tx Power,Bandwidth,Subband BW,Subband Offset
5433.145682,44.067009,50,19,27
4341.756148,39.370402,50,19,27
2677.203165,57.510380,50,19,27
4459.286036,38.145392,50,19,27
2767.817980,46.431035,50,19,27
8063.377229,30.184737,50,19,27
3371.736944,29.237397,50,19,27
1714.185051,41.787343,50,19,27
