Distance,Tx Power,Bandwidth,Subband BW,Subband Offset
8671.125711,55.444712,75,51,4
9819.936458,42.640137,75,51,4
5298.018253,49.609242,75,51,4
2216.701804,50.261200,75,51,4
3975.323429,39.989574,75,51,4
3755.267733,20.107054,75,51,4
3343.369927,38.993943,75,51,4
8912.811159,43.138066,75,51,4
