Distance,Tx Power,Bandwidth,Subband BW,Subband Offset
8978.779228,56.333702,100,37,20
1078.520061,15.442510,100,37,20
5537.230484,53.762825,100,37,20
5088.006121,40.271669,100,37,20
6550.897573,56.139606,100,37,20
3974.883066,41.910473,100,37,20
3793.884913,53.477760,100,37,20
2722.706749,15.499519,100,37,20
