Distance,Tx Power,Bandwidth,Subband BW,Subband Offset
7430.673832,55.218270,25,15,7
8166.218706,32.106295,25,15,7
8127.925431,20.855968,25,15,7
5719.819715,32.137447,25,15,7
3988.046012,42.287714,25,15,7
4928.141677,24.224298,25,15,7
3312.545391,27.034397,25,15,7
2804.291177,54.254417,25,15,7
