Distance,Tx Power,Bandwidth,Subband BW,Subband Offset
8548.612353,26.750275,25,13,4
9006.814054,26.641591,25,13,4
124.114436,25.255183,25,13,4
5939.191259,31.304385,25,13,4
1592.911568,40.999251,25,13,4
791.502270,43.456563,25,13,4
6372.099995,51.553569,25,13,4
3234.218710,47.187365,25,13,4
