Distance,Tx Power,Bandwidth,Subband BW,Subband Offset
4503.113052,49.998764,100,42,36
8856.261368,15.545748,100,42,36
2575.428362,50.317268,100,42,36
6219.104299,26.659452,100,42,36
7910.805431,44.447797,100,42,36
8109.286131,56.724514,100,42,36
5251.246226,39.553064,100,42,36
1415.382239,50.130326,100,42,36
