Distance,Tx Power,Bandwidth,Subband BW,Subband Offset
638.029529,23.920640,25,7,11
316.156501,29.320228,25,7,11
5319.962277,55.157654,25,7,11
5160.481386,17.338800,25,7,11
1051.788535,36.723571,25,7,11
6589.831659,55.496419,25,7,11
3865.987499,57.227062,25,7,11
9798.723566,25.298365,25,7,11
