Distance,Tx Power,Bandwidth,Subband BW,Subband Offset
3704.192545,47.666209,25,10,0
4795.537494,31.401827,25,10,0
7059.652200,16.954563,25,10,0
7990.180754,52.362006,25,10,0
4560.802035,30.154739,25,10,0
5205.490878,35.600686,25,10,0
9043.828016,29.016730,25,10,0
5160.452316,29.226233,25,10,0
