Distance,Tx Power,Bandwidth,Subband BW,Subband Offset
7658.092489,44.403653,15,14,1
9679.503800,47.701334,15,14,1
7857.863220,55.783738,15,14,1
2886.374793,30.325505,15,14,1
1417.737917,31.386175,15,14,1
4579.040051,22.645826,15,14,1
1749.488157,53.793774,15,14,1
2445.394169,21.131118,15,14,1
