Distance,Tx Power,Bandwidth,Subband BW,Subband Offset
2737.881432,42.229906,100,66,27
899.742256,51.828921,100,66,27
5989.972215,52.304999,100,66,27
9248.369163,54.765399,100,66,27
5174.395282,17.357345,100,66,27
9480.008505,47.355475,100,66,27
7760.806075,41.064649,100,66,27
8788.642523,45.796657,100,66,27
