Distance,Tx Power,Bandwidth,Subband BW,Subband Offset
5635.811171,47.313350,75,23,31
7720.336816,32.301444,75,23,31
6521.419525,40.999897,75,23,31
7434.733681,45.281361,75,23,31
4450.042978,20.232972,75,23,31
6270.354024,36.030308,75,23,31
1060.127459,36.940659,75,23,31
584.616028,48.046340,75,23,31
