Distance,Tx Power,Bandwidth,Subband BW,Subband Offset
231.131262,15.770072,15,6,2
4331.170612,16.940816,15,6,2
3203.060917,35.216006,15,6,2
3929.765027,54.244013,15,6,2
4252.314532,54.042047,15,6,2
8279.850308,39.942560,15,6,2
181.639764,34.294207,15,6,2
525.135518,45.076539,15,6,2
