Distance,Tx Power,Bandwidth,Subband BW,Subband Offset
7105.421412,49.329249,25,6,19
7026.658312,59.204696,25,6,19
6077.458170,26.211322,25,6,19
8960.897791,56.485749,25,6,19
3411.333058,42.806326,25,6,19
2634.171444,31.915202,25,6,19
7874.339524,30.211847,25,6,19
6460.844478,18.271626,25,6,19
