Distance,Tx Power,Bandwidth,Subband BW,Subband Offset
9170.599924,41.390344,75,50,10
1417.956929,28.668313,75,50,10
7332.271691,53.576725,75,50,10
3216.786668,53.820680,75,50,10
9166.383167,56.786891,75,50,10
6753.151314,39.223920,75,50,10
5494.387095,41.892752,75,50,10
2874.555476,47.938434,75,50,10
