Distance,Tx Power,Bandwidth,Subband BW,Subband Offset
8806.412447,57.701805,75,51,20
6881.805823,49.951660,75,51,20
2517.853351,49.191119,75,51,20
2241.592905,23.326077,75,51,20
4378.124819,23.832325,75,51,20
2477.160115,51.552715,75,51,20
7848.228139,17.437361,75,51,20
4390.563351,55.631109,75,51,20
