Distance,Tx Power,Bandwidth,Subband BW,Subband Offset
1422.074308,47.774893,100,39,14
6258.869848,37.476449,100,39,14
6050.357466,16.389364,100,39,14
7253.062025,52.945235,100,39,14
5395.516936,57.833844,100,39,14
9467.519974,54.207779,100,39,14
5568.328444,52.928489,100,39,14
9200.337213,51.565814,100,39,14
