Distance,Tx Power,Bandwidth,Subband BW,Subband Offset
3256.572262,41.362898,50,8,15
2392.100847,22.198350,50,8,15
5771.468124,38.999096,50,8,15
6053.117276,24.590619,50,8,15
5164.083750,31.579910,50,8,15
9069.017490,40.840173,50,8,15
8014.296488,55.443605,50,8,15
6817.378559,31.291520,50,8,15
