Distance,Tx Power,Bandwidth,Subband BW,Subband Offset
1597.908611,19.998876,15,8,0
7712.055567,48.201522,15,8,0
3797.251726,17.219139,15,8,0
5982.142126,57.894592,15,8,0
7340.830080,48.078781,15,8,0
7357.452138,48.362089,15,8,0
8766.351884,44.737099,15,8,0
4713.304681,39.836484,15,8,0
