Distance,Tx Power,Bandwidth,Subband BW,Subband Offset
4463.679791,56.200380,15,6,7
8394.057855,54.612862,15,6,7
3992.181282,42.083683,15,6,7
4899.652671,19.166476,15,6,7
6195.470129,57.587418,15,6,7
5511.642017,37.466598,15,6,7
7466.664116,52.274225,15,6,7
8538.400303,31.167733,15,6,7
