Distance,Tx Power,Bandwidth,Subband BW,Subband Offset
9289.013277,44.512884,100,17,27
6398.720501,38.689904,100,17,27
9005.993943,46.198693,100,17,27
8438.811649,25.881016,100,17,27
8114.290015,51.839616,100,17,27
4059.340960,38.529049,100,17,27
4129.629987,45.229569,100,17,27
2528.661582,54.255444,100,17,27
