Distance,Tx Power,Bandwidth,Subband BW,Subband Offset
6875.704612,36.312752,25,6,17
6254.552048,38.597818,25,6,17
2840.146491,52.559918,25,6,17
3984.679601,32.192357,25,6,17
2825.519211,33.400500,25,6,17
4458.797317,19.540004,25,6,17
7819.258982,30.076539,25,6,17
4221.912429,32.222021,25,6,17
