Distance,Tx Power,Bandwidth,Subband BW,Subband Offset
768.530018,47.052069,15,6,2
2457.010604,29.933965,15,6,2
6576.370716,35.540541,15,6,2
5639.892000,30.644537,15,6,2
3333.969468,37.856682,15,6,2
3235.482430,44.697864,15,6,2
4489.277869,44.657331,15,6,2
4510.736036,17.294104,15,6,2
