Distance,Tx Power,Bandwidth,Subband BW,Subband Offset
3801.890708,31.942892,75,53,2
2794.924991,20.796399,75,53,2
1866.727255,41.569454,75,53,2
2112.808918,54.675577,75,53,2
3367.517585,48.786881,75,53,2
3580.607488,58.536124,75,53,2
2117.279060,30.819298,75,53,2
3033.863092,47.496846,75,53,2
