Distance,Tx Power,Bandwidth,Subband BW,Subband Offset
994.937738,31.748389,25,19,6
3096.598326,17.785154,25,19,6
8552.978593,51.671057,25,19,6
6753.731861,55.119290,25,19,6
567.187110,35.418352,25,19,6
6397.164842,35.978868,25,19,6
473.307552,31.493109,25,19,6
411.061490,40.645774,25,19,6
