Distance,Tx Power,Bandwidth,Subband BW,Subband Offset
2877.916560,50.778244,50,9,36
3261.304895,40.666090,50,9,36
7045.263842,44.423120,50,9,36
4022.384518,21.096192,50,9,36
3937.388731,54.410014,50,9,36
2754.696802,54.790624,50,9,36
2550.489870,59.783875,50,9,36
3418.849356,38.611379,50,9,36
