Distance,Tx Power,Bandwidth,Subband BW,Subband Offset
1443.559391,25.040875,75,31,13
4031.784515,36.029727,75,31,13
3969.610885,59.898610,75,31,13
1933.589205,29.980939,75,31,13
8568.759315,39.518858,75,31,13
8035.029673,49.171794,75,31,13
4320.672840,41.363693,75,31,13
3912.419471,19.578677,75,31,13
