Distance,Tx Power,Bandwidth,Subband BW,Subband Offset
7351.829710,36.612851,100,39,32
9286.612600,55.995918,100,39,32
2621.763523,44.142495,100,39,32
9149.849008,37.299430,100,39,32
3813.938502,40.938785,100,39,32
6874.024885,47.798146,100,39,32
9695.958780,16.006793,100,39,32
1425.230450,31.543702,100,39,32
