Distance,Tx Power,Bandwidth,Subband BW,Subband Offset
720.459606,21.561080,100,29,22
3632.508547,51.013229,100,29,22
3841.439724,20.442562,100,29,22
8244.092575,30.165941,100,29,22
6876.636859,55.121033,100,29,22
1320.383005,59.039698,100,29,22
9996.597639,58.962230,100,29,22
3728.779423,20.090466,100,29,22
