Distance,Tx Power,Bandwidth,Subband BW,Subband Offset
4360.466536,53.702221,75,20,45
4765.158146,49.919089,75,20,45
9499.308176,36.013841,75,20,45
1365.005095,58.150048,75,20,45
5648.389691,32.270600,75,20,45
437.685930,38.110140,75,20,45
242.693318,54.125967,75,20,45
7900.482811,43.502409,75,20,45
