Distance,Tx Power,Bandwidth,Subband BW,Subband Offset
3881.333889,57.398081,25,14,10
1910.434173,15.039927,25,14,10
5145.960311,29.058203,25,14,10
7465.397815,17.556834,25,14,10
3545.355305,54.819442,25,14,10
3885.926417,34.698601,25,14,10
4492.309887,43.160430,25,14,10
2021.621539,23.382901,25,14,10
