Distance,Tx Power,Bandwidth,Subband BW,Subband Offset
3231.421021,19.610222,75,31,33
531.452624,15.231522,75,31,33
3055.198827,19.228725,75,31,33
6857.343944,45.383834,75,31,33
4336.143431,33.324167,75,31,33
2785.889858,58.729068,75,31,33
4816.872320,51.280630,75,31,33
819.973558,44.350103,75,31,33
