Distance,Tx Power,Bandwidth,Subband BW,Subband Offset
9104.424274,36.000951,50,23,26
6479.956727,43.479768,50,23,26
2884.417232,48.461990,50,23,26
6872.153398,16.143559,50,23,26
8423.235130,42.361422,50,23,26
1381.306964,34.080678,50,23,26
3620.403366,29.107304,50,23,26
9101.925375,40.514866,50,23,26
