Distance,Tx Power,Bandwidth,Subband BW,Subband Offset
1451.956196,55.829190,15,10,5
6176.516594,23.205526,15,10,5
1033.884889,54.529535,15,10,5
7277.250873,27.808501,15,10,5
465.166397,27.589948,15,10,5
8421.281178,41.285880,15,10,5
3886.111734,29.184667,15,10,5
4691.651866,33.278276,15,10,5
