Distance,Tx Power,Bandwidth,Subband BW,Subband Offset
6913.946982,52.351609,25,11,12
3967.354671,27.095044,25,11,12
5487.387400,45.771591,25,11,12
7338.229895,59.748919,25,11,12
3716.845667,28.483914,25,11,12
7751.993727,29.564531,25,11,12
3679.750581,21.704837,25,11,12
6886.141101,42.718013,25,11,12
