Distance,Tx Power,Bandwidth,Subband BW,Subband Offset
8869.777351,56.107832,100,68,10
9782.559864,31.995339,100,68,10
2788.595818,21.915131,100,68,10
3328.200657,15.015203,100,68,10
982.211065,53.784764,100,68,10
3102.621585,25.121690,100,68,10
9140.799257,50.237215,100,68,10
4598.437569,36.608040,100,68,10
