Distance,Tx Power,Bandwidth,Subband BW,Subband Offset
5243.139421,46.332558,50,20,9
6365.483688,43.322672,50,20,9
6501.283187,57.600762,50,20,9
7024.774585,59.034650,50,20,9
8518.451994,55.118502,50,20,9
7000.959782,17.364307,50,20,9
8553.049678,44.362220,50,20,9
4515.023665,42.704972,50,20,9
