Distance,Tx Power,Bandwidth,Subband BW,Subband Offset
4336.599667,21.777543,50,23,14
7668.460975,29.322701,50,23,14
4697.886596,31.055132,50,23,14
7801.316997,38.851806,50,23,14
9883.353442,42.199577,50,23,14
9187.746394,32.599073,50,23,14
2925.540859,40.055961,50,23,14
2036.998914,35.639125,50,23,14
