Distance,Tx Power,Bandwidth,Subband BW,Subband Offset
7859.520988,46.211428,75,13,47
7501.221974,52.586707,75,13,47
6630.693391,51.089460,75,13,47
8886.661454,21.920236,75,13,47
9941.611784,46.972613,75,13,47
4905.696171,27.269495,75,13,47
3117.201759,54.729354,75,13,47
825.015064,50.281868,75,13,47
