Distance,Tx Power,Bandwidth,Subband BW,Subband Offset
2837.185294,33.242755,100,26,71
2260.161083,15.575891,100,26,71
2272.253565,35.889097,100,26,71
4079.555625,32.499866,100,26,71
2325.769243,47.310650,100,26,71
6917.129401,16.246293,100,26,71
8799.352634,45.464711,100,26,71
7765.405027,56.178519,100,26,71
