Distance,Tx Power,Bandwidth,Subband BW,Subband Offset
2759.908281,43.364897,75,31,44
2414.843039,33.294887,75,31,44
3663.203674,48.566913,75,31,44
5729.643687,40.038588,75,31,44
5551.319403,37.850458,75,31,44
898.774847,32.563326,75,31,44
2331.895787,22.351033,75,31,44
6174.622771,52.467085,75,31,44
