Distance,Tx Power,Bandwidth,Subband BW,Subband Offset
2971.123669,57.886980,100,21,12
7028.573602,52.936143,100,21,12
5668.625654,15.786799,100,21,12
8881.221053,58.765718,100,21,12
1210.165351,29.138279,100,21,12
9006.506151,42.649750,100,21,12
4472.616012,30.371043,100,21,12
1104.177578,31.308222,100,21,12
