Distance,Tx Power,Bandwidth,Subband BW,Subband Offset
4166.141439,44.475130,50,12,30
7535.611215,20.664179,50,12,30
773.845122,44.406255,50,12,30
2396.615645,24.908199,50,12,30
4047.181987,38.352023,50,12,30
2757.361744,51.010086,50,12,30
3930.279163,34.517263,50,12,30
1435.156614,48.766960,50,12,30
