Distance,Tx Power,Bandwidth,Subband BW,Subband Offset
3054.491518,30.346863,75,6,65
8355.435559,41.841915,75,6,65
4076.900435,38.022793,75,6,65
3910.629382,39.910067,75,6,65
8934.386025,34.584765,75,6,65
7862.818680,44.562326,75,6,65
5005.040891,30.204095,75,6,65
3725.605171,18.453895,75,6,65
