Distance,Tx Power,Bandwidth,Subband BW,Subband Offset
1297.077507,43.965570,15,7,4
373.341712,43.589276,15,7,4
7865.737071,49.772337,15,7,4
4493.729275,59.086976,15,7,4
6455.375509,48.566383,15,7,4
3610.706370,56.999739,15,7,4
4545.587323,16.710101,15,7,4
7593.570160,57.987043,15,7,4
