Distance,Tx Power,Bandwidth,Subband BW,Subband Offset
6367.024941,57.026903,50,34,0
8778.572364,46.683063,50,34,0
7685.705458,52.447906,50,34,0
1663.708709,35.670685,50,34,0
3354.215287,38.229032,50,34,0
2806.604079,52.466571,50,34,0
6351.043208,46.939317,50,34,0
9289.761839,35.449238,50,34,0
