Distance,Tx Power,Bandwidth,Subband BW,Subband Offset
8092.665170,54.372698,50,22,2
4463.684003,51.088566,50,22,2
3204.192535,59.093778,50,22,2
6108.805025,35.184678,50,22,2
7732.488618,34.089924,50,22,2
4399.723033,25.003837,50,22,2
5191.180620,26.378277,50,22,2
6521.587477,49.699319,50,22,2
