Distance,Tx Power,Bandwidth,Subband BW,Subband Offset
3388.338732,27.193218,100,16,18
6307.284056,52.453037,100,16,18
8535.286279,57.171944,100,16,18
6202.044030,23.699596,100,16,18
2707.209628,42.443451,100,16,18
9248.418273,45.969335,100,16,18
2782.112588,30.136608,100,16,18
8529.206744,59.575368,100,16,18
