Distance,Tx Power,Bandwidth,Subband BW,Subband Offset
9913.018911,18.547423,100,35,11
4228.767821,44.703703,100,35,11
9948.110552,58.968407,100,35,11
6334.952443,37.035908,100,35,11
156.492718,30.214451,100,35,11
5532.836738,50.509944,100,35,11
9917.136853,49.757946,100,35,11
2990.467409,51.906953,100,35,11
