Distance,Tx Power,Bandwidth,Subband BW,Subband Offset
6197.774808,44.247681,100,44,53
7930.523342,53.729177,100,44,53
3615.352482,59.270770,100,44,53
8108.563864,57.756916,100,44,53
8543.940449,28.733849,100,44,53
4638.497638,36.298062,100,44,53
8450.321910,31.805565,100,44,53
8520.846167,27.421073,100,44,53
