Distance,Tx Power,Bandwidth,Subband BW,Subband Offset
1796.075135,40.409974,15,15,0
3140.316859,20.726425,15,15,0
6564.190743,52.086205,15,15,0
448.203337,19.583170,15,15,0
3304.614044,19.474856,15,15,0
8136.898741,50.708960,15,15,0
2495.341489,38.948782,15,15,0
7573.226608,15.361851,15,15,0
