Distance,Tx Power,Bandwidth,Subband BW,Subband Offset
1541.186473,47.620283,75,32,20
8025.517579,17.106015,75,32,20
9969.209490,41.511403,75,32,20
9730.151678,18.678830,75,32,20
1333.230457,25.986378,75,32,20
3480.834503,24.642051,75,32,20
3869.240177,50.316594,75,32,20
606.104328,33.451712,75,32,20
