Distance,Tx Power,Bandwidth,Subband BW,Subband Offset
8336.675155,48.393183,50,12,13
1169.266460,37.632640,50,12,13
8583.462934,50.599456,50,12,13
7219.213718,55.604075,50,12,13
7269.772444,33.199014,50,12,13
5351.254767,27.852633,50,12,13
5798.551825,36.891983,50,12,13
8382.524697,35.482813,50,12,13
