Distance,Tx Power,Bandwidth,Subband BW,Subband Offset
4223.871734,15.831776,100,80,8
9636.917085,29.831002,100,80,8
7190.839405,23.931108,100,80,8
8444.464098,46.028852,100,80,8
9369.620670,50.349626,100,80,8
2894.621077,48.171112,100,80,8
162.507848,57.509384,100,80,8
6187.835741,42.511694,100,80,8
