Distance,Tx Power,Bandwidth,Subband BW,Subband Offset
8327.039206,16.390599,50,42,2
5728.796405,32.365911,50,42,2
9623.089819,45.460514,50,42,2
8204.762514,22.204195,50,42,2
6389.020645,22.703974,50,42,2
3098.802618,26.139883,50,42,2
7462.736346,48.400336,50,42,2
9857.830739,34.753304,50,42,2
