Distance,Tx Power,Bandwidth,Subband BW,Subband Offset
9354.161889,57.376822,75,16,29
2340.985664,45.637834,75,16,29
3298.585804,45.401602,75,16,29
5794.141713,36.694079,75,16,29
1791.454347,36.413442,75,16,29
1363.689631,24.584031,75,16,29
6245.912366,23.361150,75,16,29
116.960176,32.897062,75,16,29
