Distance,Tx Power,Bandwidth,Subband BW,Subband Offset
2951.217059,58.313487,100,33,48
7818.925191,40.402235,100,33,48
3207.567019,58.640942,100,33,48
4230.870925,49.310004,100,33,48
5212.223516,37.344465,100,33,48
1007.057131,18.546509,100,33,48
1493.266409,58.692517,100,33,48
2845.209705,17.835745,100,33,48
