Distance,Tx Power,Bandwidth,Subband BW,Subband Offset
3349.611888,38.980514,50,12,18
6267.495677,33.258056,50,12,18
7261.017052,57.522930,50,12,18
3215.142599,22.751707,50,12,18
5788.564222,27.824693,50,12,18
2595.000801,27.734130,50,12,18
750.100205,32.525498,50,12,18
6875.826806,44.999244,50,12,18
