Distance,Tx Power,Bandwidth,Subband BW,Subband Offset
1985.543003,56.975700,100,34,57
1661.655236,59.343829,100,34,57
2647.603919,55.103502,100,34,57
6577.111446,16.866185,100,34,57
5916.050800,19.370552,100,34,57
9214.519545,21.735445,100,34,57
6673.879040,48.687429,100,34,57
3695.124867,38.843067,100,34,57
