Distance,Tx Power,Bandwidth,Subband BW,Subband Offset
5431.485837,16.747960,25,13,10
3855.877484,44.802939,25,13,10
3691.216635,58.747752,25,13,10
3741.435729,58.286345,25,13,10
5546.946371,57.045108,25,13,10
1684.917258,59.802641,25,13,10
9328.186605,40.848430,25,13,10
5730.500020,19.245122,25,13,10
