Distance,Tx Power,Bandwidth,Subband BW,Subband Offset
6940.947723,17.237852,100,32,32
3855.558612,18.109029,100,32,32
3146.542085,59.614146,100,32,32
8279.037574,26.700846,100,32,32
9113.516195,20.373950,100,32,32
1791.122208,45.338857,100,32,32
3315.324145,58.037545,100,32,32
6187.072477,54.559456,100,32,32
