Distance,Tx Power,Bandwidth,Subband BW,Subband Offset
9153.849777,18.599646,15,13,1
4975.916177,45.503694,15,13,1
9447.733986,45.507018,15,13,1
5101.062823,59.879792,15,13,1
1159.533875,16.127410,15,13,1
9879.008051,38.394935,15,13,1
8593.398651,30.708018,15,13,1
4328.478719,40.467545,15,13,1
