Distance,Tx Power,Bandwidth,Subband BW,Subband Offset
4256.681719,51.494083,75,47,18
8106.759202,55.166015,75,47,18
8256.349189,28.465532,75,47,18
5786.763252,46.683163,75,47,18
8889.049236,31.924300,75,47,18
2311.085716,45.535009,75,47,18
8107.909563,31.555998,75,47,18
7443.781176,55.171802,75,47,18
