Distance,Tx Power,Bandwidth,Subband BW,Subband Offset
6813.283682,39.016203,100,19,74
6533.568340,27.997557,100,19,74
4370.861714,25.434145,100,19,74
738.545064,39.577068,100,19,74
6332.992349,33.695825,100,19,74
4695.712267,36.238682,100,19,74
5428.951066,17.371601,100,19,74
8659.943150,32.284955,100,19,74
