Distance,Tx Power,Bandwidth,Subband BW,Subband Offset
4631.765347,27.204137,50,7,16
9558.516348,21.684599,50,7,16
3173.643322,30.225552,50,7,16
2669.906835,36.392958,50,7,16
1342.653501,33.232856,50,7,16
2986.993380,27.815636,50,7,16
6873.389069,43.373356,50,7,16
4488.578966,20.212568,50,7,16
