Distance,Tx Power,Bandwidth,Subband BW,Subband Offset
3059.385001,57.317055,100,73,8
9878.833625,54.110819,100,73,8
2186.443240,49.937968,100,73,8
8407.375728,30.594344,100,73,8
7686.778062,34.972690,100,73,8
2027.849495,46.145761,100,73,8
2006.296873,33.079501,100,73,8
3090.033751,26.418646,100,73,8
