Distance,Tx Power,Bandwidth,Subband BW,Subband Offset
5881.610783,58.974947,75,41,20
4789.483052,23.754878,75,41,20
980.849704,15.404508,75,41,20
4335.980721,17.713299,75,41,20
4439.714470,43.510867,75,41,20
4734.489561,45.693006,75,41,20
2715.859119,20.933715,75,41,20
5511.640177,54.265622,75,41,20
