Distance,Tx Power,Bandwidth,Subband BW,Subband Offset
1469.916635,29.212061,50,29,5
5950.299885,51.685919,50,29,5
576.239746,45.122743,50,29,5
3714.721658,56.158981,50,29,5
5135.056339,48.567321,50,29,5
1645.597577,41.041284,50,29,5
7964.489782,49.642564,50,29,5
6323.345300,56.731495,50,29,5
