Distance,Tx Power,Bandwidth,Subband BW,Subband Offset
9385.508500,41.414919,50,13,17
9087.332352,35.468095,50,13,17
1165.053791,42.041922,50,13,17
8863.628385,26.303461,50,13,17
7631.197506,32.520489,50,13,17
8634.056824,39.720229,50,13,17
8416.765701,46.464477,50,13,17
2491.077585,51.949503,50,13,17
