Distance,Tx Power,Bandwidth,Subband BW,Subband Offset
882.005332,44.083067,15,11,0
9055.500052,44.322821,15,11,0
2732.755665,40.225574,15,11,0
6429.129660,50.818644,15,11,0
5056.323923,37.780317,15,11,0
3613.317404,54.780071,15,11,0
7292.628576,17.362682,15,11,0
6748.762979,49.082368,15,11,0
