Distance,Tx Power,Bandwidth,Subband BW,Subband Offset
9067.141126,43.415323,25,17,7
9776.216892,26.743138,25,17,7
7797.988614,31.875254,25,17,7
8980.921960,58.229941,25,17,7
2409.999333,56.405957,25,17,7
574.414999,47.196183,25,17,7
2062.067102,56.322801,25,17,7
8895.444589,16.492035,25,17,7
