Distance,Tx Power,Bandwidth,Subband BW,Subband Offset
4718.388585,38.658366,50,41,9
9646.499527,53.356279,50,41,9
198.785978,33.079986,50,41,9
5284.019508,54.123781,50,41,9
5592.308705,23.563503,50,41,9
8803.050011,52.411624,50,41,9
9221.729347,22.054162,50,41,9
3071.955689,24.531618,50,41,9
