Distance,Tx Power,Bandwidth,Subband BW,Subband Offset
3956.473754,33.956204,25,21,1
8173.926369,19.955596,25,21,1
2068.092320,57.011391,25,21,1
9755.331236,41.488174,25,21,1
9154.322647,35.574315,25,21,1
9431.504465,57.755349,25,21,1
5828.441517,49.048872,25,21,1
6850.056010,41.538776,25,21,1
