Distance,Tx Power,Bandwidth,Subband BW,Subband Offset
7475.638169,25.381675,75,14,10
5222.205079,28.213547,75,14,10
9807.275661,18.206638,75,14,10
132.149460,31.402626,75,14,10
5011.041635,44.663814,75,14,10
2259.272823,24.492238,75,14,10
6869.574245,27.563029,75,14,10
2143.972525,46.323973,75,14,10
