Distance,Tx Power,Bandwidth,Subband BW,Subband Offset
2006.401726,35.162967,75,20,53
9982.620326,39.840546,75,20,53
3841.143142,39.879697,75,20,53
9811.936636,16.554884,75,20,53
6703.891814,57.804675,75,20,53
5328.503749,41.950111,75,20,53
2235.759019,40.766951,75,20,53
6468.611785,18.518049,75,20,53
