Distance,Tx Power,Bandwidth,Subband BW,Subband Offset
3608.288117,50.717069,25,11,11
4504.589935,52.014870,25,11,11
6310.415881,39.149740,25,11,11
2956.882365,16.639663,25,11,11
5585.081326,18.036793,25,11,11
8696.049823,23.460284,25,11,11
5230.793825,18.563527,25,11,11
6176.022083,57.568034,25,11,11
