Distance,Tx Power,Bandwidth,Subband BW,Subband Offset
854.311947,15.236750,75,48,15
1026.537556,23.118850,75,48,15
7526.363023,24.940805,75,48,15
682.537512,19.810810,75,48,15
9355.090472,59.402393,75,48,15
8091.613947,48.848195,75,48,15
3456.907032,32.412597,75,48,15
2150.947916,53.061108,75,48,15
