Distance,Tx Power,Bandwidth,Subband BW,Subband Offset
8266.195593,36.962149,25,18,2
8690.497159,22.141316,25,18,2
4337.877670,43.349562,25,18,2
4881.829238,26.383593,25,18,2
2891.707138,58.941590,25,18,2
1438.578607,41.325537,25,18,2
1513.610174,27.833990,25,18,2
2526.405297,42.882525,25,18,2
