Distance,Tx Power,Bandwidth,Subband BW,Subband Offset
5193.438936,18.319629,75,14,0
1512.802534,29.329806,75,14,0
3314.604308,21.666079,75,14,0
5124.299601,27.644666,75,14,0
8326.559357,38.714197,75,14,0
7227.519208,59.054178,75,14,0
3784.444353,38.971870,75,14,0
6973.297834,36.729732,75,14,0
