Distance,Tx Power,Bandwidth,Subband BW,Subband Offset
4244.767558,22.280057,25,12,4
3528.304068,46.031907,25,12,4
430.301066,31.458142,25,12,4
3334.875158,26.520623,25,12,4
1963.675091,46.304666,25,12,4
758.589697,50.192138,25,12,4
4947.273360,28.191004,25,12,4
1350.037110,53.636585,25,12,4
