Distance,Tx Power,Bandwidth,Subband BW,Subband Offset
1288.458867,44.768638,100,24,57
9363.722509,30.711884,100,24,57
4371.155959,52.886121,100,24,57
5591.575749,21.591208,100,24,57
3438.289132,43.208635,100,24,57
8567.614559,58.048751,100,24,57
8818.045005,23.589854,100,24,57
4177.628050,58.404045,100,24,57
