Distance,Tx Power,Bandwidth,Subband BW,Subband Offset
5744.860400,31.248716,75,10,40
3155.062132,23.501224,75,10,40
3007.032553,20.049563,75,10,40
2309.392570,34.558727,75,10,40
5054.693447,36.487509,75,10,40
982.576914,39.905208,75,10,40
4963.383980,27.321041,75,10,40
517.591581,23.785970,75,10,40
