Distance,Tx Power,Bandwidth,Subband BW,Subband Offset
8009.251057,20.230839,15,13,1
7499.190731,45.606682,15,13,1
5829.699676,52.322957,15,13,1
7150.273393,54.126680,15,13,1
2453.740008,35.110031,15,13,1
3603.728102,53.429429,15,13,1
5072.381900,55.736806,15,13,1
8235.309118,34.883126,15,13,1
