Distance,Tx Power,Bandwidth,Subband BW,Subband Offset
9763.175022,16.763870,75,25,10
141.841649,36.776041,75,25,10
6884.586293,28.357139,75,25,10
6258.064859,25.083775,75,25,10
7715.308461,47.991132,75,25,10
1845.822429,56.150514,75,25,10
7589.146394,23.397232,75,25,10
8318.319761,58.281577,75,25,10
