Distance,Tx Power,Bandwidth,Subband BW,Subband Offset
2766.983983,32.016192,25,12,0
8107.195772,17.324297,25,12,0
3988.696353,35.105070,25,12,0
2164.377146,55.118603,25,12,0
1966.314343,45.504772,25,12,0
3020.451665,39.242886,25,12,0
8276.562484,45.563976,25,12,0
5297.322165,56.063161,25,12,0
