Distance,Tx Power,Bandwidth,Subband BW,Subband Offset
2357.213661,41.433531,50,33,11
2546.480610,34.413053,50,33,11
4645.023604,22.853633,50,33,11
5210.417699,24.576199,50,33,11
7499.480063,35.057255,50,33,11
6953.563116,55.336534,50,33,11
6981.267484,16.927902,50,33,11
1135.029189,16.056284,50,33,11
