Distance,Tx Power,Bandwidth,Subband BW,Subband Offset
6201.633720,50.635735,15,8,1
6769.016257,57.469243,15,8,1
3154.312801,17.217908,15,8,1
9589.333044,46.527467,15,8,1
9120.189956,21.927923,15,8,1
6971.246686,29.345897,15,8,1
2658.887907,39.269088,15,8,1
4843.398075,20.847601,15,8,1
