Distance,Tx Power,Bandwidth,Subband BW,Subband Offset
3477.859046,20.048533,100,19,77
8261.614435,51.970726,100,19,77
2051.131308,33.519110,100,19,77
7188.864600,32.763910,100,19,77
6022.043405,54.921441,100,19,77
8888.905177,40.667080,100,19,77
384.174741,23.814449,100,19,77
9694.411472,48.524394,100,19,77
