Distance,Tx Power,Bandwidth,Subband BW,Subband Offset
2256.267502,17.021382,75,18,48
3116.767801,40.772971,75,18,48
3979.002726,28.681716,75,18,48
7484.905711,37.816351,75,18,48
5016.306436,16.130703,75,18,48
2961.541920,37.988483,75,18,48
7487.720766,55.171918,75,18,48
2802.047726,38.523861,75,18,48
