Distance,Tx Power,Bandwidth,Subband BW,Subband Offset
7321.338404,18.536324,50,40,9
1406.182301,40.274721,50,40,9
4315.227494,44.068953,50,40,9
4467.896010,16.206921,50,40,9
4701.104631,33.706263,50,40,9
7404.786626,18.626121,50,40,9
6166.728934,54.618380,50,40,9
7157.794290,35.092278,50,40,9
