Distance,Tx Power,Bandwidth,Subband BW,Subband Offset
7429.547775,36.780906,75,8,4
9555.428418,28.172614,75,8,4
3765.513260,34.211224,75,8,4
7483.444429,40.287080,75,8,4
2689.971167,49.851401,75,8,4
8978.272478,58.187960,75,8,4
826.614992,22.896840,75,8,4
4286.675657,52.845960,75,8,4
