Distance,Tx Power,Bandwidth,Subband BW,Subband Offset
7458.347958,15.015771,25,6,13
4577.462810,36.770057,25,6,13
5479.566983,27.484666,25,6,13
4689.762962,24.989696,25,6,13
3006.553009,45.558753,25,6,13
7981.647991,25.632087,25,6,13
2537.624831,37.576691,25,6,13
4339.386465,20.183033,25,6,13
