Distance,Tx Power,Bandwidth,Subband BW,Subband Offset
1504.344999,17.612818,25,11,6
8755.264117,48.997546,25,11,6
4430.690711,51.825661,25,11,6
7520.258037,38.954348,25,11,6
8970.931184,31.391560,25,11,6
2463.487364,47.568591,25,11,6
6666.036318,35.231712,25,11,6
7447.930239,16.611593,25,11,6
