Distance,Tx Power,Bandwidth,Subband BW,Subband Offset
891.622081,35.330957,100,8,87
7993.078115,26.541104,100,8,87
653.784876,26.334666,100,8,87
3497.065953,40.029960,100,8,87
6267.589694,46.163402,100,8,87
2754.791935,50.439676,100,8,87
4343.536664,22.083261,100,8,87
8476.760138,48.429272,100,8,87
