Distance,Tx Power,Bandwidth,Subband BW,Subband Offset
2415.692421,20.286241,100,34,61
6408.414957,55.007852,100,34,61
8283.135339,54.738560,100,34,61
5285.734370,59.671958,100,34,61
9237.772171,44.653649,100,34,61
4057.235641,39.732310,100,34,61
1994.687263,51.752509,100,34,61
1603.848001,50.058314,100,34,61
