Distance,Tx Power,Bandwidth,Subband BW,Subband Offset
8952.021243,50.691118,25,7,1
5369.528130,37.613817,25,7,1
2146.175078,57.611202,25,7,1
2661.441047,35.732036,25,7,1
9162.719934,59.006474,25,7,1
3593.457841,33.393074,25,7,1
2916.790427,16.014399,25,7,1
4048.441720,33.837015,25,7,1
