Distance,Tx Power,Bandwidth,Subband BW,Subband Offset
4761.191099,27.156617,100,13,83
9605.520076,35.525439,100,13,83
4555.400112,49.411435,100,13,83
9523.970869,28.320044,100,13,83
2606.598820,36.848098,100,13,83
2547.329798,36.354155,100,13,83
2469.420450,37.498862,100,13,83
723.726414,43.579864,100,13,83
