Distance,Tx Power,Bandwidth,Subband BW,Subband Offset
6223.721361,40.399630,50,44,0
1855.782784,18.345827,50,44,0
5982.048042,44.691149,50,44,0
3098.128069,53.353839,50,44,0
8647.806598,58.417401,50,44,0
5818.379184,45.426609,50,44,0
5360.533906,39.254388,50,44,0
1909.540935,21.720890,50,44,0
