Distance,Tx Power,Bandwidth,Subband BW,Subband Offset
6292.024710,20.711800,100,34,43
6935.041793,43.627278,100,34,43
6928.996638,18.954629,100,34,43
1979.428042,56.765400,100,34,43
9946.511770,38.056883,100,34,43
7821.830521,52.794587,100,34,43
1147.536266,22.733634,100,34,43
2739.654828,17.716036,100,34,43
