Distance,Tx Power,Bandwidth,Subband BW,Subband Offset
8365.524741,54.324063,75,73,2
1870.755127,53.251570,75,73,2
7393.233813,57.938697,75,73,2
682.349914,50.523695,75,73,2
1965.581396,30.701761,75,73,2
3543.210876,45.559999,75,73,2
6822.724980,49.933677,75,73,2
2881.392017,32.181316,75,73,2
