Distance,Tx Power,Bandwidth,Subband BW,Subband Offset
6044.380012,37.149346,75,49,18
5408.430559,54.209678,75,49,18
141.639050,48.580760,75,49,18
2248.746466,34.615236,75,49,18
1550.944053,39.158170,75,49,18
4606.706657,38.656923,75,49,18
5850.244136,33.497363,75,49,18
3345.028142,18.036627,75,49,18
