Distance,Tx Power,Bandwidth,Subband BW,Subband Offset
2285.362108,25.738036,15,9,5
7445.297872,37.753275,15,9,5
3762.074733,35.228361,15,9,5
6257.428095,50.686990,15,9,5
3159.292731,30.119978,15,9,5
9086.496587,25.621339,15,9,5
1398.911893,47.066024,15,9,5
5898.585151,28.646763,15,9,5
