Distance,Tx Power,Bandwidth,Subband BW,Subband Offset
2372.718275,23.961257,25,13,12
3057.772605,32.145299,25,13,12
3644.162347,41.399890,25,13,12
4897.702820,28.031778,25,13,12
119.453671,57.125568,25,13,12
3479.489351,56.816709,25,13,12
2850.555029,29.830000,25,13,12
2614.531146,51.902502,25,13,12
