Distance,Tx Power,Bandwidth,Subband BW,Subband Offset
1869.164430,43.636941,50,21,29
2765.487876,27.248849,50,21,29
1355.710944,27.077129,50,21,29
503.804732,44.664625,50,21,29
8782.824191,34.920451,50,21,29
5481.466839,21.920412,50,21,29
2301.330529,41.943503,50,21,29
7869.757649,52.387906,50,21,29
