Distance,Tx Power,Bandwidth,Subband BW,Subband Offset
1625.406677,23.737897,15,12,1
1884.676335,48.414812,15,12,1
2882.404866,44.598229,15,12,1
261.260262,47.271191,15,12,1
8725.516794,24.207400,15,12,1
4412.433640,44.826795,15,12,1
6455.352801,24.312456,15,12,1
5020.801611,40.214064,15,12,1
