Distance,Tx Power,Bandwidth,Subband BW,Subband Offset
8081.721387,44.188260,75,26,25
8358.506157,57.133093,75,26,25
7583.657439,30.616107,75,26,25
9610.196368,51.868727,75,26,25
6847.757381,19.227896,75,26,25
9912.006637,56.935831,75,26,25
2486.490163,36.106743,75,26,25
766.158509,39.603815,75,26,25
