Distance,Tx Power,Bandwidth,Subband BW,Subband Offset
362.542271,57.200982,100,52,45
7399.046542,34.032595,100,52,45
6899.776780,47.143847,100,52,45
3035.098270,20.572198,100,52,45
8915.347814,23.577341,100,52,45
2476.157096,18.170023,100,52,45
6509.520310,32.263242,100,52,45
9551.461952,26.750735,100,52,45
