Distance,Tx Power,Bandwidth,Subband BW,Subband Offset
9467.816759,37.414560,15,10,1
7250.546829,26.986020,15,10,1
1172.274958,22.301250,15,10,1
7505.462060,24.756670,15,10,1
554.288726,59.848066,15,10,1
2476.361649,36.432554,15,10,1
6522.885867,20.255954,15,10,1
1714.477510,40.972040,15,10,1
