Distance,Tx Power,Bandwidth,Subband BW,Subband Offset
6014.221385,24.923249,25,8,2
9496.182508,49.170456,25,8,2
3167.839552,32.953647,25,8,2
1940.589708,43.465625,25,8,2
9738.282543,49.694107,25,8,2
1312.407752,47.229497,25,8,2
1729.138628,21.344490,25,8,2
3380.522466,24.604987,25,8,2
