Distance,Tx Power,Bandwidth,Subband BW,Subband Offset
1297.140023,27.531319,15,12,0
8169.251959,40.429157,15,12,0
4967.107898,55.182593,15,12,0
4810.809169,31.971706,15,12,0
6895.338962,58.777088,15,12,0
742.305510,30.971454,15,12,0
3934.238548,15.516507,15,12,0
631.419484,58.939290,15,12,0
