Distance,Tx Power,Bandwidth,Subband BW,Subband Offset
216.931309,49.061056,75,9,21
4864.492192,34.169871,75,9,21
4702.632750,25.559565,75,9,21
8151.022392,54.395743,75,9,21
6313.880915,21.859786,75,9,21
1175.981595,53.958136,75,9,21
1017.122055,41.030487,75,9,21
9701.352679,51.198521,75,9,21
