Distance,Tx Power,Bandwidth,Subband BW,Subband Offset
117.321308,36.476085,75,11,13
2499.785473,51.063462,75,11,13
4239.057964,25.464058,75,11,13
1514.344184,29.815287,75,11,13
8071.108783,26.673363,75,11,13
7103.116496,54.097996,75,11,13
6481.649283,22.917916,75,11,13
978.480020,56.950547,75,11,13
