Distance,Tx Power,Bandwidth,Subband BW,Subband Offset
5478.601175,50.001823,50,8,25
8268.516531,52.600660,50,8,25
5702.152548,34.843536,50,8,25
5254.069472,28.901132,50,8,25
6389.566558,53.114251,50,8,25
8337.776278,59.302400,50,8,25
921.765347,40.855133,50,8,25
6537.087481,22.583776,50,8,25
