Distance,Tx Power,Bandwidth,Subband BW,Subband Offset
1582.267237,55.958729,50,9,6
5431.639679,45.444956,50,9,6
1382.738939,17.310703,50,9,6
825.261978,25.364270,50,9,6
3373.465846,27.513445,50,9,6
7895.319566,19.695239,50,9,6
8268.630661,32.298541,50,9,6
3040.134403,49.069149,50,9,6
