Distance,Tx Power,Bandwidth,Subband BW,Subband Offset
3949.392138,16.023027,100,6,73
4879.275576,31.015934,100,6,73
2422.670026,44.823320,100,6,73
3732.594133,32.473565,100,6,73
9769.300538,18.192880,100,6,73
1386.130892,51.169787,100,6,73
1137.253465,28.468027,100,6,73
3795.310257,17.091353,100,6,73
