Distance,Tx Power,Bandwidth,Subband BW,Subband Offset
9770.995449,54.111187,75,28,35
3186.479979,50.912793,75,28,35
1646.862969,28.526792,75,28,35
5860.002333,45.687462,75,28,35
7955.216722,45.549595,75,28,35
2712.827102,15.238857,75,28,35
9605.325815,30.315911,75,28,35
9820.839162,57.336898,75,28,35
