Distance,Tx Power,Bandwidth,Subband BW,Subband Offset
5166.888267,56.578662,75,49,4
5913.344723,24.764148,75,49,4
7221.171876,21.154239,75,49,4
1773.730733,22.225015,75,49,4
2776.608510,40.560427,75,49,4
4202.086238,40.589508,75,49,4
3846.598210,33.093573,75,49,4
418.691054,52.997885,75,49,4
