Distance,Tx Power,Bandwidth,Subband BW,Subband Offset
3698.660106,52.543991,100,58,1
8709.995212,19.140749,100,58,1
7368.336391,28.199457,100,58,1
8268.787478,52.340129,100,58,1
6470.014441,36.750752,100,58,1
7198.238217,15.370653,100,58,1
3418.879179,44.509628,100,58,1
4854.166529,55.573835,100,58,1
