Distance,Tx Power,Bandwidth,Subband BW,Subband Offset
9206.035923,15.302299,100,22,1
9613.745606,50.023950,100,22,1
8494.177202,28.548045,100,22,1
766.194506,23.662421,100,22,1
9135.078023,53.844126,100,22,1
3888.943334,24.270974,100,22,1
1992.175699,57.346071,100,22,1
9490.820537,22.993998,100,22,1
