Distance,Tx Power,Bandwidth,Subband BW,Subband Offset
5953.565863,34.876315,100,65,35
5804.509197,17.870474,100,65,35
3114.218219,53.532435,100,65,35
6183.247414,28.419659,100,65,35
4706.725631,46.394903,100,65,35
6274.046492,35.678111,100,65,35
6721.760959,32.149153,100,65,35
4724.263732,16.088282,100,65,35
