Distance,Tx Power,Bandwidth,Subband BW,Subband Offset
8040.937025,16.243085,50,8,6
972.547812,20.720649,50,8,6
6225.974174,58.494175,50,8,6
3007.940910,30.909092,50,8,6
1627.848964,59.324350,50,8,6
8537.265235,19.763726,50,8,6
4012.641952,34.557825,50,8,6
5073.879660,39.006049,50,8,6
