Distance,Tx Power,Bandwidth,Subband BW,Subband Offset
822.609053,37.559519,50,31,3
5872.566961,41.103197,50,31,3
3881.647119,31.143823,50,31,3
4238.709464,20.925274,50,31,3
5254.016998,40.060589,50,31,3
4145.811626,26.152745,50,31,3
5221.642115,16.536213,50,31,3
5503.379297,16.263919,50,31,3
