Distance,Tx Power,Bandwidth,Subband BW,Subband Offset
497.172775,59.837778,100,6,93
6855.747323,58.565242,100,6,93
8366.355124,20.426743,100,6,93
7283.848911,32.982161,100,6,93
6836.437573,40.824542,100,6,93
5582.141237,39.024703,100,6,93
6362.394221,22.803617,100,6,93
2171.231941,39.141705,100,6,93
