Distance,Tx Power,Bandwidth,Subband BW,Subband Offset
2259.430186,53.684451,25,18,3
4541.756710,31.860416,25,18,3
5331.032450,56.486030,25,18,3
1276.480445,54.688020,25,18,3
2908.253810,59.382711,25,18,3
4076.678060,56.368138,25,18,3
6238.467574,25.708509,25,18,3
6803.366426,58.503979,25,18,3
