Distance,Tx Power,Bandwidth,Subband BW,Subband Offset
310.528187,30.401363,25,16,5
7033.407164,40.241934,25,16,5
6367.220184,57.054514,25,16,5
7472.050439,42.859876,25,16,5
231.642925,36.152111,25,16,5
2991.313841,22.705652,25,16,5
8553.505757,56.960147,25,16,5
2239.145015,34.749025,25,16,5
