Distance,Tx Power,Bandwidth,Subband BW,Subband Offset
7102.509685,30.015493,25,15,1
4540.812710,31.336344,25,15,1
9486.398859,55.021149,25,15,1
2927.696921,49.057952,25,15,1
5291.652193,25.301710,25,15,1
6942.716432,39.135714,25,15,1
4641.790781,15.321470,25,15,1
8087.780370,55.797454,25,15,1
