Distance,Tx Power,Bandwidth,Subband BW,Subband Offset
3723.020924,34.096615,25,12,0
2069.180851,49.641663,25,12,0
9384.336738,30.317030,25,12,0
6944.352944,36.831896,25,12,0
4277.124456,46.807093,25,12,0
4820.521106,29.259753,25,12,0
2205.104774,32.591369,25,12,0
3130.066469,27.465917,25,12,0
