Distance,Tx Power,Bandwidth,Subband BW,Subband Offset
5444.356614,29.063574,50,33,17
128.250237,43.500091,50,33,17
8473.312717,41.495938,50,33,17
6585.678703,45.703983,50,33,17
7663.846183,40.309988,50,33,17
5217.643751,42.572461,50,33,17
8663.370202,57.530217,50,33,17
9087.801647,51.652906,50,33,17
