Distance,Tx Power,Bandwidth,Subband BW,Subband Offset
9738.236896,56.462178,50,11,38
8575.507623,21.184068,50,11,38
9141.313916,48.670308,50,11,38
9009.251649,18.618390,50,11,38
1927.962544,39.351197,50,11,38
5637.416860,58.887826,50,11,38
6757.489553,49.226973,50,11,38
9310.907679,51.329621,50,11,38
