Distance,Tx Power,Bandwidth,Subband BW,Subband Offset
8501.832769,56.642985,75,7,13
5478.162704,17.983291,75,7,13
9286.433549,42.981191,75,7,13
1810.496972,39.020919,75,7,13
5294.008631,32.312980,75,7,13
4987.860190,48.610293,75,7,13
7436.818336,15.440828,75,7,13
8448.467288,41.284468,75,7,13
