Distance,Tx Power,Bandwidth,Subband BW,Subband Offset
3934.710337,27.245166,75,29,18
695.042023,39.998833,75,29,18
3609.242288,27.142677,75,29,18
4326.300755,52.657633,75,29,18
9850.272004,42.557529,75,29,18
5413.195704,52.794406,75,29,18
352.798233,33.515169,75,29,18
2058.802171,42.375130,75,29,18
