Distance,Tx Power,Bandwidth,Subband BW,Subband Offset
4671.002023,24.091335,25,10,8
8560.623336,41.963701,25,10,8
9328.395160,41.055478,25,10,8
5536.967157,47.941237,25,10,8
387.874710,46.568613,25,10,8
8500.687368,36.405434,25,10,8
1999.903011,56.154281,25,10,8
6910.378336,41.245757,25,10,8
