Distance,Tx Power,Bandwidth,Subband BW,Subband Offset
3681.310661,39.975080,15,14,0
4299.215079,55.811732,15,14,0
5839.412399,59.741055,15,14,0
2561.904144,59.695838,15,14,0
3922.675613,57.801053,15,14,0
346.266657,29.168406,15,14,0
5823.894211,20.372300,15,14,0
6515.343227,33.979588,15,14,0
