Distance,Tx Power,Bandwidth,Subband BW,Subband Offset
9662.984430,49.460856,50,39,7
4463.675517,37.300008,50,39,7
4864.899656,50.823634,50,39,7
9692.078702,24.848894,50,39,7
8048.409354,17.026833,50,39,7
6181.129471,48.969634,50,39,7
8087.520410,57.465582,50,39,7
7817.436883,38.103013,50,39,7
