Distance,Tx Power,Bandwidth,Subband BW,Subband Offset
257.460884,36.114740,25,9,16
510.387601,36.579255,25,9,16
4252.038692,51.492271,25,9,16
8199.668642,39.931221,25,9,16
5216.034777,44.377122,25,9,16
3307.060806,27.843834,25,9,16
7870.497274,55.584491,25,9,16
6760.775925,36.513647,25,9,16
