Distance,Tx Power,Bandwidth,Subband BW,Subband Offset
5903.254087,21.809266,25,23,2
5548.527148,24.055668,25,23,2
6302.883363,50.220448,25,23,2
2671.301274,31.201725,25,23,2
9826.858659,41.916423,25,23,2
9419.629416,45.605686,25,23,2
7761.298992,26.083595,25,23,2
5638.751643,32.744139,25,23,2
