Distance,Tx Power,Bandwidth,Subband BW,Subband Offset
2965.978867,52.321915,15,7,1
4852.235622,39.826974,15,7,1
1503.066419,41.478457,15,7,1
3632.042397,34.847951,15,7,1
3018.374827,52.344174,15,7,1
7979.174871,36.810792,15,7,1
3992.218081,28.106448,15,7,1
3253.343724,25.641069,15,7,1
