Distance,Tx Power,Bandwidth,Subband BW,Subband Offset
5801.719129,43.963124,25,11,11
9628.545381,19.897734,25,11,11
9063.487238,16.530023,25,11,11
3875.394558,56.488724,25,11,11
5147.992397,15.749113,25,11,11
6789.097505,51.024908,25,11,11
1920.222599,28.145112,25,11,11
9908.509994,37.146745,25,11,11
