Distance,Tx Power,Bandwidth,Subband BW,Subband Offset
3981.948913,44.051370,25,11,4
1926.949703,42.282309,25,11,4
5841.003849,46.716068,25,11,4
7948.360878,35.717820,25,11,4
4982.868332,39.112713,25,11,4
7804.646363,38.755076,25,11,4
5664.815375,18.282768,25,11,4
6933.918462,22.363186,25,11,4
