Distance,Tx Power,Bandwidth,Subband BW,Subband Offset
4593.460705,17.482176,15,9,3
6269.361005,56.597223,15,9,3
261.992423,50.322381,15,9,3
505.734956,42.606612,15,9,3
7535.626839,48.916548,15,9,3
1221.680341,20.235158,15,9,3
3831.855365,26.684645,15,9,3
1630.131597,53.255030,15,9,3
