Distance,Tx Power,Bandwidth,Subband BW,Subband Offset
3582.793313,58.873951,75,21,19
2351.752683,37.976756,75,21,19
1159.933632,32.260784,75,21,19
8908.435066,37.285461,75,21,19
9155.382599,59.209339,75,21,19
8578.873557,21.111115,75,21,19
2082.925095,52.388450,75,21,19
4523.195944,24.986226,75,21,19
