Distance,Tx Power,Bandwidth,Subband BW,Subband Offset
2159.673425,22.676793,15,8,3
3407.664479,58.149825,15,8,3
3677.312417,50.641936,15,8,3
4391.863101,55.054248,15,8,3
2929.498811,47.076740,15,8,3
9959.624103,43.387706,15,8,3
1222.530289,38.520890,15,8,3
2463.925235,53.606327,15,8,3
