Distance,Tx Power,Bandwidth,Subband BW,Subband Offset
2928.145646,28.483016,25,11,5
4781.609359,20.329164,25,11,5
867.027885,21.094342,25,11,5
6668.125709,42.044353,25,11,5
3438.566589,35.132944,25,11,5
2334.139388,19.217458,25,11,5
6313.111094,34.011115,25,11,5
1857.720889,50.521575,25,11,5
