Distance,Tx Power,Bandwidth,Subband BW,Subband Offset
3860.252189,31.974170,15,8,0
3522.268080,41.921776,15,8,0
8171.646301,21.510853,15,8,0
9675.979086,20.746905,15,8,0
2291.445456,52.782106,15,8,0
9503.636330,41.574968,15,8,0
6867.720720,49.674375,15,8,0
4220.687586,42.745057,15,8,0
