Distance,Tx Power,Bandwidth,Subband BW,Subband Offset
893.090514,43.679570,75,28,12
4700.822446,53.879866,75,28,12
2585.613224,21.146844,75,28,12
1544.846138,37.248860,75,28,12
6586.981273,21.017703,75,28,12
450.051305,42.559472,75,28,12
953.732334,41.089829,75,28,12
1039.370291,31.310916,75,28,12
