Distance,Tx Power,Bandwidth,Subband BW,Subband Offset
854.075822,24.019862,100,87,8
9847.797892,21.618700,100,87,8
1678.760845,53.863723,100,87,8
1690.673035,24.535028,100,87,8
2898.448911,36.953215,100,87,8
4647.606484,41.346771,100,87,8
128.478446,52.718987,100,87,8
442.601125,41.005733,100,87,8
