Distance,Tx Power,Bandwidth,Subband BW,Subband Offset
9017.504710,35.720347,75,47,17
351.308696,36.568981,75,47,17
8170.705405,51.809659,75,47,17
4424.427629,58.789684,75,47,17
1116.795212,48.806425,75,47,17
3718.746378,52.156368,75,47,17
2756.803663,32.332783,75,47,17
257.006297,39.244937,75,47,17
