Distance,Tx Power,Bandwidth,Subband BW,Subband Offset
4799.586325,27.206715,75,12,9
168.867544,40.352335,75,12,9
5622.611601,59.743537,75,12,9
3868.275826,32.891357,75,12,9
6608.072780,48.763391,75,12,9
4751.869810,57.314615,75,12,9
7693.360363,38.448584,75,12,9
6596.149029,40.840223,75,12,9
