Distance,Tx Power,Bandwidth,Subband BW,Subband Offset
1198.324357,52.260931,100,86,6
2508.628426,46.901528,100,86,6
1322.302498,24.995531,100,86,6
2329.480805,53.724015,100,86,6
8452.963393,48.428202,100,86,6
4328.395120,56.748935,100,86,6
3031.371275,46.842517,100,86,6
239.270441,48.503952,100,86,6
