Distance,Tx Power,Bandwidth,Subband BW,Subband Offset
1534.822609,29.104919,75,60,13
4306.063178,34.565296,75,60,13
2909.191227,53.914738,75,60,13
4407.810669,27.493711,75,60,13
8810.688473,43.100129,75,60,13
819.152778,56.462050,75,60,13
8378.060442,58.349644,75,60,13
9881.786483,36.934352,75,60,13
