Distance,Tx Power,Bandwidth,Subband BW,Subband Offset
9023.175289,55.101867,15,11,4
8580.482152,36.715950,15,11,4
3232.196758,53.636672,15,11,4
4058.317609,40.588442,15,11,4
3858.739011,53.208401,15,11,4
4742.639336,41.744409,15,11,4
8353.743287,32.729081,15,11,4
5396.181167,27.702864,15,11,4
