Distance,Tx Power,Bandwidth,Subband BW,Subband Offset
6659.287162,45.401637,15,6,3
2811.755213,25.457243,15,6,3
6984.091019,50.114629,15,6,3
1250.564467,31.711542,15,6,3
6715.689085,34.040880,15,6,3
2651.027752,55.792698,15,6,3
6339.500178,23.157682,15,6,3
6175.210371,49.103777,15,6,3
