Distance,Tx Power,Bandwidth,Subband BW,Subband Offset
9173.094909,52.249445,75,63,2
5317.257882,49.880300,75,63,2
5868.592180,29.210230,75,63,2
533.599411,56.079005,75,63,2
2231.771342,58.906770,75,63,2
1455.506548,43.926407,75,63,2
4222.491646,25.796405,75,63,2
3397.873860,24.852158,75,63,2
