Distance,Tx Power,Bandwidth,Subband BW,Subband Offset
5923.662855,39.812386,75,29,29
9016.576839,41.856210,75,29,29
9707.136112,37.777568,75,29,29
1164.432255,15.890662,75,29,29
9009.155355,18.185232,75,29,29
9054.563811,30.627562,75,29,29
3889.516245,35.795865,75,29,29
5061.692126,50.893318,75,29,29
