Distance,Tx Power,Bandwidth,Subband BW,Subband Offset
7414.799838,42.444243,25,20,3
811.478276,21.338635,25,20,3
2901.173580,33.095274,25,20,3
2033.711763,38.291222,25,20,3
1540.445369,34.231473,25,20,3
5598.147039,23.498642,25,20,3
4860.553141,53.110149,25,20,3
1808.139084,59.057017,25,20,3
