Distance,Tx Power,Bandwidth,Subband BW,Subband Offset
7453.636207,45.197266,100,82,3
3902.925724,22.102745,100,82,3
8636.951730,46.002069,100,82,3
7463.055648,49.099414,100,82,3
2765.850958,16.322730,100,82,3
2006.998026,54.391747,100,82,3
6274.297446,16.713892,100,82,3
821.756019,36.754643,100,82,3
