Distance,Tx Power,Bandwidth,Subband BW,Subband Offset
5980.008340,40.337598,15,6,1
2360.659438,50.724563,15,6,1
4720.728307,56.200355,15,6,1
1128.829932,41.309362,15,6,1
2651.271967,23.604714,15,6,1
1247.154725,48.244811,15,6,1
8584.662278,32.370845,15,6,1
8130.184641,24.226173,15,6,1
