Distance,Tx Power,Bandwidth,Subband BW,Subband Offset
8632.423179,18.675687,15,13,0
564.089337,52.466164,15,13,0
6307.530612,40.872138,15,13,0
9889.067290,32.608237,15,13,0
9671.672283,55.114320,15,13,0
3770.920621,33.083709,15,13,0
1330.407606,50.195249,15,13,0
8992.321568,27.681461,15,13,0
