Distance,Tx Power,Bandwidth,Subband BW,Subband Offset
7989.551349,59.506246,25,9,8
2559.594952,23.668834,25,9,8
1462.333174,44.707558,25,9,8
7755.929754,38.243021,25,9,8
4008.351810,30.225838,25,9,8
6471.430638,17.960516,25,9,8
8325.620563,16.172516,25,9,8
1744.813865,24.209427,25,9,8
