Distance,Tx Power,Bandwidth,Subband BW,Subband Offset
4363.644912,36.533583,50,21,9
7351.109538,40.309612,50,21,9
1961.804005,55.003400,50,21,9
3344.608215,31.243230,50,21,9
5192.201427,25.665936,50,21,9
9338.629009,56.106342,50,21,9
6262.833490,32.871224,50,21,9
1482.950026,24.559910,50,21,9
