Distance,Tx Power,Bandwidth,Subband BW,Subband Offset
5333.227714,17.790148,100,12,46
9271.246950,36.918731,100,12,46
3086.819779,35.924300,100,12,46
1653.023173,41.968728,100,12,46
8174.551645,58.458243,100,12,46
3847.766717,36.618362,100,12,46
6211.481572,29.837690,100,12,46
7739.169600,32.943556,100,12,46
