Distance,Tx Power,Bandwidth,Subband BW,Subband Offset
8862.888726,54.574185,75,62,1
6833.063055,49.305692,75,62,1
4010.376337,15.911787,75,62,1
9838.437949,36.824880,75,62,1
5802.223835,29.848289,75,62,1
9368.599047,38.328630,75,62,1
8310.503383,35.468735,75,62,1
9270.701868,58.809850,75,62,1
