Distance,Tx Power,Bandwidth,Subband BW,Subband Offset
2094.989943,50.576836,15,7,4
9479.918293,34.904113,15,7,4
6589.588094,15.449910,15,7,4
6075.806252,39.589480,15,7,4
9619.696599,53.940146,15,7,4
8305.465449,28.259395,15,7,4
3672.884735,24.072822,15,7,4
5431.399504,53.020322,15,7,4
