Distance,Tx Power,Bandwidth,Subband BW,Subband Offset
872.373291,58.548806,75,7,46
7948.934824,28.913730,75,7,46
4598.179164,52.361125,75,7,46
6643.953126,16.062747,75,7,46
8572.146042,19.477404,75,7,46
3668.815077,28.892061,75,7,46
7742.121917,51.337355,75,7,46
4277.326039,23.856362,75,7,46
