Distance,Tx Power,Bandwidth,Subband BW,Subband Offset
8352.871412,44.250698,50,22,21
9980.588421,44.452755,50,22,21
6114.181803,59.323333,50,22,21
5798.306378,43.953162,50,22,21
6669.067480,49.090981,50,22,21
8808.298138,20.053675,50,22,21
3590.789981,27.787991,50,22,21
7945.627770,58.381191,50,22,21
