Distance,Tx Power,Bandwidth,Subband BW,Subband Offset
109.905547,51.617833,100,62,37
5457.250439,52.193900,100,62,37
3170.619024,27.934223,100,62,37
4603.941872,53.546219,100,62,37
2310.302951,46.468481,100,62,37
6704.253514,27.751926,100,62,37
3479.093313,38.470639,100,62,37
4106.770040,27.102282,100,62,37
