Distance,Tx Power,Bandwidth,Subband BW,Subband Offset
6844.452230,58.870237,50,12,9
891.296230,54.039960,50,12,9
2586.473885,49.329958,50,12,9
6055.674687,18.272738,50,12,9
2156.016419,58.822589,50,12,9
5584.837966,19.664125,50,12,9
4276.846127,54.588895,50,12,9
375.593933,29.785393,50,12,9
