Distance,Tx Power,Bandwidth,Subband BW,Subband Offset
5034.362634,34.068395,100,7,7
9296.451899,54.228448,100,7,7
4931.395015,19.445186,100,7,7
1739.187565,37.800477,100,7,7
6895.008463,46.403805,100,7,7
4091.909531,42.720395,100,7,7
790.238963,41.544680,100,7,7
2424.251593,54.615941,100,7,7
