Distance,Tx Power,Bandwidth,Subband BW,Subband Offset
3473.947054,44.320444,75,48,4
2183.476311,15.663063,75,48,4
4287.815902,29.542247,75,48,4
9714.194058,54.938494,75,48,4
9481.819542,42.834720,75,48,4
9707.865210,18.923766,75,48,4
2713.407424,25.722996,75,48,4
4077.405751,56.543629,75,48,4
