Distance,Tx Power,Bandwidth,Subband BW,Subband Offset
6227.730132,38.751834,75,25,4
9387.976542,40.239860,75,25,4
7334.502406,28.585101,75,25,4
4392.634615,31.100628,75,25,4
1774.268821,56.939124,75,25,4
6114.886786,48.902019,75,25,4
5849.831284,23.505760,75,25,4
9783.140621,18.670838,75,25,4
