Distance,Tx Power,Bandwidth,Subband BW,Subband Offset
6968.397939,31.250581,15,13,1
1643.909032,20.480665,15,13,1
8160.161730,50.440284,15,13,1
3649.929095,32.478429,15,13,1
9338.864563,57.189078,15,13,1
3194.917628,16.094247,15,13,1
5738.028205,42.488335,15,13,1
1072.851436,27.495373,15,13,1
