Distance,Tx Power,Bandwidth,Subband BW,Subband Offset
9659.796407,28.645259,75,33,2
1921.817035,29.093408,75,33,2
7967.460262,38.175023,75,33,2
5121.028969,48.582831,75,33,2
2396.489757,41.824324,75,33,2
6545.781484,20.088558,75,33,2
136.195794,40.965335,75,33,2
3194.774112,56.635247,75,33,2
