Distance,Tx Power,Bandwidth,Subband BW,Subband Offset
6442.032808,20.275119,50,9,5
3670.469167,49.000113,50,9,5
8343.586715,37.783970,50,9,5
4637.290020,18.055668,50,9,5
9172.994635,55.882474,50,9,5
8417.467843,53.520351,50,9,5
3822.347214,56.234714,50,9,5
434.586247,51.269390,50,9,5
