Distance,Tx Power,Bandwidth,Subband BW,Subband Offset
8609.299312,38.848404,75,21,43
3408.427023,22.575576,75,21,43
8544.343621,27.195263,75,21,43
3850.407415,29.233751,75,21,43
4369.961302,50.459894,75,21,43
5530.631466,29.788683,75,21,43
8225.153702,38.089480,75,21,43
5177.369798,46.523481,75,21,43
