Distance,Tx Power,Bandwidth,Subband BW,Subband Offset
4982.816239,26.782556,50,8,12
5921.834443,24.041374,50,8,12
2397.492361,57.738687,50,8,12
8095.654370,17.773381,50,8,12
5920.025637,50.248698,50,8,12
9273.989720,28.675769,50,8,12
9630.389873,27.407840,50,8,12
7272.856767,40.843717,50,8,12
