Distance,Tx Power,Bandwidth,Subband BW,Subband Offset
796.366883,46.554239,100,20,16
3885.943667,22.208871,100,20,16
4959.878971,21.590261,100,20,16
1212.516991,52.809370,100,20,16
3157.202711,51.697682,100,20,16
1902.576292,25.800954,100,20,16
4074.789464,40.117811,100,20,16
5657.366802,33.404449,100,20,16
