Distance,Tx Power,Bandwidth,Subband BW,Subband Offset
4745.276377,29.456480,50,17,21
6232.282298,31.838912,50,17,21
3290.646501,50.880838,50,17,21
4024.571808,58.521694,50,17,21
7209.889609,18.884513,50,17,21
2236.153131,36.636246,50,17,21
602.720881,39.361744,50,17,21
6936.801901,32.729655,50,17,21
