Distance,Tx Power,Bandwidth,Subband BW,Subband Offset
6131.088836,43.173930,25,14,11
945.457062,18.926748,25,14,11
5951.283444,52.503360,25,14,11
3560.185907,31.124496,25,14,11
3203.776278,36.462849,25,14,11
107.010989,42.856154,25,14,11
1970.570156,26.236472,25,14,11
4075.734673,27.560081,25,14,11
