Distance,Tx Power,Bandwidth,Subband BW,Subband Offset
2589.933545,21.664602,25,13,7
828.723654,41.087416,25,13,7
6805.619248,33.102778,25,13,7
7872.798262,43.745885,25,13,7
4804.695772,19.948469,25,13,7
4897.369099,54.749533,25,13,7
9412.856330,56.598373,25,13,7
246.636339,46.951794,25,13,7
