Distance,Tx Power,Bandwidth,Subband BW,Subband Offset
8889.768219,45.859721,75,60,12
1071.050520,38.049555,75,60,12
2511.458099,45.110886,75,60,12
2947.795448,44.992153,75,60,12
2400.847675,23.386194,75,60,12
7144.114232,52.132240,75,60,12
9945.288366,29.004258,75,60,12
7364.957997,46.027734,75,60,12
