Distance,Tx Power,Bandwidth,Subband BW,Subband Offset
936.341155,50.929966,25,7,0
2619.692840,35.816270,25,7,0
7439.098445,24.601010,25,7,0
2992.112909,47.413823,25,7,0
5973.839517,29.574346,25,7,0
7878.385807,24.106448,25,7,0
2316.759266,28.278546,25,7,0
3551.529021,27.855022,25,7,0
