Distance,Tx Power,Bandwidth,Subband BW,Subband Offset
9274.085202,50.031567,15,14,0
3154.276567,53.995681,15,14,0
2208.689907,15.407311,15,14,0
8677.147869,46.169139,15,14,0
3944.912487,58.116837,15,14,0
9253.751681,35.937848,15,14,0
2785.760600,52.378516,15,14,0
1451.690765,45.533219,15,14,0
