Distance,Tx Power,Bandwidth,Subband BW,Subband Offset
5062.849433,44.775851,100,14,7
8260.320676,59.549236,100,14,7
2484.216498,39.161938,100,14,7
3091.045664,20.297654,100,14,7
8382.806471,53.738035,100,14,7
3869.099746,57.835013,100,14,7
4819.156452,29.397340,100,14,7
545.797341,50.414603,100,14,7
