Distance,Tx Power,Bandwidth,Subband BW,Subband Offset
7664.973285,15.732008,25,12,9
6696.794111,53.213820,25,12,9
6771.582123,54.542153,25,12,9
2540.804948,24.847798,25,12,9
9176.692141,55.657711,25,12,9
4762.330386,19.757062,25,12,9
3288.721186,18.589977,25,12,9
1673.022591,24.693060,25,12,9
