Distance,Tx Power,Bandwidth,Subband BW,Subband Offset
5357.209715,50.450733,15,9,6
2889.079331,24.099501,15,9,6
1944.987658,38.725891,15,9,6
1023.359149,23.674788,15,9,6
6733.903477,31.599468,15,9,6
4999.246301,48.048561,15,9,6
8383.448484,45.137804,15,9,6
8084.455544,24.764522,15,9,6
