Distance,Tx Power,Bandwidth,Subband BW,Subband Offset
4649.138654,51.922889,25,24,0
5277.987165,52.621446,25,24,0
2123.577885,37.015349,25,24,0
5556.916801,15.992609,25,24,0
5649.479547,32.067760,25,24,0
1488.433289,43.480064,25,24,0
6300.607476,55.655247,25,24,0
7171.415898,23.420898,25,24,0
