Distance,Tx Power,Bandwidth,Subband BW,Subband Offset
368.440068,57.194152,50,10,2
6901.884271,34.577580,50,10,2
2663.042515,22.045430,50,10,2
8668.460322,27.942034,50,10,2
1921.556283,32.856630,50,10,2
6989.444885,34.534298,50,10,2
1387.500550,15.949334,50,10,2
6224.184957,52.850795,50,10,2
