Distance,Tx Power,Bandwidth,Subband BW,Subband Offset
9231.408031,19.716205,50,9,32
3549.905250,41.153843,50,9,32
5464.197867,47.178074,50,9,32
2904.120789,33.064381,50,9,32
5566.954780,46.206232,50,9,32
9502.915652,35.910744,50,9,32
813.074481,42.354460,50,9,32
2662.000614,28.831970,50,9,32
