Distance,Tx Power,Bandwidth,Subband BW,Subband Offset
9316.015928,36.182748,50,18,11
1603.591965,57.199944,50,18,11
6927.744557,32.680273,50,18,11
4746.284540,53.073068,50,18,11
1369.736258,43.284443,50,18,11
6622.506309,24.688423,50,18,11
1964.904234,45.691810,50,18,11
4468.575366,42.841932,50,18,11
