Distance,Tx Power,Bandwidth,Subband BW,Subband Offset
7873.560402,50.349241,75,6,20
6761.646547,47.857002,75,6,20
8702.826789,35.257445,75,6,20
2807.996190,34.975613,75,6,20
2696.823937,58.122646,75,6,20
6841.116719,19.733722,75,6,20
2256.455251,20.717771,75,6,20
1035.813708,47.795202,75,6,20
