Distance,Tx Power,Bandwidth,Subband BW,Subband Offset
2969.977295,30.324169,25,10,13
6044.080392,34.674643,25,10,13
3052.570260,35.777626,25,10,13
9276.410367,44.581557,25,10,13
4766.875001,57.431348,25,10,13
2909.655104,29.875585,25,10,13
9219.338176,42.761341,25,10,13
4612.866269,53.334953,25,10,13
