Distance,Tx Power,Bandwidth,Subband BW,Subband Offset
955.517605,23.673301,25,8,5
416.704613,33.207771,25,8,5
7232.855191,17.676115,25,8,5
8630.195577,22.448990,25,8,5
1165.498487,42.095155,25,8,5
1405.194892,33.199873,25,8,5
5743.205247,44.890980,25,8,5
9500.918684,22.297559,25,8,5
