Distance,Tx Power,Bandwidth,Subband BW,Subband Offset
544.105708,29.308611,15,8,7
2478.765757,54.741102,15,8,7
7961.003451,54.572421,15,8,7
291.009538,17.208977,15,8,7
5128.341563,18.091024,15,8,7
2896.504576,55.836940,15,8,7
4320.078551,18.622010,15,8,7
1672.263163,50.527327,15,8,7
