Distance,Tx Power,Bandwidth,Subband BW,Subband Offset
3618.288863,37.519584,15,10,5
2544.641042,49.910459,15,10,5
9803.187268,48.193123,15,10,5
2738.642383,59.675875,15,10,5
1249.017620,22.272813,15,10,5
496.369064,19.673658,15,10,5
2386.749471,25.779232,15,10,5
3248.806813,51.580264,15,10,5
