Distance,Tx Power,Bandwidth,Subband BW,Subband Offset
6891.387807,44.314950,75,44,27
6560.083564,26.438609,75,44,27
9751.834068,45.167570,75,44,27
1425.018867,19.817860,75,44,27
7740.089748,39.370700,75,44,27
6738.916032,23.897578,75,44,27
7164.603306,59.699520,75,44,27
7053.651207,44.477263,75,44,27
