Distance,Tx Power,Bandwidth,Subband BW,Subband Offset
5423.255183,39.056135,100,29,9
9347.783902,17.803292,100,29,9
4296.110064,58.669463,100,29,9
2462.738594,37.773427,100,29,9
5792.064403,24.853558,100,29,9
1063.781237,38.966845,100,29,9
2792.185450,37.294600,100,29,9
3597.376641,52.622853,100,29,9
