Distance,Tx Power,Bandwidth,Subband BW,Subband Offset
3214.854952,18.111660,25,6,9
5500.989715,29.053307,25,6,9
1403.765890,53.400875,25,6,9
1179.149151,48.012791,25,6,9
1109.544560,50.532710,25,6,9
2230.623255,57.038681,25,6,9
2043.653418,56.146006,25,6,9
8603.151833,58.165137,25,6,9
