Distance,Tx Power,Bandwidth,Subband BW,Subband Offset
4807.123223,26.643407,50,28,22
6001.859526,47.267966,50,28,22
4613.807887,17.992496,50,28,22
4960.398159,16.056374,50,28,22
1485.355283,54.644523,50,28,22
5255.444888,30.246031,50,28,22
1709.640063,17.881005,50,28,22
6788.296368,15.364882,50,28,22
