Distance,Tx Power,Bandwidth,Subband BW,Subband Offset
3145.706629,15.923402,25,10,1
7743.358321,29.892278,25,10,1
8071.014076,51.757976,25,10,1
6690.833562,40.565899,25,10,1
6678.759049,55.692144,25,10,1
3124.744931,57.064871,25,10,1
5127.965600,50.262163,25,10,1
1219.551377,59.034381,25,10,1
