Distance,Tx Power,Bandwidth,Subband BW,Subband Offset
1539.962687,37.696459,75,14,29
6864.620661,42.479084,75,14,29
6256.820469,46.358140,75,14,29
4239.876772,51.343682,75,14,29
1896.390523,37.004446,75,14,29
4164.797918,55.055280,75,14,29
1744.172694,20.210204,75,14,29
2519.960157,18.285152,75,14,29
