Distance,Tx Power,Bandwidth,Subband BW,Subband Offset
9465.536435,41.000059,25,6,9
9741.713036,43.773935,25,6,9
159.059469,56.581040,25,6,9
1600.536179,32.097069,25,6,9
4057.678370,27.661522,25,6,9
4473.406004,27.550328,25,6,9
349.916028,43.437325,25,6,9
2075.697858,56.430423,25,6,9
