Distance,Tx Power,Bandwidth,Subband BW,Subband Offset
7343.817109,47.481264,25,11,5
4709.708245,26.930137,25,11,5
5998.731781,53.778604,25,11,5
5972.994840,51.734668,25,11,5
1300.470142,27.819465,25,11,5
9211.954885,30.516878,25,11,5
2660.334835,19.259459,25,11,5
3408.182443,16.010191,25,11,5
