Distance,Tx Power,Bandwidth,Subband BW,Subband Offset
9319.191461,33.460558,50,18,28
1945.531285,45.035921,50,18,28
5452.925178,47.587369,50,18,28
7110.049501,28.950917,50,18,28
9468.497780,46.446474,50,18,28
1643.982007,38.518009,50,18,28
9874.104259,15.962968,50,18,28
369.552169,36.907882,50,18,28
