Distance,Tx Power,Bandwidth,Subband BW,Subband Offset
8151.918557,16.290584,100,45,15
9187.712755,53.352243,100,45,15
1751.699105,19.548393,100,45,15
2920.985685,28.205783,100,45,15
146.383472,38.375020,100,45,15
3106.424729,27.402832,100,45,15
3970.013312,50.332156,100,45,15
1346.102597,24.463826,100,45,15
