Distance,Tx Power,Bandwidth,Subband BW,Subband Offset
9938.177850,50.696587,50,8,23
1137.515873,29.234139,50,8,23
5266.073939,50.905260,50,8,23
6055.253736,22.263343,50,8,23
6094.056916,17.539622,50,8,23
7758.133170,18.993527,50,8,23
3914.423868,16.893839,50,8,23
1089.012055,30.840980,50,8,23
