Distance,Tx Power,Bandwidth,Subband BW,Subband Offset
2718.645638,33.767702,100,89,3
525.283926,29.951636,100,89,3
8348.102433,29.640600,100,89,3
2917.510034,57.222568,100,89,3
7032.355113,41.636762,100,89,3
1718.921138,19.153875,100,89,3
3591.399407,47.164939,100,89,3
4216.094556,21.192364,100,89,3
