Distance,Tx Power,Bandwidth,Subband BW,Subband Offset
2056.990421,59.792982,75,36,15
8827.303245,29.168813,75,36,15
3056.800167,33.229314,75,36,15
1224.017252,28.338864,75,36,15
3513.914815,23.928851,75,36,15
9452.840365,41.820030,75,36,15
4247.283711,46.054960,75,36,15
8085.773175,17.134043,75,36,15
