Distance,Tx Power,Bandwidth,Subband BW,Subband Offset
3247.912181,34.065749,75,18,25
2065.385076,49.228397,75,18,25
1164.575414,40.362638,75,18,25
3948.910398,50.702105,75,18,25
9977.316726,53.785318,75,18,25
9936.089083,35.393550,75,18,25
5060.382540,28.682436,75,18,25
277.442685,41.578049,75,18,25
