Distance,Tx Power,Bandwidth,Subband BW,Subband Offset
6792.235443,23.988447,50,23,19
9752.601260,20.074606,50,23,19
2491.846954,29.737054,50,23,19
7871.819348,27.637778,50,23,19
8682.271593,33.237202,50,23,19
3310.693116,54.928888,50,23,19
8802.926613,39.960626,50,23,19
6036.683689,38.993214,50,23,19
