Distance,Tx Power,Bandwidth,Subband BW,Subband Offset
7858.560204,22.308619,100,13,4
8221.263464,57.066138,100,13,4
9189.151917,22.271368,100,13,4
4373.933353,44.101878,100,13,4
1020.503479,41.819909,100,13,4
3777.069490,48.202239,100,13,4
6264.723965,29.453797,100,13,4
9488.632775,37.360728,100,13,4
