Distance,Tx Power,Bandwidth,Subband BW,Subband Offset
7160.769893,50.081157,50,36,11
5343.362379,58.299895,50,36,11
4914.583825,30.808257,50,36,11
1404.495000,44.269545,50,36,11
6103.568180,43.429703,50,36,11
1434.202777,46.596880,50,36,11
3233.894499,26.842343,50,36,11
1694.095422,59.528283,50,36,11
