Distance,Tx Power,Bandwidth,Subband BW,Subband Offset
5070.915485,39.781230,100,66,4
6782.960276,47.765509,100,66,4
7422.568731,15.267641,100,66,4
1267.329954,29.867787,100,66,4
9956.533798,20.888927,100,66,4
2314.411460,19.288656,100,66,4
2206.201224,54.584624,100,66,4
1559.971543,24.950039,100,66,4
