Distance,Tx Power,Bandwidth,Subband BW,Subband Offset
5816.475937,42.346106,50,30,13
9708.264026,39.894205,50,30,13
1137.036338,25.245714,50,30,13
4208.633625,59.010771,50,30,13
6998.352671,38.528574,50,30,13
2923.443808,51.748646,50,30,13
4286.745768,21.924115,50,30,13
5011.798795,28.521974,50,30,13
