Distance,Tx Power,Bandwidth,Subband BW,Subband Offset
1983.544328,46.899995,15,8,2
9736.527630,36.454492,15,8,2
5564.236946,30.164198,15,8,2
7066.665613,54.907243,15,8,2
2994.001971,45.650456,15,8,2
7764.814831,24.128947,15,8,2
8092.744963,46.298878,15,8,2
4021.056736,51.835063,15,8,2
