Distance,Tx Power,Bandwidth,Subband BW,Subband Offset
3671.938628,52.797350,75,54,9
1820.613329,34.741748,75,54,9
8331.254301,29.672506,75,54,9
3627.706436,24.817879,75,54,9
5708.780725,40.945148,75,54,9
6620.210920,15.419376,75,54,9
9648.299023,55.358378,75,54,9
8360.436713,21.405665,75,54,9
