Distance,Tx Power,Bandwidth,Subband BW,Subband Offset
3601.256836,15.395199,50,6,34
9531.414916,42.653450,50,6,34
7978.353404,16.361632,50,6,34
5721.073378,40.460140,50,6,34
6653.445557,29.774297,50,6,34
9372.129424,54.108607,50,6,34
9988.327886,59.963120,50,6,34
199.696780,20.629172,50,6,34
