Distance,Tx Power,Bandwidth,Subband BW,Subband Offset
9064.341288,29.638583,75,17,14
143.523094,46.962394,75,17,14
7656.260724,16.411074,75,17,14
4569.789424,38.416380,75,17,14
2020.127068,24.165841,75,17,14
3664.946615,34.414353,75,17,14
4473.623862,47.421679,75,17,14
9842.498292,53.935058,75,17,14
