Distance,Tx Power,Bandwidth,Subband BW,Subband Offset
9248.595247,18.854703,25,7,15
5701.686101,39.251785,25,7,15
9846.277225,34.251314,25,7,15
3378.184089,27.303014,25,7,15
2978.740474,36.648831,25,7,15
480.759655,47.629902,25,7,15
3562.088480,50.219407,25,7,15
7545.878470,44.843167,25,7,15
