Distance,Tx Power,Bandwidth,Subband BW,Subband Offset
375.696958,42.035541,100,10,2
5692.172955,49.280049,100,10,2
9579.822895,49.952194,100,10,2
981.230466,15.723634,100,10,2
4125.781903,46.923848,100,10,2
2628.328204,55.741340,100,10,2
3597.625796,30.468593,100,10,2
5030.010175,27.449888,100,10,2
