Distance,Tx Power,Bandwidth,Subband BW,Subband Offset
204.495616,36.623015,25,11,1
7031.352319,27.729648,25,11,1
1935.431769,53.379728,25,11,1
5391.508147,49.438123,25,11,1
4975.267576,50.090722,25,11,1
5180.233977,22.539069,25,11,1
223.035116,35.291926,25,11,1
6739.350058,38.342810,25,11,1
