Distance,Tx Power,Bandwidth,Subband BW,Subband Offset
517.127286,42.185500,75,7,53
4313.278559,21.234303,75,7,53
8611.997762,41.158137,75,7,53
3094.562971,20.803987,75,7,53
8806.197575,44.568114,75,7,53
930.564898,18.310346,75,7,53
3807.649972,42.781988,75,7,53
4900.316334,43.999369,75,7,53
