Distance,Tx Power,Bandwidth,Subband BW,Subband Offset
3007.549813,50.574092,25,14,6
7261.961589,52.312582,25,14,6
1023.958142,22.716355,25,14,6
9549.317428,51.383548,25,14,6
3716.979531,16.926531,25,14,6
1761.552526,33.862727,25,14,6
8491.258528,25.551629,25,14,6
7294.108561,50.053146,25,14,6
