Distance,Tx Power,Bandwidth,Subband BW,Subband Offset
3026.774772,51.688191,100,48,17
4329.784804,59.432934,100,48,17
5055.664697,40.568002,100,48,17
6629.381197,39.029621,100,48,17
5146.887550,35.496232,100,48,17
5757.712368,32.547420,100,48,17
4448.624710,47.424126,100,48,17
8987.671080,39.970467,100,48,17
