Distance,Tx Power,Bandwidth,Subband BW,Subband Offset
2868.725757,44.641960,75,25,29
1220.820426,33.925449,75,25,29
3013.655235,35.854451,75,25,29
4192.174619,18.895436,75,25,29
9352.612396,41.610098,75,25,29
2267.434345,48.512033,75,25,29
2603.652767,30.971561,75,25,29
2164.336102,32.227132,75,25,29
