Distance,Tx Power,Bandwidth,Subband BW,Subband Offset
7466.910123,49.572771,100,34,33
2134.991918,20.383760,100,34,33
4083.715005,23.802171,100,34,33
4257.534944,25.661212,100,34,33
7625.160985,52.097827,100,34,33
4817.044292,50.380943,100,34,33
2231.619630,52.382551,100,34,33
4661.478241,18.362790,100,34,33
