Distance,Tx Power,Bandwidth,Subband BW,Subband Offset
3488.275849,22.223737,75,8,62
1766.207328,53.470724,75,8,62
3349.347321,33.993203,75,8,62
650.474973,18.670869,75,8,62
4422.520017,58.099529,75,8,62
9644.530739,30.024081,75,8,62
2155.311545,23.424662,75,8,62
9584.428801,25.759102,75,8,62
