Distance,Tx Power,Bandwidth,Subband BW,Subband Offset
6186.323865,23.544102,75,20,47
4860.021159,43.180522,75,20,47
1278.973684,36.172550,75,20,47
6241.443955,53.868311,75,20,47
8762.769440,45.701265,75,20,47
5450.785039,53.122945,75,20,47
8361.736955,52.163189,75,20,47
5637.878505,45.888960,75,20,47
