Distance,Tx Power,Bandwidth,Subband BW,Subband Offset
7766.800663,42.615493,50,7,19
229.471341,54.433295,50,7,19
5180.742932,30.934280,50,7,19
197.241240,20.698114,50,7,19
8505.347274,33.052156,50,7,19
8311.112077,23.518112,50,7,19
6073.751080,20.654844,50,7,19
9956.381246,17.440419,50,7,19
