Distance,Tx Power,Bandwidth,Subband BW,Subband Offset
8626.615018,19.924077,50,17,29
5081.718044,36.095547,50,17,29
9309.009762,23.881047,50,17,29
2785.048336,23.118911,50,17,29
6144.888836,52.547709,50,17,29
7981.364279,22.659195,50,17,29
3424.183617,55.562110,50,17,29
8617.418553,53.957344,50,17,29
