Distance,Tx Power,Bandwidth,Subband BW,Subband Offset
1345.477416,57.418747,25,9,4
4497.902556,16.586739,25,9,4
7312.148323,50.846628,25,9,4
9919.183339,41.653870,25,9,4
4645.370077,25.536628,25,9,4
547.390166,37.045259,25,9,4
7740.592578,32.709596,25,9,4
7408.178852,23.103115,25,9,4
