Distance,Tx Power,Bandwidth,Subband BW,Subband Offset
1259.495995,38.248780,100,60,31
1033.816853,59.282210,100,60,31
5045.668306,48.378761,100,60,31
6106.552287,33.062868,100,60,31
9981.745917,38.122444,100,60,31
3475.368815,35.667327,100,60,31
1923.837169,46.860622,100,60,31
2555.308011,53.868986,100,60,31
