Distance,Tx Power,Bandwidth,Subband BW,Subband Offset
9698.957728,36.918458,50,19,11
1316.353266,48.009231,50,19,11
5684.950363,52.711709,50,19,11
2644.846858,51.264416,50,19,11
7116.808590,54.834112,50,19,11
5989.399227,32.516541,50,19,11
5666.320918,24.483241,50,19,11
7605.878562,49.389426,50,19,11
