Distance,Tx Power,Bandwidth,Subband BW,Subband Offset
4653.271243,29.048145,75,42,12
7561.757643,42.837508,75,42,12
5932.639718,36.106971,75,42,12
8515.600886,46.672191,75,42,12
4615.106861,28.755671,75,42,12
397.591239,17.525343,75,42,12
9935.443244,42.626434,75,42,12
5216.192744,40.182857,75,42,12
