Distance,Tx Power,Bandwidth,Subband BW,Subband Offset
8450.069692,29.382909,100,63,26
4406.686763,20.765385,100,63,26
7023.507387,49.452332,100,63,26
799.694049,41.189236,100,63,26
5124.815546,37.053535,100,63,26
2086.442762,36.801208,100,63,26
6428.202316,33.262543,100,63,26
8751.635041,18.637106,100,63,26
