Distance,Tx Power,Bandwidth,Subband BW,Subband Offset
1890.259277,39.691016,75,8,47
5000.596845,46.372962,75,8,47
5443.269250,30.142766,75,8,47
6463.684520,39.804353,75,8,47
3839.138736,47.768166,75,8,47
4850.977508,31.139730,75,8,47
8089.009423,27.426201,75,8,47
6938.468557,31.153456,75,8,47
