Distance,Tx Power,Bandwidth,Subband BW,Subband Offset
692.679615,16.229674,25,18,2
8982.357207,37.129004,25,18,2
6819.054546,43.011874,25,18,2
5017.463591,17.768513,25,18,2
6021.000807,21.371889,25,18,2
9881.984244,29.982740,25,18,2
2941.381756,41.811622,25,18,2
1725.842735,19.174121,25,18,2
