Distance,Tx Power,Bandwidth,Subband BW,Subband Offset
6561.306178,17.266638,50,27,23
9166.959256,39.414621,50,27,23
9706.606927,46.551028,50,27,23
7652.429198,40.970556,50,27,23
6196.846797,36.425712,50,27,23
7802.839012,16.605293,50,27,23
8379.813892,15.914283,50,27,23
6039.860992,38.450210,50,27,23
