Distance,Tx Power,Bandwidth,Subband BW,Subband Offset
2618.077743,20.780392,15,11,4
4176.038297,58.581901,15,11,4
3587.956833,30.268717,15,11,4
102.511610,34.351846,15,11,4
5450.930185,57.335649,15,11,4
2448.771532,50.246245,15,11,4
5155.545876,16.271786,15,11,4
4013.327480,19.540124,15,11,4
