Distance,Tx Power,Bandwidth,Subband BW,Subband Offset
9484.770690,43.361435,100,29,1
1475.519819,40.347694,100,29,1
6798.928462,39.930679,100,29,1
9128.163159,55.313718,100,29,1
8124.399658,57.131018,100,29,1
4601.643511,38.837407,100,29,1
5890.938990,46.481338,100,29,1
3110.128189,28.047068,100,29,1
