Distance,Tx Power,Bandwidth,Subband BW,Subband Offset
5988.435441,42.897992,15,9,0
690.021336,32.828816,15,9,0
566.029193,27.487472,15,9,0
7193.080907,49.993208,15,9,0
5326.883333,29.630420,15,9,0
9761.372134,17.968727,15,9,0
7323.856936,20.769851,15,9,0
8864.011414,57.589729,15,9,0
