Distance,Tx Power,Bandwidth,Subband BW,Subband Offset
6489.607695,54.769835,100,11,61
3847.623845,41.416058,100,11,61
3760.134664,35.001430,100,11,61
6410.148277,23.820576,100,11,61
8323.686643,37.923174,100,11,61
8685.155571,22.932656,100,11,61
5747.641026,48.184566,100,11,61
243.885410,15.088917,100,11,61
