Distance,Tx Power,Bandwidth,Subband BW,Subband Offset
2101.374936,51.109905,100,19,75
3431.740417,52.503157,100,19,75
2251.370061,22.452785,100,19,75
5510.621633,45.524744,100,19,75
4572.230713,47.795217,100,19,75
9387.847043,25.289952,100,19,75
1425.327471,24.627540,100,19,75
6076.399194,37.860321,100,19,75
