Distance,Tx Power,Bandwidth,Subband BW,Subband Offset
3757.981542,59.054910,75,68,5
1746.696480,40.994038,75,68,5
4789.956191,21.724617,75,68,5
3055.244615,17.702448,75,68,5
4151.419477,15.725881,75,68,5
275.759287,40.137793,75,68,5
9749.710277,52.810616,75,68,5
8861.625118,49.265575,75,68,5
