Distance,Tx Power,Bandwidth,Subband BW,Subband Offset
3401.026324,28.060198,100,8,6
1437.997701,44.023290,100,8,6
8595.575016,29.379359,100,8,6
8122.806326,44.040302,100,8,6
7653.765302,37.566581,100,8,6
4123.914383,57.588428,100,8,6
1894.320201,44.946373,100,8,6
2300.262143,31.644220,100,8,6
