Distance,Tx Power,Bandwidth,Subband BW,Subband Offset
3949.896633,39.833147,100,73,16
9750.783188,26.998017,100,73,16
1154.986397,29.890796,100,73,16
3385.715112,58.785343,100,73,16
1169.038702,28.245024,100,73,16
1518.702731,30.750386,100,73,16
164.687100,27.639363,100,73,16
1424.033784,49.482608,100,73,16
