Distance,Tx Power,Bandwidth,Subband BW,Subband Offset
134.387804,44.833799,100,22,17
3614.500029,32.066897,100,22,17
9560.846456,46.144112,100,22,17
7029.520570,22.414700,100,22,17
9053.225607,23.898017,100,22,17
4980.880810,24.436179,100,22,17
1226.332094,18.386779,100,22,17
6283.240838,30.572744,100,22,17
