Distance,Tx Power,Bandwidth,Subband BW,Subband Offset
3975.386281,58.050803,100,28,70
776.706340,27.902547,100,28,70
4268.589275,53.330248,100,28,70
5644.689193,32.342135,100,28,70
8170.709763,36.080111,100,28,70
268.690191,50.041457,100,28,70
6978.303719,30.261154,100,28,70
2096.342700,55.798053,100,28,70
