Distance,Tx Power,Bandwidth,Subband BW,Subband Offset
6960.456702,53.947046,15,12,2
6103.510777,48.840706,15,12,2
3002.586933,43.134472,15,12,2
8570.566787,16.177355,15,12,2
4299.698881,50.813509,15,12,2
3294.234053,28.090785,15,12,2
1863.861232,32.166905,15,12,2
9895.966745,39.682980,15,12,2
