Distance,Tx Power,Bandwidth,Subband BW,Subband Offset
7171.918968,38.908268,50,14,10
4335.761600,39.646563,50,14,10
4508.877980,16.443376,50,14,10
3757.857026,30.196253,50,14,10
9354.520760,29.199710,50,14,10
4078.193794,48.123475,50,14,10
8582.888218,46.275544,50,14,10
6205.668952,24.846642,50,14,10
