Distance,Tx Power,Bandwidth,Subband BW,Subband Offset
3359.178588,21.002906,75,70,0
5612.236416,52.554861,75,70,0
3900.089528,37.639584,75,70,0
475.451584,57.240531,75,70,0
153.656903,59.520379,75,70,0
5317.373287,38.846575,75,70,0
4485.315941,54.325901,75,70,0
1442.512767,41.847899,75,70,0
