Distance,Tx Power,Bandwidth,Subband BW,Subband Offset
1122.596844,51.439879,100,35,23
2090.369517,31.490265,100,35,23
1622.591144,46.226994,100,35,23
1910.741295,29.078094,100,35,23
8754.976315,48.751740,100,35,23
8596.536119,24.853110,100,35,23
2783.269659,34.446206,100,35,23
1736.492642,15.051815,100,35,23
