Distance,Tx Power,Bandwidth,Subband BW,Subband Offset
7822.704975,44.941669,25,18,1
4911.716573,19.142120,25,18,1
4016.589013,40.180797,25,18,1
9884.771188,49.744667,25,18,1
2909.279084,53.982939,25,18,1
6318.877927,45.429941,25,18,1
6696.539806,47.572125,25,18,1
5423.921856,48.112456,25,18,1
