Distance,Tx Power,Bandwidth,Subband BW,Subband Offset
9541.225014,40.853803,15,6,5
5467.558813,31.229441,15,6,5
6704.160335,31.170884,15,6,5
5137.680283,16.696827,15,6,5
458.497307,20.744692,15,6,5
1738.315590,50.064632,15,6,5
7898.634247,49.512498,15,6,5
2958.112038,55.510336,15,6,5
