Distance,Tx Power,Bandwidth,Subband BW,Subband Offset
1661.523465,48.219711,25,18,7
2528.497197,18.224369,25,18,7
7489.829079,56.274451,25,18,7
1519.825114,45.786306,25,18,7
7907.519717,55.622525,25,18,7
3144.410736,49.993288,25,18,7
3929.306629,34.644791,25,18,7
4087.544985,34.836507,25,18,7
