Distance,Tx Power,Bandwidth,Subband BW,Subband Offset
8581.218804,34.733011,75,48,23
8018.703535,21.132784,75,48,23
2790.442567,55.962059,75,48,23
8832.386948,58.350336,75,48,23
7678.981515,28.993215,75,48,23
1680.671083,32.388074,75,48,23
4872.975884,52.737620,75,48,23
2504.738584,44.123610,75,48,23
