Distance,Tx Power,Bandwidth,Subband BW,Subband Offset
1785.460675,32.386231,100,38,40
4650.699268,19.581244,100,38,40
288.685457,42.706427,100,38,40
5181.365603,55.668515,100,38,40
9579.152372,39.429609,100,38,40
2899.317304,49.010833,100,38,40
2999.354595,56.900640,100,38,40
1470.893910,49.964771,100,38,40
