Distance,Tx Power,Bandwidth,Subband BW,Subband Offset
3582.560139,18.759169,15,6,7
3872.695874,15.313064,15,6,7
4503.773375,36.055978,15,6,7
1993.351435,55.201634,15,6,7
4056.167855,23.886863,15,6,7
5385.147727,32.028849,15,6,7
6516.757746,27.541253,15,6,7
5859.098165,48.924174,15,6,7
