Distance,Tx Power,Bandwidth,Subband BW,Subband Offset
3982.012535,32.012071,50,27,16
4413.593841,16.993726,50,27,16
3580.776691,40.962399,50,27,16
4954.228112,19.665208,50,27,16
8511.531192,24.618943,50,27,16
6267.312570,27.691772,50,27,16
4516.276738,23.125503,50,27,16
1978.384540,17.216381,50,27,16
