Distance,Tx Power,Bandwidth,Subband BW,Subband Offset
2102.512372,16.123332,75,6,31
3226.502363,23.953650,75,6,31
9821.816755,33.811813,75,6,31
9150.349469,43.000465,75,6,31
1395.750968,48.309146,75,6,31
4881.357587,58.201500,75,6,31
840.270351,38.359028,75,6,31
3706.594598,40.005105,75,6,31
