Distance,Tx Power,Bandwidth,Subband BW,Subband Offset
9218.996099,47.305731,25,15,5
3525.562067,58.023371,25,15,5
8669.675159,34.936069,25,15,5
5192.427593,53.449279,25,15,5
7328.220372,47.589279,25,15,5
3145.593474,21.045393,25,15,5
670.448541,55.091846,25,15,5
6359.190885,35.720454,25,15,5
