Distance,Tx Power,Bandwidth,Subband BW,Subband Offset
9407.971337,25.745972,15,8,6
7830.693000,16.009403,15,8,6
2433.050331,57.608705,15,8,6
739.129400,51.593329,15,8,6
7892.144199,17.426437,15,8,6
3527.059864,15.531213,15,8,6
7240.123621,54.504744,15,8,6
7739.496846,33.952569,15,8,6
