Distance,Tx Power,Bandwidth,Subband BW,Subband Offset
9857.213980,26.784826,15,12,1
1791.210660,21.266079,15,12,1
8326.686571,56.547918,15,12,1
4480.905438,38.606302,15,12,1
2863.388139,22.039688,15,12,1
3265.997027,45.259963,15,12,1
8877.711041,46.883371,15,12,1
3187.917129,31.204213,15,12,1
