Distance,Tx Power,Bandwidth,Subband BW,Subband Offset
392.996587,32.499035,75,12,32
5731.599105,49.761279,75,12,32
7494.926075,18.492845,75,12,32
4299.222529,15.062537,75,12,32
9578.722253,44.323074,75,12,32
565.540931,46.503159,75,12,32
4086.834471,59.350226,75,12,32
6765.906835,39.701775,75,12,32
