Distance,Tx Power,Bandwidth,Subband BW,Subband Offset
2977.451278,54.397749,75,60,11
6094.395339,23.314946,75,60,11
332.975248,59.271339,75,60,11
3937.155183,19.519624,75,60,11
8641.341946,17.887963,75,60,11
1384.162525,15.262666,75,60,11
8864.296362,24.859667,75,60,11
986.627169,15.453700,75,60,11
