Distance,Tx Power,Bandwidth,Subband BW,Subband Offset
9495.050609,31.341114,15,7,6
3458.651188,21.425014,15,7,6
3100.655202,26.730616,15,7,6
6695.360245,55.550535,15,7,6
8908.259271,55.866625,15,7,6
6208.494301,16.655697,15,7,6
9197.111651,27.200890,15,7,6
8236.666278,38.406058,15,7,6
