Distance,Tx Power,Bandwidth,Subband BW,Subband Offset
3330.188671,41.421488,50,11,7
2656.757736,31.272823,50,11,7
3732.389432,33.031128,50,11,7
8108.122843,30.010410,50,11,7
1415.171230,55.843037,50,11,7
5604.635998,36.191768,50,11,7
9025.776291,21.327360,50,11,7
6600.613108,58.089034,50,11,7
