Distance,Tx Power,Bandwidth,Subband BW,Subband Offset
537.809800,23.825594,25,12,8
1703.400856,32.400133,25,12,8
9133.254830,47.998951,25,12,8
5993.329743,25.913700,25,12,8
4519.463015,41.710093,25,12,8
169.337055,15.748805,25,12,8
5482.041910,32.599908,25,12,8
9909.569484,37.372835,25,12,8
