Distance,Tx Power,Bandwidth,Subband BW,Subband Offset
960.509213,51.529229,75,19,7
2738.146092,53.153555,75,19,7
5653.567872,48.701565,75,19,7
5645.462814,50.782644,75,19,7
4354.425519,58.169545,75,19,7
109.149664,59.726341,75,19,7
6246.927318,46.327117,75,19,7
4256.412795,28.123850,75,19,7
