Distance,Tx Power,Bandwidth,Subband BW,Subband Offset
5150.445337,56.643019,100,32,61
514.647964,44.547449,100,32,61
4791.522911,27.980062,100,32,61
6509.883751,32.598256,100,32,61
6037.037166,44.474926,100,32,61
4778.841479,28.142468,100,32,61
3426.497637,34.623951,100,32,61
1261.233364,35.564216,100,32,61
