Distance,Tx Power,Bandwidth,Subband BW,Subband Offset
8777.722458,25.373728,100,61,7
2729.239306,28.571464,100,61,7
6539.266939,37.062442,100,61,7
1337.775572,21.120929,100,61,7
9563.616410,53.621200,100,61,7
1607.376242,22.331456,100,61,7
9226.593228,29.556855,100,61,7
2079.984302,27.123689,100,61,7
