Distance,Tx Power,Bandwidth,Subband BW,Subband Offset
4359.908431,25.167023,15,9,0
7629.139685,47.948166,15,9,0
9296.407927,18.215497,15,9,0
8164.938376,38.686566,15,9,0
9842.000934,40.882611,15,9,0
5908.695628,48.644483,15,9,0
9617.596681,59.462577,15,9,0
5353.874045,22.156230,15,9,0
