Distance,Tx Power,Bandwidth,Subband BW,Subband Offset
1044.024337,22.096022,75,39,30
4452.532760,43.444263,75,39,30
7331.380327,24.230384,75,39,30
3908.992840,39.900231,75,39,30
5589.962529,20.877056,75,39,30
2961.054969,37.067010,75,39,30
3172.582083,29.263171,75,39,30
5965.822057,55.848881,75,39,30
