Distance,Tx Power,Bandwidth,Subband BW,Subband Offset
7774.819276,46.925695,75,14,3
7869.640270,16.940036,75,14,3
6958.730141,23.392089,75,14,3
7370.507799,40.193130,75,14,3
2855.553825,16.750178,75,14,3
9614.007381,56.652374,75,14,3
8965.455668,58.402458,75,14,3
1734.365828,16.916901,75,14,3
