Distance,Tx Power,Bandwidth,Subband BW,Subband Offset
4702.163569,18.157755,100,22,51
7405.989855,22.453365,100,22,51
5797.266036,25.047066,100,22,51
6888.245011,52.315538,100,22,51
7904.925901,59.504323,100,22,51
8784.280189,30.790001,100,22,51
2533.815748,20.134696,100,22,51
6267.776186,32.384204,100,22,51
