Distance,Tx Power,Bandwidth,Subband BW,Subband Offset
7715.767717,16.669511,100,36,25
2561.856982,59.628752,100,36,25
7272.922232,45.049012,100,36,25
364.416913,29.796026,100,36,25
4309.747337,44.460249,100,36,25
2570.752929,30.398485,100,36,25
7581.282054,35.565293,100,36,25
5082.386378,50.432716,100,36,25
