Distance,Tx Power,Bandwidth,Subband BW,Subband Offset
4209.892424,31.025379,25,18,0
5113.637781,24.412421,25,18,0
806.343854,33.073629,25,18,0
296.517755,34.970797,25,18,0
7592.126064,55.789898,25,18,0
1557.975105,15.542006,25,18,0
2231.500822,57.859026,25,18,0
2163.157497,58.094981,25,18,0
