Distance,Tx Power,Bandwidth,Subband BW,Subband Offset
3204.826543,19.060801,15,9,0
2428.648211,41.513226,15,9,0
6885.078721,36.939706,15,9,0
9058.472232,19.639375,15,9,0
5029.843202,41.713506,15,9,0
5037.650294,35.548302,15,9,0
2777.768322,33.137336,15,9,0
2476.838768,18.273546,15,9,0
