Distance,Tx Power,Bandwidth,Subband BW,Subband Offset
3325.959726,50.560075,100,28,56
4108.032252,16.353385,100,28,56
9408.481077,20.579804,100,28,56
6476.643680,44.132263,100,28,56
7998.171980,20.478352,100,28,56
2707.755908,54.618151,100,28,56
2375.383780,46.945053,100,28,56
7776.056921,23.434541,100,28,56
