Distance,Tx Power,Bandwidth,Subband BW,Subband Offset
796.627959,24.441393,50,23,4
7882.702703,25.726883,50,23,4
5107.995838,33.747067,50,23,4
6865.825750,49.414132,50,23,4
3728.172375,56.543127,50,23,4
893.200740,26.152883,50,23,4
9713.849284,37.462596,50,23,4
6524.970260,17.794264,50,23,4
