Distance,Tx Power,Bandwidth,Subband BW,Subband Offset
3977.635696,17.344354,75,34,16
7490.222734,37.820652,75,34,16
4019.865308,37.925687,75,34,16
7113.844826,24.683203,75,34,16
1981.751592,48.557563,75,34,16
9989.299821,49.974373,75,34,16
5410.360990,37.109720,75,34,16
6794.876293,42.154369,75,34,16
