Distance,Tx Power,Bandwidth,Subband BW,Subband Offset
4875.043215,26.305441,100,7,26
1186.990894,53.676702,100,7,26
918.424341,16.895676,100,7,26
8629.551165,46.653386,100,7,26
5204.602882,41.742241,100,7,26
6220.080106,50.137612,100,7,26
2512.814985,48.936803,100,7,26
5847.819458,40.761919,100,7,26
