Distance,Tx Power,Bandwidth,Subband BW,Subband Offset
8686.392237,16.240101,100,38,54
4086.005833,41.902354,100,38,54
8780.517248,50.292930,100,38,54
160.159437,52.198191,100,38,54
2394.848843,18.949642,100,38,54
4376.775450,33.323953,100,38,54
6307.149087,31.614306,100,38,54
4823.126456,19.053520,100,38,54
