Distance,Tx Power,Bandwidth,Subband BW,Subband Offset
9357.136807,23.451714,75,31,7
4610.437213,58.625224,75,31,7
2897.903005,30.263177,75,31,7
5431.248568,27.569071,75,31,7
8280.497659,32.152455,75,31,7
8244.621183,26.928522,75,31,7
118.105933,30.370086,75,31,7
6821.817332,49.869668,75,31,7
