Distance,Tx Power,Bandwidth,Subband BW,Subband Offset
2741.925149,59.346031,25,15,2
493.865434,35.788770,25,15,2
2463.474597,37.326950,25,15,2
421.779712,51.611726,25,15,2
3504.107637,39.269134,25,15,2
3525.949723,35.784506,25,15,2
2428.619336,36.014616,25,15,2
4551.177488,54.918788,25,15,2
