Distance,Tx Power,Bandwidth,Subband BW,Subband Offset
1503.650539,44.678428,50,35,2
4783.781209,36.883308,50,35,2
9279.071989,56.076345,50,35,2
7759.202251,50.831108,50,35,2
3300.969539,44.695963,50,35,2
354.432723,21.704024,50,35,2
6503.909958,33.630416,50,35,2
9773.717116,59.768803,50,35,2
