Distance,Tx Power,Bandwidth,Subband BW,Subband Offset
2062.026154,41.971548,15,10,3
1742.345296,40.934126,15,10,3
7408.672969,36.037598,15,10,3
8853.152840,57.940974,15,10,3
5383.646939,38.392235,15,10,3
2361.688097,50.414405,15,10,3
5845.373037,57.001529,15,10,3
5389.070055,22.579766,15,10,3
