Distance,Tx Power,Bandwidth,Subband BW,Subband Offset
2793.090686,22.917702,50,22,24
2630.301995,42.247496,50,22,24
5710.284667,55.238813,50,22,24
9729.116861,32.645527,50,22,24
1871.605383,22.954676,50,22,24
9251.564916,38.408860,50,22,24
786.921696,44.240859,50,22,24
916.874241,52.075310,50,22,24
