Distance,Tx Power,Bandwidth,Subband BW,Subband Offset
112.508644,39.463069,100,55,16
1791.524714,58.314273,100,55,16
6242.989167,56.190891,100,55,16
4015.530954,28.581534,100,55,16
3518.236760,15.877983,100,55,16
5756.340236,30.673786,100,55,16
3812.167590,31.117937,100,55,16
8634.531296,30.301158,100,55,16
