Distance,Tx Power,Bandwidth,Subband BW,Subband Offset
4306.800584,15.187064,15,9,4
8954.925900,22.746537,15,9,4
3977.663847,25.148984,15,9,4
6268.640756,21.898224,15,9,4
7765.244211,54.776419,15,9,4
5931.323045,43.287095,15,9,4
8845.596697,49.603071,15,9,4
3767.569292,54.392255,15,9,4
