Distance,Tx Power,Bandwidth,Subband BW,Subband Offset
180.940968,32.463207,75,56,15
967.566119,33.805426,75,56,15
6767.272326,50.636386,75,56,15
7904.421228,36.152030,75,56,15
9914.745884,43.519387,75,56,15
5894.814829,17.657772,75,56,15
137.178512,34.803642,75,56,15
4953.576529,32.879218,75,56,15
