Distance,Tx Power,Bandwidth,Subband BW,Subband Offset
5223.222484,32.845156,25,8,2
5344.737576,24.327179,25,8,2
3394.454036,31.565247,25,8,2
7684.918839,22.015929,25,8,2
7311.137297,46.958863,25,8,2
1308.484862,54.584912,25,8,2
3214.840641,32.778895,25,8,2
2268.881873,53.166058,25,8,2
