Distance,Tx Power,Bandwidth,Subband BW,Subband Offset
3231.153126,48.515772,50,32,8
2198.841282,35.489359,50,32,8
9582.499012,57.933310,50,32,8
8569.939043,29.993505,50,32,8
8213.936934,37.749511,50,32,8
8307.414696,54.946536,50,32,8
5369.075785,56.510415,50,32,8
637.455788,45.893078,50,32,8
