Distance,Tx Power,Bandwidth,Subband BW,Subband Offset
6286.426818,35.980175,15,13,0
7958.531182,30.039125,15,13,0
573.582913,27.329454,15,13,0
5370.733133,54.517711,15,13,0
9951.184067,23.302720,15,13,0
5125.802066,54.558335,15,13,0
2711.178580,26.816596,15,13,0
2419.524544,22.086652,15,13,0
