Distance,Tx Power,Bandwidth,Subband BW,Subband Offset
359.581878,40.537075,75,27,22
9345.828346,22.284355,75,27,22
3062.086927,43.133444,75,27,22
5621.840592,22.998687,75,27,22
9494.697518,29.370045,75,27,22
671.826068,47.569527,75,27,22
5197.463921,28.740772,75,27,22
2770.337516,56.590102,75,27,22
