Distance,Tx Power,Bandwidth,Subband BW,Subband Offset
8361.597969,56.830890,15,8,2
3853.270945,44.070734,15,8,2
6379.964231,21.712421,15,8,2
8582.346826,56.009441,15,8,2
7363.076100,57.358429,15,8,2
2885.558894,37.877059,15,8,2
2045.394316,16.051733,15,8,2
9436.111148,45.636494,15,8,2
