Distance,Tx Power,Bandwidth,Subband BW,Subband Offset
9622.535385,40.888425,50,9,1
4104.013641,57.719106,50,9,1
1541.724724,36.689317,50,9,1
2987.946544,29.189945,50,9,1
8421.558076,16.124771,50,9,1
3551.284565,39.909396,50,9,1
7944.946641,54.773457,50,9,1
2825.481573,46.209732,50,9,1
