Distance,Tx Power,Bandwidth,Subband BW,Subband Offset
4027.117939,51.145248,25,16,7
6756.034411,58.669038,25,16,7
1444.798062,26.664059,25,16,7
105.723602,51.573888,25,16,7
4983.212145,37.769702,25,16,7
4645.675793,59.543836,25,16,7
3693.471317,28.413249,25,16,7
6091.469522,49.656670,25,16,7
