Distance,Tx Power,Bandwidth,Subband BW,Subband Offset
5438.448289,43.922629,75,34,38
9471.633525,29.717903,75,34,38
9017.143727,44.295626,75,34,38
3706.966371,27.549323,75,34,38
5395.971332,23.719175,75,34,38
6544.618973,37.228614,75,34,38
9714.400743,26.324594,75,34,38
474.705539,44.728161,75,34,38
