Distance,Tx Power,Bandwidth,Subband BW,Subband Offset
9139.926983,26.570322,75,7,12
6661.324828,31.918683,75,7,12
2480.085216,59.732752,75,7,12
9488.401453,54.373688,75,7,12
8949.306034,31.043079,75,7,12
4851.853299,50.696614,75,7,12
6032.515736,19.605219,75,7,12
3419.153147,32.079430,75,7,12
