Distance,Tx Power,Bandwidth,Subband BW,Subband Offset
3256.738699,38.526831,25,12,6
6695.732269,28.556986,25,12,6
7023.695025,46.464591,25,12,6
9725.741129,19.677846,25,12,6
4648.216512,46.942348,25,12,6
2923.219301,24.814324,25,12,6
9708.013861,20.035069,25,12,6
796.266637,50.263182,25,12,6
