Distance,Tx Power,Bandwidth,Subband BW,Subband Offset
5894.323525,49.564814,15,6,9
1568.057208,42.666784,15,6,9
444.835638,31.705424,15,6,9
2534.666249,45.539065,15,6,9
1433.826981,49.345236,15,6,9
3772.263241,33.639199,15,6,9
5518.113017,55.708570,15,6,9
7957.779511,43.015067,15,6,9
