Distance,Tx Power,Bandwidth,Subband BW,Subband Offset
4844.292543,42.903530,100,45,21
7550.250061,22.337725,100,45,21
7336.947907,46.374751,100,45,21
1332.335033,54.823923,100,45,21
4002.149580,58.641003,100,45,21
640.691771,16.526929,100,45,21
2407.886118,56.614625,100,45,21
6907.247680,31.913117,100,45,21
