Distance,Tx Power,Bandwidth,Subband BW,Subband Offset
4857.353411,15.075589,15,6,6
9454.231616,19.021951,15,6,6
7047.561218,50.690100,15,6,6
5005.092262,44.039014,15,6,6
2869.020307,45.327822,15,6,6
6025.301404,15.165289,15,6,6
8473.506673,20.603526,15,6,6
424.583212,47.604194,15,6,6
