Distance,Tx Power,Bandwidth,Subband BW,Subband Offset
5524.848697,38.202676,100,17,46
2556.965185,23.453439,100,17,46
8731.220386,31.839583,100,17,46
5789.607706,31.046953,100,17,46
9389.916002,19.721496,100,17,46
3566.645348,25.965535,100,17,46
9689.146341,19.631523,100,17,46
4862.448817,50.555203,100,17,46
