Distance,Tx Power,Bandwidth,Subband BW,Subband Offset
9117.572227,15.486559,15,7,4
5702.273706,42.370889,15,7,4
6157.400426,19.055859,15,7,4
8982.122440,42.438220,15,7,4
4007.099578,30.614427,15,7,4
3131.007713,27.164240,15,7,4
4365.271024,37.565889,15,7,4
5113.393806,41.395943,15,7,4
