Distance,Tx Power,Bandwidth,Subband BW,Subband Offset
4679.276095,24.232619,25,9,3
6140.837802,57.351224,25,9,3
6645.213227,25.818760,25,9,3
5087.228202,27.809934,25,9,3
1849.653259,30.926077,25,9,3
5008.856541,33.507443,25,9,3
6845.420532,51.811820,25,9,3
9659.276270,46.075529,25,9,3
