Distance,Tx Power,Bandwidth,Subband BW,Subband Offset
4459.712424,49.512852,15,13,1
7345.953407,51.390951,15,13,1
9705.107897,41.447713,15,13,1
2543.714767,32.374742,15,13,1
1677.632741,47.661570,15,13,1
6108.203076,39.373599,15,13,1
9410.139849,37.100002,15,13,1
7712.534419,53.635197,15,13,1
