Distance,Tx Power,Bandwidth,Subband BW,Subband Offset
7789.841934,34.062931,75,18,32
196.964582,41.591453,75,18,32
7441.947341,27.656871,75,18,32
2209.998405,27.813570,75,18,32
5905.526875,50.654663,75,18,32
2363.708554,21.245071,75,18,32
9011.357938,51.388525,75,18,32
9573.354641,28.031703,75,18,32
