Distance,Tx Power,Bandwidth,Subband BW,Subband Offset
8448.552692,29.226331,75,55,10
2298.661802,51.607057,75,55,10
6683.840163,34.059682,75,55,10
7430.192433,15.594300,75,55,10
6545.071593,41.904032,75,55,10
8132.419840,57.978209,75,55,10
4513.033571,57.005875,75,55,10
2032.860378,34.289865,75,55,10
