Distance,Tx Power,Bandwidth,Subband BW,Subband Offset
5992.716754,16.292128,100,15,54
9212.049107,19.229596,100,15,54
9923.478327,44.451045,100,15,54
4996.944046,16.401260,100,15,54
5218.691334,56.586398,100,15,54
9013.534358,54.729911,100,15,54
2161.127750,33.454874,100,15,54
9644.651065,52.414423,100,15,54
