Distance,Tx Power,Bandwidth,Subband BW,Subband Offset
6825.759853,29.413949,100,57,39
2926.943325,38.789512,100,57,39
2389.651786,21.082621,100,57,39
1842.482504,48.536623,100,57,39
1923.913462,21.365412,100,57,39
1189.730660,36.233823,100,57,39
1860.276697,44.225233,100,57,39
1053.707968,25.923725,100,57,39
