Distance,Tx Power,Bandwidth,Subband BW,Subband Offset
4435.597071,45.361558,50,45,0
432.032248,50.081122,50,45,0
3066.264321,18.400332,50,45,0
798.525166,48.310880,50,45,0
8828.206501,59.466399,50,45,0
4076.878784,18.619858,50,45,0
5028.048340,47.305076,50,45,0
8886.249300,47.757390,50,45,0
