Distance,Tx Power,Bandwidth,Subband BW,Subband Offset
2457.746355,53.424819,50,11,13
6357.549285,59.577210,50,11,13
2738.110097,59.526981,50,11,13
3304.371238,45.928407,50,11,13
3559.381785,16.560720,50,11,13
502.676301,39.348711,50,11,13
8345.836735,35.234103,50,11,13
7466.044668,39.124731,50,11,13
