Distance,Tx Power,Bandwidth,Subband BW,Subband Offset
1696.354479,46.251025,75,29,33
3744.903069,16.805788,75,29,33
3158.662841,27.298822,75,29,33
1017.934532,26.170007,75,29,33
8851.762766,49.772046,75,29,33
421.102500,48.360663,75,29,33
8167.351294,45.336762,75,29,33
2672.023346,58.094656,75,29,33
