Distance,Tx Power,Bandwidth,Subband BW,Subband Offset
8195.918083,48.809199,75,24,17
1497.337458,43.817869,75,24,17
1610.185477,42.853813,75,24,17
7438.803161,34.872546,75,24,17
9267.785427,20.803947,75,24,17
634.135890,47.054660,75,24,17
2685.952331,28.010963,75,24,17
5625.297865,28.922914,75,24,17
