Distance,Tx Power,Bandwidth,Subband BW,Subband Offset
5436.702744,49.050036,100,60,39
2884.387656,19.512478,100,60,39
4094.122833,45.950138,100,60,39
2402.716075,36.588036,100,60,39
3186.216472,47.138620,100,60,39
4246.344017,53.720387,100,60,39
2470.134071,59.847905,100,60,39
6581.076748,17.927950,100,60,39
