Distance,Tx Power,Bandwidth,Subband BW,Subband Offset
1843.580841,27.328611,75,6,2
593.838155,52.460511,75,6,2
8151.896481,17.590629,75,6,2
5768.517313,30.191168,75,6,2
5118.902342,50.448234,75,6,2
6758.067504,51.725613,75,6,2
2204.460608,21.241762,75,6,2
6188.906134,50.924121,75,6,2
