Distance,Tx Power,Bandwidth,Subband BW,Subband Offset
7488.118417,49.451709,75,17,13
5684.183328,47.305024,75,17,13
1324.753202,34.049872,75,17,13
8633.461218,22.449670,75,17,13
9765.062274,57.897928,75,17,13
4657.017586,34.698510,75,17,13
288.672650,34.214166,75,17,13
1570.841928,41.767056,75,17,13
