Distance,Tx Power,Bandwidth,Subband BW,Subband Offset
5551.074393,32.700630,100,9,42
3624.994726,40.489057,100,9,42
5840.990312,33.306591,100,9,42
7621.162876,29.435303,100,9,42
9042.960419,56.299550,100,9,42
4970.952500,59.628244,100,9,42
3770.446246,35.403218,100,9,42
5762.282799,23.952014,100,9,42
