Distance,Tx Power,Bandwidth,Subband BW,Subband Offset
3910.757333,46.044061,75,17,3
2444.532405,46.555423,75,17,3
9906.336858,20.137464,75,17,3
8611.042458,37.660929,75,17,3
1669.228264,34.433636,75,17,3
9364.325327,15.947519,75,17,3
9203.177951,28.510368,75,17,3
5235.846804,51.977733,75,17,3
