Distance,Tx Power,Bandwidth,Subband BW,Subband Offset
6526.858070,42.188625,25,8,17
7002.862427,18.115986,25,8,17
8381.267413,41.623406,25,8,17
9221.894502,42.486174,25,8,17
9448.333298,18.780810,25,8,17
4324.363124,23.523408,25,8,17
2490.079369,54.613236,25,8,17
5544.309987,42.442979,25,8,17
