Distance,Tx Power,Bandwidth,Subband BW,Subband Offset
6045.406402,34.652390,75,59,7
7622.736276,50.114352,75,59,7
3240.295187,19.510035,75,59,7
7032.378895,16.887220,75,59,7
5656.127892,49.367433,75,59,7
2901.023410,17.899013,75,59,7
2753.439728,15.423948,75,59,7
582.491433,25.424821,75,59,7
