Distance,Tx Power,Bandwidth,Subband BW,Subband Offset
5503.246613,24.567760,25,20,3
4728.921129,51.505366,25,20,3
8495.291929,48.417513,25,20,3
5948.150159,29.048828,25,20,3
5104.226696,56.671485,25,20,3
1529.616870,55.920689,25,20,3
3100.194352,44.890028,25,20,3
3729.120310,18.917348,25,20,3
