Distance,Tx Power,Bandwidth,Subband BW,Subband Offset
2217.514416,16.274437,15,12,0
5997.246683,46.798265,15,12,0
3373.871578,19.470234,15,12,0
1646.917438,41.555688,15,12,0
5299.353477,16.524248,15,12,0
7666.713038,24.108558,15,12,0
3689.775565,42.147011,15,12,0
3091.946282,32.501145,15,12,0
