Distance,Tx Power,Bandwidth,Subband BW,Subband Offset
3677.581377,40.719554,15,10,1
3367.004025,23.140606,15,10,1
3771.686965,44.543541,15,10,1
5628.167441,40.558265,15,10,1
3339.939024,21.260857,15,10,1
8722.916196,17.863216,15,10,1
5681.470422,28.004979,15,10,1
8156.383438,33.162419,15,10,1
