Distance,Tx Power,Bandwidth,Subband BW,Subband Offset
9010.188358,48.736586,25,12,4
6007.111441,25.865740,25,12,4
2464.174360,59.908270,25,12,4
6222.552338,45.111591,25,12,4
788.038976,20.973931,25,12,4
4295.111369,29.838644,25,12,4
901.869830,54.012072,25,12,4
7717.250318,19.401258,25,12,4
