Distance,Tx Power,Bandwidth,Subband BW,Subband Offset
8457.037411,48.160232,100,29,36
180.388193,31.241999,100,29,36
3739.689109,42.754637,100,29,36
3393.445367,32.408130,100,29,36
9226.457571,47.412219,100,29,36
301.433768,59.552272,100,29,36
5706.658868,18.495596,100,29,36
5290.942832,20.083422,100,29,36
