Distance,Tx Power,Bandwidth,Subband BW,Subband Offset
8324.396236,29.464221,75,44,4
491.275492,30.015537,75,44,4
3270.781882,36.639433,75,44,4
9600.800093,22.688048,75,44,4
5243.081207,47.516879,75,44,4
6057.054227,41.862040,75,44,4
6932.479510,45.583224,75,44,4
495.050861,29.389750,75,44,4
