Distance,Tx Power,Bandwidth,Subband BW,Subband Offset
5471.174867,50.000938,100,11,6
5964.419028,24.866497,100,11,6
3196.574870,18.350079,100,11,6
1003.064359,46.720953,100,11,6
3317.076689,54.005199,100,11,6
2992.881708,51.760882,100,11,6
3207.830013,18.482128,100,11,6
3630.722737,59.283432,100,11,6
