Distance,Tx Power,Bandwidth,Subband BW,Subband Offset
8963.631492,21.630491,75,22,7
4639.536916,53.813315,75,22,7
4460.458768,15.250012,75,22,7
7282.093452,42.508966,75,22,7
8600.962244,56.079587,75,22,7
7359.536725,31.059533,75,22,7
5772.157714,38.702299,75,22,7
5423.096585,57.285074,75,22,7
