Distance,Tx Power,Bandwidth,Subband BW,Subband Offset
1143.181956,17.550332,100,64,26
1110.763510,25.013040,100,64,26
9141.185266,44.691896,100,64,26
6962.494798,19.940065,100,64,26
4170.020628,57.847443,100,64,26
5447.874616,26.992352,100,64,26
9942.770035,29.152101,100,64,26
312.596525,36.738037,100,64,26
