Distance,Tx Power,Bandwidth,Subband BW,Subband Offset
2225.032687,49.589748,100,26,26
8884.208214,25.450431,100,26,26
7015.601149,32.652487,100,26,26
8073.865041,39.958301,100,26,26
2707.935240,45.885625,100,26,26
3610.048717,43.726630,100,26,26
6787.001826,57.282339,100,26,26
2854.332224,26.379969,100,26,26
