Distance,Tx Power,Bandwidth,Subband BW,Subband Offset
9777.918415,39.779462,100,42,24
4684.590498,20.644652,100,42,24
117.118826,56.960732,100,42,24
9171.057796,34.454458,100,42,24
3850.751834,19.624171,100,42,24
1838.079731,59.819900,100,42,24
5779.820319,23.071848,100,42,24
7687.378281,51.644584,100,42,24
