Distance,Tx Power,Bandwidth,Subband BW,Subband Offset
8519.663972,34.688451,100,46,24
3370.264101,33.988627,100,46,24
9711.036734,56.777052,100,46,24
741.449113,45.300820,100,46,24
8875.526458,52.992329,100,46,24
1971.377368,39.978283,100,46,24
5369.285239,58.024900,100,46,24
6600.310383,44.436579,100,46,24
