Distance,Tx Power,Bandwidth,Subband BW,Subband Offset
7219.279332,49.302688,100,23,49
1326.662614,34.410296,100,23,49
5934.974422,18.128151,100,23,49
2939.771357,41.584248,100,23,49
4952.837818,37.407981,100,23,49
6970.162656,40.276331,100,23,49
3590.902433,22.906514,100,23,49
9111.943178,42.483819,100,23,49
