Distance,Tx Power,Bandwidth,Subband BW,Subband Offset
1997.623770,29.570871,100,51,12
9879.913020,45.353866,100,51,12
3032.387203,38.578314,100,51,12
5223.990385,24.127736,100,51,12
4612.296906,37.888232,100,51,12
4471.635521,55.471495,100,51,12
8466.442754,38.943914,100,51,12
2487.033689,22.339112,100,51,12
