Distance,Tx Power,Bandwidth,Subband BW,Subband Offset
356.519346,40.075140,75,60,15
2610.583137,33.691063,75,60,15
1227.497988,43.869785,75,60,15
9799.550750,20.734664,75,60,15
9084.568070,49.512822,75,60,15
1872.168306,36.444395,75,60,15
8745.213130,25.770946,75,60,15
9343.691150,53.246169,75,60,15
