Distance,Tx Power,Bandwidth,Subband BW,Subband Offset
568.196990,29.994551,15,8,5
4421.415195,52.426202,15,8,5
7401.227918,27.462871,15,8,5
751.596006,36.058696,15,8,5
8052.585092,49.575406,15,8,5
1193.432738,51.453388,15,8,5
7263.891474,32.200105,15,8,5
8630.871745,21.967657,15,8,5
