Distance,Tx Power,Bandwidth,Subband BW,Subband Offset
4427.889690,45.148012,15,11,4
7256.774728,44.861706,15,11,4
1403.311466,45.101832,15,11,4
894.077326,42.499711,15,11,4
1581.219700,47.669073,15,11,4
7679.340049,41.201461,15,11,4
1582.749981,55.306332,15,11,4
2578.442851,57.291370,15,11,4
