Distance,Tx Power,Bandwidth,Subband BW,Subband Offset
6826.681139,28.287705,15,12,0
9685.062868,17.099907,15,12,0
5317.345791,49.309278,15,12,0
7329.472008,42.318418,15,12,0
2265.302865,50.318375,15,12,0
9904.348195,49.898344,15,12,0
9230.586673,50.752132,15,12,0
8138.091216,38.492836,15,12,0
