Distance,Tx Power,Bandwidth,Subband BW,Subband Offset
4325.923141,18.387455,100,14,0
2309.824998,55.930426,100,14,0
9033.793440,40.947092,100,14,0
1102.769341,35.605229,100,14,0
4197.759181,20.017944,100,14,0
4160.176852,23.741788,100,14,0
1942.105549,15.126493,100,14,0
8275.502331,15.950992,100,14,0
