Distance,Tx Power,Bandwidth,Subband BW,Subband Offset
9821.700018,44.926388,25,10,8
484.646247,33.450767,25,10,8
2959.524221,44.460591,25,10,8
4193.943365,27.515738,25,10,8
4541.301973,21.957416,25,10,8
7244.313823,34.406561,25,10,8
8018.156387,46.424789,25,10,8
3011.953433,40.811096,25,10,8
