Distance,Tx Power,Bandwidth,Subband BW,Subband Offset
1349.822086,23.247575,100,17,20
7957.200998,53.094833,100,17,20
6103.396119,33.509085,100,17,20
8078.915199,54.915321,100,17,20
6146.638442,26.060775,100,17,20
9322.426308,21.474048,100,17,20
9568.025567,49.940768,100,17,20
1872.148275,33.937767,100,17,20
