Distance,Tx Power,Bandwidth,Subband BW,Subband Offset
9703.730806,29.203297,50,24,13
7781.861165,18.130973,50,24,13
5610.339818,58.271799,50,24,13
7215.939308,26.461370,50,24,13
5869.211585,40.060652,50,24,13
4620.053678,24.637187,50,24,13
5018.602435,22.050508,50,24,13
6322.660336,16.361895,50,24,13
