Distance,Tx Power,Bandwidth,Subband BW,Subband Offset
7838.807539,53.087043,50,20,13
1809.353473,15.866878,50,20,13
9645.652845,54.603029,50,20,13
931.765352,17.247587,50,20,13
5870.720246,38.362673,50,20,13
8318.827138,52.295960,50,20,13
1118.780294,48.503833,50,20,13
2643.301851,43.770105,50,20,13
