Distance,Tx Power,Bandwidth,Subband BW,Subband Offset
8741.458570,27.154219,15,6,0
7996.659655,45.808788,15,6,0
7075.222446,43.937020,15,6,0
8799.646921,22.147043,15,6,0
7784.580824,38.726052,15,6,0
8558.214887,37.801649,15,6,0
1462.305737,15.837305,15,6,0
3713.463572,39.349197,15,6,0
