Distance,Tx Power,Bandwidth,Subband BW,Subband Offset
3234.727870,25.462410,100,28,12
4407.419015,44.026453,100,28,12
6608.424010,56.988944,100,28,12
8445.326162,40.106201,100,28,12
2355.918531,42.344596,100,28,12
9828.409768,15.917213,100,28,12
6678.903872,35.165481,100,28,12
5051.052640,54.591677,100,28,12
