Distance,Tx Power,Bandwidth,Subband BW,Subband Offset
4177.988855,56.451828,25,23,0
6927.079867,26.848415,25,23,0
9761.059960,38.206994,25,23,0
4922.278646,27.604274,25,23,0
5980.188270,47.754648,25,23,0
522.407562,17.276643,25,23,0
7551.392186,51.552426,25,23,0
191.700645,38.554199,25,23,0
