Distance,Tx Power,Bandwidth,Subband BW,Subband Offset
5686.409850,25.499478,25,11,6
8894.650610,43.780186,25,11,6
3436.606340,19.517044,25,11,6
5851.182686,56.246575,25,11,6
8730.801744,56.481371,25,11,6
6775.019728,23.976932,25,11,6
847.345543,22.200033,25,11,6
7866.291276,49.054809,25,11,6
