Distance,Tx Power,Bandwidth,Subband BW,Subband Offset
6482.934830,17.330445,100,48,51
7918.865048,31.634835,100,48,51
4738.764733,15.571063,100,48,51
9280.967088,22.700618,100,48,51
6851.974239,50.192498,100,48,51
2656.418158,26.411682,100,48,51
3093.987485,16.209875,100,48,51
2458.990481,35.857293,100,48,51
