Distance,Tx Power,Bandwidth,Subband BW,Subband Offset
3915.269998,52.112971,50,13,16
5632.903697,34.745772,50,13,16
3031.141445,29.065270,50,13,16
4521.299920,40.376720,50,13,16
7600.320849,40.858462,50,13,16
5245.376616,42.900864,50,13,16
7351.049134,22.924174,50,13,16
7592.497279,17.960516,50,13,16
