Distance,Tx Power,Bandwidth,Subband BW,Subband Offset
1971.276132,34.186911,75,9,42
3071.649415,34.219745,75,9,42
819.375970,17.662472,75,9,42
6440.006630,34.813261,75,9,42
6458.980054,15.132150,75,9,42
6943.646003,45.267180,75,9,42
3310.437941,45.057907,75,9,42
2482.190161,30.641254,75,9,42
