Distance,Tx Power,Bandwidth,Subband BW,Subband Offset
8703.742132,44.557414,100,63,18
1843.793279,24.706568,100,63,18
2825.299575,57.011446,100,63,18
7694.917307,31.416762,100,63,18
7656.037862,44.525270,100,63,18
9927.368761,59.515853,100,63,18
1277.026535,39.012065,100,63,18
6575.806667,33.372171,100,63,18
