Distance,Tx Power,Bandwidth,Subband BW,Subband Offset
7238.902662,40.206373,25,10,6
7498.492103,44.076884,25,10,6
184.553835,29.479963,25,10,6
9046.651721,50.835366,25,10,6
253.879637,41.275939,25,10,6
4386.943198,52.205453,25,10,6
7103.122439,27.077149,25,10,6
5210.214232,43.780667,25,10,6
