Distance,Tx Power,Bandwidth,Subband BW,Subband Offset
3330.793791,44.292734,15,6,1
4623.725618,22.964719,15,6,1
4408.421976,34.867948,15,6,1
4547.703473,42.494157,15,6,1
5251.202757,29.419295,15,6,1
9135.841647,24.601575,15,6,1
1611.241570,23.904306,15,6,1
2993.284833,42.561437,15,6,1
