Distance,Tx Power,Bandwidth,Subband BW,Subband Offset
3892.687734,23.936688,75,12,46
8287.521798,18.835540,75,12,46
5306.086520,30.615042,75,12,46
1696.563796,48.706211,75,12,46
8773.577667,59.013569,75,12,46
1685.442307,18.577254,75,12,46
5678.806317,24.283013,75,12,46
235.065613,38.991824,75,12,46
