Distance,Tx Power,Bandwidth,Subband BW,Subband Offset
7345.338906,24.858301,50,12,14
2956.662547,51.451510,50,12,14
8092.427315,44.035133,50,12,14
7127.782910,39.261006,50,12,14
6492.836731,59.317697,50,12,14
792.464990,29.527133,50,12,14
6818.897257,43.916095,50,12,14
5293.367864,51.488058,50,12,14
