Distance,Tx Power,Bandwidth,Subband BW,Subband Offset
143.076757,18.239675,100,40,60
225.544571,42.559727,100,40,60
9323.817239,15.537304,100,40,60
2511.658955,29.193388,100,40,60
819.282969,19.344643,100,40,60
4914.824831,36.876030,100,40,60
4021.399395,30.667906,100,40,60
4557.575807,44.845974,100,40,60
