Distance,Tx Power,Bandwidth,Subband BW,Subband Offset
1879.483999,32.189104,75,32,20
7035.822074,22.293438,75,32,20
1165.463305,59.695869,75,32,20
9732.919731,44.751003,75,32,20
8539.638569,38.742973,75,32,20
5235.982685,30.673447,75,32,20
6539.053579,45.720911,75,32,20
4385.715974,35.128278,75,32,20
