Distance,Tx Power,Bandwidth,Subband BW,Subband Offset
3719.098632,42.566818,25,7,14
2158.033053,34.370799,25,7,14
8696.581516,16.401686,25,7,14
1148.979059,18.452675,25,7,14
1848.034203,45.872227,25,7,14
3156.133045,38.885991,25,7,14
3784.557496,51.488202,25,7,14
7584.562065,43.474314,25,7,14
