Distance,Tx Power,Bandwidth,Subband BW,Subband Offset
5502.845858,34.845882,25,12,2
2722.448796,35.087950,25,12,2
674.468246,31.174607,25,12,2
8633.520210,55.591695,25,12,2
8052.553337,29.566720,25,12,2
2444.552431,24.310233,25,12,2
5966.738800,52.104257,25,12,2
3170.012181,32.048042,25,12,2
