Distance,Tx Power,Bandwidth,Subband BW,Subband Offset
4022.161719,35.661408,75,67,4
9280.389001,27.948183,75,67,4
3154.992885,35.338952,75,67,4
2299.739066,36.652772,75,67,4
917.917401,57.897656,75,67,4
6559.833058,50.725428,75,67,4
497.314532,44.710974,75,67,4
4992.941001,17.058885,75,67,4
