Distance,Tx Power,Bandwidth,Subband BW,Subband Offset
210.197486,37.199246,25,8,16
2864.872923,50.060104,25,8,16
2362.063173,47.354231,25,8,16
4607.603112,23.718522,25,8,16
8856.804307,57.118092,25,8,16
4455.619124,28.005684,25,8,16
4005.535648,45.553365,25,8,16
5536.975619,39.023652,25,8,16
