Distance,Tx Power,Bandwidth,Subband BW,Subband Offset
7812.181811,33.702575,100,6,51
6016.363388,36.102128,100,6,51
6582.132510,44.872011,100,6,51
8468.931625,19.928026,100,6,51
2360.152552,26.872547,100,6,51
1532.492112,30.306097,100,6,51
4266.552772,43.200308,100,6,51
1721.851202,29.599744,100,6,51
