Distance,Tx Power,Bandwidth,Subband BW,Subband Offset
4306.755297,29.864252,100,15,45
4571.475000,36.338971,100,15,45
4271.038625,44.524468,100,15,45
7260.852434,36.611696,100,15,45
7396.341978,17.780041,100,15,45
5383.190533,29.174266,100,15,45
8323.920724,23.591853,100,15,45
8213.138045,50.482673,100,15,45
