Distance,Tx Power,Bandwidth,Subband BW,Subband Offset
8694.234605,20.113979,100,26,28
8023.304089,53.624368,100,26,28
2548.379016,29.566992,100,26,28
3318.106047,58.560421,100,26,28
5489.546185,56.307422,100,26,28
8630.654194,26.999834,100,26,28
7999.890709,42.097545,100,26,28
1159.162531,18.203211,100,26,28
