Distance,Tx Power,Bandwidth,Subband BW,Subband Offset
946.109551,54.069083,100,28,16
4626.502458,52.025846,100,28,16
3833.179677,20.700143,100,28,16
2327.329773,50.300195,100,28,16
5177.312268,46.520886,100,28,16
5649.919271,53.513922,100,28,16
5259.212725,41.690052,100,28,16
4044.998431,23.089468,100,28,16
