Distance,Tx Power,Bandwidth,Subband BW,Subband Offset
7158.502418,32.510938,15,14,1
909.204441,20.203024,15,14,1
9400.356182,28.332969,15,14,1
6285.456623,42.294381,15,14,1
4701.044415,18.877757,15,14,1
1733.806990,45.933835,15,14,1
7907.389443,21.007486,15,14,1
8959.077329,19.415894,15,14,1
