Distance,Tx Power,Bandwidth,Subband BW,Subband Offset
8327.635171,23.548081,75,36,30
4354.271853,54.759374,75,36,30
8822.448800,53.069508,75,36,30
2055.963131,27.749068,75,36,30
5757.980243,59.682078,75,36,30
8249.507935,40.926383,75,36,30
2414.098589,45.151292,75,36,30
6836.985477,21.714345,75,36,30
