Distance,Tx Power,Bandwidth,Subband BW,Subband Offset
1940.053860,59.988357,100,58,11
9203.898247,26.799500,100,58,11
869.489955,47.978209,100,58,11
2817.767948,26.195459,100,58,11
1119.632780,22.922314,100,58,11
2278.376305,41.812999,100,58,11
9498.434220,50.892744,100,58,11
7842.159399,56.180467,100,58,11
