Distance,Tx Power,Bandwidth,Subband BW,Subband Offset
366.607265,47.487123,15,13,0
8095.354248,45.638272,15,13,0
5339.398053,24.359570,15,13,0
3940.925943,23.905089,15,13,0
4170.147943,49.961880,15,13,0
260.023331,15.819471,15,13,0
2711.325925,43.659473,15,13,0
5799.613013,59.274886,15,13,0
