Distance,Tx Power,Bandwidth,Subband BW,Subband Offset
625.145844,37.717483,75,10,47
8997.495810,20.110138,75,10,47
4122.322476,36.292723,75,10,47
8647.056342,35.848509,75,10,47
7332.641737,23.109727,75,10,47
8940.032144,49.837165,75,10,47
4975.944279,59.530407,75,10,47
3060.486710,45.624269,75,10,47
