Distance,Tx Power,Bandwidth,Subband BW,Subband Offset
7390.079769,43.355606,25,11,1
4190.698821,58.074902,25,11,1
6238.486777,27.810575,25,11,1
1250.836939,47.576621,25,11,1
4764.400917,29.750995,25,11,1
7214.339394,25.166095,25,11,1
7700.229859,59.461101,25,11,1
935.051471,41.200312,25,11,1
