Distance,Tx Power,Bandwidth,Subband BW,Subband Offset
3120.250435,26.934690,50,8,23
9777.348650,44.821777,50,8,23
9100.208868,21.946730,50,8,23
8879.662968,31.495154,50,8,23
3964.041210,26.132824,50,8,23
8335.279375,41.540893,50,8,23
2211.395419,30.125329,50,8,23
5841.569383,35.030768,50,8,23
