Distance,Tx Power,Bandwidth,Subband BW,Subband Offset
8597.970688,50.140969,75,9,20
8506.960273,29.771839,75,9,20
9832.781885,35.452056,75,9,20
9381.431544,51.918928,75,9,20
1017.399075,53.114563,75,9,20
3855.488182,18.995251,75,9,20
7285.951952,36.121099,75,9,20
3194.727058,32.203242,75,9,20
