Distance,Tx Power,Bandwidth,Subband BW,Subband Offset
4536.374576,56.051776,25,9,13
3352.928199,25.066398,25,9,13
8514.008242,23.108195,25,9,13
9032.843247,34.936780,25,9,13
6558.031304,35.970170,25,9,13
4668.083855,51.445249,25,9,13
955.683813,50.739456,25,9,13
4922.916916,33.611728,25,9,13
