Distance,Tx Power,Bandwidth,Subband BW,Subband Offset
8981.444549,40.185469,100,98,1
6503.077386,41.987589,100,98,1
1420.335329,38.489844,100,98,1
1882.082192,24.664945,100,98,1
7751.628201,15.790268,100,98,1
2263.929135,37.620591,100,98,1
2049.384367,28.365568,100,98,1
9394.135538,24.809477,100,98,1
