Distance,Tx Power,Bandwidth,Subband BW,Subband Offset
2370.591051,51.667186,15,6,3
7079.052944,38.832994,15,6,3
3846.565000,46.524881,15,6,3
2433.388818,52.125379,15,6,3
4351.985463,48.792826,15,6,3
3540.040202,22.840739,15,6,3
4492.210276,43.543075,15,6,3
6571.391527,42.138402,15,6,3
