Distance,Tx Power,Bandwidth,Subband BW,Subband Offset
1080.143127,54.170025,25,16,3
6810.310439,49.918298,25,16,3
1379.964647,51.162242,25,16,3
202.063246,50.925340,25,16,3
4459.432974,40.527222,25,16,3
8425.400967,24.802983,25,16,3
1780.974861,53.941595,25,16,3
5347.828772,27.580723,25,16,3
