Distance,Tx Power,Bandwidth,Subband BW,Subband Offset
6675.873153,54.769789,25,10,12
748.985331,19.681511,25,10,12
5882.390427,44.373513,25,10,12
6245.973855,31.162676,25,10,12
6669.861137,49.277082,25,10,12
5027.207032,15.191901,25,10,12
9607.509001,29.249333,25,10,12
150.119899,34.995241,25,10,12
