Distance,Tx Power,Bandwidth,Subband BW,Subband Offset
5194.440411,58.791694,15,11,0
9549.578024,59.501312,15,11,0
8061.941001,25.031140,15,11,0
4205.573771,42.504176,15,11,0
8172.571321,47.878365,15,11,0
5733.232678,48.091801,15,11,0
1519.577045,39.129848,15,11,0
8469.313632,44.454318,15,11,0
