Distance,Tx Power,Bandwidth,Subband BW,Subband Offset
2145.670238,49.991546,75,8,17
9737.772970,43.668909,75,8,17
3004.912953,39.958406,75,8,17
5122.777786,22.388411,75,8,17
6674.519237,22.385853,75,8,17
6838.910589,19.743788,75,8,17
7657.559553,21.310465,75,8,17
845.289926,19.081750,75,8,17
