Distance,Tx Power,Bandwidth,Subband BW,Subband Offset
7470.760956,16.870267,100,14,51
8390.496724,37.950781,100,14,51
3567.881134,40.744244,100,14,51
8607.755017,25.878610,100,14,51
3611.595890,33.975284,100,14,51
5541.103943,43.616007,100,14,51
1214.334265,24.922627,100,14,51
9618.416230,39.805253,100,14,51
