Distance,Tx Power,Bandwidth,Subband BW,Subband Offset
8317.478985,35.192972,25,8,16
8496.769935,29.547823,25,8,16
8169.359281,39.725154,25,8,16
1132.328544,48.392270,25,8,16
5944.271553,53.927532,25,8,16
7925.830774,34.341677,25,8,16
6946.042390,47.605940,25,8,16
8398.532016,48.772102,25,8,16
