Distance,Tx Power,Bandwidth,Subband BW,Subband Offset
2216.862545,28.800078,25,17,3
651.137256,23.493503,25,17,3
3214.837112,57.313722,25,17,3
7296.073771,20.819671,25,17,3
1743.240467,51.908828,25,17,3
6555.288864,28.877781,25,17,3
3806.613368,24.490956,25,17,3
9467.173445,31.623069,25,17,3
