Distance,Tx Power,Bandwidth,Subband BW,Subband Offset
2103.971795,46.135041,50,26,3
3327.768940,22.354465,50,26,3
5090.543965,47.915871,50,26,3
9206.754546,29.340554,50,26,3
9220.367735,28.826359,50,26,3
9600.589278,44.309640,50,26,3
4230.385278,57.128274,50,26,3
6888.544809,35.761604,50,26,3
