Distance,Tx Power,Bandwidth,Subband BW,Subband Offset
1470.964619,26.477476,100,29,4
8731.970986,29.537951,100,29,4
9955.479281,32.844570,100,29,4
1681.427699,56.661787,100,29,4
9640.764217,59.395148,100,29,4
1724.283630,30.024592,100,29,4
4036.351168,33.846468,100,29,4
9977.168730,24.280196,100,29,4
