Distance,Tx Power,Bandwidth,Subband BW,Subband Offset
4900.045488,17.648221,50,26,13
1086.057344,57.625414,50,26,13
7781.056667,47.770024,50,26,13
9697.680082,16.589231,50,26,13
4648.261358,56.352324,50,26,13
4394.743995,47.246079,50,26,13
134.566649,26.471724,50,26,13
5310.877553,43.333880,50,26,13
