Distance,Tx Power,Bandwidth,Subband BW,Subband Offset
1706.013568,35.532566,50,23,24
2921.956847,30.241925,50,23,24
8508.757908,56.436148,50,23,24
5300.154658,27.515221,50,23,24
115.322637,24.382211,50,23,24
3720.077948,56.916874,50,23,24
7767.671295,33.097953,50,23,24
5342.128438,42.131308,50,23,24
