Distance,Tx Power,Bandwidth,Subband BW,Subband Offset
7766.633964,17.735037,75,31,16
2758.080028,48.802417,75,31,16
5454.655641,38.413798,75,31,16
3732.965067,34.472491,75,31,16
7105.723304,21.865373,75,31,16
5067.835180,31.995762,75,31,16
7650.448870,42.338334,75,31,16
5811.300542,44.706681,75,31,16
