Distance,Tx Power,Bandwidth,Subband BW,Subband Offset
4159.614886,22.339851,75,38,23
8399.316407,23.360478,75,38,23
5100.269645,43.851709,75,38,23
7746.925243,44.621042,75,38,23
6984.414015,48.355600,75,38,23
521.097492,35.179772,75,38,23
6898.055029,56.530418,75,38,23
1978.571187,28.436733,75,38,23
