Distance,Tx Power,Bandwidth,Subband BW,Subband Offset
5765.002839,22.692164,50,21,4
5606.604233,48.326674,50,21,4
6450.295824,53.934891,50,21,4
6913.040325,26.548774,50,21,4
1861.586239,45.919886,50,21,4
4164.916905,30.511397,50,21,4
6856.597632,51.358595,50,21,4
9966.908447,21.638343,50,21,4
