Distance,Tx Power,Bandwidth,Subband BW,Subband Offset
2679.037980,35.440606,75,48,3
1245.025551,23.594329,75,48,3
1482.913502,40.228876,75,48,3
4705.323717,22.709278,75,48,3
861.131155,27.722173,75,48,3
8300.554183,40.800230,75,48,3
6937.959297,54.612778,75,48,3
5189.731156,25.948573,75,48,3
