Distance,Tx Power,Bandwidth,Subband BW,Subband Offset
4006.874146,34.680493,50,31,12
8299.085297,46.720743,50,31,12
7026.041766,27.676037,50,31,12
4013.695539,46.013334,50,31,12
2917.169152,55.567949,50,31,12
6548.143646,52.279309,50,31,12
7514.177201,16.681016,50,31,12
6545.143262,28.285488,50,31,12
