Distance,Tx Power,Bandwidth,Subband BW,Subband Offset
4582.098671,18.322602,15,8,1
1060.657489,44.949208,15,8,1
883.759103,38.920366,15,8,1
5776.149695,20.976832,15,8,1
3661.911324,23.399554,15,8,1
3388.438304,49.917249,15,8,1
3086.577345,45.188994,15,8,1
8724.961420,17.786468,15,8,1
