Distance,Tx Power,Bandwidth,Subband BW,Subband Offset
8840.676822,45.075240,75,10,59
5440.741724,53.969947,75,10,59
3522.001388,36.782012,75,10,59
8314.153029,51.963955,75,10,59
2227.425188,18.862724,75,10,59
4506.941966,26.153844,75,10,59
965.717861,51.444630,75,10,59
7317.577946,46.560017,75,10,59
