Distance,Tx Power,Bandwidth,Subband BW,Subband Offset
175.465913,33.289119,25,10,4
2619.656485,29.134629,25,10,4
2878.719726,55.226012,25,10,4
9239.600279,28.120705,25,10,4
4033.089617,48.731458,25,10,4
5057.299768,41.215715,25,10,4
6115.332610,35.146693,25,10,4
1444.405114,59.774994,25,10,4
