Distance,Tx Power,Bandwidth,Subband BW,Subband Offset
8501.518875,45.791929,100,89,1
1188.970414,21.876665,100,89,1
1424.742655,29.437251,100,89,1
7145.591204,44.865006,100,89,1
5700.674315,17.362082,100,89,1
5289.666304,59.377099,100,89,1
100.007661,33.764798,100,89,1
133.776300,39.093041,100,89,1
