Distance,Tx Power,Bandwidth,Subband BW,Subband Offset
2003.738487,23.096805,25,8,14
868.414944,55.445274,25,8,14
6773.373545,33.387137,25,8,14
710.974436,43.651488,25,8,14
9176.566098,31.165671,25,8,14
6444.881824,44.910000,25,8,14
1847.875411,43.883304,25,8,14
4631.127400,22.719538,25,8,14
