Distance,Tx Power,Bandwidth,Subband BW,Subband Offset
5656.986391,46.773506,75,29,42
3638.318081,46.932400,75,29,42
197.772093,40.614771,75,29,42
797.114439,31.725606,75,29,42
3091.798359,25.228162,75,29,42
3960.609936,29.561630,75,29,42
2758.510845,40.406939,75,29,42
5891.598458,49.241869,75,29,42
