Distance,Tx Power,Bandwidth,Subband BW,Subband Offset
8845.445904,24.165946,75,9,62
3767.433179,41.726635,75,9,62
1733.447176,59.673493,75,9,62
6186.262230,20.460577,75,9,62
3931.999142,47.431053,75,9,62
7813.863978,16.768198,75,9,62
4873.905353,43.036700,75,9,62
1856.891845,19.043718,75,9,62
