Distance,Tx Power,Bandwidth,Subband BW,Subband Offset
6681.710060,56.795347,15,10,5
5802.371010,45.081243,15,10,5
3572.444326,16.575155,15,10,5
3893.250450,50.562423,15,10,5
7812.978761,27.158895,15,10,5
4647.253657,29.871525,15,10,5
951.791126,22.508669,15,10,5
6888.092910,27.106746,15,10,5
