Distance,Tx Power,Bandwidth,Subband BW,Subband Offset
7456.806454,26.282770,25,9,8
9772.962671,59.854038,25,9,8
6304.967990,54.612433,25,9,8
9337.106520,18.815065,25,9,8
3430.332037,48.339900,25,9,8
8973.938908,23.396623,25,9,8
6974.772138,29.475083,25,9,8
5547.514649,32.231449,25,9,8
