Distance,Tx Power,Bandwidth,Subband BW,Subband Offset
7222.683083,47.532246,50,15,0
8576.450634,15.075785,50,15,0
9479.310068,52.196407,50,15,0
437.449334,48.988762,50,15,0
7571.443574,50.947472,50,15,0
4977.008749,47.328680,50,15,0
8372.069071,53.087797,50,15,0
4921.200675,32.690045,50,15,0
