Distance,Tx Power,Bandwidth,Subband BW,Subband Offset
4975.744192,15.825282,15,10,3
7936.375414,16.956708,15,10,3
5409.302781,30.295753,15,10,3
8287.206013,44.312126,15,10,3
3744.214424,43.012634,15,10,3
4894.365923,25.046155,15,10,3
8504.912915,51.039451,15,10,3
7152.328593,38.405528,15,10,3
