Distance,Tx Power,Bandwidth,Subband BW,Subband Offset
751.223990,42.572036,25,8,11
2800.106001,21.777811,25,8,11
9620.610276,20.396592,25,8,11
9184.947751,46.944512,25,8,11
7901.462860,49.443996,25,8,11
703.365429,28.566634,25,8,11
9334.199301,34.285272,25,8,11
3524.051959,56.672913,25,8,11
