Distance,Tx Power,Bandwidth,Subband BW,Subband Offset
9208.655932,22.432551,50,19,29
9383.148753,17.532626,50,19,29
595.563196,54.962636,50,19,29
5802.456881,43.212531,50,19,29
8855.035439,20.301907,50,19,29
1487.495220,16.687975,50,19,29
5218.880545,31.944077,50,19,29
882.331099,41.151602,50,19,29
