Distance,Tx Power,Bandwidth,Subband BW,Subband Offset
4787.703115,46.341701,15,6,3
3804.587206,22.223600,15,6,3
8834.901110,51.250622,15,6,3
8636.527890,33.033315,15,6,3
2176.468509,39.392987,15,6,3
2858.801951,33.156091,15,6,3
8613.124951,27.848797,15,6,3
521.759410,15.647092,15,6,3
