Distance,Tx Power,Bandwidth,Subband BW,Subband Offset
3806.390595,28.470686,50,6,27
3059.493588,24.476538,50,6,27
6238.137690,22.334847,50,6,27
2140.026941,41.331527,50,6,27
9943.364774,24.868810,50,6,27
7798.419128,30.601401,50,6,27
9788.060935,24.591788,50,6,27
4605.358210,41.710678,50,6,27
