Distance,Tx Power,Bandwidth,Subband BW,Subband Offset
4090.941310,48.415870,100,30,11
3514.222926,48.295331,100,30,11
2166.272852,32.344737,100,30,11
3579.778591,57.050931,100,30,11
1224.874894,50.430358,100,30,11
6696.680818,44.591545,100,30,11
6718.755091,38.480909,100,30,11
1789.538279,52.749284,100,30,11
