Distance,Tx Power,Bandwidth,Subband BW,Subband Offset
7182.528995,40.819347,100,74,8
2379.241867,31.596017,100,74,8
2195.106824,52.564760,100,74,8
7903.937962,26.449204,100,74,8
7110.817036,50.083719,100,74,8
7193.742489,37.927751,100,74,8
4851.921304,44.248110,100,74,8
9058.883531,55.702138,100,74,8
