Distance,Tx Power,Bandwidth,Subband BW,Subband Offset
457.089820,49.212540,75,13,50
6070.070567,19.615284,75,13,50
8091.306229,33.640724,75,13,50
2244.741345,39.894510,75,13,50
7952.856109,19.434893,75,13,50
2502.992970,15.614586,75,13,50
9090.830359,15.778266,75,13,50
3317.688113,59.367985,75,13,50
