Distance,Tx Power,Bandwidth,Subband BW,Subband Offset
3250.724691,32.785489,25,13,5
9038.613859,22.017959,25,13,5
2984.935666,52.727573,25,13,5
3967.394530,55.122829,25,13,5
5407.580383,32.515451,25,13,5
1507.806130,59.809819,25,13,5
5135.893556,35.351101,25,13,5
5528.173360,16.839427,25,13,5
