Distance,Tx Power,Bandwidth,Subband BW,Subband Offset
8895.279491,50.291806,50,9,37
1201.418804,48.627767,50,9,37
8103.656964,51.176569,50,9,37
3646.797692,17.276418,50,9,37
9000.669789,28.767034,50,9,37
1052.445283,47.099722,50,9,37
2031.323307,26.481155,50,9,37
8812.528960,45.565828,50,9,37
