Distance,Tx Power,Bandwidth,Subband BW,Subband Offset
9130.154837,56.104211,50,7,17
7080.828021,25.903007,50,7,17
2316.330820,33.350789,50,7,17
2677.959507,44.155957,50,7,17
3680.837627,53.920650,50,7,17
6149.797860,32.301653,50,7,17
8981.462146,57.440062,50,7,17
7925.594206,39.898157,50,7,17
