Distance,Tx Power,Bandwidth,Subband BW,Subband Offset
6567.440154,58.369163,15,6,1
6144.066366,48.324845,15,6,1
4912.894543,28.058215,15,6,1
7993.092524,47.713226,15,6,1
4147.317800,52.483531,15,6,1
3513.508606,47.701890,15,6,1
7076.187143,36.733913,15,6,1
8429.089050,32.275012,15,6,1
