Distance,Tx Power,Bandwidth,Subband BW,Subband Offset
8727.274641,35.354334,15,9,4
6861.099301,27.816383,15,9,4
2484.963208,54.083947,15,9,4
7349.805218,34.162844,15,9,4
4866.040858,44.240655,15,9,4
7272.983927,25.329981,15,9,4
4990.047320,46.918733,15,9,4
6464.747152,53.857440,15,9,4
