Distance,Tx Power,Bandwidth,Subband BW,Subband Offset
3661.125053,15.391031,25,13,7
8911.597413,58.445761,25,13,7
8640.627156,54.200209,25,13,7
6193.846714,57.395613,25,13,7
1279.367919,15.726981,25,13,7
3595.191663,33.827717,25,13,7
5738.622649,42.618561,25,13,7
8576.319384,27.756672,25,13,7
