Distance,Tx Power,Bandwidth,Subband BW,Subband Offset
7036.024851,15.040969,25,14,5
5239.081343,45.056927,25,14,5
1464.591715,49.116935,25,14,5
6399.635366,35.688232,25,14,5
3056.544635,28.768091,25,14,5
5677.092054,56.678284,25,14,5
3296.421729,41.911714,25,14,5
5064.410121,24.061673,25,14,5
