Distance,Tx Power,Bandwidth,Subband BW,Subband Offset
8346.380827,36.058308,100,39,32
5460.367795,54.782976,100,39,32
4656.491061,36.255102,100,39,32
1653.404835,27.919472,100,39,32
7395.348284,20.498288,100,39,32
892.251870,49.137237,100,39,32
7280.516823,39.427485,100,39,32
7831.275532,50.139271,100,39,32
