Distance,Tx Power,Bandwidth,Subband BW,Subband Offset
5564.943324,58.301645,100,42,55
8205.710228,32.274896,100,42,55
5296.088936,28.444181,100,42,55
7600.125344,37.838085,100,42,55
1006.223161,47.086647,100,42,55
4252.374720,46.266080,100,42,55
4013.855092,59.410701,100,42,55
8806.692859,46.162186,100,42,55
