Distance,Tx Power,Bandwidth,Subband BW,Subband Offset
4760.254760,15.203681,75,48,6
5782.964981,46.508233,75,48,6
6673.639145,32.669031,75,48,6
7948.251816,29.390773,75,48,6
6618.844183,56.612275,75,48,6
7514.567935,44.991690,75,48,6
5595.942689,28.291053,75,48,6
7075.467415,49.782263,75,48,6
