Distance,Tx Power,Bandwidth,Subband BW,Subband Offset
5289.532036,17.223763,50,40,1
2097.955194,18.996106,50,40,1
922.425312,22.108442,50,40,1
1591.110132,33.084947,50,40,1
9851.225493,17.804684,50,40,1
2507.871050,22.120838,50,40,1
7928.563995,29.263276,50,40,1
2951.656615,38.419736,50,40,1
