Distance,Tx Power,Bandwidth,Subband BW,Subband Offset
6217.687375,51.636495,25,11,0
1725.011908,30.174218,25,11,0
7125.039643,52.911927,25,11,0
6189.912934,30.382908,25,11,0
2548.206984,49.198584,25,11,0
7502.861036,40.628982,25,11,0
6095.473162,42.806318,25,11,0
594.803996,46.076676,25,11,0
