Distance,Tx Power,Bandwidth,Subband BW,Subband Offset
3217.069016,21.804474,50,6,38
2871.180484,57.123255,50,6,38
5942.802512,50.781706,50,6,38
7239.153309,41.122962,50,6,38
8568.626651,47.981157,50,6,38
4503.154721,55.782042,50,6,38
3802.732981,16.841330,50,6,38
6400.621028,55.358488,50,6,38
