Distance,Tx Power,Bandwidth,Subband BW,Subband Offset
265.243057,41.515384,15,10,5
5637.736397,30.351922,15,10,5
7473.622346,51.328095,15,10,5
1920.202754,27.482375,15,10,5
7331.156320,41.262095,15,10,5
7249.358600,37.680885,15,10,5
2355.771310,22.245254,15,10,5
5181.856623,47.601699,15,10,5
