Distance,Tx Power,Bandwidth,Subband BW,Subband Offset
6513.213410,51.987303,75,23,33
3476.323558,31.764710,75,23,33
6452.905768,51.491921,75,23,33
9637.131117,16.131969,75,23,33
9202.685492,36.913880,75,23,33
7405.539503,46.231408,75,23,33
5380.688189,40.745326,75,23,33
6526.391314,22.872452,75,23,33
