Distance,Tx Power,Bandwidth,Subband BW,Subband Offset
7414.764441,31.160416,15,14,0
8862.410421,35.179260,15,14,0
8835.309494,57.815382,15,14,0
8898.934389,19.809003,15,14,0
5787.123435,42.000907,15,14,0
6624.400594,42.770485,15,14,0
931.621415,31.924117,15,14,0
9213.448254,49.492110,15,14,0
