Distance,Tx Power,Bandwidth,Subband BW,Subband Offset
7846.531185,59.010944,15,9,2
6607.138889,30.809850,15,9,2
9005.157413,24.930970,15,9,2
1398.932874,59.861970,15,9,2
9661.788990,33.744737,15,9,2
6498.396499,23.054244,15,9,2
1933.206453,20.829045,15,9,2
2232.063160,33.454891,15,9,2
