Distance,Tx Power,Bandwidth,Subband BW,Subband Offset
905.645731,37.266529,75,43,19
3932.471260,53.030676,75,43,19
8895.858524,39.194932,75,43,19
3823.261365,38.047907,75,43,19
6501.365066,37.879011,75,43,19
6146.417401,54.476427,75,43,19
8768.451284,47.563047,75,43,19
4713.499913,31.015389,75,43,19
