Distance,Tx Power,Bandwidth,Subband BW,Subband Offset
7820.196486,36.660030,15,10,5
5953.794296,24.740127,15,10,5
2671.915828,20.550911,15,10,5
3650.012063,28.343963,15,10,5
4599.458716,42.701480,15,10,5
9459.783460,44.665624,15,10,5
3702.094206,29.083728,15,10,5
4691.573657,44.200633,15,10,5
