Distance,Tx Power,Bandwidth,Subband BW,Subband Offset
2608.872313,43.915037,100,29,69
1331.773934,25.741876,100,29,69
8654.593590,23.927189,100,29,69
5186.474244,36.424162,100,29,69
1667.797607,57.531611,100,29,69
9209.515419,17.434605,100,29,69
8852.577271,21.898781,100,29,69
1995.356166,22.528517,100,29,69
