Distance,Tx Power,Bandwidth,Subband BW,Subband Offset
7505.997215,26.937673,25,16,1
3368.920025,39.287886,25,16,1
2836.984327,21.319861,25,16,1
1974.426990,47.239596,25,16,1
2452.146311,54.856484,25,16,1
5685.377170,28.788688,25,16,1
2586.230462,54.297330,25,16,1
4829.247877,33.077308,25,16,1
