Distance,Tx Power,Bandwidth,Subband BW,Subband Offset
5501.114166,43.388964,100,85,13
6121.647270,56.077471,100,85,13
8507.834262,49.102649,100,85,13
4901.419423,55.116501,100,85,13
8991.977476,33.905604,100,85,13
2841.140940,46.245345,100,85,13
2607.899684,55.777281,100,85,13
4678.624661,24.388503,100,85,13
