Distance,Tx Power,Bandwidth,Subband BW,Subband Offset
203.087331,52.777289,75,29,44
616.526246,28.538887,75,29,44
9444.860360,35.761103,75,29,44
6982.334647,16.498169,75,29,44
9029.102035,25.217191,75,29,44
5422.071682,55.185073,75,29,44
9436.878875,37.930619,75,29,44
173.340414,28.825765,75,29,44
