Distance,Tx Power,Bandwidth,Subband BW,Subband Offset
9152.253109,33.471022,50,16,0
1471.710886,16.712524,50,16,0
499.607014,30.647277,50,16,0
4311.151789,27.070473,50,16,0
9844.452812,39.102814,50,16,0
4371.816809,22.034633,50,16,0
943.098341,35.394398,50,16,0
4113.131122,55.407156,50,16,0
