Distance,Tx Power,Bandwidth,Subband BW,Subband Offset
2261.835142,58.553479,100,47,42
6892.825050,42.210449,100,47,42
4687.605975,23.884430,100,47,42
3148.892666,15.159805,100,47,42
8795.955360,57.213921,100,47,42
4088.247131,41.410056,100,47,42
7445.583526,40.405786,100,47,42
9836.019286,21.153544,100,47,42
