Distance,Tx Power,Bandwidth,Subband BW,Subband Offset
1282.569910,37.722697,100,19,62
3223.861121,47.444126,100,19,62
6363.982444,55.709919,100,19,62
394.767695,27.847924,100,19,62
3035.820693,49.020930,100,19,62
5722.393855,17.770788,100,19,62
5598.194992,35.987334,100,19,62
6176.621713,51.826611,100,19,62
