Distance,Tx Power,Bandwidth,Subband BW,Subband Offset
7200.192615,54.510797,50,9,25
4394.380967,18.474463,50,9,25
494.256807,16.090668,50,9,25
3524.606847,21.100373,50,9,25
8628.152296,48.616430,50,9,25
2749.878750,54.801245,50,9,25
7262.097246,35.925913,50,9,25
5671.897440,45.368417,50,9,25
