Distance,Tx Power,Bandwidth,Subband BW,Subband Offset
2113.673271,55.491259,100,7,51
9020.082198,34.895645,100,7,51
7938.832552,48.051474,100,7,51
4642.779976,51.633010,100,7,51
5270.315700,17.432619,100,7,51
884.351271,32.248856,100,7,51
9919.898999,18.475571,100,7,51
7233.759608,38.245867,100,7,51
