Distance,Tx Power,Bandwidth,Subband BW,Subband Offset
6748.118275,16.835905,25,14,10
3046.085638,15.810665,25,14,10
4177.423739,56.003370,25,14,10
4793.120446,50.847070,25,14,10
4130.711666,31.160984,25,14,10
6007.881468,28.200978,25,14,10
3050.420724,15.711535,25,14,10
1374.030279,18.920480,25,14,10
