Distance,Tx Power,Bandwidth,Subband BW,Subband Offset
7571.692309,53.261714,15,6,5
6038.917427,47.432541,15,6,5
1746.783271,34.815698,15,6,5
2305.587798,18.788350,15,6,5
7751.485924,51.862762,15,6,5
3777.835279,37.796904,15,6,5
118.964116,30.037275,15,6,5
4421.075291,40.454918,15,6,5
