Distance,Tx Power,Bandwidth,Subband BW,Subband Offset
9121.638956,23.553384,25,6,9
5043.194018,58.312448,25,6,9
8402.915568,59.337837,25,6,9
3013.888965,49.396612,25,6,9
2759.926106,15.732134,25,6,9
9233.912375,55.505155,25,6,9
6890.119190,51.879869,25,6,9
2830.645026,56.611192,25,6,9
