Distance,Tx Power,Bandwidth,Subband BW,Subband Offset
9447.100561,15.293367,100,40,57
6660.549174,31.103518,100,40,57
8512.629319,31.181692,100,40,57
8070.954333,25.632554,100,40,57
2772.024603,24.277979,100,40,57
2191.603660,55.052889,100,40,57
2769.104099,57.785938,100,40,57
5234.489611,54.905684,100,40,57
