Distance,Tx Power,Bandwidth,Subband BW,Subband Offset
7169.436683,22.004965,75,54,7
3168.532931,29.867758,75,54,7
4305.146661,33.736934,75,54,7
1094.540855,56.862896,75,54,7
2566.933369,18.864438,75,54,7
7592.170965,44.623205,75,54,7
659.306649,50.433882,75,54,7
2558.325896,28.024672,75,54,7
