Distance,Tx Power,Bandwidth,Subband BW,Subband Offset
4855.353511,44.657781,25,6,5
3318.702131,52.863012,25,6,5
1017.219144,58.645064,25,6,5
441.871670,18.641774,25,6,5
5322.264634,42.402935,25,6,5
1189.326694,54.873778,25,6,5
1573.878890,39.770692,25,6,5
6775.512400,53.585759,25,6,5
