Distance,Tx Power,Bandwidth,Subband BW,Subband Offset
9390.449024,55.628492,75,64,6
7778.344641,52.291026,75,64,6
8979.730904,57.392542,75,64,6
2190.925882,49.552214,75,64,6
1574.868607,58.325551,75,64,6
2281.354729,46.297343,75,64,6
6879.814093,59.580959,75,64,6
2504.344174,44.760311,75,64,6
