Distance,Tx Power,Bandwidth,Subband BW,Subband Offset
8163.413551,22.562975,100,13,2
8138.218139,51.788092,100,13,2
6504.753015,22.636940,100,13,2
1723.166881,36.584553,100,13,2
8324.321287,50.342516,100,13,2
542.754520,34.630827,100,13,2
7142.341347,41.412978,100,13,2
7815.869894,40.351881,100,13,2
