Distance,Tx Power,Bandwidth,Subband BW,Subband Offset
7882.087676,47.210863,50,45,3
293.571051,37.663650,50,45,3
3558.763871,53.570935,50,45,3
4912.195682,15.057239,50,45,3
7051.129081,21.917604,50,45,3
772.588742,38.054324,50,45,3
7634.697551,35.587876,50,45,3
9432.843779,34.129999,50,45,3
