Distance,Tx Power,Bandwidth,Subband BW,Subband Offset
8261.975642,20.158612,100,17,18
8712.012087,25.083493,100,17,18
6609.852569,26.506873,100,17,18
3036.760086,38.336973,100,17,18
6060.135231,46.535799,100,17,18
4078.788419,50.652293,100,17,18
9460.491176,55.508377,100,17,18
6704.895357,52.532858,100,17,18
