Distance,Tx Power,Bandwidth,Subband BW,Subband Offset
6301.462381,25.224977,75,16,8
7785.882630,58.422114,75,16,8
8110.518170,54.571876,75,16,8
7016.806806,18.770673,75,16,8
9561.246558,58.587549,75,16,8
3490.871829,30.485554,75,16,8
9963.646056,22.952103,75,16,8
6939.929333,33.798359,75,16,8
