Distance,Tx Power,Bandwidth,Subband BW,Subband Offset
3291.136699,59.033328,100,51,9
1617.875429,17.137772,100,51,9
1507.106628,15.250202,100,51,9
9001.531449,40.353658,100,51,9
4115.595084,16.594145,100,51,9
995.613203,44.920058,100,51,9
9184.417129,21.915425,100,51,9
1601.978100,43.719155,100,51,9
