Distance,Tx Power,Bandwidth,Subband BW,Subband Offset
9152.313785,34.151242,25,15,3
941.515757,43.749324,25,15,3
5957.327376,52.434709,25,15,3
6906.012759,36.723359,25,15,3
3398.827605,46.433411,25,15,3
8966.521488,15.252951,25,15,3
1322.536037,50.301860,25,15,3
4808.625704,21.648689,25,15,3
