Distance,Tx Power,Bandwidth,Subband BW,Subband Offset
6328.442560,38.431166,25,9,0
7391.989120,27.612872,25,9,0
5143.193284,22.773424,25,9,0
828.923770,41.363053,25,9,0
9104.199685,34.379931,25,9,0
8448.213146,41.456619,25,9,0
1496.997416,43.250696,25,9,0
1760.699422,38.676402,25,9,0
