Distance,Tx Power,Bandwidth,Subband BW,Subband Offset
5095.788320,25.310560,50,27,11
4370.800010,17.565975,50,27,11
3030.015399,20.353967,50,27,11
6168.276575,19.224966,50,27,11
4292.472557,57.039545,50,27,11
459.407389,21.058494,50,27,11
9974.280444,41.408031,50,27,11
489.376396,38.157746,50,27,11
