Distance,Tx Power,Bandwidth,Subband BW,Subband Offset
8298.937726,46.108616,75,21,50
750.137179,50.163598,75,21,50
5520.497665,55.039130,75,21,50
9093.797963,21.289183,75,21,50
2570.846525,22.223476,75,21,50
7144.066651,50.729418,75,21,50
9899.087113,28.111089,75,21,50
9978.657524,59.335368,75,21,50
