Distance,Tx Power,Bandwidth,Subband BW,Subband Offset
1657.916042,34.526076,25,10,0
2529.988159,38.443930,25,10,0
4232.151539,47.347878,25,10,0
7870.410924,47.608640,25,10,0
8395.577086,27.305736,25,10,0
3121.251858,48.895629,25,10,0
9966.526050,40.283812,25,10,0
4264.791134,44.857583,25,10,0
