Distance,Tx Power,Bandwidth,Subband BW,Subband Offset
4534.496727,45.451745,100,22,18
2596.955423,23.266147,100,22,18
1168.814949,29.865532,100,22,18
1749.697168,55.785757,100,22,18
5368.997103,51.900206,100,22,18
1988.797972,43.853724,100,22,18
196.156760,25.026951,100,22,18
8163.497385,47.866323,100,22,18
