Distance,Tx Power,Bandwidth,Subband BW,Subband Offset
1575.057963,35.393129,50,31,19
4794.063862,18.941382,50,31,19
2021.662791,44.380101,50,31,19
2509.716138,35.129486,50,31,19
8307.558976,47.855728,50,31,19
7390.363545,59.264108,50,31,19
3580.077004,45.212873,50,31,19
4533.931548,55.785650,50,31,19
