Distance,Tx Power,Bandwidth,Subband BW,Subband Offset
3535.831410,59.738022,75,25,0
3044.052583,56.583975,75,25,0
1112.868985,33.545042,75,25,0
1034.643578,54.379414,75,25,0
4617.572079,25.376290,75,25,0
1914.231349,45.673043,75,25,0
4997.805561,39.875114,75,25,0
2017.422714,43.764014,75,25,0
