Distance,Tx Power,Bandwidth,Subband BW,Subband Offset
1447.979190,49.436956,25,11,12
2586.374994,31.589251,25,11,12
2534.520947,27.313804,25,11,12
8838.247680,51.979691,25,11,12
309.794558,35.896886,25,11,12
9512.844946,47.632340,25,11,12
6770.355585,21.222616,25,11,12
2505.958305,37.410721,25,11,12
