Distance,Tx Power,Bandwidth,Subband BW,Subband Offset
2275.183533,45.109789,100,27,42
6670.327476,49.256551,100,27,42
3572.450494,46.321512,100,27,42
8782.322528,50.020389,100,27,42
4794.921166,48.156999,100,27,42
3805.198616,17.871369,100,27,42
1065.499453,25.917948,100,27,42
2162.225080,59.517365,100,27,42
