Distance,Tx Power,Bandwidth,Subband BW,Subband Offset
2512.774188,46.041999,50,8,11
8970.679359,23.666524,50,8,11
170.446804,53.785462,50,8,11
9606.208887,57.874584,50,8,11
1450.454828,40.416219,50,8,11
8179.144024,24.589015,50,8,11
4065.819659,21.643440,50,8,11
2572.933072,31.949841,50,8,11
