Distance,Tx Power,Bandwidth,Subband BW,Subband Offset
6844.320184,44.860507,75,60,3
9133.170486,26.074240,75,60,3
4698.260954,59.241304,75,60,3
6890.187590,31.693159,75,60,3
9095.113244,48.308113,75,60,3
4804.052018,49.298257,75,60,3
3443.639337,58.337470,75,60,3
3958.522654,39.057266,75,60,3
