Distance,Tx Power,Bandwidth,Subband BW,Subband Offset
9418.204449,15.293687,15,12,3
8059.053328,50.672330,15,12,3
9596.378442,56.980884,15,12,3
3096.009933,42.741140,15,12,3
8024.306629,33.623515,15,12,3
8961.529173,28.449276,15,12,3
5446.325120,46.834945,15,12,3
6735.812006,38.431941,15,12,3
