Distance,Tx Power,Bandwidth,Subband BW,Subband Offset
2176.999828,20.947322,75,36,5
2932.871618,53.933188,75,36,5
9979.811059,46.709993,75,36,5
9615.081068,55.092263,75,36,5
2536.803653,45.340167,75,36,5
8522.910406,38.855876,75,36,5
7155.898013,34.754395,75,36,5
8909.680644,18.502919,75,36,5
