Distance,Tx Power,Bandwidth,Subband BW,Subband Offset
6475.491943,45.571041,100,7,9
6366.518895,58.534943,100,7,9
7366.533374,33.281139,100,7,9
2993.581549,32.854950,100,7,9
8052.867357,20.920192,100,7,9
8044.939011,55.527742,100,7,9
2066.652858,54.889805,100,7,9
9388.556183,53.915429,100,7,9
