Distance,Tx Power,Bandwidth,Subband BW,Subband Offset
3645.937896,58.699410,25,9,13
1175.336662,59.481035,25,9,13
9245.510242,23.172627,25,9,13
6973.479895,36.830250,25,9,13
3276.042132,23.139669,25,9,13
3397.280468,28.706554,25,9,13
8467.426081,34.656091,25,9,13
7257.742778,48.393957,25,9,13
