Distance,Tx Power,Bandwidth,Subband BW,Subband Offset
9912.790247,20.444967,15,10,5
7537.809157,17.966009,15,10,5
6437.640509,16.402346,15,10,5
1395.810567,32.231724,15,10,5
215.899611,59.108773,15,10,5
6992.295184,22.871684,15,10,5
6828.844735,44.391118,15,10,5
6990.178373,51.935088,15,10,5
