Distance,Tx Power,Bandwidth,Subband BW,Subband Offset
6815.745581,57.683653,100,79,12
9418.480024,51.686925,100,79,12
2709.659731,31.283080,100,79,12
5332.420024,22.467897,100,79,12
3605.360994,58.642721,100,79,12
2347.544102,46.468026,100,79,12
9079.410037,16.361843,100,79,12
1167.893617,50.698471,100,79,12
