Distance,Tx Power,Bandwidth,Subband BW,Subband Offset
3503.139283,46.759527,50,8,11
4754.248636,56.722436,50,8,11
553.090379,36.483548,50,8,11
415.428291,44.706346,50,8,11
8690.745426,38.566284,50,8,11
9880.958982,18.836556,50,8,11
7281.239784,36.549885,50,8,11
9366.075944,51.086620,50,8,11
