Distance,Tx Power,Bandwidth,Subband BW,Subband Offset
5510.886940,17.350778,100,37,11
5671.869119,30.417489,100,37,11
5420.718928,35.003215,100,37,11
2404.945968,34.127181,100,37,11
275.235157,41.078277,100,37,11
4770.472982,46.728449,100,37,11
7659.727822,51.021397,100,37,11
335.313203,43.419500,100,37,11
