Distance,Tx Power,Bandwidth,Subband BW,Subband Offset
7666.860170,40.282330,25,8,6
9923.669832,20.760517,25,8,6
3341.175947,25.341839,25,8,6
6941.589330,52.048770,25,8,6
1788.713337,25.915781,25,8,6
4997.676466,33.163672,25,8,6
9570.932306,52.062958,25,8,6
4504.540131,45.433348,25,8,6
