Distance,Tx Power,Bandwidth,Subband BW,Subband Offset
4968.242781,54.789156,50,16,7
8524.730141,16.578911,50,16,7
318.498313,17.139865,50,16,7
982.794783,18.075010,50,16,7
9755.799745,48.688698,50,16,7
7907.885575,33.320613,50,16,7
6393.614776,36.008928,50,16,7
4946.619242,32.895454,50,16,7
