Distance,Tx Power,Bandwidth,Subband BW,Subband Offset
2815.898308,18.929683,100,61,15
3899.570546,38.330606,100,61,15
5041.806973,55.083584,100,61,15
5026.773736,43.475635,100,61,15
812.792114,55.768090,100,61,15
6372.058424,27.050281,100,61,15
4215.424434,31.023799,100,61,15
6148.885669,45.714940,100,61,15
