Distance,Tx Power,Bandwidth,Subband BW,Subband Offset
8737.650065,30.147812,50,35,3
7085.538465,18.561739,50,35,3
9759.047110,48.484999,50,35,3
2858.139630,37.201035,50,35,3
2197.335365,29.771842,50,35,3
2661.989981,42.047947,50,35,3
3594.082768,35.793144,50,35,3
8731.551370,24.326648,50,35,3
