Distance,Tx Power,Bandwidth,Subband BW,Subband Offset
6707.765445,35.904167,75,14,47
8659.804156,16.127823,75,14,47
882.991129,26.669063,75,14,47
5854.930625,47.288480,75,14,47
436.627880,38.120816,75,14,47
1355.826167,45.958407,75,14,47
2567.996292,34.312717,75,14,47
8850.074249,15.883523,75,14,47
