Distance,Tx Power,Bandwidth,Subband BW,Subband Offset
9564.124321,34.328459,75,25,0
3383.880856,24.341071,75,25,0
4879.494754,33.738094,75,25,0
8222.651007,22.515307,75,25,0
8315.286932,31.224040,75,25,0
1116.905597,59.768853,75,25,0
8779.317763,21.750846,75,25,0
4374.135576,31.838925,75,25,0
