Distance,Tx Power,Bandwidth,Subband BW,Subband Offset
8706.833439,44.455921,100,81,2
5351.814021,49.754606,100,81,2
6413.393485,23.067169,100,81,2
9408.651098,54.104085,100,81,2
6397.735536,45.298253,100,81,2
1568.144221,41.604360,100,81,2
8043.041720,19.135296,100,81,2
4637.413312,59.840017,100,81,2
