Distance,Tx Power,Bandwidth,Subband BW,Subband Offset
4447.901455,42.314296,100,54,25
1517.821754,58.780229,100,54,25
6235.202904,42.951443,100,54,25
1820.359739,36.203154,100,54,25
6108.943689,29.598790,100,54,25
9285.515523,28.974675,100,54,25
7540.055170,27.567785,100,54,25
9210.956583,43.497760,100,54,25
