Distance,Tx Power,Bandwidth,Subband BW,Subband Offset
1326.763860,24.774266,75,61,5
3187.905002,21.272277,75,61,5
9817.862771,51.875681,75,61,5
9800.932377,29.986446,75,61,5
9276.550919,48.571471,75,61,5
8926.801208,30.260376,75,61,5
1922.419611,36.265633,75,61,5
4166.945672,41.822794,75,61,5
