Distance,Tx Power,Bandwidth,Subband BW,Subband Offset
8320.938484,18.016373,75,46,21
8256.040153,39.243053,75,46,21
3477.914508,30.592196,75,46,21
9268.292615,54.558805,75,46,21
3135.383886,57.161548,75,46,21
3455.949109,25.481957,75,46,21
4507.053583,58.967401,75,46,21
337.006266,30.856185,75,46,21
