Distance,Tx Power,Bandwidth,Subband BW,Subband Offset
930.106704,34.051315,25,10,5
4703.660134,58.177847,25,10,5
491.994548,15.003136,25,10,5
7509.989508,52.044653,25,10,5
9620.202436,33.995020,25,10,5
341.416996,52.899280,25,10,5
2878.738260,58.993819,25,10,5
1748.764459,26.309184,25,10,5
