Distance,Tx Power,Bandwidth,Subband BW,Subband Offset
6309.759362,25.045046,25,8,11
4648.335800,55.253209,25,8,11
6247.642928,20.056555,25,8,11
3765.130447,43.113356,25,8,11
6369.338270,47.022756,25,8,11
2577.175445,28.468182,25,8,11
6163.481773,54.691588,25,8,11
7812.255743,25.321384,25,8,11
