Distance,Tx Power,Bandwidth,Subband BW,Subband Offset
2573.074546,57.973728,100,54,26
3429.389206,32.754807,100,54,26
7489.900089,33.250697,100,54,26
7139.324411,29.379943,100,54,26
8932.027671,42.514753,100,54,26
7382.699251,36.569699,100,54,26
558.824905,38.616940,100,54,26
452.768804,40.736094,100,54,26
