Distance,Tx Power,Bandwidth,Subband BW,Subband Offset
3913.742678,24.149814,75,24,48
9051.009175,24.751500,75,24,48
7125.978050,43.748981,75,24,48
6072.785704,46.467465,75,24,48
8418.354987,20.412989,75,24,48
6346.915501,49.257865,75,24,48
6421.168002,37.714184,75,24,48
7339.271452,40.716013,75,24,48
