Distance,Tx Power,Bandwidth,Subband BW,Subband Offset
8175.986256,45.944143,100,13,22
5103.959944,36.655561,100,13,22
8180.763567,22.400118,100,13,22
9250.118179,18.322325,100,13,22
2816.843106,15.408283,100,13,22
5763.190290,17.602927,100,13,22
164.936499,49.471254,100,13,22
5983.126769,27.313304,100,13,22
