Distance,Tx Power,Bandwidth,Subband BW,Subband Offset
5601.789098,46.678265,50,36,8
895.191058,42.051970,50,36,8
5583.360639,26.189206,50,36,8
3614.417854,51.447209,50,36,8
7201.902278,24.085519,50,36,8
836.395442,35.184313,50,36,8
9955.930579,26.886285,50,36,8
3296.490063,46.100570,50,36,8
