Distance,Tx Power,Bandwidth,Subband BW,Subband Offset
5919.220812,18.288621,100,35,54
4915.980650,31.111866,100,35,54
3568.055514,45.348792,100,35,54
979.497498,33.217823,100,35,54
8132.613910,35.249442,100,35,54
4981.570598,33.121231,100,35,54
566.774374,54.957664,100,35,54
5229.819853,48.413672,100,35,54
