Distance,Tx Power,Bandwidth,Subband BW,Subband Offset
5230.595924,55.676818,15,9,6
6104.962268,29.826366,15,9,6
5872.844353,48.402705,15,9,6
2421.977603,36.233612,15,9,6
9391.516134,25.613335,15,9,6
6617.713779,42.062954,15,9,6
6476.223977,16.081080,15,9,6
2652.898423,53.753856,15,9,6
