Distance,Tx Power,Bandwidth,Subband BW,Subband Offset
2311.003632,18.142490,15,6,6
2273.763935,52.221147,15,6,6
6678.045992,51.917799,15,6,6
9878.112434,39.666780,15,6,6
3089.694737,29.859075,15,6,6
7131.106983,40.973211,15,6,6
2692.846049,21.790533,15,6,6
9818.168667,45.135754,15,6,6
