Distance,Tx Power,Bandwidth,Subband BW,Subband Offset
3382.434425,36.660662,75,8,58
6473.163657,53.390472,75,8,58
1539.965200,39.664923,75,8,58
1224.557760,23.584321,75,8,58
7288.789787,44.893333,75,8,58
233.598198,17.533886,75,8,58
203.893507,29.989213,75,8,58
9987.437203,18.486484,75,8,58
