Distance,Tx Power,Bandwidth,Subband BW,Subband Offset
7242.239033,15.556549,75,26,18
4286.845152,52.202595,75,26,18
9910.995281,57.788271,75,26,18
9978.356055,59.261115,75,26,18
6911.371597,15.533327,75,26,18
8072.163192,58.223780,75,26,18
7913.518832,30.161525,75,26,18
4648.100790,32.174677,75,26,18
