Distance,Tx Power,Bandwidth,Subband BW,Subband Offset
6122.421911,19.949678,25,10,10
2222.196728,21.017145,25,10,10
8903.865462,34.812081,25,10,10
7773.728539,39.818275,25,10,10
6186.325434,30.298363,25,10,10
5014.391691,50.908488,25,10,10
6446.760403,31.262878,25,10,10
7536.394271,43.292714,25,10,10
