Distance,Tx Power,Bandwidth,Subband BW,Subband Offset
6960.542594,59.906243,75,15,32
3722.893733,24.085258,75,15,32
4836.945878,40.660512,75,15,32
9875.996851,19.664622,75,15,32
5047.083423,31.976041,75,15,32
2760.991022,44.815586,75,15,32
7235.095224,16.035919,75,15,32
7369.251133,49.808948,75,15,32
