Distance,Tx Power,Bandwidth,Subband BW,Subband Offset
9357.634677,49.097078,75,8,13
384.387562,27.190544,75,8,13
3857.417550,38.941895,75,8,13
8079.057243,19.383506,75,8,13
8251.754100,35.334967,75,8,13
4374.862963,17.757542,75,8,13
4543.865417,33.345965,75,8,13
4702.942649,53.637627,75,8,13
