Distance,Tx Power,Bandwidth,Subband BW,Subband Offset
8209.238375,50.476438,100,18,79
5717.812617,38.402392,100,18,79
5710.206018,50.013546,100,18,79
9957.164495,47.325683,100,18,79
7683.630596,56.469979,100,18,79
8003.370950,47.124052,100,18,79
3418.473524,28.634321,100,18,79
9162.090510,15.425205,100,18,79
