Distance,Tx Power,Bandwidth,Subband BW,Subband Offset
2146.652250,33.750371,15,7,1
9786.715672,50.610676,15,7,1
3813.551029,16.280439,15,7,1
8606.399254,38.405819,15,7,1
1417.300725,18.730743,15,7,1
1300.923932,24.002711,15,7,1
5158.020870,27.581640,15,7,1
3982.546665,20.522362,15,7,1
