Distance,Tx Power,Bandwidth,Subband BW,Subband Offset
4391.422604,54.051162,50,49,1
2507.131713,30.882478,50,49,1
7470.995663,19.775194,50,49,1
5740.301815,24.802845,50,49,1
6891.892090,28.242849,50,49,1
3747.703368,52.250014,50,49,1
5833.710865,54.085294,50,49,1
1948.747047,21.370103,50,49,1
