Distance,Tx Power,Bandwidth,Subband BW,Subband Offset
4523.383028,51.823173,75,52,18
2468.754736,52.656306,75,52,18
8478.902654,28.098646,75,52,18
9124.717330,35.958834,75,52,18
1490.300071,58.570256,75,52,18
6699.615064,36.595811,75,52,18
7286.316997,49.278186,75,52,18
7413.687413,51.916696,75,52,18
