Distance,Tx Power,Bandwidth,Subband BW,Subband Offset
937.028258,23.242341,100,53,4
6269.359689,19.301613,100,53,4
1868.864958,22.021487,100,53,4
6443.904201,19.318765,100,53,4
5942.553154,56.428728,100,53,4
7156.203987,41.637809,100,53,4
4339.582674,15.004019,100,53,4
495.286384,24.763239,100,53,4
