Distance,Tx Power,Bandwidth,Subband BW,Subband Offset
7945.130211,53.239854,100,35,28
8588.907961,42.210220,100,35,28
9065.757670,50.780866,100,35,28
5251.711741,35.238616,100,35,28
3806.484709,20.306622,100,35,28
2309.629796,33.922037,100,35,28
7889.860269,35.776166,100,35,28
1190.468002,37.816259,100,35,28
