Distance,Tx Power,Bandwidth,Subband BW,Subband Offset
5443.298335,26.163632,100,32,41
3566.245194,42.268367,100,32,41
3253.145729,18.994439,100,32,41
2540.847549,18.657509,100,32,41
9342.587128,48.518978,100,32,41
3343.554541,16.629083,100,32,41
2023.604981,42.178121,100,32,41
739.537215,20.838234,100,32,41
