Distance,Tx Power,Bandwidth,Subband BW,Subband Offset
1421.548478,32.866982,15,7,2
739.311633,24.554880,15,7,2
805.078873,51.598182,15,7,2
1784.113010,19.456559,15,7,2
2769.208690,34.231640,15,7,2
1101.514207,35.546442,15,7,2
378.704593,53.951286,15,7,2
1304.619368,23.071718,15,7,2
