Distance,Tx Power,Bandwidth,Subband BW,Subband Offset
795.820740,58.415037,15,12,0
9094.277922,52.907761,15,12,0
9632.047581,42.050095,15,12,0
2988.962547,50.606725,15,12,0
5532.680828,53.673852,15,12,0
1583.963085,23.652343,15,12,0
4284.705675,16.708998,15,12,0
9747.359389,20.504739,15,12,0
