Distance,Tx Power,Bandwidth,Subband BW,Subband Offset
5344.143601,32.735793,15,6,9
6136.548787,52.219397,15,6,9
8248.272309,19.205632,15,6,9
7799.595473,29.701253,15,6,9
7622.063010,52.308034,15,6,9
8177.933022,18.701356,15,6,9
7615.582560,17.126796,15,6,9
5991.309919,25.293956,15,6,9
