Distance,Tx Power,Bandwidth,Subband BW,Subband Offset
5942.009232,29.000379,25,11,1
9377.878872,24.710574,25,11,1
9050.573766,32.975740,25,11,1
5523.998590,44.060346,25,11,1
8963.307447,36.937968,25,11,1
2568.971195,52.337863,25,11,1
2890.681754,35.373629,25,11,1
9822.236260,41.140824,25,11,1
