Distance,Tx Power,Bandwidth,Subband BW,Subband Offset
9496.461543,30.570768,15,6,3
6483.637754,40.332128,15,6,3
3058.419608,35.977787,15,6,3
5644.762809,39.102354,15,6,3
9538.588485,21.801801,15,6,3
1011.614694,24.285224,15,6,3
3665.069683,39.061957,15,6,3
9296.814779,41.012875,15,6,3
