Distance,Tx Power,Bandwidth,Subband BW,Subband Offset
4583.968897,37.533212,50,11,21
5645.765950,36.912513,50,11,21
9098.674874,22.772107,50,11,21
9804.098238,47.879905,50,11,21
7292.229113,39.068846,50,11,21
1505.744801,48.365914,50,11,21
8037.365313,37.006195,50,11,21
8990.713142,23.046010,50,11,21
