Distance,Tx Power,Bandwidth,Subband BW,Subband Offset
8919.332954,17.958847,75,18,42
1494.700835,30.844498,75,18,42
3283.154885,19.549565,75,18,42
6149.982783,15.732941,75,18,42
8600.611471,20.023623,75,18,42
6257.527908,15.824517,75,18,42
8563.478259,36.874486,75,18,42
8050.593995,57.249230,75,18,42
