Distance,Tx Power,Bandwidth,Subband BW,Subband Offset
5978.656681,24.885388,25,8,10
537.808624,40.120110,25,8,10
6882.410946,24.551351,25,8,10
2709.428736,39.787161,25,8,10
3976.602039,40.922470,25,8,10
117.772485,45.128189,25,8,10
7213.441236,19.096192,25,8,10
7550.636865,39.943710,25,8,10
