Distance,Tx Power,Bandwidth,Subband BW,Subband Offset
6873.950302,55.580949,15,7,1
9184.571179,26.617234,15,7,1
7680.533628,28.605206,15,7,1
3672.521220,41.467322,15,7,1
5722.374001,33.747991,15,7,1
6198.082404,48.333297,15,7,1
889.054789,35.030511,15,7,1
6493.447052,37.667890,15,7,1
