Distance,Tx Power,Bandwidth,Subband BW,Subband Offset
9237.305676,27.744051,100,49,38
1508.794540,30.604673,100,49,38
2336.380303,57.099051,100,49,38
5110.351675,55.123498,100,49,38
5113.093119,44.746409,100,49,38
6936.294266,30.265920,100,49,38
4011.071195,25.191254,100,49,38
2544.903890,23.289533,100,49,38
