Distance,Tx Power,Bandwidth,Subband BW,Subband Offset
8368.938748,48.150812,25,12,7
1244.878914,32.031352,25,12,7
3316.092927,41.040943,25,12,7
4710.458846,29.787842,25,12,7
6708.723823,38.351537,25,12,7
2793.018970,23.387924,25,12,7
986.229840,43.182721,25,12,7
1823.653763,29.982111,25,12,7
