Distance,Tx Power,Bandwidth,Subband BW,Subband Offset
3515.579601,55.812063,15,6,7
5378.205412,51.828998,15,6,7
8150.618645,23.125728,15,6,7
3556.217438,15.360186,15,6,7
1841.969823,34.551195,15,6,7
4343.908706,26.171968,15,6,7
2916.275960,43.155803,15,6,7
4403.742777,18.122765,15,6,7
