Distance,Tx Power,Bandwidth,Subband BW,Subband Offset
7941.939890,25.639189,75,37,10
2986.335677,32.735509,75,37,10
3048.100167,43.856042,75,37,10
3619.435591,54.616304,75,37,10
373.590197,26.062574,75,37,10
9143.030397,50.627675,75,37,10
3456.554351,27.456877,75,37,10
3026.619994,58.154807,75,37,10
