Distance,Tx Power,Bandwidth,Subband BW,Subband Offset
3725.902937,35.801766,50,34,1
9921.282525,56.088489,50,34,1
7454.732529,57.848643,50,34,1
4688.162024,15.559826,50,34,1
6350.640061,53.796507,50,34,1
1682.468987,37.031042,50,34,1
2863.666559,31.434350,50,34,1
5769.746604,39.567286,50,34,1
