Distance,Tx Power,Bandwidth,Subband BW,Subband Offset
946.265157,19.271564,75,20,36
564.983862,31.648780,75,20,36
5032.134617,18.982840,75,20,36
4818.988047,53.773636,75,20,36
3226.683381,24.944184,75,20,36
2821.857343,23.557023,75,20,36
6778.155175,19.039429,75,20,36
3633.604942,51.964212,75,20,36
