Distance,Tx Power,Bandwidth,Subband BW,Subband Offset
6169.702089,56.096137,50,18,0
1628.010231,33.766084,50,18,0
2686.989371,47.376021,50,18,0
3119.132053,50.556787,50,18,0
5989.724944,29.511142,50,18,0
7969.056030,57.967788,50,18,0
7902.300548,53.657754,50,18,0
4049.696102,48.606307,50,18,0
