Distance,Tx Power,Bandwidth,Subband BW,Subband Offset
7245.561466,15.896133,25,9,13
2653.002928,38.012774,25,9,13
6315.183595,35.840444,25,9,13
7855.361441,40.865564,25,9,13
1194.969997,24.279705,25,9,13
253.786127,34.546475,25,9,13
7955.789266,25.356353,25,9,13
7111.500675,51.158304,25,9,13
