Distance,Tx Power,Bandwidth,Subband BW,Subband Offset
8470.536306,31.167612,25,8,0
6680.493530,51.783401,25,8,0
590.589508,21.509608,25,8,0
8675.141277,16.958821,25,8,0
6992.235838,44.104968,25,8,0
3552.455639,20.649494,25,8,0
9111.545872,16.373908,25,8,0
8660.308161,59.879185,25,8,0
