Distance,Tx Power,Bandwidth,Subband BW,Subband Offset
8011.258207,47.563041,100,77,11
7749.541010,55.629133,100,77,11
9583.539812,49.386860,100,77,11
3648.029732,20.787414,100,77,11
6190.956407,31.353407,100,77,11
6816.678241,33.019642,100,77,11
7013.588696,25.098755,100,77,11
1190.583928,31.505417,100,77,11
