Distance,Tx Power,Bandwidth,Subband BW,Subband Offset
518.715711,44.637547,100,27,20
1724.487451,41.486585,100,27,20
7571.437968,42.514461,100,27,20
6577.893541,22.870291,100,27,20
4817.745688,41.986013,100,27,20
1445.040845,47.348040,100,27,20
1682.693354,44.134641,100,27,20
8504.762440,35.284958,100,27,20
