Distance,Tx Power,Bandwidth,Subband BW,Subband Offset
6232.897727,15.034959,100,72,1
8682.238844,17.571983,100,72,1
4359.411195,28.341723,100,72,1
5669.298764,18.181069,100,72,1
6150.723032,22.214620,100,72,1
857.507583,28.790453,100,72,1
4715.589392,55.675779,100,72,1
8547.584961,46.613489,100,72,1
