Distance,Tx Power,Bandwidth,Subband BW,Subband Offset
4564.197065,34.190358,25,17,1
475.707911,38.420453,25,17,1
8609.820753,53.314640,25,17,1
2915.506695,41.729219,25,17,1
5072.179286,46.703460,25,17,1
5311.249730,39.870256,25,17,1
896.464313,21.580813,25,17,1
1916.836021,44.051822,25,17,1
