Distance,Tx Power,Bandwidth,Subband BW,Subband Offset
6371.960236,39.178808,25,10,5
2290.568594,29.409640,25,10,5
4855.521123,50.643333,25,10,5
7154.544956,57.680460,25,10,5
2805.883607,19.567587,25,10,5
4506.274003,58.777801,25,10,5
5432.409487,23.896074,25,10,5
8341.166038,55.957004,25,10,5
