Distance,Tx Power,Bandwidth,Subband BW,Subband Offset
9707.231931,41.443928,15,6,7
2299.015029,30.148052,15,6,7
3759.051742,29.827374,15,6,7
4640.758854,16.690900,15,6,7
2026.504398,30.516753,15,6,7
1972.365134,58.988973,15,6,7
8023.934122,51.352290,15,6,7
7487.586239,22.433267,15,6,7
