Distance,Tx Power,Bandwidth,Subband BW,Subband Offset
7268.846610,39.262166,100,38,56
9524.071419,26.193756,100,38,56
324.496409,31.019846,100,38,56
4487.412714,17.103357,100,38,56
3760.600504,18.989386,100,38,56
170.323276,39.259312,100,38,56
2322.484044,48.784918,100,38,56
9523.909157,22.704570,100,38,56
