Distance,Tx Power,Bandwidth,Subband BW,Subband Offset
3144.820771,41.403990,50,9,31
6690.449225,23.869839,50,9,31
1759.319877,35.610613,50,9,31
2225.477039,20.560426,50,9,31
4499.739305,45.379621,50,9,31
1261.395753,51.600607,50,9,31
6686.511806,45.212651,50,9,31
8050.520003,21.128652,50,9,31
