Distance,Tx Power,Bandwidth,Subband BW,Subband Offset
6419.500622,49.646585,75,9,28
1163.432864,53.622061,75,9,28
4804.238259,48.826226,75,9,28
3256.317113,31.059945,75,9,28
8797.212689,34.989939,75,9,28
1590.674517,29.348109,75,9,28
5183.517084,17.606687,75,9,28
6570.809880,25.000908,75,9,28
