Distance,Tx Power,Bandwidth,Subband BW,Subband Offset
2645.731208,32.997787,15,6,7
9997.562918,42.943068,15,6,7
8544.285526,20.607574,15,6,7
2146.327538,55.855254,15,6,7
249.952449,19.671363,15,6,7
4338.851219,26.143955,15,6,7
1451.122171,54.014842,15,6,7
4632.702649,17.370005,15,6,7
