Distance,Tx Power,Bandwidth,Subband BW,Subband Offset
7380.975290,27.780867,75,17,46
1474.040465,57.431080,75,17,46
9962.306475,35.616991,75,17,46
3389.917736,39.508432,75,17,46
2291.353918,16.470393,75,17,46
2072.196690,18.096823,75,17,46
1936.414044,47.748768,75,17,46
5343.356767,35.608001,75,17,46
