Distance,Tx Power,Bandwidth,Subband BW,Subband Offset
4214.531506,54.798065,25,11,0
7305.709447,55.655015,25,11,0
5745.651867,39.610361,25,11,0
984.300718,28.117778,25,11,0
2128.808385,47.721701,25,11,0
5276.146107,37.839525,25,11,0
4377.845009,55.271591,25,11,0
5389.980569,58.017260,25,11,0
