Distance,Tx Power,Bandwidth,Subband BW,Subband Offset
821.229864,27.681357,25,10,4
9742.318018,19.976714,25,10,4
9374.629982,53.579075,25,10,4
2665.081514,35.570233,25,10,4
2498.894016,22.694542,25,10,4
5388.260416,39.570686,25,10,4
1885.099970,25.017755,25,10,4
5322.758414,29.815384,25,10,4
