Distance,Tx Power,Bandwidth,Subband BW,Subband Offset
8085.559799,51.824935,15,7,3
6613.762620,37.887538,15,7,3
1370.151739,30.286987,15,7,3
2952.357987,49.510577,15,7,3
5967.181085,49.090495,15,7,3
4889.031670,51.542254,15,7,3
6568.128500,45.898906,15,7,3
1538.916909,25.449713,15,7,3
