Distance,Tx Power,Bandwidth,Subband BW,Subband Offset
4449.737728,20.810851,15,11,1
8738.684522,34.914491,15,11,1
4020.040482,36.043417,15,11,1
1240.970588,33.453472,15,11,1
900.122619,43.739347,15,11,1
6605.740928,42.440796,15,11,1
5407.489738,45.935278,15,11,1
1406.025817,28.395541,15,11,1
