Distance,Tx Power,Bandwidth,Subband BW,Subband Offset
9614.364135,52.442187,100,7,19
9960.455762,52.754320,100,7,19
2865.224117,55.668924,100,7,19
6610.044053,20.677760,100,7,19
9724.771582,24.834322,100,7,19
2347.127712,28.916139,100,7,19
4089.421099,36.805306,100,7,19
430.886061,17.143485,100,7,19
