Distance,Tx Power,Bandwidth,Subband BW,Subband Offset
7184.469626,39.809908,50,36,9
4124.946191,53.088348,50,36,9
7500.446970,42.048811,50,36,9
9103.679840,38.895989,50,36,9
9818.800585,22.424957,50,36,9
7326.918856,29.505335,50,36,9
9152.136776,24.325486,50,36,9
8022.600197,18.897522,50,36,9
