Distance,Tx Power,Bandwidth,Subband BW,Subband Offset
1736.495280,46.339508,25,7,8
775.392325,20.390257,25,7,8
5845.288668,59.750012,25,7,8
3377.018742,36.878337,25,7,8
8170.361532,41.623949,25,7,8
8147.624518,16.371551,25,7,8
9087.601124,41.848932,25,7,8
2558.294300,19.278387,25,7,8
