Distance,Tx Power,Bandwidth,Subband BW,Subband Offset
4638.166937,31.722441,100,7,6
2844.527646,26.568296,100,7,6
2852.511817,45.215055,100,7,6
2717.107537,56.162955,100,7,6
1189.331237,32.535426,100,7,6
9760.563036,18.267511,100,7,6
3852.999576,35.623379,100,7,6
8450.319930,37.355393,100,7,6
