Distance,Tx Power,Bandwidth,Subband BW,Subband Offset
6503.677196,56.482053,100,80,1
5000.270153,41.229536,100,80,1
586.711784,43.138471,100,80,1
8985.070170,17.511027,100,80,1
7480.051006,51.976027,100,80,1
567.675031,29.484267,100,80,1
9686.875516,59.943407,100,80,1
7165.921032,17.573634,100,80,1
