Distance,Tx Power,Bandwidth,Subband BW,Subband Offset
2500.987870,41.621747,75,25,14
3380.242469,34.856746,75,25,14
9348.101664,53.975545,75,25,14
4212.120965,55.067871,75,25,14
3633.139666,21.541508,75,25,14
3054.676947,59.997424,75,25,14
5531.377199,53.801839,75,25,14
324.060739,19.857254,75,25,14
