Distance,Tx Power,Bandwidth,Subband BW,Subband Offset
5463.656921,55.920048,75,11,4
1329.889140,24.210643,75,11,4
6728.717283,16.535331,75,11,4
5867.411041,17.909003,75,11,4
2560.910864,54.034892,75,11,4
9863.026266,32.685304,75,11,4
6142.411523,20.783907,75,11,4
9515.144939,30.781298,75,11,4
