Distance,Tx Power,Bandwidth,Subband BW,Subband Offset
8090.129590,43.745245,75,42,27
6892.565962,40.680846,75,42,27
6237.638537,39.677899,75,42,27
6982.720994,41.518181,75,42,27
4030.526584,35.316042,75,42,27
9091.869090,59.472751,75,42,27
8669.715963,56.980051,75,42,27
7139.532832,59.885088,75,42,27
