Distance,Tx Power,Bandwidth,Subband BW,Subband Offset
2404.391327,48.123453,75,45,27
6253.792996,22.426658,75,45,27
5540.688504,59.411530,75,45,27
1564.627109,27.291277,75,45,27
3835.990483,46.262152,75,45,27
1541.103933,32.283628,75,45,27
6990.168939,36.452510,75,45,27
5732.440946,46.859064,75,45,27
