Distance,Tx Power,Bandwidth,Subband BW,Subband Offset
434.156794,59.435456,15,7,7
4166.801062,43.319558,15,7,7
8568.224796,54.686534,15,7,7
7722.153122,41.561671,15,7,7
5234.818887,34.343636,15,7,7
5379.950331,41.202205,15,7,7
421.323906,33.683805,15,7,7
2303.215221,37.714216,15,7,7
