Distance,Tx Power,Bandwidth,Subband BW,Subband Offset
1545.757774,34.913533,100,53,7
7990.713603,18.826267,100,53,7
9530.747666,28.793453,100,53,7
608.176182,17.628611,100,53,7
7900.542141,43.785902,100,53,7
6713.499881,21.934699,100,53,7
1887.226900,45.627632,100,53,7
1249.346603,44.225854,100,53,7
