Distance,Tx Power,Bandwidth,Subband BW,Subband Offset
7527.108379,51.819232,50,15,8
8920.606020,25.346900,50,15,8
8663.892699,50.076725,50,15,8
4172.343744,57.838867,50,15,8
1206.255838,16.108318,50,15,8
7020.068574,39.103258,50,15,8
305.950816,31.317236,50,15,8
8160.173302,16.978957,50,15,8
