Distance,Tx Power,Bandwidth,Subband BW,Subband Offset
4569.872339,49.958576,100,96,1
4386.414433,45.752049,100,96,1
7921.036893,18.559968,100,96,1
5449.560756,49.189874,100,96,1
9390.228508,48.831452,100,96,1
1531.712520,45.938057,100,96,1
9787.386410,24.000264,100,96,1
6577.995233,21.486113,100,96,1
