Distance,Tx Power,Bandwidth,Subband BW,Subband Offset
1094.789413,39.407453,75,35,38
5903.219066,57.978310,75,35,38
1590.094801,48.840923,75,35,38
9715.438798,50.276587,75,35,38
8592.945919,32.250232,75,35,38
4716.191560,26.040946,75,35,38
8316.484356,41.622949,75,35,38
4422.920574,32.153603,75,35,38
