Distance,Tx Power,Bandwidth,Subband BW,Subband Offset
3614.465545,28.261128,50,15,18
7868.456218,55.877512,50,15,18
6430.637374,45.216439,50,15,18
7204.872699,25.385266,50,15,18
9763.572312,48.658170,50,15,18
472.563738,53.303214,50,15,18
6378.581790,58.766040,50,15,18
5764.893923,37.246712,50,15,18
