Distance,Tx Power,Bandwidth,Subband BW,Subband Offset
823.905394,15.482048,25,14,6
5539.791371,39.997022,25,14,6
9394.395830,32.319899,25,14,6
661.729205,28.238569,25,14,6
8206.695130,32.969542,25,14,6
6430.945151,58.016111,25,14,6
8807.350691,40.146790,25,14,6
6428.420711,52.531933,25,14,6
