Distance,Tx Power,Bandwidth,Subband BW,Subband Offset
1624.577721,40.367253,25,13,3
8422.097555,23.144978,25,13,3
6909.398668,41.027516,25,13,3
1984.276254,28.836208,25,13,3
4656.910760,26.756963,25,13,3
6942.211418,25.474785,25,13,3
5851.362598,19.752426,25,13,3
7244.137277,29.926589,25,13,3
