Distance,Tx Power,Bandwidth,Subband BW,Subband Offset
5266.847211,41.631762,75,8,6
9003.090556,28.007914,75,8,6
1456.089128,21.067760,75,8,6
658.321499,56.608721,75,8,6
5637.904503,34.743415,75,8,6
9684.939587,41.942358,75,8,6
8625.490417,55.580773,75,8,6
8774.350325,40.098734,75,8,6
