Distance,Tx Power,Bandwidth,Subband BW,Subband Offset
9905.048107,20.051414,50,12,25
2863.581722,38.622989,50,12,25
8243.349684,17.856550,50,12,25
9959.461458,57.057205,50,12,25
8655.398402,21.395335,50,12,25
1947.637189,16.888130,50,12,25
3039.788933,15.308075,50,12,25
6833.715382,53.228032,50,12,25
