Distance,Tx Power,Bandwidth,Subband BW,Subband Offset
5445.288961,48.505621,15,7,6
976.220062,50.805740,15,7,6
4329.093370,31.361140,15,7,6
1181.744545,49.466309,15,7,6
3303.365247,56.001638,15,7,6
1089.817734,28.712066,15,7,6
8877.551937,56.589401,15,7,6
9660.681667,18.220623,15,7,6
