Distance,Tx Power,Bandwidth,Subband BW,Subband Offset
9183.882801,55.444598,100,43,1
6610.590938,44.378183,100,43,1
4036.609629,26.221419,100,43,1
9258.803865,52.442200,100,43,1
9168.937364,26.611350,100,43,1
7727.945189,40.637430,100,43,1
3462.201902,42.996267,100,43,1
347.011622,38.373292,100,43,1
