Distance,Tx Power,Bandwidth,Subband BW,Subband Offset
1049.326610,59.326963,25,15,3
3855.289234,51.580113,25,15,3
8896.607321,23.309175,25,15,3
5344.649801,42.618198,25,15,3
8210.089674,36.958352,25,15,3
2912.064994,50.150879,25,15,3
4128.741087,43.931022,25,15,3
8852.113846,23.315984,25,15,3
