Distance,Tx Power,Bandwidth,Subband BW,Subband Offset
3355.621591,32.226726,100,20,3
3191.220454,16.381162,100,20,3
7400.379339,47.414589,100,20,3
8008.530387,44.475075,100,20,3
876.713580,32.374351,100,20,3
1084.583952,56.209289,100,20,3
276.523642,33.366543,100,20,3
9699.982193,28.279466,100,20,3
