Distance,Tx Power,Bandwidth,Subband BW,Subband Offset
9848.340830,47.747564,15,8,3
7200.157060,58.672812,15,8,3
2688.842900,56.207143,15,8,3
7030.867854,32.766613,15,8,3
7898.759195,53.350420,15,8,3
859.065193,22.657617,15,8,3
6668.331985,40.860405,15,8,3
4406.351988,27.550413,15,8,3
