Distance,Tx Power,Bandwidth,Subband BW,Subband Offset
1659.524785,20.202702,50,20,9
533.076695,33.496734,50,20,9
6281.480887,27.642658,50,20,9
5135.303722,28.795591,50,20,9
6616.766985,59.348740,50,20,9
7342.408689,56.134055,50,20,9
4174.987280,39.525783,50,20,9
3286.365071,28.372043,50,20,9
