Distance,Tx Power,Bandwidth,Subband BW,Subband Offset
6010.722714,48.930876,15,8,0
2545.142384,33.080618,15,8,0
9768.648849,39.402374,15,8,0
4581.303369,45.869314,15,8,0
9619.552478,17.306946,15,8,0
4706.190255,28.278242,15,8,0
6737.680423,42.430827,15,8,0
8379.830307,58.466304,15,8,0
