Distance,Tx Power,Bandwidth,Subband BW,Subband Offset
3166.063234,57.064880,15,11,2
7316.079673,38.736104,15,11,2
8551.886435,39.872690,15,11,2
2807.013182,31.767952,15,11,2
7307.837511,23.824126,15,11,2
8111.589218,35.484698,15,11,2
2108.631228,43.276106,15,11,2
3769.575580,41.063329,15,11,2
