Distance,Tx Power,Bandwidth,Subband BW,Subband Offset
7310.664748,44.779235,15,9,6
1346.323700,55.964403,15,9,6
3876.054632,59.259008,15,9,6
1150.738228,57.826912,15,9,6
433.025007,31.706862,15,9,6
8574.360604,49.323248,15,9,6
9485.326944,39.027780,15,9,6
9879.136825,32.503868,15,9,6
