Distance,Tx Power,Bandwidth,Subband BW,Subband Offset
1110.769967,16.529143,50,21,24
7290.966702,55.285009,50,21,24
9168.550368,24.614794,50,21,24
3621.813789,57.665472,50,21,24
9913.244775,17.309374,50,21,24
2157.128875,35.456962,50,21,24
2040.409164,23.167099,50,21,24
322.624089,38.785427,50,21,24
