Distance,Tx Power,Bandwidth,Subband BW,Subband Offset
3198.848883,18.904110,75,23,32
7420.180137,17.512392,75,23,32
8888.174152,54.800375,75,23,32
5374.889403,39.219084,75,23,32
3155.833858,53.303908,75,23,32
3773.030095,53.513914,75,23,32
2898.142575,56.720013,75,23,32
6351.851184,26.784847,75,23,32
