Distance,Tx Power,Bandwidth,Subband BW,Subband Offset
7476.485208,51.048934,15,9,6
2724.900516,49.730761,15,9,6
815.222535,54.310238,15,9,6
3277.449101,55.221580,15,9,6
6903.133382,17.524392,15,9,6
9469.333219,49.623176,15,9,6
6295.858656,43.356228,15,9,6
5937.637261,20.264200,15,9,6
