Distance,Tx Power,Bandwidth,Subband BW,Subband Offset
5359.432620,45.064162,15,9,1
7144.183070,46.618342,15,9,1
517.391773,16.233029,15,9,1
4444.008408,57.778870,15,9,1
431.814652,31.225963,15,9,1
8983.917649,21.031859,15,9,1
4753.898368,35.130274,15,9,1
5415.562992,35.831229,15,9,1
