Distance,Tx Power,Bandwidth,Subband BW,Subband Offset
9470.503170,24.370685,50,27,18
5542.186628,21.124874,50,27,18
8239.656783,29.289787,50,27,18
9879.001007,36.990829,50,27,18
184.070399,48.335498,50,27,18
7951.451776,19.291470,50,27,18
2192.135349,49.939411,50,27,18
1875.715720,36.259074,50,27,18
