Distance,Tx Power,Bandwidth,Subband BW,Subband Offset
5502.350608,35.889145,100,45,55
7392.163970,42.179546,100,45,55
413.362375,53.278756,100,45,55
8114.168506,20.738730,100,45,55
735.988722,45.871048,100,45,55
8475.056153,54.045699,100,45,55
1761.441848,51.621590,100,45,55
4662.326009,23.029435,100,45,55
