Distance,Tx Power,Bandwidth,Subband BW,Subband Offset
8825.292226,38.089295,75,6,40
3923.557475,33.142890,75,6,40
7145.265042,48.335821,75,6,40
3519.423336,38.889789,75,6,40
9353.547740,57.049184,75,6,40
1274.714232,46.715435,75,6,40
3031.852226,52.291094,75,6,40
6860.137483,18.871538,75,6,40
