Distance,Tx Power,Bandwidth,Subband BW,Subband Offset
8677.891857,43.927284,50,18,14
4097.772367,16.951889,50,18,14
4925.558502,27.941111,50,18,14
4146.711234,43.579055,50,18,14
1507.228886,37.678166,50,18,14
5712.195692,34.562637,50,18,14
6982.379113,49.603299,50,18,14
5258.114180,59.400747,50,18,14
