Distance,Tx Power,Bandwidth,Subband BW,Subband Offset
6194.132836,43.139508,25,7,0
6879.439341,50.367160,25,7,0
1984.271167,27.831349,25,7,0
5081.142216,26.099755,25,7,0
5277.489136,24.732062,25,7,0
9039.564030,50.171988,25,7,0
8641.464332,56.322871,25,7,0
7701.307086,37.814534,25,7,0
