Distance,Tx Power,Bandwidth,Subband BW,Subband Offset
1813.571625,30.385815,100,49,32
7811.953898,34.084795,100,49,32
1951.997392,19.065315,100,49,32
5009.400208,28.406852,100,49,32
7824.163355,17.294942,100,49,32
1282.633263,25.504502,100,49,32
8510.416522,55.997171,100,49,32
1266.740022,35.202921,100,49,32
