Distance,Tx Power,Bandwidth,Subband BW,Subband Offset
9525.101292,56.653567,100,15,67
2648.118042,15.475071,100,15,67
5869.642176,33.299372,100,15,67
747.550886,53.169283,100,15,67
1950.771159,15.916174,100,15,67
1082.554275,20.733314,100,15,67
3886.910609,30.586758,100,15,67
7681.166902,56.344388,100,15,67
