Distance,Tx Power,Bandwidth,Subband BW,Subband Offset
1224.836542,34.539017,100,7,55
601.393454,40.619326,100,7,55
8593.769466,58.987191,100,7,55
9287.731210,48.919480,100,7,55
7900.089413,22.463352,100,7,55
1812.450975,40.912952,100,7,55
9060.476612,24.826224,100,7,55
1513.061766,54.913682,100,7,55
