Distance,Tx Power,Bandwidth,Subband BW,Subband Offset
7362.212311,31.444352,100,40,23
7985.757123,28.019479,100,40,23
4955.506112,53.513201,100,40,23
2848.855068,20.320965,100,40,23
8172.770054,55.736710,100,40,23
7585.435256,22.397888,100,40,23
2875.021551,30.134452,100,40,23
8531.340615,25.799967,100,40,23
