Distance,Tx Power,Bandwidth,Subband BW,Subband Offset
9667.880625,44.641544,50,10,21
1602.527810,17.722854,50,10,21
9032.286975,19.008746,50,10,21
9832.015003,43.692387,50,10,21
3630.782395,21.316525,50,10,21
2701.515949,27.708419,50,10,21
1022.173680,22.569479,50,10,21
6410.249216,32.128476,50,10,21
