Distance,Tx Power,Bandwidth,Subband BW,Subband Offset
9663.243774,28.636245,100,56,19
4516.666091,57.934010,100,56,19
3450.082006,27.929118,100,56,19
2589.570147,22.927269,100,56,19
8235.542035,51.945190,100,56,19
4542.528091,35.489924,100,56,19
6519.026528,52.870008,100,56,19
5620.313285,31.065487,100,56,19
