Distance,Tx Power,Bandwidth,Subband BW,Subband Offset
5252.465087,27.177152,75,42,2
851.763383,18.867326,75,42,2
2756.725389,26.587013,75,42,2
6811.990317,29.090000,75,42,2
7752.611283,23.108213,75,42,2
518.914414,46.530952,75,42,2
3352.246933,49.875032,75,42,2
4667.745214,16.658557,75,42,2
