Distance,Tx Power,Bandwidth,Subband BW,Subband Offset
8187.231163,16.918591,100,71,15
3839.661206,44.611310,100,71,15
4991.395164,41.848691,100,71,15
231.690677,36.800405,100,71,15
7670.088997,46.848635,100,71,15
4119.776248,25.099577,100,71,15
7468.645716,52.671006,100,71,15
1397.037142,32.988221,100,71,15
