Distance,Tx Power,Bandwidth,Subband BW,Subband Offset
5974.416930,49.091473,75,27,9
3880.638471,53.000674,75,27,9
463.796860,31.516908,75,27,9
2592.062946,37.856230,75,27,9
9510.836766,46.100009,75,27,9
756.985076,20.375205,75,27,9
8195.247266,38.662662,75,27,9
8366.886990,15.738893,75,27,9
