Distance,Tx Power,Bandwidth,Subband BW,Subband Offset
8114.036881,24.216237,25,22,3
1255.053775,47.430132,25,22,3
3392.821697,51.672691,25,22,3
2589.071910,52.089945,25,22,3
2467.836291,44.052728,25,22,3
2975.977923,50.505450,25,22,3
3949.215119,19.845908,25,22,3
514.853091,38.115005,25,22,3
