Distance,Tx Power,Bandwidth,Subband BW,Subband Offset
4419.370868,42.443419,15,13,2
1783.432381,44.229586,15,13,2
4312.540224,41.392263,15,13,2
4646.114460,37.365298,15,13,2
6997.618746,31.773166,15,13,2
869.286488,18.511978,15,13,2
6018.588151,23.187508,15,13,2
9333.156432,59.465893,15,13,2
