Distance,Tx Power,Bandwidth,Subband BW,Subband Offset
2668.405442,50.143440,25,19,5
1045.115418,27.498408,25,19,5
6203.438658,43.058848,25,19,5
1546.297294,49.275856,25,19,5
5098.151584,56.411650,25,19,5
4370.063559,41.307918,25,19,5
5759.869800,23.323036,25,19,5
7904.368474,24.653671,25,19,5
