Distance,Tx Power,Bandwidth,Subband BW,Subband Offset
8896.148867,52.884745,100,48,27
3773.475083,44.768005,100,48,27
4632.159314,38.634656,100,48,27
4459.880329,38.945230,100,48,27
4799.982553,33.089672,100,48,27
4780.438158,42.161125,100,48,27
2052.475266,31.182168,100,48,27
4418.481042,16.617908,100,48,27
