Distance,Tx Power,Bandwidth,Subband BW,Subband Offset
1570.112090,34.095154,75,26,21
7384.440571,30.446671,75,26,21
1762.471157,25.337934,75,26,21
7988.956727,40.143727,75,26,21
9762.171889,24.646455,75,26,21
2936.373375,21.693497,75,26,21
4579.775736,42.488619,75,26,21
4909.005052,31.384582,75,26,21
