Distance,Tx Power,Bandwidth,Subband BW,Subband Offset
1563.851916,37.019328,50,12,30
4305.841332,44.284528,50,12,30
1423.473001,30.313893,50,12,30
1343.637607,38.704441,50,12,30
8441.759554,25.633549,50,12,30
1347.022466,52.305336,50,12,30
9258.582739,30.365417,50,12,30
2245.467246,41.919675,50,12,30
