Distance,Tx Power,Bandwidth,Subband BW,Subband Offset
8465.781055,37.200974,75,29,43
8614.009476,49.198109,75,29,43
4646.674891,50.203178,75,29,43
8283.105867,59.695792,75,29,43
4379.714374,32.021961,75,29,43
9541.782436,44.895688,75,29,43
2409.003769,59.668760,75,29,43
886.059317,29.622476,75,29,43
