Distance,Tx Power,Bandwidth,Subband BW,Subband Offset
117.531114,47.295671,15,11,3
2479.236713,46.641482,15,11,3
6860.504805,31.626272,15,11,3
8200.238054,27.349752,15,11,3
1828.388689,40.837289,15,11,3
7100.952336,27.685144,15,11,3
6049.671730,54.713972,15,11,3
6321.933198,55.735580,15,11,3
