Distance,Tx Power,Bandwidth,Subband BW,Subband Offset
3971.009069,29.691684,25,17,5
8936.660186,47.092873,25,17,5
2522.664618,18.603071,25,17,5
5347.780433,21.354124,25,17,5
464.793508,51.605770,25,17,5
9373.284790,50.199201,25,17,5
9790.476913,30.483551,25,17,5
2001.932631,17.761633,25,17,5
