Distance,Tx Power,Bandwidth,Subband BW,Subband Offset
9126.969498,19.381205,75,37,28
7291.994735,41.484981,75,37,28
3450.283319,16.999002,75,37,28
4736.736005,49.097667,75,37,28
542.377165,47.165883,75,37,28
1624.032441,35.301834,75,37,28
9358.361761,46.995547,75,37,28
9978.635355,45.162604,75,37,28
