Distance,Tx Power,Bandwidth,Subband BW,Subband Offset
2850.265098,55.175705,25,11,14
3153.342322,49.510899,25,11,14
2653.518380,31.177907,25,11,14
3882.135408,45.214224,25,11,14
3522.213178,51.376555,25,11,14
857.467314,35.987506,25,11,14
6114.780039,18.853253,25,11,14
4933.362512,35.777260,25,11,14
