Distance,Tx Power,Bandwidth,Subband BW,Subband Offset
3360.012469,22.731847,25,11,1
7978.999011,53.896728,25,11,1
8272.895243,55.503111,25,11,1
1807.699765,17.301344,25,11,1
3371.771290,38.446866,25,11,1
6577.542502,53.861232,25,11,1
2405.278358,45.590415,25,11,1
2368.404566,54.241067,25,11,1
