Distance,Tx Power,Bandwidth,Subband BW,Subband Offset
9993.781586,41.346846,25,25,0
1138.336843,55.930270,25,25,0
1259.153356,52.025853,25,25,0
3123.206914,49.766956,25,25,0
1038.399052,39.049491,25,25,0
1134.650215,29.395064,25,25,0
9334.952101,40.709796,25,25,0
6363.591386,53.701370,25,25,0
