Distance,Tx Power,Bandwidth,Subband BW,Subband Offset
8251.804011,28.858749,100,12,23
5421.409634,59.354413,100,12,23
3191.600636,50.044683,100,12,23
8275.364218,55.900785,100,12,23
8230.871779,25.137838,100,12,23
187.731830,50.743875,100,12,23
481.209586,42.582866,100,12,23
6163.338090,37.772377,100,12,23
