Distance,Tx Power,Bandwidth,Subband BW,Subband Offset
3558.543697,56.634057,75,13,4
1360.864070,36.200616,75,13,4
9180.820684,28.514558,75,13,4
1482.811352,44.689111,75,13,4
6357.632379,56.295619,75,13,4
9813.096413,38.190466,75,13,4
4114.957625,29.648700,75,13,4
7349.434318,40.966952,75,13,4
