Distance,Tx Power,Bandwidth,Subband BW,Subband Offset
7308.713244,30.341398,100,18,56
5538.811851,21.218609,100,18,56
5372.706304,24.072752,100,18,56
9310.503745,50.501668,100,18,56
7987.347043,50.241063,100,18,56
7247.068550,23.995193,100,18,56
1801.977397,32.397451,100,18,56
955.696583,36.289449,100,18,56
