Distance,Tx Power,Bandwidth,Subband BW,Subband Offset
3136.612529,33.895540,75,9,44
8898.567470,25.122388,75,9,44
140.583816,18.862815,75,9,44
6174.401749,33.077552,75,9,44
8728.576750,52.456004,75,9,44
7123.819262,35.983984,75,9,44
3810.709935,41.639078,75,9,44
2203.553746,34.213351,75,9,44
