Distance,Tx Power,Bandwidth,Subband BW,Subband Offset
3272.996237,41.062501,100,38,43
5594.151112,33.801430,100,38,43
8792.181486,47.091844,100,38,43
4606.007114,40.615153,100,38,43
1745.064075,35.848143,100,38,43
3942.166386,48.713539,100,38,43
5133.701654,21.689327,100,38,43
8956.000530,29.286254,100,38,43
