Distance,Tx Power,Bandwidth,Subband BW,Subband Offset
9202.807275,47.007266,100,10,46
8657.049292,21.846939,100,10,46
4120.796781,15.664255,100,10,46
6744.187960,54.428188,100,10,46
3317.463177,40.069855,100,10,46
246.586476,23.239226,100,10,46
8890.113180,45.651087,100,10,46
3267.153304,27.841708,100,10,46
