Distance,Tx Power,Bandwidth,Subband BW,Subband Offset
306.868398,36.230247,25,20,3
3977.922180,56.033121,25,20,3
3629.008004,19.008136,25,20,3
3991.586166,36.114505,25,20,3
3332.266405,48.554049,25,20,3
6848.614766,25.268312,25,20,3
7603.183283,29.954194,25,20,3
3917.133420,43.835537,25,20,3
