Distance,Tx Power,Bandwidth,Subband BW,Subband Offset
5683.990842,19.985323,75,10,37
326.782224,26.769978,75,10,37
6601.502336,57.479647,75,10,37
635.811884,30.630076,75,10,37
511.241239,47.284004,75,10,37
9567.007879,37.205081,75,10,37
7086.709361,49.691568,75,10,37
8226.060103,17.544242,75,10,37
