Distance,Tx Power,Bandwidth,Subband BW,Subband Offset
4274.401494,31.876471,15,7,8
2017.126793,59.930110,15,7,8
8182.372959,25.132870,15,7,8
4188.960390,33.099334,15,7,8
1337.039786,21.460894,15,7,8
5405.145916,21.900738,15,7,8
1996.003439,38.404093,15,7,8
2712.465700,55.434589,15,7,8
