Distance,Tx Power,Bandwidth,Subband BW,Subband Offset
9772.606955,20.116874,75,36,14
2745.829319,19.493572,75,36,14
708.510105,50.299501,75,36,14
1772.134954,54.403346,75,36,14
6025.510168,39.927115,75,36,14
4385.251038,56.608056,75,36,14
9784.462875,39.108473,75,36,14
3023.477181,17.943451,75,36,14
