Distance,Tx Power,Bandwidth,Subband BW,Subband Offset
9704.077410,30.215762,100,17,79
179.691756,45.086880,100,17,79
1289.104371,34.717212,100,17,79
7050.218902,45.828518,100,17,79
3910.346482,26.446598,100,17,79
6048.122972,18.896025,100,17,79
6811.368584,24.023270,100,17,79
5772.691231,52.479346,100,17,79
