Distance,Tx Power,Bandwidth,Subband BW,Subband Offset
3779.923734,29.460958,50,6,41
2997.004840,47.477825,50,6,41
8283.949709,46.879313,50,6,41
6259.032122,27.789608,50,6,41
4890.473299,42.862580,50,6,41
3163.344703,37.986706,50,6,41
2061.756574,39.104004,50,6,41
577.267440,49.253591,50,6,41
