Distance,Tx Power,Bandwidth,Subband BW,Subband Offset
6131.520828,59.499314,50,42,2
8900.048591,16.991239,50,42,2
5867.312596,41.064583,50,42,2
8372.323229,49.067842,50,42,2
6539.131707,26.998010,50,42,2
1259.050031,24.542491,50,42,2
6539.498141,49.004885,50,42,2
6169.092429,15.600133,50,42,2
