Distance,Tx Power,Bandwidth,Subband BW,Subband Offset
7112.633334,41.008441,75,45,24
8343.808604,23.719249,75,45,24
8311.320272,58.134090,75,45,24
8163.389717,44.060437,75,45,24
6235.047614,34.870207,75,45,24
8342.746314,43.765922,75,45,24
5591.128397,26.930884,75,45,24
8627.213255,42.941778,75,45,24
