Distance,Tx Power,Bandwidth,Subband BW,Subband Offset
6991.879654,27.364675,100,77,22
279.157204,54.253247,100,77,22
8312.396921,40.887239,100,77,22
6542.560841,58.742267,100,77,22
2284.663219,20.965393,100,77,22
3494.424978,42.964899,100,77,22
1487.343898,45.143332,100,77,22
9378.035431,53.494108,100,77,22
