Distance,Tx Power,Bandwidth,Subband BW,Subband Offset
9752.014879,20.447841,50,22,13
1668.665246,20.213629,50,22,13
8045.186976,52.150606,50,22,13
9002.408723,36.659899,50,22,13
9381.752747,35.493293,50,22,13
9755.074773,58.334414,50,22,13
9007.316747,41.009402,50,22,13
4438.018148,46.364901,50,22,13
