Distance,Tx Power,Bandwidth,Subband BW,Subband Offset
6812.629247,49.513400,15,8,7
2796.727908,29.749933,15,8,7
2203.718249,16.655869,15,8,7
7093.713290,25.867011,15,8,7
6908.878379,59.304912,15,8,7
7982.305370,33.989311,15,8,7
5781.323810,18.759968,15,8,7
4389.883649,27.384030,15,8,7
