Distance,Tx Power,Bandwidth,Subband BW,Subband Offset
8672.261455,57.095240,100,16,12
4292.588844,56.488565,100,16,12
8229.419206,30.701660,100,16,12
6770.374330,23.043826,100,16,12
2972.957995,25.160485,100,16,12
1849.274719,40.583609,100,16,12
397.864616,46.347729,100,16,12
8885.436649,28.073058,100,16,12
