Distance,Tx Power,Bandwidth,Subband BW,Subband Offset
6816.643479,48.023539,100,49,38
6378.812764,17.001015,100,49,38
618.575455,20.812236,100,49,38
6801.317098,33.790890,100,49,38
9854.794226,30.587557,100,49,38
9753.881690,46.008522,100,49,38
1943.777031,26.140405,100,49,38
5791.836296,48.583027,100,49,38
