Distance,Tx Power,Bandwidth,Subband BW,Subband Offset
5772.292347,53.134371,100,11,78
1426.924425,59.075943,100,11,78
6451.848392,53.465576,100,11,78
8629.549113,54.146824,100,11,78
8694.066512,34.032832,100,11,78
5896.667460,35.252794,100,11,78
821.940778,30.997837,100,11,78
6858.821850,47.697187,100,11,78
