Distance,Tx Power,Bandwidth,Subband BW,Subband Offset
4297.619294,16.187024,50,20,29
9289.340644,58.977154,50,20,29
9690.164625,56.854613,50,20,29
2856.995732,37.639413,50,20,29
4735.843111,35.931133,50,20,29
172.352647,50.321166,50,20,29
2476.248970,25.760220,50,20,29
920.170292,35.031346,50,20,29
