Distance,Tx Power,Bandwidth,Subband BW,Subband Offset
7802.920998,48.394386,75,26,0
1971.493850,53.498243,75,26,0
9165.063256,22.531168,75,26,0
9507.428375,21.514336,75,26,0
8529.876567,25.687168,75,26,0
2278.223387,15.588693,75,26,0
902.814392,38.344823,75,26,0
675.949571,43.783556,75,26,0
