Distance,Tx Power,Bandwidth,Subband BW,Subband Offset
7774.829367,53.898929,15,8,5
9839.892101,50.539840,15,8,5
8653.723543,44.469296,15,8,5
7536.251048,45.388792,15,8,5
8989.687441,46.671504,15,8,5
6328.681929,50.505508,15,8,5
6731.111793,53.648869,15,8,5
5718.050487,39.277801,15,8,5
