Distance,Tx Power,Bandwidth,Subband BW,Subband Offset
3880.160196,30.953697,100,23,24
3762.351253,16.997827,100,23,24
3744.211949,38.821828,100,23,24
4898.075205,50.500466,100,23,24
7126.210072,18.775056,100,23,24
4965.060777,34.832033,100,23,24
9129.417221,16.561953,100,23,24
9727.978292,58.201106,100,23,24
