Distance,Tx Power,Bandwidth,Subband BW,Subband Offset
1761.786390,43.244236,100,61,17
3714.519183,54.659045,100,61,17
3633.235676,48.030894,100,61,17
1015.164237,27.967987,100,61,17
5301.932372,52.593183,100,61,17
3654.108026,25.202410,100,61,17
2321.174177,48.100283,100,61,17
4908.426867,18.602515,100,61,17
