Distance,Tx Power,Bandwidth,Subband BW,Subband Offset
7138.648343,37.209041,75,20,9
3153.310401,38.338718,75,20,9
1981.970334,37.034319,75,20,9
7704.414597,29.939626,75,20,9
9604.451165,33.452273,75,20,9
5835.283240,24.501155,75,20,9
7155.627641,43.151537,75,20,9
5036.716703,57.944416,75,20,9
