Distance,Tx Power,Bandwidth,Subband BW,Subband Offset
1093.251487,35.419373,75,49,10
5608.811527,26.407732,75,49,10
3147.454970,33.534116,75,49,10
8882.447066,52.794176,75,49,10
7099.073994,17.585432,75,49,10
577.388490,20.438677,75,49,10
7007.434942,16.350127,75,49,10
6542.765629,41.901595,75,49,10
