Distance,Tx Power,Bandwidth,Subband BW,Subband Offset
8221.992835,21.522092,100,85,14
6709.324458,41.110225,100,85,14
3513.595982,57.139209,100,85,14
7921.245076,47.175116,100,85,14
5830.215353,59.458314,100,85,14
1081.192373,50.291058,100,85,14
2530.759562,21.020891,100,85,14
7179.800355,26.431982,100,85,14
