Distance,Tx Power,Bandwidth,Subband BW,Subband Offset
7791.074916,49.072580,75,70,5
6245.916166,58.095502,75,70,5
6906.759659,41.563979,75,70,5
1489.377459,37.676546,75,70,5
1696.240448,55.164161,75,70,5
9776.487457,29.815033,75,70,5
6922.080785,35.063746,75,70,5
3904.447651,36.705671,75,70,5
