Distance,Tx Power,Bandwidth,Subband BW,Subband Offset
7596.967281,29.622634,100,11,14
2501.402407,44.022758,100,11,14
4581.852760,45.819467,100,11,14
1914.130978,16.501914,100,11,14
8111.706719,21.654126,100,11,14
7236.539594,27.056304,100,11,14
2470.928995,34.049010,100,11,14
9871.473169,59.696841,100,11,14
