Distance,Tx Power,Bandwidth,Subband BW,Subband Offset
5623.692223,46.204854,100,37,6
9977.622739,35.448336,100,37,6
1203.550164,56.989685,100,37,6
5137.663752,36.003780,100,37,6
2152.334414,37.951624,100,37,6
8586.977266,37.228605,100,37,6
8986.474788,20.867819,100,37,6
4456.921477,19.864548,100,37,6
