Distance,Tx Power,Bandwidth,Subband BW,Subband Offset
6815.334897,29.393993,15,8,4
966.034242,53.953544,15,8,4
4419.222060,46.348570,15,8,4
7008.497375,38.562180,15,8,4
1524.413745,56.795136,15,8,4
5700.539471,31.189654,15,8,4
3172.767314,56.052237,15,8,4
4069.459630,54.055853,15,8,4
