Distance,Tx Power,Bandwidth,Subband BW,Subband Offset
8684.599724,42.128065,100,10,62
5939.586601,40.858557,100,10,62
1780.738343,36.678351,100,10,62
4612.089745,36.157085,100,10,62
7546.955981,27.345150,100,10,62
6143.640278,21.602124,100,10,62
858.272611,22.064770,100,10,62
712.006303,19.993508,100,10,62
