Distance,Tx Power,Bandwidth,Subband BW,Subband Offset
7075.775356,56.124694,100,27,33
6776.611683,55.316496,100,27,33
8794.651400,36.288499,100,27,33
4597.383201,57.932806,100,27,33
490.175971,43.965034,100,27,33
4498.245009,26.150177,100,27,33
5884.728395,23.465565,100,27,33
6011.639930,32.099137,100,27,33
