Distance,Tx Power,Bandwidth,Subband BW,Subband Offset
8881.918842,39.320232,50,20,8
621.658669,35.807531,50,20,8
9699.094254,16.288919,50,20,8
1814.423630,45.381446,50,20,8
2091.267377,24.626143,50,20,8
7119.507966,33.546789,50,20,8
1883.267443,15.691435,50,20,8
5269.356337,27.540996,50,20,8
