Distance,Tx Power,Bandwidth,Subband BW,Subband Offset
5350.808323,53.748463,25,14,3
7239.888013,22.084592,25,14,3
1441.981336,21.286299,25,14,3
9991.428924,51.734019,25,14,3
7886.591758,48.684149,25,14,3
1601.831736,42.695770,25,14,3
5126.741350,38.199193,25,14,3
6642.250205,54.621126,25,14,3
