Distance,Tx Power,Bandwidth,Subband BW,Subband Offset
5019.822592,49.422442,15,6,1
5378.945012,42.833185,15,6,1
6151.076959,57.279835,15,6,1
8199.396617,44.212592,15,6,1
6198.944612,46.558185,15,6,1
8925.005521,15.095169,15,6,1
3084.235309,22.139083,15,6,1
6655.595507,45.541218,15,6,1
