Distance,Tx Power,Bandwidth,Subband BW,Subband Offset
7969.173494,16.695727,50,7,39
355.687247,59.797144,50,7,39
3331.507481,53.315725,50,7,39
867.547281,59.008147,50,7,39
7121.926589,27.627446,50,7,39
3548.603884,52.815006,50,7,39
5654.012950,39.147088,50,7,39
1632.851070,17.333931,50,7,39
