Distance,Tx Power,Bandwidth,Subband BW,Subband Offset
7767.839818,23.192099,75,7,20
3991.371344,30.357695,75,7,20
7678.800290,44.035759,75,7,20
4364.420877,30.715472,75,7,20
4022.520006,18.991820,75,7,20
7393.472130,17.432059,75,7,20
9064.771779,36.725169,75,7,20
5191.400165,26.815957,75,7,20
