Distance,Tx Power,Bandwidth,Subband BW,Subband Offset
6293.916349,24.946880,15,6,0
3394.975902,51.703739,15,6,0
3344.333531,17.454643,15,6,0
8487.419846,48.650195,15,6,0
8435.881000,38.535234,15,6,0
9077.571844,57.433833,15,6,0
6152.044536,40.182520,15,6,0
1428.279263,42.712116,15,6,0
