Distance,Tx Power,Bandwidth,Subband BW,Subband Offset
2794.219594,15.666120,75,35,37
6452.401485,56.416695,75,35,37
5577.090893,32.292625,75,35,37
6386.282715,40.905139,75,35,37
2817.711981,17.368731,75,35,37
9568.369192,22.137694,75,35,37
1845.877794,27.718920,75,35,37
6708.594821,19.687108,75,35,37
