Distance,Tx Power,Bandwidth,Subband BW,Subband Offset
2921.559872,30.141921,50,12,30
1824.588466,51.854006,50,12,30
1292.631439,18.908605,50,12,30
6897.193912,17.750403,50,12,30
4949.927793,26.133746,50,12,30
1766.774732,36.389809,50,12,30
5891.685305,21.272123,50,12,30
5823.485456,46.800932,50,12,30
