Distance,Tx Power,Bandwidth,Subband BW,Subband Offset
639.840432,51.653184,15,12,3
6274.831699,50.669954,15,12,3
5035.159989,49.789220,15,12,3
8129.871975,59.284751,15,12,3
6949.612645,49.701014,15,12,3
3183.317583,29.083716,15,12,3
2704.845104,19.057705,15,12,3
132.844195,29.148889,15,12,3
