Distance,Tx Power,Bandwidth,Subband BW,Subband Offset
7510.415010,50.197241,15,6,6
2084.768357,32.901231,15,6,6
4536.914819,55.619321,15,6,6
9190.543833,36.669139,15,6,6
4235.569610,34.850417,15,6,6
4474.318192,22.343667,15,6,6
5558.706873,45.557345,15,6,6
7927.043820,16.580980,15,6,6
