Distance,Tx Power,Bandwidth,Subband BW,Subband Offset
6590.285195,55.771195,50,24,0
2505.904520,48.450846,50,24,0
1936.853548,23.351328,50,24,0
5968.792995,48.638271,50,24,0
3289.935779,54.040602,50,24,0
5883.884790,57.720315,50,24,0
6473.935063,40.026468,50,24,0
2301.018948,33.345678,50,24,0
