Distance,Tx Power,Bandwidth,Subband BW,Subband Offset
4429.201296,16.906325,50,15,12
8330.503871,21.196756,50,15,12
5667.485439,55.879372,50,15,12
3704.337557,42.550222,50,15,12
5961.981996,36.277484,50,15,12
7294.534379,21.334968,50,15,12
6390.233811,55.488848,50,15,12
467.110172,30.997011,50,15,12
