Distance,Tx Power,Bandwidth,Subband BW,Subband Offset
3956.262183,25.822194,25,15,1
4778.665077,58.980143,25,15,1
2790.890871,23.377469,25,15,1
2949.778815,26.433467,25,15,1
3620.101313,24.774578,25,15,1
1278.935332,55.405169,25,15,1
2863.180182,43.273652,25,15,1
2269.596379,17.039562,25,15,1
