Distance,Tx Power,Bandwidth,Subband BW,Subband Offset
631.903640,20.394046,75,15,12
8573.179094,56.551266,75,15,12
7509.599396,55.335773,75,15,12
9809.982742,25.761228,75,15,12
4024.498062,43.614142,75,15,12
7034.239397,50.236918,75,15,12
285.163656,25.879389,75,15,12
9926.071634,31.978307,75,15,12
