Distance,Tx Power,Bandwidth,Subband BW,Subband Offset
8415.516466,29.100145,75,18,41
2254.080868,42.259228,75,18,41
6818.135426,52.722894,75,18,41
8320.312411,24.758148,75,18,41
2091.016780,32.353782,75,18,41
9779.324305,19.971129,75,18,41
1052.917594,53.455687,75,18,41
191.124773,47.454828,75,18,41
