Distance,Tx Power,Bandwidth,Subband BW,Subband Offset
3213.781134,38.067109,50,35,2
4184.052059,45.396040,50,35,2
2794.868239,55.947230,50,35,2
8560.567121,32.197214,50,35,2
8471.796264,46.400939,50,35,2
624.508446,34.655304,50,35,2
7069.538307,58.239239,50,35,2
6418.575277,50.902973,50,35,2
