Distance,Tx Power,Bandwidth,Subband BW,Subband Offset
6170.989739,39.486980,75,35,34
2972.625961,20.005353,75,35,34
6285.296577,34.368420,75,35,34
5319.533125,52.140854,75,35,34
128.599429,56.747118,75,35,34
3818.880692,56.740875,75,35,34
6936.826512,43.608326,75,35,34
2891.878211,45.404876,75,35,34
