Distance,Tx Power,Bandwidth,Subband BW,Subband Offset
1237.741450,45.721214,15,10,1
493.868275,53.590889,15,10,1
4726.255314,59.502669,15,10,1
234.675892,37.123303,15,10,1
9480.869081,34.036347,15,10,1
6635.333868,55.412497,15,10,1
6107.132698,57.892373,15,10,1
173.204230,15.964931,15,10,1
