Distance,Tx Power,Bandwidth,Subband BW,Subband Offset
7511.573091,43.762773,100,34,41
6919.678263,51.360873,100,34,41
1301.804874,31.503848,100,34,41
5012.956529,33.661860,100,34,41
4083.348766,33.843367,100,34,41
6152.259925,26.982535,100,34,41
7793.214121,55.215788,100,34,41
7636.155822,20.264340,100,34,41
