Distance,Tx Power,Bandwidth,Subband BW,Subband Offset
6411.447187,28.093091,100,34,19
3470.521145,41.017048,100,34,19
9611.500939,19.695724,100,34,19
1056.883281,16.783919,100,34,19
7070.993718,47.133107,100,34,19
8738.146115,27.404512,100,34,19
4669.780263,43.422078,100,34,19
6374.460155,43.527322,100,34,19
