Distance,Tx Power,Bandwidth,Subband BW,Subband Offset
886.032820,32.285621,25,11,9
3809.988893,29.921758,25,11,9
8359.496377,37.316972,25,11,9
4755.092226,28.811821,25,11,9
9212.198439,36.868330,25,11,9
1800.842702,20.038965,25,11,9
3057.537440,40.066198,25,11,9
3397.040811,45.308392,25,11,9
