Distance,Tx Power,Bandwidth,Subband BW,Subband Offset
9547.831117,35.102240,100,24,51
6678.153005,21.530399,100,24,51
1666.238217,28.460361,100,24,51
5206.789745,15.700197,100,24,51
7025.148405,47.588536,100,24,51
8742.053669,59.414036,100,24,51
7254.141943,25.716110,100,24,51
2647.259731,27.924055,100,24,51
