Distance,Tx Power,Bandwidth,Subband BW,Subband Offset
984.574571,27.600633,25,12,1
5545.977790,49.218266,25,12,1
9404.945137,49.416328,25,12,1
7681.886679,41.194505,25,12,1
9038.780820,46.316203,25,12,1
5818.397298,37.939062,25,12,1
9335.940489,32.886996,25,12,1
4791.346633,17.748410,25,12,1
