Distance,Tx Power,Bandwidth,Subband BW,Subband Offset
3092.188563,48.649798,50,12,20
3637.090161,36.374544,50,12,20
7893.541314,58.412324,50,12,20
7614.169583,23.135423,50,12,20
8206.093159,22.369669,50,12,20
7151.169249,33.633405,50,12,20
9390.123954,41.058978,50,12,20
7206.677677,57.338686,50,12,20
