Distance,Tx Power,Bandwidth,Subband BW,Subband Offset
2230.107433,33.555012,15,7,5
4950.432265,15.528184,15,7,5
6808.240226,34.545325,15,7,5
6106.526026,49.766337,15,7,5
4631.403296,47.316146,15,7,5
695.255415,45.189591,15,7,5
4642.031408,52.555733,15,7,5
885.888448,32.518346,15,7,5
