Distance,Tx Power,Bandwidth,Subband BW,Subband Offset
607.804837,37.412973,25,17,0
9828.779957,40.563774,25,17,0
6132.995045,27.599352,25,17,0
620.429198,54.929031,25,17,0
4778.582046,34.370018,25,17,0
6705.544540,26.564190,25,17,0
3887.212129,34.656401,25,17,0
2776.945726,52.288087,25,17,0
