Distance,Tx Power,Bandwidth,Subband BW,Subband Offset
8913.145240,17.256924,25,14,3
9708.335049,37.102756,25,14,3
6521.119928,32.650126,25,14,3
1247.699200,25.024315,25,14,3
2672.211231,47.549445,25,14,3
8052.463500,17.170392,25,14,3
1497.404791,34.258489,25,14,3
8520.028692,48.832556,25,14,3
