Distance,Tx Power,Bandwidth,Subband BW,Subband Offset
2114.764957,45.567951,50,17,8
409.274584,51.738993,50,17,8
7309.367010,57.349503,50,17,8
8539.835921,55.691178,50,17,8
799.363872,55.024758,50,17,8
1846.140350,40.424595,50,17,8
7764.418512,28.695094,50,17,8
9927.080112,16.509230,50,17,8
