Distance,Tx Power,Bandwidth,Subband BW,Subband Offset
6066.289709,50.217433,50,13,24
1207.437616,58.668433,50,13,24
7487.181875,41.345394,50,13,24
104.737188,46.902673,50,13,24
3166.281910,42.234268,50,13,24
9478.791660,22.836680,50,13,24
5963.845956,31.964489,50,13,24
5304.316660,32.239994,50,13,24
