Distance,Tx Power,Bandwidth,Subband BW,Subband Offset
2957.473958,58.766433,15,8,3
5480.304618,49.544858,15,8,3
2433.565881,28.111528,15,8,3
1364.689375,46.497980,15,8,3
4116.456013,31.002625,15,8,3
2711.710426,37.978082,15,8,3
2486.347541,57.641971,15,8,3
1697.791268,56.689199,15,8,3
