Distance,Tx Power,Bandwidth,Subband BW,Subband Offset
9298.850334,58.708392,100,8,24
8163.611470,28.452013,100,8,24
8738.140558,38.105043,100,8,24
9017.830808,43.627351,100,8,24
812.155551,22.222853,100,8,24
2495.319165,47.980779,100,8,24
3098.641876,35.046933,100,8,24
1722.844771,52.059102,100,8,24
