Distance,Tx Power,Bandwidth,Subband BW,Subband Offset
1420.404816,31.167509,50,9,31
1252.203295,43.967680,50,9,31
258.393989,29.645861,50,9,31
9072.401291,55.849543,50,9,31
9765.245727,18.472441,50,9,31
2704.828306,17.862940,50,9,31
3838.065700,50.993496,50,9,31
8516.101377,59.099578,50,9,31
