Distance,Tx Power,Bandwidth,Subband BW,Subband Offset
8462.696202,58.498446,100,29,69
2325.004813,44.357078,100,29,69
9685.876806,41.762395,100,29,69
9148.293633,40.324761,100,29,69
460.171178,18.000239,100,29,69
3469.164573,59.689059,100,29,69
2960.308464,58.115180,100,29,69
3813.299801,53.260447,100,29,69
