Distance,Tx Power,Bandwidth,Subband BW,Subband Offset
1207.012082,45.445519,50,7,24
2403.160943,16.285461,50,7,24
9953.613235,47.519462,50,7,24
9451.369579,54.378277,50,7,24
7962.606093,55.126932,50,7,24
7608.821838,20.790045,50,7,24
5032.429371,29.550015,50,7,24
2918.375586,48.366089,50,7,24
