Distance,Tx Power,Bandwidth,Subband BW,Subband Offset
1980.250827,27.357861,15,7,8
2638.933736,28.709493,15,7,8
2749.222958,58.751008,15,7,8
675.693813,15.949815,15,7,8
8352.543598,40.771457,15,7,8
8589.532416,38.731769,15,7,8
1564.820889,45.800346,15,7,8
719.334683,24.785264,15,7,8
