Distance,Tx Power,Bandwidth,Subband BW,Subband Offset
5392.185542,21.292199,75,6,10
7766.659690,29.210647,75,6,10
9538.123515,30.649861,75,6,10
2714.291308,52.744621,75,6,10
4275.661696,31.389743,75,6,10
9379.292021,53.930866,75,6,10
3679.675802,32.482078,75,6,10
988.941422,19.808896,75,6,10
