Distance,Tx Power,Bandwidth,Subband BW,Subband Offset
9885.759134,18.955386,75,15,23
7413.832579,57.443315,75,15,23
5524.615352,37.895341,75,15,23
5444.250627,20.313161,75,15,23
5941.434810,43.462353,75,15,23
4495.437706,39.246273,75,15,23
1808.759298,32.211506,75,15,23
3496.165726,18.301096,75,15,23
