Distance,Tx Power,Bandwidth,Subband BW,Subband Offset
880.670589,15.556058,15,12,2
9070.465179,25.619832,15,12,2
3565.519374,56.966756,15,12,2
453.614481,44.630744,15,12,2
676.942034,27.212529,15,12,2
1756.261024,55.766597,15,12,2
4168.751758,51.163687,15,12,2
6741.054320,41.133768,15,12,2
