Distance,Tx Power,Bandwidth,Subband BW,Subband Offset
2314.070884,34.655181,15,7,2
8241.956859,42.518350,15,7,2
5767.064235,26.984368,15,7,2
7926.606983,57.815983,15,7,2
4717.421348,54.737723,15,7,2
7158.365582,36.198506,15,7,2
9161.288840,47.230042,15,7,2
7259.061877,27.278511,15,7,2
