Distance,Tx Power,Bandwidth,Subband BW,Subband Offset
2590.879300,50.302827,100,8,17
4344.718409,53.555806,100,8,17
9037.106648,18.201648,100,8,17
8639.549500,26.006489,100,8,17
1993.710018,40.301019,100,8,17
7076.235049,39.260335,100,8,17
7333.262670,36.197242,100,8,17
5967.275814,24.582173,100,8,17
