Distance,Tx Power,Bandwidth,Subband BW,Subband Offset
967.103221,51.219866,100,22,76
7243.460001,56.759202,100,22,76
5763.315969,58.867255,100,22,76
5533.362338,37.516131,100,22,76
1529.974435,45.578468,100,22,76
3760.147004,55.225725,100,22,76
4569.483899,46.355801,100,22,76
2539.437295,36.659625,100,22,76
