Distance,Tx Power,Bandwidth,Subband BW,Subband Offset
2590.128303,19.907840,50,14,10
3118.407232,16.505059,50,14,10
1425.544737,34.794502,50,14,10
3662.439099,50.008821,50,14,10
1776.786155,52.495211,50,14,10
4150.520770,57.077848,50,14,10
7230.224238,21.517837,50,14,10
9984.354532,56.534103,50,14,10
