Distance,Tx Power,Bandwidth,Subband BW,Subband Offset
3859.246630,15.419390,100,30,18
7142.777247,15.508890,100,30,18
5621.934994,53.996666,100,30,18
9346.738026,16.226509,100,30,18
2850.431608,33.874892,100,30,18
5361.229842,26.361307,100,30,18
9712.543155,51.242630,100,30,18
4155.383930,36.291370,100,30,18
