Distance,Tx Power,Bandwidth,Subband BW,Subband Offset
7199.834837,23.651799,25,18,2
2324.490800,45.819656,25,18,2
3643.769304,40.698263,25,18,2
4534.777018,18.972036,25,18,2
5602.167798,16.646764,25,18,2
7169.792178,48.443037,25,18,2
7418.611071,41.907710,25,18,2
7006.151802,30.461117,25,18,2
