Distance,Tx Power,Bandwidth,Subband BW,Subband Offset
8590.979115,48.821315,50,18,1
5684.069812,51.714735,50,18,1
4698.663187,26.078749,50,18,1
2184.502830,47.669659,50,18,1
1067.779305,55.439136,50,18,1
8925.596633,28.294594,50,18,1
4391.972584,20.437213,50,18,1
5899.107365,21.823605,50,18,1
