Distance,Tx Power,Bandwidth,Subband BW,Subband Offset
7637.955107,51.881497,25,10,1
6358.669556,39.338907,25,10,1
2277.923066,28.492900,25,10,1
1556.234525,39.004950,25,10,1
7519.339451,23.928013,25,10,1
5927.264072,15.766779,25,10,1
3137.252806,25.388706,25,10,1
5889.376694,32.829631,25,10,1
