Distance,Tx Power,Bandwidth,Subband BW,Subband Offset
9904.443462,30.364946,15,7,3
7091.716948,37.695631,15,7,3
7994.390424,43.952854,15,7,3
5006.995178,44.222389,15,7,3
6017.089849,46.388806,15,7,3
6519.526335,37.022573,15,7,3
5383.624152,21.522147,15,7,3
593.940681,53.465039,15,7,3
