Distance,Tx Power,Bandwidth,Subband BW,Subband Offset
6873.446192,25.190350,100,78,9
9397.539415,39.814823,100,78,9
8755.055122,40.799136,100,78,9
1776.976898,31.482510,100,78,9
1332.973432,38.477630,100,78,9
5446.536702,54.072818,100,78,9
3728.778992,27.637109,100,78,9
3575.650488,37.724212,100,78,9
