Distance,Tx Power,Bandwidth,Subband BW,Subband Offset
8884.557370,47.163562,100,13,21
1224.295227,44.356295,100,13,21
9857.624501,56.810457,100,13,21
3385.762898,43.789055,100,13,21
2771.273048,56.278934,100,13,21
3370.755665,27.578513,100,13,21
4078.259377,18.351291,100,13,21
9768.623949,58.895953,100,13,21
