Distance,Tx Power,Bandwidth,Subband BW,Subband Offset
3858.201279,18.422208,50,20,13
6271.902498,34.602220,50,20,13
3133.360419,52.873554,50,20,13
2770.831613,59.018549,50,20,13
737.391301,33.804634,50,20,13
9134.160651,34.325811,50,20,13
3848.136123,23.932333,50,20,13
4723.321202,26.239774,50,20,13
