Distance,Tx Power,Bandwidth,Subband BW,Subband Offset
5412.198070,21.001044,100,64,9
6095.386566,59.479175,100,64,9
3777.351854,53.353500,100,64,9
2232.312781,31.467320,100,64,9
1739.481634,16.875621,100,64,9
8118.429573,18.967932,100,64,9
7211.450658,22.598154,100,64,9
4900.134975,42.598876,100,64,9
