Distance,Tx Power,Bandwidth,Subband BW,Subband Offset
1635.840375,22.717493,50,38,11
9606.356759,42.530934,50,38,11
6865.880775,51.638830,50,38,11
2193.620901,53.531830,50,38,11
8191.662334,58.285373,50,38,11
1897.235991,59.868695,50,38,11
176.363992,26.299329,50,38,11
8542.573550,51.566779,50,38,11
