Distance,Tx Power,Bandwidth,Subband BW,Subband Offset
9946.277655,34.201562,25,6,1
5750.831285,41.057171,25,6,1
1468.736594,19.802761,25,6,1
2928.988091,49.444916,25,6,1
2055.586589,49.060853,25,6,1
7071.486108,37.134790,25,6,1
4167.661839,37.173119,25,6,1
8797.368540,39.943367,25,6,1
