Distance,Tx Power,Bandwidth,Subband BW,Subband Offset
2607.033567,27.705011,15,6,8
4080.070688,56.041930,15,6,8
5111.413407,56.628398,15,6,8
580.907170,50.480272,15,6,8
5047.743494,15.009748,15,6,8
3894.285743,54.811197,15,6,8
8597.012198,25.240357,15,6,8
5348.427247,30.528574,15,6,8
