Distance,Tx Power,Bandwidth,Subband BW,Subband Offset
548.510628,43.699869,100,39,39
5151.083035,21.481710,100,39,39
1782.714029,38.485818,100,39,39
6837.629154,40.666253,100,39,39
1340.682114,53.003953,100,39,39
7253.278533,28.957085,100,39,39
7008.301161,29.535572,100,39,39
5705.783339,48.990012,100,39,39
