Distance,Tx Power,Bandwidth,Subband BW,Subband Offset
6038.205095,24.203067,75,22,18
5188.706134,54.106355,75,22,18
4869.222973,38.710937,75,22,18
4936.669542,25.069828,75,22,18
3072.477762,53.128235,75,22,18
7382.312439,44.618103,75,22,18
4754.525577,58.861087,75,22,18
299.302788,26.334210,75,22,18
