Distance,Tx Power,Bandwidth,Subband BW,Subband Offset
4885.243068,28.471988,75,15,44
4827.776040,38.336319,75,15,44
7684.025884,58.670007,75,15,44
312.356028,23.884946,75,15,44
5063.238864,54.314386,75,15,44
3615.072849,44.402039,75,15,44
514.623414,57.934475,75,15,44
3170.610467,30.496510,75,15,44
