Distance,Tx Power,Bandwidth,Subband BW,Subband Offset
733.091940,22.342803,75,18,51
5948.120062,21.292533,75,18,51
5356.828679,29.260502,75,18,51
1631.098253,20.271611,75,18,51
5313.090038,42.024932,75,18,51
9730.512412,21.630602,75,18,51
4577.722174,55.359228,75,18,51
8415.744507,45.942100,75,18,51
