Distance,Tx Power,Bandwidth,Subband BW,Subband Offset
8147.571840,29.222270,50,27,15
3937.130677,17.051392,50,27,15
8214.889138,41.391222,50,27,15
2246.469210,51.098659,50,27,15
4690.604090,47.349695,50,27,15
2844.082367,26.268225,50,27,15
9047.549459,15.569350,50,27,15
9644.128569,33.013500,50,27,15
