Distance,Tx Power,Bandwidth,Subband BW,Subband Offset
3904.215102,56.687777,15,8,2
4536.421745,38.214705,15,8,2
5291.899269,39.429135,15,8,2
2442.736498,32.329201,15,8,2
1415.240936,27.785140,15,8,2
8256.050384,45.065486,15,8,2
3419.889752,45.491377,15,8,2
2901.746023,27.572944,15,8,2
