Distance,Tx Power,Bandwidth,Subband BW,Subband Offset
7262.270762,32.509587,100,12,29
6493.353276,32.847525,100,12,29
4271.641808,57.229738,100,12,29
4857.205200,28.467473,100,12,29
4035.257821,28.903006,100,12,29
2053.960115,34.338854,100,12,29
4652.010044,20.255596,100,12,29
7103.931487,47.639645,100,12,29
