Distance,Tx Power,Bandwidth,Subband BW,Subband Offset
4465.406861,37.134604,50,41,5
7957.117986,44.748031,50,41,5
6409.167270,59.591089,50,41,5
910.381544,55.381833,50,41,5
2752.570048,59.164529,50,41,5
2332.223104,48.810937,50,41,5
7724.726333,21.374227,50,41,5
711.251257,51.789744,50,41,5
