Distance,Tx Power,Bandwidth,Subband BW,Subband Offset
6145.307968,43.590419,15,11,4
265.089391,33.355788,15,11,4
1115.448004,21.534172,15,11,4
1747.519925,27.747796,15,11,4
5735.428230,58.967927,15,11,4
7691.868869,52.337074,15,11,4
6252.748990,56.514688,15,11,4
8164.334482,50.608182,15,11,4
