Distance,Tx Power,Bandwidth,Subband BW,Subband Offset
8002.167319,42.975563,50,40,4
2894.784462,45.002630,50,40,4
4724.620605,55.179647,50,40,4
8216.639645,37.391800,50,40,4
4486.947490,48.149467,50,40,4
1666.832911,53.528502,50,40,4
4608.644013,34.094891,50,40,4
1058.887879,18.490705,50,40,4
