Distance,Tx Power,Bandwidth,Subband BW,Subband Offset
6761.583960,40.003976,75,25,27
5289.108586,50.400320,75,25,27
3718.596721,28.566638,75,25,27
909.868837,34.603444,75,25,27
8561.933129,22.934699,75,25,27
3336.760474,51.582934,75,25,27
1497.832080,42.068209,75,25,27
5105.393413,52.070744,75,25,27
