Distance,Tx Power,Bandwidth,Subband BW,Subband Offset
9865.065898,57.679628,50,12,16
2296.703862,40.769008,50,12,16
5852.846929,45.388438,50,12,16
4707.943319,27.792487,50,12,16
3207.923307,51.147238,50,12,16
4962.531439,25.946071,50,12,16
6785.685441,51.148535,50,12,16
5553.976326,16.741494,50,12,16
