Distance,Tx Power,Bandwidth,Subband BW,Subband Offset
2799.147342,51.087970,100,30,25
2721.307041,33.041226,100,30,25
4592.238529,43.719061,100,30,25
1946.385512,37.016098,100,30,25
9206.236697,46.119108,100,30,25
2965.391957,39.659312,100,30,25
2456.712935,33.247502,100,30,25
6471.113233,55.408721,100,30,25
