Distance,Tx Power,Bandwidth,Subband BW,Subband Offset
7887.684406,22.527086,15,12,1
9676.065675,43.437667,15,12,1
3910.231092,22.654165,15,12,1
530.473483,32.742273,15,12,1
5875.177570,44.326031,15,12,1
6234.477825,47.354692,15,12,1
8193.925312,40.126797,15,12,1
9974.416849,47.927694,15,12,1
