Distance,Tx Power,Bandwidth,Subband BW,Subband Offset
6653.802920,26.000501,75,41,6
4482.477371,33.424919,75,41,6
1593.781158,59.645234,75,41,6
976.324787,25.294138,75,41,6
9430.987317,31.575616,75,41,6
2730.895771,31.784055,75,41,6
8316.762948,50.750882,75,41,6
4446.478575,48.990938,75,41,6
