Distance,Tx Power,Bandwidth,Subband BW,Subband Offset
2609.251826,42.948645,25,11,7
4535.569516,42.131675,25,11,7
1256.916527,52.440853,25,11,7
6801.630756,37.098367,25,11,7
7076.202338,20.863229,25,11,7
9491.526460,25.759512,25,11,7
8945.188094,34.724641,25,11,7
3718.892039,40.265739,25,11,7
