Distance,Tx Power,Bandwidth,Subband BW,Subband Offset
9196.250123,45.287992,50,6,29
1728.922260,28.316589,50,6,29
2392.112783,17.270874,50,6,29
9331.380139,39.381042,50,6,29
2521.185103,58.649264,50,6,29
8984.892805,42.428647,50,6,29
5990.518422,42.206527,50,6,29
3614.655155,52.496037,50,6,29
