Distance,Tx Power,Bandwidth,Subband BW,Subband Offset
6580.325370,32.178732,75,11,37
1824.949954,46.378065,75,11,37
3415.400195,41.013929,75,11,37
2511.408108,59.635147,75,11,37
4635.893360,25.072449,75,11,37
1344.459068,41.712721,75,11,37
9951.879286,31.099612,75,11,37
2030.068017,28.627210,75,11,37
