Distance,Tx Power,Bandwidth,Subband BW,Subband Offset
5186.001154,53.253638,15,11,3
3829.656175,34.703463,15,11,3
2591.812073,58.273393,15,11,3
2834.645480,46.557645,15,11,3
8723.047269,19.713401,15,11,3
3880.573626,20.018862,15,11,3
3610.988414,17.370749,15,11,3
9554.018986,24.570987,15,11,3
