Distance,Tx Power,Bandwidth,Subband BW,Subband Offset
2837.469672,24.133607,15,13,1
9518.701970,46.064841,15,13,1
6867.398705,45.877283,15,13,1
7691.882686,55.993478,15,13,1
8813.033281,27.810947,15,13,1
4263.942027,59.571240,15,13,1
9791.967744,32.138374,15,13,1
8549.688114,23.048568,15,13,1
