Distance,Tx Power,Bandwidth,Subband BW,Subband Offset
300.533172,39.530504,75,20,46
2160.078764,38.407761,75,20,46
6826.887008,28.939928,75,20,46
211.795740,34.331759,75,20,46
5075.754551,16.344137,75,20,46
4484.542039,54.950426,75,20,46
4255.131327,49.334673,75,20,46
757.371967,15.044401,75,20,46
