Distance,Tx Power,Bandwidth,Subband BW,Subband Offset
3283.205804,17.831973,100,37,59
7085.659672,18.569036,100,37,59
650.649472,37.298100,100,37,59
5071.609081,42.231319,100,37,59
7345.799154,58.584725,100,37,59
1272.753173,42.839306,100,37,59
8456.109695,47.771166,100,37,59
4472.940526,31.333818,100,37,59
