Distance,Tx Power,Bandwidth,Subband BW,Subband Offset
9828.285778,31.738882,50,35,1
3462.370392,39.882345,50,35,1
8971.214811,27.747380,50,35,1
2859.778663,37.101869,50,35,1
5750.280594,34.306282,50,35,1
1014.137138,16.841784,50,35,1
893.068022,44.801912,50,35,1
7508.674035,35.454237,50,35,1
