Distance,Tx Power,Bandwidth,Subband BW,Subband Offset
2993.401851,20.204078,100,49,15
5666.349753,25.184419,100,49,15
2163.270349,44.085168,100,49,15
5054.797171,51.032269,100,49,15
6249.612608,35.825975,100,49,15
1446.571035,18.517560,100,49,15
3860.952436,49.085511,100,49,15
1591.944707,31.520708,100,49,15
