Distance,Tx Power,Bandwidth,Subband BW,Subband Offset
3804.339528,37.228557,25,18,1
5966.805255,51.885675,25,18,1
9649.423107,34.863510,25,18,1
6781.463250,18.139178,25,18,1
4205.914817,58.850906,25,18,1
3513.593573,43.775878,25,18,1
4380.894390,59.104657,25,18,1
3101.599757,50.731046,25,18,1
