Distance,Tx Power,Bandwidth,Subband BW,Subband Offset
3495.974607,43.199535,15,10,3
5194.977131,24.144668,15,10,3
1062.613297,23.875652,15,10,3
2265.320622,20.163566,15,10,3
7659.125613,32.440929,15,10,3
1910.449915,33.169382,15,10,3
3790.850966,22.867485,15,10,3
4597.023610,46.360767,15,10,3
