Distance,Tx Power,Bandwidth,Subband BW,Subband Offset
2024.171059,57.946585,50,31,8
3190.065705,25.876563,50,31,8
6736.575455,33.445163,50,31,8
3060.086716,31.177971,50,31,8
8704.715439,33.470026,50,31,8
8741.441025,39.047990,50,31,8
9002.976405,44.081158,50,31,8
5723.434752,46.033230,50,31,8
