Distance,Tx Power,Bandwidth,Subband BW,Subband Offset
9453.500759,43.471260,50,24,24
826.726500,23.416120,50,24,24
1808.560542,50.840488,50,24,24
6137.269950,47.382327,50,24,24
2295.892541,56.629067,50,24,24
7478.465572,30.191514,50,24,24
4576.379143,40.845072,50,24,24
6094.730206,21.765417,50,24,24
