Distance,Tx Power,Bandwidth,Subband BW,Subband Offset
8026.290836,51.634668,15,7,7
3323.502978,20.089126,15,7,7
9883.507480,27.552154,15,7,7
7372.892630,46.216903,15,7,7
3632.163729,26.310013,15,7,7
5230.418195,49.247671,15,7,7
5532.526639,40.055849,15,7,7
6983.535472,31.227579,15,7,7
