Distance,Tx Power,Bandwidth,Subband BW,Subband Offset
925.547997,45.568111,50,27,10
344.086309,50.720756,50,27,10
6161.358083,34.144726,50,27,10
4869.400419,45.829689,50,27,10
8059.245821,16.045856,50,27,10
3873.076839,27.735644,50,27,10
1321.077550,27.475420,50,27,10
2814.928388,51.336092,50,27,10
