Distance,Tx Power,Bandwidth,Subband BW,Subband Offset
5129.009234,36.033144,15,6,4
9311.675125,33.960317,15,6,4
1426.598446,44.763963,15,6,4
9139.260830,26.640547,15,6,4
1948.082987,40.597923,15,6,4
6395.940463,54.014192,15,6,4
1451.686064,51.551215,15,6,4
6290.428683,42.434304,15,6,4
