Distance,Tx Power,Bandwidth,Subband BW,Subband Offset
3789.911983,24.188616,25,20,4
9980.547445,37.365028,25,20,4
5916.573750,54.626642,25,20,4
5047.401853,17.372263,25,20,4
4539.199119,54.349783,25,20,4
9370.307716,56.357187,25,20,4
505.662773,49.465782,25,20,4
9831.177428,15.213954,25,20,4
