Distance,Tx Power,Bandwidth,Subband BW,Subband Offset
5679.146805,49.002734,75,35,31
7091.554089,48.069965,75,35,31
2365.797814,26.766994,75,35,31
7557.997242,25.632237,75,35,31
616.073333,45.171892,75,35,31
1488.532370,43.242151,75,35,31
7466.604675,56.826345,75,35,31
1063.491029,44.027096,75,35,31
