Distance,Tx Power,Bandwidth,Subband BW,Subband Offset
8603.100415,23.800718,100,28,31
4987.490184,45.578081,100,28,31
5486.984229,45.013670,100,28,31
8454.794394,42.636134,100,28,31
5246.447361,30.421454,100,28,31
8962.630796,47.333294,100,28,31
2471.677380,22.264632,100,28,31
9454.147163,45.874556,100,28,31
