Distance,Tx Power,Bandwidth,Subband BW,Subband Offset
4291.687194,32.224585,50,45,5
3007.132598,33.061170,50,45,5
8227.203500,31.422288,50,45,5
5816.217891,17.370267,50,45,5
2979.002297,26.958465,50,45,5
258.828639,34.930573,50,45,5
4978.896579,38.458343,50,45,5
3881.177413,15.986664,50,45,5
