Distance,Tx Power,Bandwidth,Subband BW,Subband Offset
5623.087856,37.457130,100,43,26
7475.427917,15.454646,100,43,26
6073.453203,29.712200,100,43,26
6250.343653,58.614645,100,43,26
7391.620814,40.966858,100,43,26
368.110860,57.471974,100,43,26
5694.710782,49.008730,100,43,26
9527.186994,36.471175,100,43,26
