Distance,Tx Power,Bandwidth,Subband BW,Subband Offset
8375.621709,36.178122,50,31,9
145.712339,33.708569,50,31,9
5441.050691,31.413329,50,31,9
5215.152581,34.885915,50,31,9
9221.715660,35.705447,50,31,9
5456.172072,33.226619,50,31,9
9635.114566,45.976933,50,31,9
2646.167117,23.750223,50,31,9
