Distance,Tx Power,Bandwidth,Subband BW,Subband Offset
8747.036501,21.050169,50,8,0
9003.517512,28.212378,50,8,0
2139.377847,32.148052,50,8,0
7424.232525,29.779513,50,8,0
8000.304083,19.915439,50,8,0
2286.738764,35.906587,50,8,0
3561.057776,57.263872,50,8,0
9290.555230,21.143546,50,8,0
