Distance,Tx Power,Bandwidth,Subband BW,Subband Offset
3955.207244,54.719537,15,7,7
521.824985,53.201758,15,7,7
7846.955270,16.094212,15,7,7
6998.660616,29.521132,15,7,7
2714.595231,48.743320,15,7,7
7448.555558,52.729449,15,7,7
9322.429974,27.284422,15,7,7
3234.401063,52.807810,15,7,7
