Distance,Tx Power,Bandwidth,Subband BW,Subband Offset
4297.146819,16.856377,25,9,16
8082.061982,36.071410,25,9,16
6980.791298,23.498442,25,9,16
9417.318545,37.708484,25,9,16
5902.828128,57.600137,25,9,16
1326.282216,18.568714,25,9,16
9294.881588,39.799683,25,9,16
472.152220,48.455794,25,9,16
