Distance,Tx Power,Bandwidth,Subband BW,Subband Offset
4543.452943,56.213867,15,7,7
8322.417371,40.757135,15,7,7
9467.645106,41.766578,15,7,7
8995.618514,56.258358,15,7,7
8635.812731,45.062577,15,7,7
886.150162,47.657742,15,7,7
7152.556289,32.176590,15,7,7
4205.259544,17.119008,15,7,7
