Distance,Tx Power,Bandwidth,Subband BW,Subband Offset
5904.746959,37.074783,25,14,6
6176.411530,35.269950,25,14,6
1653.168912,29.186770,25,14,6
3570.756502,58.231701,25,14,6
6365.339628,48.474354,25,14,6
3735.238593,38.652457,25,14,6
9073.130903,28.476046,25,14,6
721.590253,19.783537,25,14,6
