Distance,Tx Power,Bandwidth,Subband BW,Subband Offset
8328.356819,49.518716,50,10,11
5953.983495,35.638394,50,10,11
4642.002737,40.573061,50,10,11
3387.603029,42.263065,50,10,11
5288.047137,34.929650,50,10,11
5607.285277,58.653963,50,10,11
7142.462255,17.070358,50,10,11
2961.885133,48.804554,50,10,11
