Distance,Tx Power,Bandwidth,Subband BW,Subband Offset
1516.530446,56.905885,50,8,41
7994.079699,42.408931,50,8,41
1623.061032,48.185443,50,8,41
3119.366448,56.413734,50,8,41
9908.162617,15.916204,50,8,41
5666.483606,56.423535,50,8,41
4000.207902,56.470956,50,8,41
2578.860969,20.631504,50,8,41
