Distance,Tx Power,Bandwidth,Subband BW,Subband Offset
5141.249100,40.816849,100,73,9
7324.823261,24.655430,100,73,9
6679.233398,20.516471,100,73,9
7353.631649,41.979870,100,73,9
7721.701242,31.887563,100,73,9
5720.907588,41.266709,100,73,9
3060.522257,58.553158,100,73,9
4822.896260,27.722128,100,73,9
