Distance,Tx Power,Bandwidth,Subband BW,Subband Offset
588.796135,45.810406,50,8,2
2135.478447,59.829398,50,8,2
426.799513,27.994232,50,8,2
1829.056209,43.769114,50,8,2
3052.765388,31.884578,50,8,2
8986.461394,53.936020,50,8,2
3322.678858,42.338088,50,8,2
8267.597527,47.002790,50,8,2
