Distance,Tx Power,Bandwidth,Subband BW,Subband Offset
1970.022514,30.458549,25,21,3
3425.207729,23.723414,25,21,3
1942.924596,28.536454,25,21,3
8381.661599,18.537141,25,21,3
5968.000235,18.657636,25,21,3
8109.155028,48.652126,25,21,3
3312.648879,53.351836,25,21,3
9926.244198,37.830957,25,21,3
