Distance,Tx Power,Bandwidth,Subband BW,Subband Offset
6552.322038,56.900510,75,6,60
4017.094078,49.430746,75,6,60
7102.719708,46.978435,75,6,60
769.120108,26.892189,75,6,60
8370.902328,22.908748,75,6,60
1126.814937,57.697099,75,6,60
8563.161120,43.476473,75,6,60
6803.097783,51.408377,75,6,60
