Distance,Tx Power,Bandwidth,Subband BW,Subband Offset
4284.570164,49.356729,75,51,10
8066.226810,46.056806,75,51,10
1592.251264,19.492845,75,51,10
7831.120247,49.186995,75,51,10
803.944798,31.925595,75,51,10
8934.298461,49.896399,75,51,10
5198.084295,32.660988,75,51,10
2891.022274,51.722208,75,51,10
