Distance,Tx Power,Bandwidth,Subband BW,Subband Offset
6968.434918,32.409484,100,8,42
5679.914287,51.292071,100,8,42
7415.654886,44.375054,100,8,42
4944.716146,25.653415,100,8,42
912.669973,34.397607,100,8,42
2311.339192,36.115930,100,8,42
7478.446884,39.406930,100,8,42
5417.043890,46.061283,100,8,42
