Distance,Tx Power,Bandwidth,Subband BW,Subband Offset
3981.611903,51.520719,75,43,11
5357.872603,39.323035,75,43,11
8656.476325,41.768019,75,43,11
6152.948930,53.084275,75,43,11
5743.800815,59.219201,75,43,11
8363.849974,58.443544,75,43,11
1653.279316,53.524917,75,43,11
6060.670791,17.427158,75,43,11
