Distance,Tx Power,Bandwidth,Subband BW,Subband Offset
1183.900215,20.746399,50,25,17
5552.239395,35.016694,50,25,17
8526.822377,54.079489,50,25,17
530.285509,44.733937,50,25,17
9292.971709,37.304609,50,25,17
4000.426608,51.744226,50,25,17
7555.140399,43.061526,50,25,17
1472.700634,32.142027,50,25,17
