Distance,Tx Power,Bandwidth,Subband BW,Subband Offset
1301.895513,42.798321,50,21,6
8174.569897,53.306003,50,21,6
9897.849095,27.736837,50,21,6
2482.135994,26.078806,50,21,6
7809.125127,38.958324,50,21,6
7475.782728,38.363683,50,21,6
7442.359895,58.728433,50,21,6
7365.858313,17.309062,50,21,6
