Distance,Tx Power,Bandwidth,Subband BW,Subband Offset
8366.346514,49.485190,25,6,9
2892.505922,41.979695,25,6,9
4036.254766,39.841214,25,6,9
3520.372456,21.163123,25,6,9
7852.093739,39.174101,25,6,9
3892.428383,49.309792,25,6,9
7540.355260,56.080795,25,6,9
4263.149503,17.849996,25,6,9
