Distance,Tx Power,Bandwidth,Subband BW,Subband Offset
682.319918,22.744041,100,6,82
5039.229731,58.510228,100,6,82
3436.989372,16.298910,100,6,82
8496.600199,55.618150,100,6,82
2172.872340,34.516110,100,6,82
7723.305057,49.345453,100,6,82
8444.504216,54.195471,100,6,82
4123.777000,23.972152,100,6,82
