Distance,Tx Power,Bandwidth,Subband BW,Subband Offset
3822.768491,40.207159,15,7,2
1642.649530,30.557245,15,7,2
3822.348803,19.179498,15,7,2
9392.422116,23.658653,15,7,2
2071.537046,57.733044,15,7,2
4547.265045,52.277192,15,7,2
2705.126053,28.149804,15,7,2
6954.722072,27.598936,15,7,2
