Distance,Tx Power,Bandwidth,Subband BW,Subband Offset
2481.071955,53.003965,50,32,5
8698.874981,45.132971,50,32,5
7621.489158,46.087679,50,32,5
2399.215763,54.994705,50,32,5
5166.963191,21.683873,50,32,5
5172.331351,47.084004,50,32,5
1377.028834,30.812442,50,32,5
8178.915293,31.391306,50,32,5
