Distance,Tx Power,Bandwidth,Subband BW,Subband Offset
1936.987108,43.651270,100,70,5
5729.403301,54.062829,100,70,5
167.626510,36.858361,100,70,5
5390.713088,41.246268,100,70,5
6502.863158,33.302086,100,70,5
5384.861075,39.330289,100,70,5
5706.408707,15.862444,100,70,5
4302.831668,31.836940,100,70,5
