Distance,Tx Power,Bandwidth,Subband BW,Subband Offset
178.799956,41.505309,75,23,16
9987.417014,31.639908,75,23,16
1799.783185,50.167009,75,23,16
7919.275349,48.204338,75,23,16
577.077188,15.651280,75,23,16
4857.683059,21.423129,75,23,16
8614.012367,20.049614,75,23,16
8882.362476,21.536040,75,23,16
