Distance,Tx Power,Bandwidth,Subband BW,Subband Offset
1188.680474,58.645190,15,9,4
6673.231804,22.484888,15,9,4
5593.841834,20.664480,15,9,4
6412.634138,57.308421,15,9,4
7943.096367,19.454577,15,9,4
2558.369272,16.674029,15,9,4
2346.492703,48.589867,15,9,4
9367.664525,40.965085,15,9,4
