Distance,Tx Power,Bandwidth,Subband BW,Subband Offset
5294.393725,34.104769,15,7,5
312.259380,28.350483,15,7,5
4028.677679,46.950275,15,7,5
9898.808753,54.528821,15,7,5
3268.459386,36.957057,15,7,5
6279.130910,24.749013,15,7,5
183.165494,31.659980,15,7,5
4931.046978,36.611966,15,7,5
