Distance,Tx Power,Bandwidth,Subband BW,Subband Offset
5108.244790,48.313830,100,53,10
8353.472739,42.178384,100,53,10
7896.158050,38.542803,100,53,10
5744.475557,58.258861,100,53,10
7801.894650,18.065863,100,53,10
9549.645508,15.645497,100,53,10
3891.726333,18.042231,100,53,10
5632.563727,52.587088,100,53,10
