Distance,Tx Power,Bandwidth,Subband BW,Subband Offset
8412.029192,30.274243,100,48,26
7188.660139,57.086813,100,48,26
6413.883827,58.711709,100,48,26
3208.253721,15.000413,100,48,26
7160.576991,50.391079,100,48,26
2382.586366,33.310960,100,48,26
5029.450887,19.152845,100,48,26
1735.039353,30.896895,100,48,26
