Distance,Tx Power,Bandwidth,Subband BW,Subband Offset
4589.135432,50.269140,15,6,9
9118.467537,55.606070,15,6,9
3108.618288,23.085162,15,6,9
7699.959928,20.028466,15,6,9
1330.313577,45.940908,15,6,9
1909.893149,46.044001,15,6,9
4375.331216,37.456644,15,6,9
2519.616902,49.104369,15,6,9
