Distance,Tx Power,Bandwidth,Subband BW,Subband Offset
4260.374748,21.143972,75,38,5
8563.387990,43.980867,75,38,5
1958.868822,34.204964,75,38,5
5432.078293,45.211500,75,38,5
3461.993663,56.188553,75,38,5
9291.163803,20.281589,75,38,5
7769.837853,26.701113,75,38,5
6652.119736,19.919312,75,38,5
