Distance,Tx Power,Bandwidth,Subband BW,Subband Offset
3255.305699,31.632733,100,14,26
7604.435237,39.791283,100,14,26
5469.586091,45.463921,100,14,26
4882.680997,47.594183,100,14,26
8937.765512,27.451008,100,14,26
6423.937765,35.858991,100,14,26
973.944137,38.525089,100,14,26
8879.574317,30.085148,100,14,26
