Distance,Tx Power,Bandwidth,Subband BW,Subband Offset
5201.004647,18.123256,100,64,35
6403.487764,40.047366,100,64,35
1812.673119,56.749350,100,64,35
2457.345580,49.798893,100,64,35
1264.578601,51.075406,100,64,35
3383.652025,36.430084,100,64,35
8366.747386,42.382726,100,64,35
589.335988,26.417449,100,64,35
