Distance,Tx Power,Bandwidth,Subband BW,Subband Offset
1712.256100,58.132846,25,10,7
5842.224935,57.965916,25,10,7
5187.034659,40.786579,25,10,7
6487.408743,45.413350,25,10,7
4143.170195,49.785212,25,10,7
6145.107041,39.639647,25,10,7
1741.179652,15.329221,25,10,7
8674.120715,35.562070,25,10,7
