Distance,Tx Power,Bandwidth,Subband BW,Subband Offset
3511.064766,29.635379,25,17,6
4649.059746,40.904232,25,17,6
6820.088881,59.835058,25,17,6
2719.697785,30.894487,25,17,6
7070.137343,31.374060,25,17,6
8957.500847,59.767759,25,17,6
4442.989363,55.177742,25,17,6
5859.734625,27.438685,25,17,6
