Distance,Tx Power,Bandwidth,Subband BW,Subband Offset
7787.696976,30.666408,25,17,6
6949.735175,56.049628,25,17,6
1496.304713,58.090507,25,17,6
4361.448312,22.003341,25,17,6
520.356935,49.012194,25,17,6
942.025953,33.905266,25,17,6
4579.032141,22.890943,25,17,6
2983.426765,47.978619,25,17,6
