Distance,Tx Power,Bandwidth,Subband BW,Subband Offset
3810.009156,16.103285,75,22,1
5413.767771,28.016121,75,22,1
2231.793646,55.054974,75,22,1
927.550366,32.542752,75,22,1
8283.436229,28.938915,75,22,1
3617.474534,50.391516,75,22,1
392.056601,35.238874,75,22,1
6204.154565,41.687965,75,22,1
