Distance,Tx Power,Bandwidth,Subband BW,Subband Offset
9756.413112,23.498217,75,16,53
4769.947027,18.907213,75,16,53
502.765245,34.073588,75,16,53
4835.472702,45.647453,75,16,53
4270.702623,36.436937,75,16,53
9634.214042,21.292264,75,16,53
5972.683555,30.559581,75,16,53
6411.253757,43.186794,75,16,53
