Distance,Tx Power,Bandwidth,Subband BW,Subband Offset
5695.341420,25.400955,25,11,2
4982.110689,15.246836,25,11,2
8493.054789,28.707844,25,11,2
4245.328486,28.908118,25,11,2
6803.927410,37.160707,25,11,2
2828.404586,15.399325,25,11,2
660.929200,26.265966,25,11,2
8697.768308,24.024765,25,11,2
