Distance,Tx Power,Bandwidth,Subband BW,Subband Offset
5149.208003,40.531318,75,56,10
6927.409459,19.907502,75,56,10
3560.132850,41.770782,75,56,10
9743.369272,40.872820,75,56,10
4698.048585,24.906843,75,56,10
2441.531082,53.249251,75,56,10
9288.583466,41.835847,75,56,10
5938.833934,26.547536,75,56,10
