Distance,Tx Power,Bandwidth,Subband BW,Subband Offset
6176.638218,25.963703,25,22,2
2929.377434,31.222886,25,22,2
8998.959783,27.736445,25,22,2
2104.363981,43.604833,25,22,2
8690.757769,21.766341,25,22,2
717.733008,17.731736,25,22,2
988.111575,40.823829,25,22,2
7596.436664,41.017090,25,22,2
