Distance,Tx Power,Bandwidth,Subband BW,Subband Offset
2143.561804,52.561653,50,11,32
4845.059194,51.778850,50,11,32
3982.064850,32.967244,50,11,32
1947.198272,54.402551,50,11,32
5193.678718,38.705840,50,11,32
1765.777318,17.097018,50,11,32
2915.971859,50.296498,50,11,32
4479.645394,53.915386,50,11,32
