Distance,Tx Power,Bandwidth,Subband BW,Subband Offset
7220.926733,27.608550,15,9,1
2215.251691,15.822093,15,9,1
1927.141868,38.669509,15,9,1
4422.169677,49.543102,15,9,1
542.799102,54.041312,15,9,1
8680.730330,16.996168,15,9,1
7840.049855,15.412600,15,9,1
3381.346899,49.424625,15,9,1
