Distance,Tx Power,Bandwidth,Subband BW,Subband Offset
4877.742736,50.920016,15,6,0
4671.944320,55.318325,15,6,0
4849.778236,32.783843,15,6,0
2463.116263,40.948340,15,6,0
4561.766601,23.232368,15,6,0
993.287014,51.460081,15,6,0
5064.233833,17.596918,15,6,0
2914.488098,28.738989,15,6,0
