Distance,Tx Power,Bandwidth,Subband BW,Subband Offset
2350.265123,56.436864,100,7,7
3006.941967,23.805386,100,7,7
7490.947883,42.244507,100,7,7
8365.507724,42.573014,100,7,7
6282.923967,28.029617,100,7,7
1778.486145,23.911820,100,7,7
4339.842540,52.443789,100,7,7
6781.013685,52.725679,100,7,7
