Distance,Tx Power,Bandwidth,Subband BW,Subband Offset
2456.403138,20.242034,25,18,0
8331.943588,40.166399,25,18,0
4300.557814,48.166757,25,18,0
8228.203002,18.482761,25,18,0
8410.667317,40.789033,25,18,0
6605.022675,35.686666,25,18,0
228.580763,42.117639,25,18,0
860.918744,39.908590,25,18,0
