Distance,Tx Power,Bandwidth,Subband BW,Subband Offset
5453.099019,50.505847,15,7,5
9550.665497,19.599053,15,7,5
2175.794309,45.984364,15,7,5
4769.591142,35.037247,15,7,5
7286.461221,58.538601,15,7,5
1043.445477,37.422736,15,7,5
7938.831961,42.977824,15,7,5
6208.155265,50.164708,15,7,5
