Distance,Tx Power,Bandwidth,Subband BW,Subband Offset
9481.335277,26.705048,100,51,29
8702.256542,46.512752,100,51,29
1496.174804,36.761627,100,51,29
265.441212,27.747607,100,51,29
5189.434388,32.692449,100,51,29
8353.595670,31.575820,100,51,29
2196.898185,35.041745,100,51,29
4132.904247,55.776036,100,51,29
