Distance,Tx Power,Bandwidth,Subband BW,Subband Offset
347.343118,37.784677,75,33,22
4217.787976,15.782115,75,33,22
3586.747560,26.682532,75,33,22
8039.059928,53.141688,75,33,22
5231.700427,44.371609,75,33,22
2058.628288,26.114863,75,33,22
6825.090667,50.450971,75,33,22
7190.413485,47.772597,75,33,22
