Distance,Tx Power,Bandwidth,Subband BW,Subband Offset
3377.866672,57.327919,100,31,61
4632.810827,19.814012,100,31,61
4213.706517,36.394458,100,31,61
6322.521153,46.281532,100,31,61
6364.930920,34.524880,100,31,61
2655.157853,29.338555,100,31,61
8313.430803,20.353205,100,31,61
3430.006670,48.185542,100,31,61
