Distance,Tx Power,Bandwidth,Subband BW,Subband Offset
3279.950413,25.013062,100,36,44
447.355846,39.698988,100,36,44
7041.939078,20.089449,100,36,44
2560.072408,27.472904,100,36,44
1271.575604,38.379917,100,36,44
1834.413661,53.380429,100,36,44
9652.211904,24.194726,100,36,44
9323.712972,50.375146,100,36,44
