Distance,Tx Power,Bandwidth,Subband BW,Subband Offset
4274.980623,32.450328,50,31,3
5058.942829,58.595611,50,31,3
8517.210018,48.544483,50,31,3
4421.527398,15.683273,50,31,3
9396.543863,19.513085,50,31,3
6379.953824,43.807618,50,31,3
3550.838181,19.156268,50,31,3
1887.714896,53.091530,50,31,3
