Distance,Tx Power,Bandwidth,Subband BW,Subband Offset
1175.629335,23.734050,25,9,9
5919.295011,30.572391,25,9,9
8023.804137,55.895828,25,9,9
281.704262,17.567624,25,9,9
3764.413653,58.733681,25,9,9
8713.252144,32.182323,25,9,9
242.798213,40.537087,25,9,9
7353.530281,34.462134,25,9,9
