Distance,Tx Power,Bandwidth,Subband BW,Subband Offset
7192.539433,56.056807,50,24,16
7293.147590,55.291890,50,24,16
9784.935958,51.924392,50,24,16
4508.552462,16.167705,50,24,16
7859.293955,34.987536,50,24,16
6689.687549,30.692692,50,24,16
4057.722186,32.578210,50,24,16
8899.903081,32.536075,50,24,16
