Distance,Tx Power,Bandwidth,Subband BW,Subband Offset
4625.098880,25.122812,75,26,27
6941.688432,24.460456,75,26,27
1607.682422,32.260509,75,26,27
4410.833915,36.528275,75,26,27
3836.528057,21.837476,75,26,27
2269.641922,18.349907,75,26,27
2973.248431,18.714003,75,26,27
4215.745484,46.107129,75,26,27
