Distance,Tx Power,Bandwidth,Subband BW,Subband Offset
2688.711201,53.567651,75,35,13
9693.981364,34.269220,75,35,13
9681.191893,36.614717,75,35,13
3268.565760,49.544272,75,35,13
1238.828308,37.404881,75,35,13
4003.140507,42.947463,75,35,13
9309.698763,48.642324,75,35,13
5413.594720,48.700209,75,35,13
