Distance,Tx Power,Bandwidth,Subband BW,Subband Offset
6499.572779,45.378933,75,12,37
8930.733627,22.633503,75,12,37
5916.063248,36.372585,75,12,37
292.780961,40.298777,75,12,37
8752.770556,24.718584,75,12,37
2005.870266,23.848535,75,12,37
6685.046974,48.538784,75,12,37
5071.424809,44.673408,75,12,37
