Distance,Tx Power,Bandwidth,Subband BW,Subband Offset
4580.331701,38.982181,15,11,1
3505.055678,26.317979,15,11,1
6130.191235,29.217110,15,11,1
7667.545538,36.468025,15,11,1
1928.494664,39.829898,15,11,1
6068.634242,15.758042,15,11,1
4515.787723,44.840210,15,11,1
3383.463844,19.642615,15,11,1
