Distance,Tx Power,Bandwidth,Subband BW,Subband Offset
3861.476125,27.296941,25,15,8
3983.944845,24.352975,25,15,8
5216.935591,19.946710,25,15,8
5480.761632,33.401617,25,15,8
9003.598039,48.379543,25,15,8
8568.620241,28.489375,25,15,8
680.489717,48.408360,25,15,8
7573.854777,49.658784,25,15,8
