Distance,Tx Power,Bandwidth,Subband BW,Subband Offset
7428.473576,59.569191,100,26,12
1360.774107,24.471706,100,26,12
4169.120914,30.877698,100,26,12
5278.645360,18.554137,100,26,12
8227.986278,30.821146,100,26,12
1294.459764,22.866477,100,26,12
2963.025724,40.926142,100,26,12
8387.540196,57.658446,100,26,12
