Distance,Tx Power,Bandwidth,Subband BW,Subband Offset
151.907270,22.643069,100,28,52
8365.189882,58.762278,100,28,52
2982.101971,50.162299,100,28,52
615.233398,34.317635,100,28,52
1176.959152,31.860376,100,28,52
6473.667357,36.549400,100,28,52
7422.994265,47.508349,100,28,52
7300.945146,40.284678,100,28,52
