Distance,Tx Power,Bandwidth,Subband BW,Subband Offset
8223.311169,51.079207,15,7,4
1835.553924,19.129859,15,7,4
3365.372877,51.882372,15,7,4
2310.835687,51.744821,15,7,4
5600.087867,27.623523,15,7,4
1020.414553,22.260582,15,7,4
9068.768511,41.784090,15,7,4
6382.273098,21.387027,15,7,4
