Distance,Tx Power,Bandwidth,Subband BW,Subband Offset
9052.436646,20.612357,25,11,7
3015.998862,33.243410,25,11,7
3633.365272,30.132645,25,11,7
5028.794818,48.321210,25,11,7
6800.852350,46.007457,25,11,7
7701.834245,55.673551,25,11,7
8300.445079,43.329942,25,11,7
7209.019409,24.090668,25,11,7
