Distance,Tx Power,Bandwidth,Subband BW,Subband Offset
6857.745075,48.498019,75,19,39
441.020798,42.170593,75,19,39
9478.916782,26.368662,75,19,39
758.093149,55.974377,75,19,39
6211.004727,51.934886,75,19,39
3678.880410,37.553154,75,19,39
6542.544007,34.194606,75,19,39
4553.986446,49.610518,75,19,39
