Distance,Tx Power,Bandwidth,Subband BW,Subband Offset
5367.113642,34.243814,50,21,11
6141.548965,35.669828,50,21,11
8476.994319,42.126031,50,21,11
9204.205995,21.367858,50,21,11
224.777576,24.077318,50,21,11
4841.690717,38.846239,50,21,11
2099.846595,19.139490,50,21,11
969.596535,57.349681,50,21,11
