Distance,Tx Power,Bandwidth,Subband BW,Subband Offset
7638.407709,54.631204,75,13,12
1453.226971,25.367202,75,13,12
5907.225488,41.836895,75,13,12
2163.548485,18.968324,75,13,12
9119.230478,31.579805,75,13,12
8082.652917,15.167204,75,13,12
4423.595760,16.393048,75,13,12
4149.279688,48.158743,75,13,12
