Distance,Tx Power,Bandwidth,Subband BW,Subband Offset
5864.976112,44.392201,50,18,15
1681.472285,58.901616,50,18,15
1009.301914,52.045261,50,18,15
8769.392310,23.859366,50,18,15
9708.237707,27.128271,50,18,15
5962.882146,15.277953,50,18,15
586.119411,21.541945,50,18,15
435.082890,30.416392,50,18,15
