Distance,Tx Power,Bandwidth,Subband BW,Subband Offset
8192.459457,33.286368,50,13,14
6698.249251,47.174233,50,13,14
7191.018365,41.847005,50,13,14
6576.888842,26.326978,50,13,14
7193.674513,15.300148,50,13,14
5096.708422,40.187802,50,13,14
9270.054119,28.364881,50,13,14
1722.239975,24.811061,50,13,14
