Distance,Tx Power,Bandwidth,Subband BW,Subband Offset
4178.563518,41.923773,100,48,11
9434.790156,47.894104,100,48,11
5422.367766,51.899589,100,48,11
5472.635062,25.234004,100,48,11
5221.059990,36.587635,100,48,11
7402.433347,48.442791,100,48,11
2677.626846,18.591748,100,48,11
2285.711183,42.265528,100,48,11
