Distance,Tx Power,Bandwidth,Subband BW,Subband Offset
1623.679989,20.220508,50,15,6
6540.896331,55.518281,50,15,6
4166.756127,46.479179,50,15,6
7950.746725,50.622872,50,15,6
8212.770784,51.109800,50,15,6
7084.392414,54.342352,50,15,6
292.319332,21.381218,50,15,6
2445.895500,31.584221,50,15,6
