Distance,Tx Power,Bandwidth,Subband BW,Subband Offset
2021.353041,34.753481,75,16,8
2691.326149,56.489732,75,16,8
4473.753411,44.912627,75,16,8
8645.479574,25.086840,75,16,8
9462.373710,28.634720,75,16,8
9408.062870,55.577270,75,16,8
7193.933559,47.249184,75,16,8
3770.026158,48.554883,75,16,8
