Distance,Tx Power,Bandwidth,Subband BW,Subband Offset
4787.045996,20.538158,75,21,39
5467.834716,46.247776,75,21,39
4090.569931,48.224552,75,21,39
5596.805635,35.238072,75,21,39
592.839462,54.502919,75,21,39
6472.488528,35.042421,75,21,39
2189.559861,19.350889,75,21,39
601.599097,40.875333,75,21,39
