Distance,Tx Power,Bandwidth,Subband BW,Subband Offset
2181.533607,50.033147,25,6,13
2225.059358,56.915572,25,6,13
2677.295006,44.192184,25,6,13
2889.384764,24.240961,25,6,13
2827.278464,22.315457,25,6,13
5081.741854,15.923527,25,6,13
8502.468212,48.843931,25,6,13
3002.275101,33.987814,25,6,13
