Distance,Tx Power,Bandwidth,Subband BW,Subband Offset
6239.623010,23.815853,15,7,0
1301.661081,45.011068,15,7,0
5406.580942,52.646616,15,7,0
1836.426199,56.624526,15,7,0
1732.772677,52.962313,15,7,0
3641.962840,21.868640,15,7,0
7845.077627,15.390807,15,7,0
7550.195728,52.839735,15,7,0
