Distance,Tx Power,Bandwidth,Subband BW,Subband Offset
9968.561715,58.727089,25,10,10
3117.226297,46.904895,25,10,10
6333.027939,45.614220,25,10,10
567.390174,28.733338,25,10,10
1737.036723,22.550849,25,10,10
9087.317617,59.340897,25,10,10
4156.387893,24.820960,25,10,10
9871.113066,15.484644,25,10,10
