Distance,Tx Power,Bandwidth,Subband BW,Subband Offset
4950.045069,24.021765,15,9,1
9497.521887,45.554118,15,9,1
7540.094427,46.588474,15,9,1
4826.245318,54.179115,15,9,1
1717.142641,58.681199,15,9,1
2432.346037,26.539215,15,9,1
5351.247207,29.625823,15,9,1
492.427668,50.565398,15,9,1
