Distance,Tx Power,Bandwidth,Subband BW,Subband Offset
1128.993011,53.665854,15,10,3
1200.436314,49.401898,15,10,3
6582.552591,21.960046,15,10,3
5260.060724,24.031630,15,10,3
7265.586346,34.657265,15,10,3
7879.476311,55.507124,15,10,3
2824.696581,29.837303,15,10,3
1000.754229,30.936131,15,10,3
