Distance,Tx Power,Bandwidth,Subband BW,Subband Offset
5746.464786,38.144406,25,13,10
2459.180819,25.757413,25,13,10
7764.358293,16.944797,25,13,10
7337.532019,46.317728,25,13,10
6419.861167,15.293360,25,13,10
9563.827226,37.669552,25,13,10
1597.726632,38.870611,25,13,10
3081.985235,19.053282,25,13,10
