Distance,Tx Power,Bandwidth,Subband BW,Subband Offset
783.157257,56.899992,75,14,55
1582.344992,43.836793,75,14,55
2181.016726,37.144413,75,14,55
9469.006273,21.992734,75,14,55
9694.542935,49.689446,75,14,55
8910.308935,55.927164,75,14,55
1799.130567,37.810608,75,14,55
9661.591252,46.156418,75,14,55
