Distance,Tx Power,Bandwidth,Subband BW,Subband Offset
2960.042372,24.331360,75,27,0
191.759959,42.484355,75,27,0
7660.734368,48.625540,75,27,0
355.007778,36.296712,75,27,0
4887.095426,44.452766,75,27,0
3287.397602,53.553976,75,27,0
7392.544449,23.616922,75,27,0
8963.136004,18.675700,75,27,0
