Distance,Tx Power,Bandwidth,Subband BW,Subband Offset
6531.661150,19.797182,100,79,18
2538.262831,48.930444,100,79,18
5812.173171,22.110677,100,79,18
5051.752404,20.337146,100,79,18
4301.588307,50.720590,100,79,18
4852.529771,52.057286,100,79,18
8676.962797,31.862194,100,79,18
4115.432157,25.789737,100,79,18
