Distance,Tx Power,Bandwidth,Subband BW,Subband Offset
9881.896662,21.637048,15,10,2
1482.591058,20.069285,15,10,2
3075.977751,50.126431,15,10,2
2928.872559,16.557067,15,10,2
1058.110594,56.005980,15,10,2
9156.384875,52.084466,15,10,2
959.452134,20.441238,15,10,2
7083.573237,20.188767,15,10,2
