Distance,Tx Power,Bandwidth,Subband BW,Subband Offset
9358.249839,59.802157,75,10,11
1795.752631,48.467753,75,10,11
9609.922225,49.933801,75,10,11
5144.138193,35.503037,75,10,11
3177.281426,39.316655,75,10,11
9994.048238,20.314758,75,10,11
9379.880698,56.276164,75,10,11
5871.520412,22.752602,75,10,11
