Distance,Tx Power,Bandwidth,Subband BW,Subband Offset
810.242663,51.946310,75,52,21
6377.279241,32.076448,75,52,21
6951.430303,26.332236,75,52,21
7899.599750,29.551623,75,52,21
3182.803243,33.962065,75,52,21
3322.281941,45.545282,75,52,21
8787.422461,41.310110,75,52,21
2244.758226,49.554400,75,52,21
