Distance,Tx Power,Bandwidth,Subband BW,Subband Offset
7968.446127,54.854180,100,10,48
936.520310,58.540494,100,10,48
9159.937180,22.688927,100,10,48
8333.415030,51.189894,100,10,48
6649.197005,20.792954,100,10,48
6802.559617,34.562985,100,10,48
7821.247780,58.244913,100,10,48
1858.895749,37.103195,100,10,48
