Distance,Tx Power,Bandwidth,Subband BW,Subband Offset
6860.290454,38.425282,25,6,10
5221.363915,25.878210,25,6,10
687.314947,58.506303,25,6,10
5797.041651,28.014960,25,6,10
5175.198031,21.624152,25,6,10
3500.339457,39.339455,25,6,10
3107.202083,58.857964,25,6,10
103.877920,35.552288,25,6,10
