Distance,Tx Power,Bandwidth,Subband BW,Subband Offset
2440.790553,24.136759,75,24,46
2050.050194,40.278265,75,24,46
3068.105641,17.648156,75,24,46
6149.751575,26.328901,75,24,46
486.773500,28.864288,75,24,46
6124.293125,15.211906,75,24,46
4001.721941,31.551133,75,24,46
3675.036008,47.817698,75,24,46
