Distance,Tx Power,Bandwidth,Subband BW,Subband Offset
4429.785740,51.826437,75,28,13
5153.595187,58.100654,75,28,13
8550.190059,38.234497,75,28,13
4552.779192,58.601625,75,28,13
301.542908,41.194713,75,28,13
8777.759467,29.603162,75,28,13
8800.010359,20.371400,75,28,13
2549.247499,51.753635,75,28,13
