Distance,Tx Power,Bandwidth,Subband BW,Subband Offset
364.363619,30.733373,15,6,7
6746.840969,16.193440,15,6,7
7246.867093,47.830825,15,6,7
4642.212534,26.685205,15,6,7
6068.425200,58.998851,15,6,7
9315.008396,23.692391,15,6,7
1983.407824,15.767804,15,6,7
8753.164102,43.176385,15,6,7
