Distance,Tx Power,Bandwidth,Subband BW,Subband Offset
8920.336760,31.925272,50,16,6
1460.414138,53.734499,50,16,6
3297.725221,47.877920,50,16,6
6171.174232,37.348297,50,16,6
6612.789914,42.714340,50,16,6
9631.023018,21.032916,50,16,6
7248.912311,32.075363,50,16,6
5993.052816,46.674692,50,16,6
