Distance,Tx Power,Bandwidth,Subband BW,Subband Offset
992.714655,36.620316,15,7,7
7329.032852,58.585612,15,7,7
6901.348487,49.827802,15,7,7
4888.462000,29.790841,15,7,7
8777.930543,39.012592,15,7,7
4659.455759,50.130981,15,7,7
1904.396091,15.610038,15,7,7
4839.697389,33.940052,15,7,7
