Distance,Tx Power,Bandwidth,Subband BW,Subband Offset
294.589181,24.559855,15,10,4
6621.767091,16.661171,15,10,4
882.408679,58.659022,15,10,4
8163.790737,33.855501,15,10,4
1739.194055,51.478185,15,10,4
7241.648103,44.385449,15,10,4
7891.331736,35.370659,15,10,4
2336.136151,59.636449,15,10,4
