Distance,Tx Power,Bandwidth,Subband BW,Subband Offset
8599.113934,15.303817,15,8,1
8440.655480,32.858680,15,8,1
8289.516924,40.723557,15,8,1
4228.069584,16.333789,15,8,1
2967.506354,24.354018,15,8,1
7226.575470,59.271647,15,8,1
9791.275345,49.100094,15,8,1
8467.359859,56.346934,15,8,1
