Distance,Tx Power,Bandwidth,Subband BW,Subband Offset
990.677210,30.638601,15,13,1
9795.089709,52.387195,15,13,1
3359.946414,53.423990,15,13,1
395.099474,22.317206,15,13,1
659.393410,45.639238,15,13,1
4172.086176,20.024594,15,13,1
4709.107101,21.304726,15,13,1
3597.502767,45.558683,15,13,1
