Distance,Tx Power,Bandwidth,Subband BW,Subband Offset
3407.092803,36.412077,15,6,2
1509.902602,34.120291,15,6,2
4112.553103,16.096905,15,6,2
4873.625112,59.876893,15,6,2
7424.191276,24.358355,15,6,2
8627.317397,54.781539,15,6,2
5257.993534,58.283224,15,6,2
2910.741694,45.525997,15,6,2
