Distance,Tx Power,Bandwidth,Subband BW,Subband Offset
1826.089590,58.783008,50,14,0
8346.236933,41.295381,50,14,0
1396.493166,51.296831,50,14,0
5268.472927,48.640817,50,14,0
6341.834379,35.048259,50,14,0
250.194973,17.208063,50,14,0
7259.428382,19.103979,50,14,0
306.520737,53.007995,50,14,0
