Distance,Tx Power,Bandwidth,Subband BW,Subband Offset
7105.967788,48.295961,15,12,2
9944.704344,28.029534,15,12,2
131.227636,33.788015,15,12,2
6743.346864,54.493707,15,12,2
1067.601342,31.927893,15,12,2
9586.179298,43.157085,15,12,2
5378.833728,39.792931,15,12,2
9810.549967,41.022518,15,12,2
