Distance,Tx Power,Bandwidth,Subband BW,Subband Offset
175.700694,37.581966,25,8,12
4203.641546,49.354759,25,8,12
1601.823507,17.245583,25,8,12
104.247686,38.042983,25,8,12
2202.587832,17.708850,25,8,12
9011.451862,18.919196,25,8,12
5003.040880,25.009920,25,8,12
919.618586,35.331446,25,8,12
