Distance,Tx Power,Bandwidth,Subband BW,Subband Offset
9010.278299,32.285946,50,12,14
2798.788701,45.900804,50,12,14
2153.427306,17.462430,50,12,14
648.701573,47.561720,50,12,14
8572.015898,22.375640,50,12,14
6997.345657,45.957044,50,12,14
7390.040715,47.704156,50,12,14
7357.407048,35.979166,50,12,14
