Distance,Tx Power,Bandwidth,Subband BW,Subband Offset
5674.816574,49.905359,100,8,88
2917.908308,43.690432,100,8,88
7524.237466,33.590500,100,8,88
9029.450462,18.052506,100,8,88
8685.054556,53.736211,100,8,88
5669.400300,57.525435,100,8,88
1676.673479,59.046716,100,8,88
9784.169999,22.925447,100,8,88
