Distance,Tx Power,Bandwidth,Subband BW,Subband Offset
8939.505926,42.383149,50,12,26
293.064826,19.158422,50,12,26
3742.821760,51.081227,50,12,26
3239.744710,27.034035,50,12,26
2095.123387,20.136157,50,12,26
3404.935511,20.721657,50,12,26
1638.190810,18.536097,50,12,26
7582.589699,55.656370,50,12,26
