Distance,Tx Power,Bandwidth,Subband BW,Subband Offset
2750.698046,52.340436,100,15,44
3584.697167,22.612054,100,15,44
5882.722914,37.222776,100,15,44
6863.442368,21.691760,100,15,44
6919.835426,52.864803,100,15,44
7756.103003,55.477205,100,15,44
6463.150046,24.871778,100,15,44
3695.360877,20.332585,100,15,44
