Distance,Tx Power,Bandwidth,Subband BW,Subband Offset
6757.026000,51.749410,50,22,11
6336.071587,50.128037,50,22,11
344.195570,35.278305,50,22,11
1727.717704,36.747490,50,22,11
6277.320500,49.743165,50,22,11
4109.691357,41.560563,50,22,11
679.229193,26.488010,50,22,11
2823.590795,56.327570,50,22,11
