Distance,Tx Power,Bandwidth,Subband BW,Subband Offset
6863.744524,34.829065,50,8,33
9597.732784,57.263393,50,8,33
5345.155396,32.452203,50,8,33
8253.238066,34.221699,50,8,33
9080.307371,49.192751,50,8,33
5439.719631,25.117494,50,8,33
8684.969159,43.025871,50,8,33
2452.234823,56.196283,50,8,33
