Distance,Tx Power,Bandwidth,Subband BW,Subband Offset
9351.596698,24.783652,15,11,3
9319.199094,42.073630,15,11,3
9203.581111,40.255434,15,11,3
6234.473846,49.314817,15,11,3
9122.858119,42.612417,15,11,3
695.659679,42.121621,15,11,3
4611.815251,58.846610,15,11,3
998.507571,34.599225,15,11,3
