Distance,Tx Power,Bandwidth,Subband BW,Subband Offset
7136.932023,31.173617,50,32,2
1820.247164,32.084508,50,32,2
2252.850845,22.833326,50,32,2
3107.917049,32.707557,50,32,2
4263.608723,58.083393,50,32,2
7871.439809,27.742686,50,32,2
8955.793908,21.651017,50,32,2
9529.397397,53.939509,50,32,2
