Distance,Tx Power,Bandwidth,Subband BW,Subband Offset
4490.774031,55.328503,25,6,14
4942.116944,46.231976,25,6,14
6761.260309,40.118255,25,6,14
3163.671105,44.211328,25,6,14
7029.496417,56.696989,25,6,14
6270.459777,45.463448,25,6,14
7098.611105,45.724847,25,6,14
9888.928979,54.937057,25,6,14
