Distance,Tx Power,Bandwidth,Subband BW,Subband Offset
2665.811799,49.330850,50,37,7
4175.823086,43.101105,50,37,7
1822.995194,17.081238,50,37,7
195.441560,15.200211,50,37,7
638.744942,51.605368,50,37,7
5185.335771,38.403242,50,37,7
9860.930859,29.107106,50,37,7
3852.225938,36.856331,50,37,7
