Distance,Tx Power,Bandwidth,Subband BW,Subband Offset
6404.161636,50.416590,25,7,17
7246.001889,23.759563,25,7,17
6586.494682,26.202108,25,7,17
6860.528122,23.529274,25,7,17
3345.288049,21.260878,25,7,17
1882.582575,46.599871,25,7,17
2664.623926,27.556400,25,7,17
4597.443584,39.433832,25,7,17
