Distance,Tx Power,Bandwidth,Subband BW,Subband Offset
7182.048473,47.740814,100,35,38
3683.359783,44.539380,100,35,38
9818.316290,44.199458,100,35,38
2106.974009,53.608793,100,35,38
7000.598233,31.071848,100,35,38
4802.826539,51.295857,100,35,38
1769.051455,55.023555,100,35,38
4716.569151,28.818643,100,35,38
