Distance,Tx Power,Bandwidth,Subband BW,Subband Offset
274.574911,38.686204,75,11,36
9591.656986,32.036154,75,11,36
2488.026653,34.502936,75,11,36
7626.947413,29.837745,75,11,36
6654.140030,19.594131,75,11,36
7975.428547,47.328489,75,11,36
8913.302779,40.527667,75,11,36
2005.125177,41.755081,75,11,36
