Distance,Tx Power,Bandwidth,Subband BW,Subband Offset
1137.231381,33.786625,75,44,3
7507.841072,15.109692,75,44,3
3147.308526,37.867254,75,44,3
9901.493142,53.027592,75,44,3
7139.850984,43.782548,75,44,3
4147.136629,54.919231,75,44,3
6476.851648,22.437009,75,44,3
8617.930304,44.436263,75,44,3
