Distance,Tx Power,Bandwidth,Subband BW,Subband Offset
5834.834989,15.959614,75,10,49
5863.333949,20.327421,75,10,49
9456.285202,48.924384,75,10,49
1939.909712,46.977016,75,10,49
4851.561271,28.947790,75,10,49
7772.001506,59.212274,75,10,49
911.717615,42.140098,75,10,49
9420.165184,52.040819,75,10,49
