Distance,Tx Power,Bandwidth,Subband BW,Subband Offset
9533.348023,54.447156,15,8,1
9387.073742,21.927740,15,8,1
5217.955331,52.572556,15,8,1
9308.331096,36.253864,15,8,1
5984.545881,15.536835,15,8,1
2333.529579,34.413297,15,8,1
8150.917959,46.319224,15,8,1
4156.955776,50.821128,15,8,1
