Distance,Tx Power,Bandwidth,Subband BW,Subband Offset
5633.375111,47.005564,50,19,26
1370.982013,35.485181,50,19,26
6753.986035,39.998925,50,19,26
5841.145847,50.641259,50,19,26
9601.635161,38.469861,50,19,26
204.348092,54.623240,50,19,26
8265.431993,27.869906,50,19,26
3277.847473,22.329911,50,19,26
