Distance,Tx Power,Bandwidth,Subband BW,Subband Offset
875.631481,31.914862,15,7,4
6218.250327,56.215756,15,7,4
1003.044336,48.750229,15,7,4
9024.707272,28.386214,15,7,4
9095.770329,55.608325,15,7,4
1161.730100,29.898479,15,7,4
4203.281914,51.561996,15,7,4
9105.390985,39.903437,15,7,4
