Distance,Tx Power,Bandwidth,Subband BW,Subband Offset
4963.778182,28.574297,50,14,31
4595.480131,59.995801,50,14,31
4739.854096,48.344835,50,14,31
6125.100075,19.011658,50,14,31
5580.123808,37.351632,50,14,31
3500.151681,24.200761,50,14,31
4969.381540,56.136873,50,14,31
2351.100107,24.153663,50,14,31
