Distance,Tx Power,Bandwidth,Subband BW,Subband Offset
5086.855960,20.446113,15,8,7
2590.437878,33.734222,15,8,7
3128.052534,23.193970,15,8,7
5795.321328,27.619451,15,8,7
4812.843374,34.804665,15,8,7
9147.126103,17.497079,15,8,7
400.285494,53.612022,15,8,7
3498.691030,22.984005,15,8,7
