Distance,Tx Power,Bandwidth,Subband BW,Subband Offset
7730.232447,25.263610,50,16,6
8733.217743,31.199041,50,16,6
4031.749180,50.666860,50,16,6
2806.552371,35.356019,50,16,6
5548.985328,18.371808,50,16,6
7182.773004,55.028120,50,16,6
4997.291955,23.585981,50,16,6
8229.518862,59.434073,50,16,6
