Distance,Tx Power,Bandwidth,Subband BW,Subband Offset
4373.946236,57.482189,75,19,43
1116.072265,19.958692,75,19,43
1852.916958,24.445866,75,19,43
9374.592477,44.792973,75,19,43
8511.786229,39.338440,75,19,43
5260.942994,26.794309,75,19,43
8237.563764,32.652252,75,19,43
9246.385476,43.556960,75,19,43
