Distance,Tx Power,Bandwidth,Subband BW,Subband Offset
9656.758549,33.976365,100,23,5
1758.200543,15.495143,100,23,5
2166.168614,25.947918,100,23,5
1406.463183,32.728892,100,23,5
7327.383509,44.468155,100,23,5
1116.316115,42.737298,100,23,5
9535.646162,36.536695,100,23,5
8149.220368,18.281345,100,23,5
