Distance,Tx Power,Bandwidth,Subband BW,Subband Offset
2914.350093,44.223615,15,11,2
3994.478607,48.203377,15,11,2
634.678067,26.433818,15,11,2
265.171746,36.579673,15,11,2
855.851564,27.211585,15,11,2
8974.790647,54.004689,15,11,2
3166.336907,52.864795,15,11,2
5641.281964,21.597948,15,11,2
