Distance,Tx Power,Bandwidth,Subband BW,Subband Offset
1164.948256,37.217578,75,10,41
8578.487457,58.002435,75,10,41
559.868255,18.836366,75,10,41
8639.477608,48.529652,75,10,41
4787.732819,59.974425,75,10,41
6348.636136,42.810496,75,10,41
8186.353002,19.389570,75,10,41
3245.590058,24.813391,75,10,41
