Distance,Tx Power,Bandwidth,Subband BW,Subband Offset
6788.070170,35.317852,50,23,25
6755.524734,31.531598,50,23,25
5166.037457,44.874864,50,23,25
5103.508300,18.933737,50,23,25
7580.079260,44.445180,50,23,25
1986.911847,17.296190,50,23,25
863.356560,29.520508,50,23,25
5290.160740,31.072747,50,23,25
