Distance,Tx Power,Bandwidth,Subband BW,Subband Offset
9939.743246,41.984749,100,77,2
9006.137496,35.630963,100,77,2
6991.533189,36.254296,100,77,2
7070.025213,16.871555,100,77,2
4540.759811,18.647650,100,77,2
2436.590082,37.823609,100,77,2
2192.571663,51.261746,100,77,2
3863.945586,42.390729,100,77,2
