Distance,Tx Power,Bandwidth,Subband BW,Subband Offset
3019.931092,36.969581,25,15,4
9041.171028,38.902385,25,15,4
6083.647420,17.802823,25,15,4
6667.430525,35.010954,25,15,4
5099.777650,15.738889,25,15,4
6994.268424,19.762602,25,15,4
7839.377499,56.587261,25,15,4
4861.100483,47.411014,25,15,4
