Distance,Tx Power,Bandwidth,Subband BW,Subband Offset
779.909107,27.033664,75,57,8
9197.342945,54.985041,75,57,8
8963.469080,54.247204,75,57,8
4669.280670,57.309017,75,57,8
4401.729641,18.879486,75,57,8
1472.119846,57.793213,75,57,8
5691.814004,35.961098,75,57,8
2993.171044,25.401772,75,57,8
