Distance,Tx Power,Bandwidth,Subband BW,Subband Offset
4367.326176,57.211746,100,25,43
5231.587374,40.217621,100,25,43
393.131326,29.751657,100,25,43
5859.526455,17.572857,100,25,43
4394.582971,52.662172,100,25,43
5027.735882,49.781459,100,25,43
5325.614718,41.753893,100,25,43
2989.869494,57.164044,100,25,43
