Distance,Tx Power,Bandwidth,Subband BW,Subband Offset
8011.507060,27.632363,75,48,18
7424.927069,17.178173,75,48,18
1323.525369,59.796100,75,48,18
5754.033495,44.769447,75,48,18
7339.035711,40.731727,75,48,18
6253.702705,29.684865,75,48,18
8849.431671,39.955953,75,48,18
8956.873757,23.592719,75,48,18
