Distance,Tx Power,Bandwidth,Subband BW,Subband Offset
7161.264526,43.050484,50,12,22
5540.399563,59.881464,50,12,22
5607.864721,16.058713,50,12,22
251.296586,36.201706,50,12,22
2129.631672,44.705590,50,12,22
688.993905,44.824868,50,12,22
3951.123513,17.872723,50,12,22
1322.988885,25.979815,50,12,22
