Distance,Tx Power,Bandwidth,Subband BW,Subband Offset
1477.379588,18.674677,75,21,33
3482.085478,55.688513,75,21,33
5211.323776,43.205775,75,21,33
5424.321198,40.307726,75,21,33
2852.165884,32.778997,75,21,33
3885.653535,26.975922,75,21,33
3067.042753,51.285319,75,21,33
6799.217427,20.930817,75,21,33
