Distance,Tx Power,Bandwidth,Subband BW,Subband Offset
2313.380141,23.970510,50,31,8
9216.951389,42.353747,50,31,8
4309.375089,55.362344,50,31,8
6523.642098,17.072957,50,31,8
7637.603872,47.521943,50,31,8
4864.548451,48.339544,50,31,8
815.634091,29.431965,50,31,8
6867.051415,43.300121,50,31,8
