Distance,Tx Power,Bandwidth,Subband BW,Subband Offset
3116.521220,34.849066,100,56,26
5858.950321,18.366521,100,56,26
7291.571190,20.793091,100,56,26
8719.964840,22.262551,100,56,26
4618.137547,59.899155,100,56,26
9939.884604,15.217942,100,56,26
245.057302,38.791163,100,56,26
3819.659467,41.822372,100,56,26
