Distance,Tx Power,Bandwidth,Subband BW,Subband Offset
8757.548468,19.618890,50,12,4
6598.853354,20.945770,50,12,4
5668.662199,20.035987,50,12,4
9478.559591,26.953977,50,12,4
3383.028006,40.476344,50,12,4
6724.420569,43.724798,50,12,4
1266.453688,26.035432,50,12,4
8084.293724,56.937415,50,12,4
