Distance,Tx Power,Bandwidth,Subband BW,Subband Offset
2657.422319,27.848702,100,53,47
8182.189259,28.184072,100,53,47
6023.523033,20.417050,100,53,47
9441.860725,47.509821,100,53,47
743.662847,27.174374,100,53,47
9971.139831,25.370912,100,53,47
4711.000140,33.473186,100,53,47
3756.092769,50.902224,100,53,47
