Distance,Tx Power,Bandwidth,Subband BW,Subband Offset
4588.528999,41.324493,25,19,3
907.687019,41.907827,25,19,3
3176.706936,22.735161,25,19,3
2982.555355,17.382149,25,19,3
3107.416197,35.479094,25,19,3
444.164814,57.702165,25,19,3
6577.122030,50.205343,25,19,3
3756.861137,37.836763,25,19,3
