Distance,Tx Power,Bandwidth,Subband BW,Subband Offset
3447.231810,16.711908,25,15,1
7956.582555,17.903128,25,15,1
7467.952462,34.630001,25,15,1
4685.124882,52.989759,25,15,1
6501.102415,47.557655,25,15,1
7721.387749,21.256163,25,15,1
3625.265289,40.390277,25,15,1
9765.168427,56.110301,25,15,1
