Distance,Tx Power,Bandwidth,Subband BW,Subband Offset
3900.919805,38.683620,100,64,4
9242.000193,57.668838,100,64,4
2115.620133,26.461322,100,64,4
8607.539864,49.443059,100,64,4
1410.230048,26.191758,100,64,4
1277.996823,22.120070,100,64,4
1206.846032,53.284847,100,64,4
7404.076898,23.228370,100,64,4
