Distance,Tx Power,Bandwidth,Subband BW,Subband Offset
2930.372999,31.010334,100,39,24
7551.440479,34.424149,100,39,24
5434.897022,50.040698,100,39,24
5123.932153,47.531869,100,39,24
2216.111347,44.216213,100,39,24
8054.841211,47.536003,100,39,24
6842.732889,53.809701,100,39,24
6706.092343,50.687571,100,39,24
