Distance,Tx Power,Bandwidth,Subband BW,Subband Offset
3371.931788,36.263796,50,9,4
8500.601075,59.870078,50,9,4
1958.834657,45.618034,50,9,4
4886.188716,38.984177,50,9,4
7155.012351,41.179299,50,9,4
9408.234035,33.394400,50,9,4
4204.692924,29.981888,50,9,4
1596.074855,36.442514,50,9,4
