Distance,Tx Power,Bandwidth,Subband BW,Subband Offset
5513.493409,31.360150,75,6,12
6619.551721,34.513811,75,6,12
1323.700437,24.125101,75,6,12
8499.326670,43.887896,75,6,12
8784.956814,47.588183,75,6,12
498.060250,59.472072,75,6,12
7898.233438,22.636346,75,6,12
925.377436,47.005859,75,6,12
