Distance,Tx Power,Bandwidth,Subband BW,Subband Offset
3591.811287,39.417736,25,9,4
5977.136385,29.740286,25,9,4
8594.415707,15.881176,25,9,4
1862.142120,56.660034,25,9,4
9243.279624,26.687884,25,9,4
1757.691903,33.514367,25,9,4
3398.974034,59.847970,25,9,4
8809.709269,33.617363,25,9,4
