Distance,Tx Power,Bandwidth,Subband BW,Subband Offset
5319.162460,17.278438,25,16,0
739.768453,35.187722,25,16,0
2321.305781,36.159986,25,16,0
6665.276458,26.701482,25,16,0
9131.477487,33.924053,25,16,0
3695.025377,30.924792,25,16,0
5988.582484,54.922266,25,16,0
8061.178685,45.984149,25,16,0
