Distance,Tx Power,Bandwidth,Subband BW,Subband Offset
3951.074824,25.100770,75,69,4
6536.841844,18.535239,75,69,4
2582.569620,59.938521,75,69,4
1695.512203,35.975956,75,69,4
2688.918634,26.077034,75,69,4
9494.291767,55.575119,75,69,4
9416.667692,44.334930,75,69,4
2388.579735,33.655258,75,69,4
