Distance,Tx Power,Bandwidth,Subband BW,Subband Offset
9154.272327,33.057957,75,9,24
5401.917089,54.737283,75,9,24
5906.909358,16.298861,75,9,24
6768.378216,42.164625,75,9,24
6413.179188,16.737508,75,9,24
7971.502432,22.855419,75,9,24
519.055479,19.413362,75,9,24
9046.418827,40.398129,75,9,24
