Distance,Tx Power,Bandwidth,Subband BW,Subband Offset
9598.692786,26.622920,15,7,1
3127.773619,59.964070,15,7,1
8432.500121,51.024078,15,7,1
585.628911,15.048977,15,7,1
6095.712754,54.956403,15,7,1
9036.110431,43.575177,15,7,1
7408.006209,54.175008,15,7,1
8258.797712,15.294876,15,7,1
