Distance,Tx Power,Bandwidth,Subband BW,Subband Offset
2888.467837,58.035934,100,27,72
3801.647959,41.893118,100,27,72
9118.093179,23.918688,100,27,72
870.623296,38.605820,100,27,72
7452.086271,52.902733,100,27,72
829.639299,26.441681,100,27,72
2682.535794,18.466738,100,27,72
2984.201509,44.626163,100,27,72
