Distance,Tx Power,Bandwidth,Subband BW,Subband Offset
5297.101327,42.068830,25,19,5
3701.064257,29.992691,25,19,5
6263.676067,48.260486,25,19,5
7561.952291,25.209052,25,19,5
9065.366514,18.513607,25,19,5
4351.771247,56.724414,25,19,5
5617.710963,44.683415,25,19,5
8852.057893,37.781697,25,19,5
