Distance,Tx Power,Bandwidth,Subband BW,Subband Offset
8803.869210,28.148878,75,44,15
4789.289529,59.370871,75,44,15
4588.782999,35.074575,75,44,15
9418.982292,32.039698,75,44,15
2581.515732,26.871009,75,44,15
1656.127420,27.105192,75,44,15
8510.201847,21.145471,75,44,15
367.774498,48.367460,75,44,15
