Distance,Tx Power,Bandwidth,Subband BW,Subband Offset
9867.951709,23.663557,50,7,37
3472.010859,28.520410,50,7,37
2646.088702,44.663245,50,7,37
6785.978888,24.110823,50,7,37
1424.332754,45.014446,50,7,37
5073.494722,57.970698,50,7,37
2271.198009,17.387045,50,7,37
2731.660513,20.909486,50,7,37
