Distance,Tx Power,Bandwidth,Subband BW,Subband Offset
8024.022967,50.696034,15,7,3
7421.897750,29.415727,15,7,3
271.939738,27.854608,15,7,3
7055.636407,36.517368,15,7,3
6464.221942,20.120486,15,7,3
7229.172809,22.105692,15,7,3
5059.780975,31.416194,15,7,3
9987.939115,24.155951,15,7,3
