Distance,Tx Power,Bandwidth,Subband BW,Subband Offset
1578.232415,47.685502,75,21,45
4087.045325,42.409927,75,21,45
685.989810,26.874325,75,21,45
2748.568420,36.919590,75,21,45
4056.474990,37.372098,75,21,45
8890.034462,45.269829,75,21,45
2579.114559,29.610040,75,21,45
4103.539045,17.138199,75,21,45
