Distance,Tx Power,Bandwidth,Subband BW,Subband Offset
8139.782775,36.732866,15,10,0
2949.373514,37.319179,15,10,0
3661.197534,29.999004,15,10,0
2346.485700,39.745523,15,10,0
9589.508897,22.906495,15,10,0
9742.306481,47.733332,15,10,0
414.653830,24.357084,15,10,0
566.534114,22.844972,15,10,0
