Distance,Tx Power,Bandwidth,Subband BW,Subband Offset
2461.307580,24.989770,25,14,7
601.313817,39.487520,25,14,7
4555.595885,57.479636,25,14,7
3053.331196,58.568866,25,14,7
6665.361586,32.181285,25,14,7
1439.818820,19.664800,25,14,7
2320.366724,43.716051,25,14,7
1229.377587,43.101557,25,14,7
