Distance,Tx Power,Bandwidth,Subband BW,Subband Offset
8135.485128,21.071106,100,6,63
670.754471,52.301847,100,6,63
6001.548101,23.866805,100,6,63
7148.187472,49.826138,100,6,63
285.984796,24.435636,100,6,63
1586.769522,37.617627,100,6,63
9864.719145,54.968089,100,6,63
2764.419696,31.164847,100,6,63
