Distance,Tx Power,Bandwidth,Subband BW,Subband Offset
2121.408946,18.542179,50,9,22
5403.827165,40.571158,50,9,22
5020.743673,41.370913,50,9,22
3525.403796,32.796398,50,9,22
4192.310652,59.637926,50,9,22
1439.256325,59.739148,50,9,22
5839.668605,32.694045,50,9,22
965.992566,54.952730,50,9,22
