Distance,Tx Power,Bandwidth,Subband BW,Subband Offset
5637.741012,50.910712,75,11,64
738.066235,45.676660,75,11,64
2316.339540,15.963524,75,11,64
6518.725456,19.686110,75,11,64
6046.760774,30.894959,75,11,64
1421.657160,21.970548,75,11,64
485.835962,50.002019,75,11,64
2563.889977,57.153489,75,11,64
