Distance,Tx Power,Bandwidth,Subband BW,Subband Offset
8362.639126,15.382587,50,9,0
3222.792935,24.371142,50,9,0
3723.819805,36.093879,50,9,0
3766.927302,49.930980,50,9,0
6825.860397,51.438934,50,9,0
4486.961155,54.969040,50,9,0
1798.859294,51.755633,50,9,0
7424.490127,22.608115,50,9,0
