Distance,Tx Power,Bandwidth,Subband BW,Subband Offset
8771.605542,25.321056,100,46,7
6326.822896,44.618415,100,46,7
1667.110838,59.568878,100,46,7
4984.900674,17.939629,100,46,7
8611.750929,44.105751,100,46,7
4834.705439,51.199717,100,46,7
6249.185371,40.254336,100,46,7
7641.196549,53.513746,100,46,7
