Distance,Tx Power,Bandwidth,Subband BW,Subband Offset
5671.484493,28.270212,15,9,5
3771.031426,57.668666,15,9,5
7494.499956,46.594597,15,9,5
9826.246793,53.687548,15,9,5
5192.339499,33.284748,15,9,5
7163.966602,59.803636,15,9,5
9194.454558,21.475648,15,9,5
2117.477528,20.388455,15,9,5
