Distance,Tx Power,Bandwidth,Subband BW,Subband Offset
3891.062369,34.197871,25,17,4
1473.593776,27.038617,25,17,4
3999.393496,43.350793,25,17,4
8246.679669,58.755107,25,17,4
440.272983,44.709001,25,17,4
7033.601377,57.828282,25,17,4
1386.164841,20.388470,25,17,4
2298.716192,22.560123,25,17,4
