Distance,Tx Power,Bandwidth,Subband BW,Subband Offset
1956.559416,18.823335,25,10,8
8504.428997,31.596204,25,10,8
4389.297996,56.565573,25,10,8
7230.475033,45.917154,25,10,8
4100.989008,57.650454,25,10,8
2529.463174,35.957052,25,10,8
6944.108441,18.680456,25,10,8
2852.546441,40.169994,25,10,8
