Distance,Tx Power,Bandwidth,Subband BW,Subband Offset
7254.072594,17.576086,15,6,6
9292.601137,48.235615,15,6,6
657.803575,57.174355,15,6,6
4989.067780,32.013283,15,6,6
7478.753491,34.184107,15,6,6
4928.577097,41.187454,15,6,6
9186.282452,27.728932,15,6,6
7403.538716,59.446524,15,6,6
