Distance,Tx Power,Bandwidth,Subband BW,Subband Offset
9646.546960,58.423183,15,6,7
2138.382414,37.339919,15,6,7
9331.480301,22.111582,15,6,7
4371.071847,57.094961,15,6,7
4387.972581,58.773928,15,6,7
3049.598697,42.036097,15,6,7
2428.942612,15.747037,15,6,7
3798.452649,59.342994,15,6,7
