Distance,Tx Power,Bandwidth,Subband BW,Subband Offset
2723.051589,36.097606,25,16,5
8789.424938,38.389297,25,16,5
7741.909024,51.572118,25,16,5
5951.829004,38.934203,25,16,5
485.142782,15.385223,25,16,5
6609.911112,58.860363,25,16,5
2184.104664,54.182562,25,16,5
7354.196339,31.577485,25,16,5
