Distance,Tx Power,Bandwidth,Subband BW,Subband Offset
4663.301331,59.150390,15,11,3
7184.210382,26.819395,15,11,3
5671.803452,32.418970,15,11,3
2755.915850,49.040809,15,11,3
702.343625,23.539237,15,11,3
456.734281,46.134227,15,11,3
9432.391984,44.922174,15,11,3
7420.235124,56.463079,15,11,3
