Distance,Tx Power,Bandwidth,Subband BW,Subband Offset
3048.702615,40.215231,100,7,81
7860.371635,32.928874,100,7,81
2705.484119,51.230546,100,7,81
2899.145033,31.858708,100,7,81
1467.559021,19.916813,100,7,81
4253.874493,50.250014,100,7,81
8514.691869,51.052974,100,7,81
6543.103345,50.261946,100,7,81
