Distance,Tx Power,Bandwidth,Subband BW,Subband Offset
6769.452504,56.772810,15,6,7
3855.549603,54.996884,15,6,7
6757.690782,32.226657,15,6,7
9706.199162,31.754204,15,6,7
612.834102,50.426688,15,6,7
5765.539659,15.723040,15,6,7
4887.272371,34.205233,15,6,7
2534.327057,24.767652,15,6,7
