Distance,Tx Power,Bandwidth,Subband BW,Subband Offset
2087.291276,52.468859,100,42,40
7592.330830,32.790694,100,42,40
1344.792911,23.454936,100,42,40
825.736143,29.334420,100,42,40
7758.162451,58.970974,100,42,40
749.194381,48.861684,100,42,40
3081.098188,55.479512,100,42,40
8768.707381,42.787086,100,42,40
