Distance,Tx Power,Bandwidth,Subband BW,Subband Offset
3367.003801,59.572758,25,10,10
1973.519787,41.905470,25,10,10
5833.412194,52.568266,25,10,10
5236.357281,49.220660,25,10,10
2187.745194,55.050498,25,10,10
4334.677108,49.248445,25,10,10
2045.470274,38.667463,25,10,10
1651.540697,43.721134,25,10,10
