Distance,Tx Power,Bandwidth,Subband BW,Subband Offset
4609.998375,22.287214,25,13,4
1096.640602,41.633614,25,13,4
9161.403577,35.747335,25,13,4
6051.918065,35.590246,25,13,4
7344.616293,28.445075,25,13,4
5989.034704,17.718076,25,13,4
2583.223807,32.349599,25,13,4
2172.349744,35.630311,25,13,4
