Distance,Tx Power,Bandwidth,Subband BW,Subband Offset
8755.302087,49.790275,15,9,2
7606.171765,35.134017,15,9,2
1105.307211,40.011379,15,9,2
1213.995554,43.430513,15,9,2
389.499626,37.040807,15,9,2
5475.638281,39.170384,15,9,2
8361.338080,40.691421,15,9,2
7622.552451,17.277384,15,9,2
