Distance,Tx Power,Bandwidth,Subband BW,Subband Offset
7816.105131,17.170567,75,13,62
1470.958121,32.427706,75,13,62
9083.911450,17.673723,75,13,62
7372.619140,29.595578,75,13,62
9494.475682,15.426629,75,13,62
3439.576725,31.852874,75,13,62
2092.158254,15.170424,75,13,62
3248.415186,23.492491,75,13,62
