Distance,Tx Power,Bandwidth,Subband BW,Subband Offset
3272.548362,23.303499,50,21,11
1945.020658,41.100403,50,21,11
4518.764980,15.084203,50,21,11
2905.661978,27.567981,50,21,11
8701.445195,37.257233,50,21,11
2397.385869,20.360030,50,21,11
9222.017441,45.112815,50,21,11
1946.899230,39.901029,50,21,11
