Distance,Tx Power,Bandwidth,Subband BW,Subband Offset
6709.187444,53.464706,25,10,2
773.699744,37.192220,25,10,2
7776.587664,23.177112,25,10,2
5256.618377,33.661537,25,10,2
8381.909724,26.916708,25,10,2
4728.409265,22.349933,25,10,2
4826.714651,32.836551,25,10,2
3687.334121,25.339479,25,10,2
