Distance,Tx Power,Bandwidth,Subband BW,Subband Offset
7196.578397,18.722259,25,16,0
5224.332888,29.471006,25,16,0
5928.727730,36.666077,25,16,0
297.725646,59.687836,25,16,0
9162.546603,55.150492,25,16,0
6598.619154,30.790556,25,16,0
151.218908,24.830289,25,16,0
3283.745189,21.494689,25,16,0
