Distance,Tx Power,Bandwidth,Subband BW,Subband Offset
4044.063740,38.096297,75,16,45
6170.600263,53.678883,75,16,45
4835.117593,30.529317,75,16,45
653.801938,28.667746,75,16,45
225.919625,32.081626,75,16,45
9225.539314,40.932286,75,16,45
6269.038589,35.070026,75,16,45
8479.195759,38.694681,75,16,45
