Distance,Tx Power,Bandwidth,Subband BW,Subband Offset
1962.383418,15.211355,25,15,5
6183.853858,49.259315,25,15,5
2167.772758,27.409110,25,15,5
9515.588459,48.256228,25,15,5
5379.381633,54.781663,25,15,5
1662.436461,30.154044,25,15,5
1167.242243,46.314024,25,15,5
7523.759588,31.578829,25,15,5
