Distance,Tx Power,Bandwidth,Subband BW,Subband Offset
2424.434092,50.156204,15,6,2
6716.999038,21.272208,15,6,2
7201.511200,21.819449,15,6,2
4551.653212,49.887117,15,6,2
5185.810441,55.020589,15,6,2
737.117169,20.810698,15,6,2
9434.425499,27.253133,15,6,2
173.257021,49.238588,15,6,2
