Distance,Tx Power,Bandwidth,Subband BW,Subband Offset
7945.796822,52.701134,50,10,14
7920.216006,51.730406,50,10,14
1943.308163,28.383404,50,10,14
3074.242373,20.849051,50,10,14
2935.496501,20.936340,50,10,14
1502.532732,28.852068,50,10,14
9687.003698,54.110918,50,10,14
835.274733,45.517887,50,10,14
