Distance,Tx Power,Bandwidth,Subband BW,Subband Offset
3611.164510,36.153102,100,32,25
1559.108290,31.804645,100,32,25
8757.809778,42.618420,100,32,25
463.601834,51.970629,100,32,25
5970.222092,19.491442,100,32,25
9033.436420,44.878397,100,32,25
9544.798576,21.592516,100,32,25
3248.919715,34.365597,100,32,25
