Distance,Tx Power,Bandwidth,Subband BW,Subband Offset
5836.336219,56.054868,100,8,41
7850.229259,51.111081,100,8,41
9119.660635,45.784072,100,8,41
7038.705136,22.370321,100,8,41
1121.410706,39.617079,100,8,41
389.606607,54.875141,100,8,41
3545.459239,53.478726,100,8,41
2482.541500,38.589992,100,8,41
