Distance,Tx Power,Bandwidth,Subband BW,Subband Offset
7235.003914,47.828705,75,33,39
2714.183358,27.234627,75,33,39
9433.695588,54.601474,75,33,39
6732.697101,27.460108,75,33,39
1345.870351,26.167338,75,33,39
739.208061,40.858276,75,33,39
3725.751696,53.211856,75,33,39
2953.587094,39.927135,75,33,39
