Distance,Tx Power,Bandwidth,Subband BW,Subband Offset
4215.217304,59.133996,75,53,2
8625.771214,29.748281,75,53,2
953.606432,54.444317,75,53,2
1341.076167,16.338133,75,53,2
7697.676569,53.512704,75,53,2
7348.847723,16.900403,75,53,2
2588.686617,56.540304,75,53,2
