Distance,Tx Power,Bandwidth,Subband BW,Subband Offset
5133.355380,18.315155,75,10,32
4555.123749,58.707415,75,10,32
8253.205183,18.958277,75,10,32
3854.565075,36.730926,75,10,32
1226.040314,38.069299,75,10,32
7885.346867,44.877683,75,10,32
4035.280199,53.459542,75,10,32
