Distance,Tx Power,Bandwidth,Subband BW,Subband Offset
2714.670483,58.537820,50,8,30
9732.630645,27.099251,50,8,30
2487.620004,24.574169,50,8,30
743.717433,50.626995,50,8,30
8021.729952,43.208659,50,8,30
1764.568754,45.184353,50,8,30
3562.490233,46.777668,50,8,30
