Distance,Tx Power,Bandwidth,Subband BW,Subband Offset
581.185006,28.516762,15,6,5
6455.915401,52.437442,15,6,5
4175.329073,24.713942,15,6,5
3566.123424,19.737925,15,6,5
4032.692819,38.958961,15,6,5
8319.060691,20.199033,15,6,5
3866.923618,58.614475,15,6,5
