Distance,Tx Power,Bandwidth,Subband BW,Subband Offset
7247.142544,42.531683,75,23,52
1715.914604,24.722687,75,23,52
1110.374447,23.406260,75,23,52
8622.857068,46.472858,75,23,52
1678.167018,20.684347,75,23,52
7765.946453,37.124215,75,23,52
2066.660541,23.955146,75,23,52
