Distance,Tx Power,Bandwidth,Subband BW,Subband Offset
6328.413167,41.517996,50,27,17
4097.370561,49.584416,50,27,17
7180.395022,21.669072,50,27,17
7061.317314,38.577912,50,27,17
2801.663968,22.827849,50,27,17
2909.693325,15.334898,50,27,17
9497.501058,29.250514,50,27,17
