Distance,Tx Power,Bandwidth,Subband BW,Subband Offset
3752.868924,57.624417,15,13,2
7437.732010,40.149667,15,13,2
8251.020331,34.184910,15,13,2
8270.713613,45.069208,15,13,2
3793.688572,31.950291,15,13,2
8093.931787,40.664159,15,13,2
1078.046588,59.127972,15,13,2
