Distance,Tx Power,Bandwidth,Subband BW,Subband Offset
7020.149359,49.646998,100,22,56
5097.414015,33.357329,100,22,56
9374.132031,53.221205,100,22,56
3989.993850,46.071344,100,22,56
707.951097,55.704693,100,22,56
6372.366437,55.443077,100,22,56
2681.792238,43.553947,100,22,56
