Distance,Tx Power,Bandwidth,Subband BW,Subband Offset
7764.945814,30.595388,50,15,19
8816.944293,42.962311,50,15,19
9435.189992,27.097226,50,15,19
1989.630330,25.271484,50,15,19
4335.657060,15.946582,50,15,19
6210.300902,19.866948,50,15,19
8142.224989,38.788545,50,15,19
