Distance,Tx Power,Bandwidth,Subband BW,Subband Offset
1345.221873,34.706423,75,39,12
1681.699307,37.484182,75,39,12
8140.241784,39.134734,75,39,12
7718.302177,43.158575,75,39,12
2842.979004,48.942193,75,39,12
4403.352378,29.626063,75,39,12
6830.433331,55.747927,75,39,12
