Distance,Tx Power,Bandwidth,Subband BW,Subband Offset
3300.634815,55.120091,75,19,11
5875.187108,19.807849,75,19,11
4312.637891,46.301212,75,19,11
9455.266556,44.193491,75,19,11
8667.197554,35.345117,75,19,11
5814.331560,47.924441,75,19,11
422.663544,36.946232,75,19,11
