Distance,Tx Power,Bandwidth,Subband BW,Subband Offset
427.004613,37.698895,75,18,36
978.188764,46.483924,75,18,36
3968.592989,29.105278,75,18,36
7437.631361,47.601246,75,18,36
5639.373818,16.474610,75,18,36
4226.936411,19.154508,75,18,36
8737.026565,41.480249,75,18,36
