Distance,Tx Power,Bandwidth,Subband BW,Subband Offset
2365.498979,46.513982,100,82,7
4853.143399,20.191926,100,82,7
3199.629253,53.436251,100,82,7
2218.407733,19.284714,100,82,7
910.905988,49.671034,100,82,7
2882.127505,36.748850,100,82,7
4838.678343,54.167326,100,82,7
