Distance,Tx Power,Bandwidth,Subband BW,Subband Offset
9702.522388,42.583200,50,7,21
5316.215710,57.950326,50,7,21
8850.075659,42.391443,50,7,21
9276.781136,22.239915,50,7,21
4814.050960,54.889508,50,7,21
1966.516618,53.118687,50,7,21
717.054230,54.436391,50,7,21
