Distance,Tx Power,Bandwidth,Subband BW,Subband Offset
1946.080418,15.318133,50,44,0
3214.076765,32.057920,50,44,0
8665.411485,31.439786,50,44,0
5805.939847,50.037181,50,44,0
3861.242058,54.975049,50,44,0
4974.257826,47.849456,50,44,0
1550.886259,57.614128,50,44,0
