Distance,Tx Power,Bandwidth,Subband BW,Subband Offset
1142.302927,15.088953,50,9,31
2477.811495,54.704468,50,9,31
9938.786302,50.612686,50,9,31
5044.429796,23.299706,50,9,31
4229.200600,51.001785,50,9,31
1690.744123,18.849029,50,9,31
240.460310,48.279286,50,9,31
