Distance,Tx Power,Bandwidth,Subband BW,Subband Offset
9959.223375,18.982926,75,17,30
1868.795911,36.500057,75,17,30
5727.678284,27.028710,75,17,30
8878.139830,59.094255,75,17,30
566.991728,23.753837,75,17,30
5551.905568,51.007153,75,17,30
6476.248170,53.973120,75,17,30
