Distance,Tx Power,Bandwidth,Subband BW,Subband Offset
3196.618231,42.606323,25,14,11
135.609327,43.216456,25,14,11
308.208113,18.930999,25,14,11
3747.327132,38.271531,25,14,11
1969.443939,47.031273,25,14,11
1754.640293,39.673316,25,14,11
316.827507,59.252581,25,14,11
