Distance,Tx Power,Bandwidth,Subband BW,Subband Offset
2251.021129,45.417471,75,34,10
7195.414976,41.962655,75,34,10
4564.417111,49.355391,75,34,10
3702.480323,37.730199,75,34,10
4819.635845,50.284062,75,34,10
1045.111256,19.643929,75,34,10
4883.828192,58.736244,75,34,10
