Distance,Tx Power,Bandwidth,Subband BW,Subband Offset
8447.753258,32.379779,50,19,3
9774.132790,31.337678,50,19,3
5611.025088,29.211024,50,19,3
5696.736973,52.304375,50,19,3
7303.250771,40.127576,50,19,3
8627.674375,57.011523,50,19,3
985.727543,55.465401,50,19,3
