Distance,Tx Power,Bandwidth,Subband BW,Subband Offset
2084.992012,18.415307,100,67,24
2747.695211,44.102549,100,67,24
6789.267226,20.039967,100,67,24
3089.333074,18.080847,100,67,24
8920.615292,18.216291,100,67,24
8567.697464,18.880272,100,67,24
1997.527488,54.868432,100,67,24
