Distance,Tx Power,Bandwidth,Subband BW,Subband Offset
1506.533127,32.672731,75,22,28
8981.373725,20.317709,75,22,28
6440.948924,45.749325,75,22,28
9521.693683,38.944661,75,22,28
2684.717808,18.614699,75,22,28
9607.884875,50.840170,75,22,28
4500.887285,48.790224,75,22,28
