Distance,Tx Power,Bandwidth,Subband BW,Subband Offset
5638.985816,24.755645,50,47,1
5622.634301,29.356061,50,47,1
537.407101,50.121875,50,47,1
5363.421532,57.330748,50,47,1
7263.069893,49.450020,50,47,1
1142.413983,27.510142,50,47,1
9088.274465,49.269325,50,47,1
