Distance,Tx Power,Bandwidth,Subband BW,Subband Offset
4079.451436,42.033480,75,36,8
9033.532946,43.632956,75,36,8
6144.100654,58.394985,75,36,8
1411.905022,54.751949,75,36,8
7095.968546,28.077114,75,36,8
159.992014,18.309131,75,36,8
4441.596526,26.365944,75,36,8
