Distance,Tx Power,Bandwidth,Subband BW,Subband Offset
6235.106906,24.730338,75,22,38
1699.059989,52.548607,75,22,38
9215.081709,16.327571,75,22,38
4803.253812,28.545559,75,22,38
5487.870906,19.627933,75,22,38
3394.415218,19.787076,75,22,38
3881.102255,42.939297,75,22,38
