Distance,Tx Power,Bandwidth,Subband BW,Subband Offset
4378.603854,29.335786,100,72,8
2572.448263,59.619334,100,72,8
5597.542635,27.614671,100,72,8
4677.026113,48.068476,100,72,8
5671.601069,30.977206,100,72,8
9287.930616,57.782174,100,72,8
666.845693,44.030168,100,72,8
