Distance,Tx Power,Bandwidth,Subband BW,Subband Offset
6524.047012,26.185041,25,22,2
6238.484378,35.202384,25,22,2
8992.872443,19.048799,25,22,2
6016.878308,33.062595,25,22,2
8652.178065,32.171597,25,22,2
2999.358154,52.457878,25,22,2
6105.252037,53.710628,25,22,2
