Distance,Tx Power,Bandwidth,Subband BW,Subband Offset
330.276685,52.618083,100,56,25
6986.285950,39.285680,100,56,25
5278.192562,58.376287,100,56,25
6694.315228,50.835488,100,56,25
1978.973493,22.027956,100,56,25
736.280952,17.501930,100,56,25
9282.248620,50.476556,100,56,25
