Distance,Tx Power,Bandwidth,Subband BW,Subband Offset
2715.124712,17.481208,50,19,2
3390.428889,31.003151,50,19,2
1048.189058,49.783925,50,19,2
7924.797555,43.126097,50,19,2
8810.205733,18.399341,50,19,2
1450.970957,38.106705,50,19,2
8959.848627,46.681102,50,19,2
