Distance,Tx Power,Bandwidth,Subband BW,Subband Offset
8268.193720,17.711126,100,12,56
1153.695729,46.367688,100,12,56
9195.815968,24.570621,100,12,56
9897.684538,32.742072,100,12,56
2115.333273,43.610679,100,12,56
5776.057939,27.100892,100,12,56
1324.545851,15.372221,100,12,56
