Distance,Tx Power,Bandwidth,Subband BW,Subband Offset
7758.825741,55.657462,50,25,6
9121.242975,53.529172,50,25,6
2261.160727,38.637174,50,25,6
1782.417901,42.111661,50,25,6
491.796412,40.714748,50,25,6
3412.751917,17.838857,50,25,6
653.048300,40.940016,50,25,6
