Distance,Tx Power,Bandwidth,Subband BW,Subband Offset
9349.421603,25.754085,100,40,2
3861.081938,19.455602,100,40,2
3376.231230,35.105866,100,40,2
8738.922859,47.773039,100,40,2
1277.415005,46.390684,100,40,2
2267.264651,21.392407,100,40,2
4299.100634,58.642729,100,40,2
