Distance,Tx Power,Bandwidth,Subband BW,Subband Offset
5389.989984,25.572744,15,6,6
2458.834189,46.430701,15,6,6
4161.375158,53.773516,15,6,6
3688.901234,18.701991,15,6,6
9556.654626,41.985743,15,6,6
3936.748361,40.698537,15,6,6
7393.363324,17.954656,15,6,6
