Distance,Tx Power,Bandwidth,Subband BW,Subband Offset
1175.696401,29.406511,50,31,2
3196.803841,29.494484,50,31,2
7161.239516,49.817710,50,31,2
9383.822587,43.014400,50,31,2
5555.108140,29.724548,50,31,2
6925.424021,34.381456,50,31,2
6317.206551,18.204844,50,31,2
