Distance,Tx Power,Bandwidth,Subband BW,Subband Offset
1753.246787,51.791456,100,72,8
3189.704840,52.587503,100,72,8
2635.444273,21.906220,100,72,8
9752.391257,55.309537,100,72,8
8829.225845,33.217919,100,72,8
6380.920215,46.369456,100,72,8
8957.096848,35.852305,100,72,8
