Distance,Tx Power,Bandwidth,Subband BW,Subband Offset
5010.303607,26.641652,100,49,41
539.725786,46.831017,100,49,41
5172.544731,50.314191,100,49,41
8644.059917,40.281105,100,49,41
1988.003721,27.179482,100,49,41
1296.528041,28.816394,100,49,41
899.268707,34.440791,100,49,41
