Distance,Tx Power,Bandwidth,Subband BW,Subband Offset
9696.266177,15.405940,75,22,30
618.368655,40.276809,75,22,30
5940.229735,22.951683,75,22,30
9506.025110,38.800336,75,22,30
7411.539827,28.734050,75,22,30
1566.254571,24.116788,75,22,30
6803.815132,59.817459,75,22,30
