Distance,Tx Power,Bandwidth,Subband BW,Subband Offset
5694.659876,28.937279,100,59,4
7324.461011,23.717208,100,59,4
4969.789341,25.751129,100,59,4
7784.537366,22.461838,100,59,4
8144.140450,49.038351,100,59,4
605.843690,51.210666,100,59,4
1871.146584,22.113461,100,59,4
