Distance,Tx Power,Bandwidth,Subband BW,Subband Offset
3468.565233,56.893987,15,8,1
5713.430696,43.063873,15,8,1
3529.342921,16.115174,15,8,1
9640.838450,26.444074,15,8,1
7629.974878,19.885995,15,8,1
1128.485033,24.627812,15,8,1
5279.659539,25.784535,15,8,1
