Distance,Tx Power,Bandwidth,Subband BW,Subband Offset
2366.073605,18.040989,25,19,4
7744.969474,21.390167,25,19,4
6963.866708,28.869642,25,19,4
5754.402681,49.560093,25,19,4
9511.698286,36.779206,25,19,4
110.262102,54.841057,25,19,4
2200.474251,35.023806,25,19,4
