Distance,Tx Power,Bandwidth,Subband BW,Subband Offset
6824.172831,15.505931,25,6,6
5294.474806,53.087396,25,6,6
9815.633544,48.379593,25,6,6
6881.404520,32.721100,25,6,6
1828.374227,42.747924,25,6,6
835.823453,54.940556,25,6,6
8544.119767,16.775922,25,6,6
