Distance,Tx Power,Bandwidth,Subband BW,Subband Offset
5869.526224,31.525914,100,6,47
3466.208670,30.720899,100,6,47
2129.048801,31.359752,100,6,47
5720.190891,27.830314,100,6,47
6807.395860,32.591640,100,6,47
1133.544463,47.956598,100,6,47
6524.172718,22.010459,100,6,47
