Distance,Tx Power,Bandwidth,Subband BW,Subband Offset
8299.776584,56.785513,25,10,5
3758.401195,29.985744,25,10,5
5381.616641,55.004324,25,10,5
6960.666621,48.270058,25,10,5
3266.734166,50.090279,25,10,5
6952.289083,43.059694,25,10,5
9554.885759,17.208978,25,10,5
