Distance,Tx Power,Bandwidth,Subband BW,Subband Offset
3016.758625,53.430673,100,19,47
8423.622525,33.675666,100,19,47
6388.124460,15.190920,100,19,47
9295.035593,39.625995,100,19,47
490.065905,16.560286,100,19,47
9025.129298,40.988603,100,19,47
5214.554333,54.903022,100,19,47
