Distance,Tx Power,Bandwidth,Subband BW,Subband Offset
1604.049783,51.848783,75,34,34
6671.822169,24.069484,75,34,34
5115.838454,42.970234,75,34,34
6438.513939,40.098838,75,34,34
3111.009210,17.471206,75,34,34
6703.722300,40.738174,75,34,34
387.466699,23.510717,75,34,34
