Distance,Tx Power,Bandwidth,Subband BW,Subband Offset
7724.414449,36.492068,100,29,51
6504.488416,30.471013,100,29,51
5358.624517,39.605263,100,29,51
3033.619738,49.177301,100,29,51
2059.166753,27.168652,100,29,51
5759.448682,50.632755,100,29,51
1552.446724,31.906089,100,29,51
