Distance,Tx Power,Bandwidth,Subband BW,Subband Offset
3892.986858,50.182558,100,25,65
7856.408404,40.704177,100,25,65
388.699708,25.363809,100,25,65
1484.040368,52.482253,100,25,65
8887.730934,40.602290,100,25,65
6979.470649,32.963322,100,25,65
9232.344249,53.308502,100,25,65
