Distance,Tx Power,Bandwidth,Subband BW,Subband Offset
3669.896939,16.565982,100,23,10
1200.923886,26.027876,100,23,10
3527.432832,58.162604,100,23,10
3258.460889,50.763917,100,23,10
5064.069081,49.109800,100,23,10
7615.207183,29.829681,100,23,10
3912.007463,34.571243,100,23,10
