Distance,Tx Power,Bandwidth,Subband BW,Subband Offset
7756.829450,40.843876,75,13,55
4015.455824,21.970285,75,13,55
3351.250649,36.454916,75,13,55
7221.699542,53.632522,75,13,55
5614.046089,18.309762,75,13,55
8277.398105,29.610338,75,13,55
6236.605653,42.222646,75,13,55
