Distance,Tx Power,Bandwidth,Subband BW,Subband Offset
4615.024138,51.396824,75,47,27
3828.852957,28.635942,75,47,27
445.986373,37.707250,75,47,27
8340.548198,49.611798,75,47,27
628.524708,54.017469,75,47,27
6801.986672,32.691524,75,47,27
2634.819526,58.683693,75,47,27
