Distance,Tx Power,Bandwidth,Subband BW,Subband Offset
5578.297620,37.071180,15,7,3
7070.206419,52.812664,15,7,3
6018.597167,56.417039,15,7,3
5321.719753,44.931860,15,7,3
3673.816879,21.740869,15,7,3
455.953302,46.717435,15,7,3
7982.642369,33.538958,15,7,3
