Distance,Tx Power,Bandwidth,Subband BW,Subband Offset
3819.977042,48.941129,25,13,6
3160.890264,20.593805,25,13,6
3780.120826,21.294380,25,13,6
192.499065,48.223201,25,13,6
8078.602475,36.597934,25,13,6
9926.585283,59.748698,25,13,6
1783.963287,28.881110,25,13,6
