Distance,Tx Power,Bandwidth,Subband BW,Subband Offset
4748.357154,15.279606,50,6,20
6867.178035,18.827696,50,6,20
4952.897946,36.614279,50,6,20
1319.561896,53.997436,50,6,20
8561.809839,51.622008,50,6,20
1845.842248,38.750989,50,6,20
5785.283240,22.751068,50,6,20
