Distance,Tx Power,Bandwidth,Subband BW,Subband Offset
5127.849211,31.373223,75,60,6
2663.786869,51.556243,75,60,6
7961.191542,41.875955,75,60,6
7048.302135,24.147802,75,60,6
4172.504116,56.924888,75,60,6
6302.107554,46.425026,75,60,6
4484.045655,37.929427,75,60,6
