Distance,Tx Power,Bandwidth,Subband BW,Subband Offset
3542.721930,37.060502,75,42,21
721.299650,26.288955,75,42,21
6443.823808,39.413546,75,42,21
2212.866166,55.068116,75,42,21
5212.226466,48.234200,75,42,21
8099.525259,45.565612,75,42,21
6850.913998,42.423261,75,42,21
