Distance,Tx Power,Bandwidth,Subband BW,Subband Offset
8294.575331,17.780017,15,13,0
9503.527660,20.326675,15,13,0
8404.771700,47.799406,15,13,0
7598.249960,51.783713,15,13,0
6857.587455,23.671266,15,13,0
1178.416382,21.877012,15,13,0
1094.420968,55.875135,15,13,0
