Distance,Tx Power,Bandwidth,Subband BW,Subband Offset
1522.800701,34.098880,15,8,1
5377.251906,50.845545,15,8,1
1874.478092,55.288217,15,8,1
5708.529105,54.237597,15,8,1
4171.871604,45.588709,15,8,1
766.714680,16.723632,15,8,1
4857.343726,46.452028,15,8,1
