Distance,Tx Power,Bandwidth,Subband BW,Subband Offset
3280.611877,38.266978,15,9,6
9423.844145,22.845632,15,9,6
7973.767222,26.715282,15,9,6
9594.791754,44.389227,15,9,6
6941.021011,56.144842,15,9,6
4302.122302,37.001246,15,9,6
1164.516207,21.912293,15,9,6
