Distance,Tx Power,Bandwidth,Subband BW,Subband Offset
7399.926866,58.525028,50,29,11
8740.371677,41.464217,50,29,11
6565.896226,36.606303,50,29,11
3147.158665,26.233719,50,29,11
3326.340131,53.780643,50,29,11
8444.526614,56.447339,50,29,11
9120.150369,17.314399,50,29,11
