Distance,Tx Power,Bandwidth,Subband BW,Subband Offset
8426.947760,16.009079,50,9,17
3519.391092,53.985260,50,9,17
5924.895366,53.429669,50,9,17
6588.319887,34.874452,50,9,17
6811.426661,52.154243,50,9,17
7002.383461,52.497623,50,9,17
6428.979953,30.092786,50,9,17
