Distance,Tx Power,Bandwidth,Subband BW,Subband Offset
6697.581138,53.617190,15,8,3
3901.656628,38.912849,15,8,3
1774.278324,28.940671,15,8,3
8644.736235,37.417396,15,8,3
9496.692797,53.698500,15,8,3
2166.897711,53.666747,15,8,3
6659.993403,18.221191,15,8,3
