Distance,Tx Power,Bandwidth,Subband BW,Subband Offset
6345.867775,24.045688,50,35,15
6703.161150,15.841115,50,35,15
8108.956653,47.766482,50,35,15
6192.191940,26.279274,50,35,15
9629.494365,24.760051,50,35,15
7238.508640,44.328290,50,35,15
5187.900084,55.288614,50,35,15
