Distance,Tx Power,Bandwidth,Subband BW,Subband Offset
9837.627501,51.424211,100,55,14
9575.943807,55.076978,100,55,14
6822.674561,18.789107,100,55,14
1180.530326,51.566445,100,55,14
1343.100146,50.583932,100,55,14
9208.383709,57.707995,100,55,14
5301.935622,37.407781,100,55,14
