Distance,Tx Power,Bandwidth,Subband BW,Subband Offset
3101.573739,28.905439,50,20,0
9899.389497,44.330975,50,20,0
8195.992061,47.243055,50,20,0
1234.660734,56.259619,50,20,0
3115.792225,22.790499,50,20,0
8341.334755,52.770206,50,20,0
9984.262644,52.390791,50,20,0
