Distance,Tx Power,Bandwidth,Subband BW,Subband Offset
977.848034,43.139146,75,30,31
9203.399498,42.100370,75,30,31
4697.756573,25.823255,75,30,31
8969.757747,34.858785,75,30,31
1311.036925,38.277795,75,30,31
3857.419506,50.240602,75,30,31
8053.754385,46.418498,75,30,31
