Distance,Tx Power,Bandwidth,Subband BW,Subband Offset
7770.997098,17.694162,50,9,25
7002.756703,48.162019,50,9,25
9277.663550,19.151967,50,9,25
448.580737,55.738881,50,9,25
1258.608947,20.681611,50,9,25
3953.308694,17.941074,50,9,25
5244.450930,37.590053,50,9,25
