Distance,Tx Power,Bandwidth,Subband BW,Subband Offset
4057.722452,55.178973,50,35,1
3140.290660,53.422453,50,35,1
168.887841,22.442529,50,35,1
8190.729537,41.728598,50,35,1
4581.385856,56.785815,50,35,1
9302.686745,17.551714,50,35,1
6668.303446,23.005170,50,35,1
