Distance,Tx Power,Bandwidth,Subband BW,Subband Offset
6494.962966,55.448472,75,54,8
8325.407972,32.379213,75,54,8
1127.686814,18.143872,75,54,8
4952.035282,48.493075,75,54,8
5419.175965,34.960112,75,54,8
113.627829,25.253334,75,54,8
7776.829230,47.676062,75,54,8
