Distance,Tx Power,Bandwidth,Subband BW,Subband Offset
7388.840331,52.975525,100,48,44
7653.921329,35.383646,100,48,44
7411.411845,52.188154,100,48,44
4122.127470,45.508182,100,48,44
7074.979799,25.992387,100,48,44
5163.230283,49.245786,100,48,44
4595.679238,47.511920,100,48,44
