Distance,Tx Power,Bandwidth,Subband BW,Subband Offset
3075.906846,49.474397,75,23,17
7453.699061,37.346104,75,23,17
2533.714025,24.977336,75,23,17
2732.740402,21.659915,75,23,17
3986.725155,30.130075,75,23,17
796.440734,37.057537,75,23,17
3876.643193,17.993609,75,23,17
