Distance,Tx Power,Bandwidth,Subband BW,Subband Offset
474.332593,31.940572,100,34,63
9097.070891,39.765747,100,34,63
1263.218362,28.520125,100,34,63
2745.219567,27.470103,100,34,63
2209.499217,15.698350,100,34,63
7366.497787,19.333771,100,34,63
3929.394978,52.016869,100,34,63
