Distance,Tx Power,Bandwidth,Subband BW,Subband Offset
7115.468662,28.525865,50,35,8
3159.741214,57.528403,50,35,8
1713.091836,22.173530,50,35,8
9656.883239,35.788712,50,35,8
4355.271877,21.264079,50,35,8
2797.268212,26.230384,50,35,8
8138.530258,52.136095,50,35,8
