Distance,Tx Power,Bandwidth,Subband BW,Subband Offset
3256.714279,45.519300,50,7,27
5524.439642,47.335139,50,7,27
3223.852021,52.139000,50,7,27
9764.283695,34.825368,50,7,27
6274.175723,21.132174,50,7,27
4133.639568,31.385806,50,7,27
127.074060,57.179146,50,7,27
