Distance,Tx Power,Bandwidth,Subband BW,Subband Offset
6129.979416,30.160088,100,10,35
4849.622139,29.302740,100,10,35
5840.947729,27.270851,100,10,35
8897.020994,56.387206,100,10,35
1753.573939,15.543049,100,10,35
5882.717186,48.421907,100,10,35
6462.981351,31.680311,100,10,35
