Distance,Tx Power,Bandwidth,Subband BW,Subband Offset
2900.432874,45.617117,15,7,0
1899.978954,54.985599,15,7,0
7074.686747,18.154127,15,7,0
9784.720925,47.185389,15,7,0
7370.902156,39.138199,15,7,0
8695.573150,55.666901,15,7,0
1502.563626,47.750537,15,7,0
