Distance,Tx Power,Bandwidth,Subband BW,Subband Offset
3309.797093,21.609607,75,37,36
2774.041410,23.270577,75,37,36
7869.610054,21.601387,75,37,36
9668.448906,30.533662,75,37,36
1515.406467,38.948067,75,37,36
4219.808560,25.053922,75,37,36
4370.375854,58.008192,75,37,36
