Distance,Tx Power,Bandwidth,Subband BW,Subband Offset
5504.449544,22.452325,100,78,6
2006.421317,52.743678,100,78,6
100.591631,46.095298,100,78,6
2653.626760,26.116142,100,78,6
2933.118528,38.349721,100,78,6
5855.412082,17.748658,100,78,6
2565.451291,40.133569,100,78,6
