Distance,Tx Power,Bandwidth,Subband BW,Subband Offset
1236.812574,47.796311,75,24,27
4679.087472,37.518696,75,24,27
2141.717184,19.202887,75,24,27
8358.940993,24.852697,75,24,27
6328.721682,30.620886,75,24,27
449.177008,42.778251,75,24,27
3665.143344,20.629821,75,24,27
