Distance,Tx Power,Bandwidth,Subband BW,Subband Offset
1894.085570,35.016178,50,38,6
3005.225622,52.495993,50,38,6
589.743567,56.195713,50,38,6
6421.994760,41.293992,50,38,6
3958.128444,20.826612,50,38,6
9976.995742,18.721776,50,38,6
2684.964692,24.466578,50,38,6
