Distance,Tx Power,Bandwidth,Subband BW,Subband Offset
4569.935931,59.907869,75,15,19
3526.749608,54.822335,75,15,19
8475.552405,58.006077,75,15,19
6997.936337,18.536660,75,15,19
6978.663611,33.148167,75,15,19
9985.008537,20.685471,75,15,19
1354.507953,22.518790,75,15,19
