Distance,Tx Power,Bandwidth,Subband BW,Subband Offset
3199.564177,47.681571,15,6,1
4280.600344,37.349988,15,6,1
1795.827430,38.254310,15,6,1
2502.232046,22.765022,15,6,1
9133.172353,58.254291,15,6,1
676.743828,43.309885,15,6,1
1948.078403,41.053521,15,6,1
