Distance,Tx Power,Bandwidth,Subband BW,Subband Offset
3279.477925,31.009163,100,74,18
8012.084417,31.700959,100,74,18
5073.335283,23.203844,100,74,18
7327.855631,22.811236,100,74,18
8676.411815,44.187339,100,74,18
4342.303367,48.158571,100,74,18
5180.853746,32.509202,100,74,18
