Distance,Tx Power,Bandwidth,Subband BW,Subband Offset
8160.819433,45.198992,100,22,74
8166.534054,39.032301,100,22,74
4418.011425,19.369364,100,22,74
7885.076571,41.283904,100,22,74
4638.844802,22.503487,100,22,74
3288.598485,41.791981,100,22,74
4053.103054,56.782171,100,22,74
