Distance,Tx Power,Bandwidth,Subband BW,Subband Offset
8727.291146,33.836955,25,14,11
2590.816868,19.859939,25,14,11
7387.212618,47.145519,25,14,11
2029.426933,51.591082,25,14,11
9022.153346,33.284460,25,14,11
7290.397563,51.208141,25,14,11
5213.671318,48.601766,25,14,11
