Distance,Tx Power,Bandwidth,Subband BW,Subband Offset
2582.019357,35.132913,75,23,24
7824.807011,52.644236,75,23,24
7503.697331,32.122630,75,23,24
5866.417472,23.229652,75,23,24
2122.082137,33.176116,75,23,24
5185.184265,45.797691,75,23,24
8276.351664,39.931142,75,23,24
