Distance,Tx Power,Bandwidth,Subband BW,Subband Offset
8104.092202,53.384780,25,15,1
4118.590699,18.582382,25,15,1
1852.037856,36.556313,25,15,1
6351.538881,54.788788,25,15,1
2101.574759,32.709504,25,15,1
1494.313204,23.114102,25,15,1
4360.841384,18.240296,25,15,1
