Distance,Tx Power,Bandwidth,Subband BW,Subband Offset
760.985905,16.964858,50,10,1
3357.876382,27.559158,50,10,1
781.585277,42.018950,50,10,1
8740.586680,24.792430,50,10,1
7951.234565,22.716403,50,10,1
3572.201338,39.387835,50,10,1
9291.239092,57.324016,50,10,1
