Distance,Tx Power,Bandwidth,Subband BW,Subband Offset
7708.467834,41.734411,15,6,9
4170.543537,28.536512,15,6,9
225.406195,32.752278,15,6,9
2517.926312,37.232782,15,6,9
2322.351863,38.472720,15,6,9
4339.746568,25.466734,15,6,9
5903.268395,36.731682,15,6,9
