Distance,Tx Power,Bandwidth,Subband BW,Subband Offset
7135.182420,21.565819,15,12,1
8663.583513,27.738728,15,12,1
697.544789,18.656759,15,12,1
5107.073703,43.632788,15,12,1
8346.272010,25.389946,15,12,1
6592.809042,37.716153,15,12,1
9700.360183,24.394261,15,12,1
