Distance,Tx Power,Bandwidth,Subband BW,Subband Offset
2574.061838,34.293406,15,7,6
3487.495889,37.484926,15,7,6
6077.013026,21.603020,15,7,6
7201.523870,17.548930,15,7,6
7639.795892,17.340803,15,7,6
5656.387088,42.393070,15,7,6
9318.260980,51.594570,15,7,6
