Distance,Tx Power,Bandwidth,Subband BW,Subband Offset
1441.739555,22.420511,25,13,6
2883.291595,58.318519,25,13,6
9726.592557,16.553231,25,13,6
3466.646111,17.863626,25,13,6
6467.654112,18.006210,25,13,6
3481.703371,54.262866,25,13,6
923.648243,38.937526,25,13,6
