Distance,Tx Power,Bandwidth,Subband BW,Subband Offset
6626.711576,44.047311,15,6,0
6357.142258,58.094260,15,6,0
6257.613423,23.972913,15,6,0
4266.933772,59.673055,15,6,0
4884.281418,34.756174,15,6,0
1552.667653,51.351305,15,6,0
6447.491812,16.512240,15,6,0
