Distance,Tx Power,Bandwidth,Subband BW,Subband Offset
3012.401115,20.377547,75,36,2
7215.955671,25.764400,75,36,2
4172.864391,59.325131,75,36,2
5735.115561,32.477931,75,36,2
2307.406355,54.808741,75,36,2
3806.448744,46.210385,75,36,2
927.998109,19.197535,75,36,2
