Distance,Tx Power,Bandwidth,Subband BW,Subband Offset
2272.916733,58.147124,25,19,6
1357.891071,38.318045,25,19,6
3848.719266,26.426728,25,19,6
8283.732437,23.212722,25,19,6
8972.667118,31.588134,25,19,6
8663.810039,58.451504,25,19,6
4636.243842,22.862088,25,19,6
