Distance,Tx Power,Bandwidth,Subband BW,Subband Offset
940.941687,43.116354,75,31,9
2980.184383,18.806119,75,31,9
586.130332,34.688861,75,31,9
3397.162007,23.605996,75,31,9
1987.698152,46.322306,75,31,9
2147.093885,54.685946,75,31,9
7987.462463,50.458654,75,31,9
