Distance,Tx Power,Bandwidth,Subband BW,Subband Offset
5142.068767,32.368717,75,53,20
3923.682183,41.493589,75,53,20
8812.194461,48.268714,75,53,20
1383.880644,48.153645,75,53,20
1871.089333,27.848773,75,53,20
580.121176,42.893110,75,53,20
7030.658608,30.371760,75,53,20
