Distance,Tx Power,Bandwidth,Subband BW,Subband Offset
677.258864,53.391271,100,73,23
7079.597881,32.925944,100,73,23
9646.000435,40.284482,100,73,23
4223.336387,35.434212,100,73,23
7505.998596,44.279616,100,73,23
713.936440,18.966171,100,73,23
9390.991423,49.090215,100,73,23
