Distance,Tx Power,Bandwidth,Subband BW,Subband Offset
5943.182159,46.713736,25,17,6
7143.711949,55.809833,25,17,6
6380.950276,26.784148,25,17,6
9536.923060,41.040140,25,17,6
5382.810365,54.649444,25,17,6
5456.734101,25.846713,25,17,6
105.003449,53.890788,25,17,6
