Distance,Tx Power,Bandwidth,Subband BW,Subband Offset
5638.899161,47.526982,15,6,9
4578.417187,34.447755,15,6,9
1530.562544,42.849459,15,6,9
1190.151789,50.954523,15,6,9
7434.003053,49.204818,15,6,9
9455.451266,24.502856,15,6,9
3864.820746,16.657723,15,6,9
