Distance,Tx Power,Bandwidth,Subband BW,Subband Offset
3404.038464,44.127214,25,20,5
6750.278985,45.350284,25,20,5
5150.373781,24.560899,25,20,5
2742.589937,21.456511,25,20,5
5613.847279,50.890982,25,20,5
9595.518336,55.228157,25,20,5
4254.472302,36.219301,25,20,5
