Distance,Tx Power,Bandwidth,Subband BW,Subband Offset
1534.612536,28.919964,75,61,13
6300.077822,15.996491,75,61,13
7464.954511,28.190332,75,61,13
9501.826973,37.660093,75,61,13
9317.518717,15.860850,75,61,13
1017.859485,17.166486,75,61,13
9950.494430,46.826923,75,61,13
