Distance,Tx Power,Bandwidth,Subband BW,Subband Offset
9758.899472,51.768551,75,31,37
249.583011,34.118384,75,31,37
4371.764688,51.655852,75,31,37
3963.885170,39.864828,75,31,37
7076.014456,41.307207,75,31,37
5139.927432,45.351622,75,31,37
1493.849725,55.617181,75,31,37
