Distance,Tx Power,Bandwidth,Subband BW,Subband Offset
8517.586065,28.823852,75,28,26
5843.496038,46.440579,75,28,26
5640.735048,45.139085,75,28,26
492.259490,56.498255,75,28,26
9559.602999,48.417521,75,28,26
7406.129925,51.520112,75,28,26
7172.073809,59.761327,75,28,26
