Distance,Tx Power,Bandwidth,Subband BW,Subband Offset
9904.443370,23.589798,25,19,1
6987.708450,55.497788,25,19,1
5168.091312,40.109417,25,19,1
3486.744594,46.423716,25,19,1
9548.083546,19.883182,25,19,1
184.594299,34.180670,25,19,1
226.414401,25.261802,25,19,1
