Distance,Tx Power,Bandwidth,Subband BW,Subband Offset
7259.002207,19.362666,50,12,36
598.756009,33.315597,50,12,36
740.525143,36.964303,50,12,36
1474.686606,44.001751,50,12,36
7968.920175,29.216702,50,12,36
2226.270298,22.404201,50,12,36
4226.758962,41.923703,50,12,36
