Distance,Tx Power,Bandwidth,Subband BW,Subband Offset
7108.831908,53.039234,100,80,6
377.741453,58.890271,100,80,6
3210.233335,20.342284,100,80,6
7450.147114,40.422678,100,80,6
1528.381162,22.762842,100,80,6
1326.424889,33.931932,100,80,6
4656.586726,18.687758,100,80,6
