Distance,Tx Power,Bandwidth,Subband BW,Subband Offset
9103.281645,22.714309,15,6,2
157.868290,58.703910,15,6,2
3536.581140,23.740887,15,6,2
1767.817891,52.141774,15,6,2
1855.341054,49.282497,15,6,2
4079.982950,59.585315,15,6,2
886.798997,58.048348,15,6,2
