Distance,Tx Power,Bandwidth,Subband BW,Subband Offset
8798.748661,59.437534,25,21,4
2807.810873,41.275387,25,21,4
3537.472684,23.013064,25,21,4
3943.232823,57.559146,25,21,4
2599.143300,26.178690,25,21,4
8999.202025,59.268663,25,21,4
7985.391659,52.035415,25,21,4
