Distance,Tx Power,Bandwidth,Subband BW,Subband Offset
7109.627019,31.848961,25,13,1
599.801412,59.909722,25,13,1
2907.949312,45.377098,25,13,1
9535.076254,29.608298,25,13,1
7547.253369,47.228200,25,13,1
7446.324316,41.559315,25,13,1
5464.218891,54.850504,25,13,1
