Distance,Tx Power,Bandwidth,Subband BW,Subband Offset
7041.595373,39.125435,25,17,2
2350.646219,18.122351,25,17,2
702.706615,21.257262,25,17,2
9895.184766,44.804931,25,17,2
7246.690352,30.441274,25,17,2
3230.011923,32.340114,25,17,2
7170.681446,41.539154,25,17,2
