Distance,Tx Power,Bandwidth,Subband BW,Subband Offset
4315.909605,55.107135,25,10,13
8369.140415,30.788302,25,10,13
3251.186530,48.133430,25,10,13
6358.828240,52.465765,25,10,13
1881.388197,21.235355,25,10,13
2489.418013,32.133235,25,10,13
4871.523316,52.767019,25,10,13
