Distance,Tx Power,Bandwidth,Subband BW,Subband Offset
6866.730174,43.921498,25,16,5
405.371035,55.698721,25,16,5
6792.370468,37.474440,25,16,5
8260.673989,49.564015,25,16,5
3615.057030,52.319688,25,16,5
4631.386368,24.045123,25,16,5
3942.175811,56.708548,25,16,5
