Distance,Tx Power,Bandwidth,Subband BW,Subband Offset
7571.774003,31.041296,25,16,4
9381.176141,16.237369,25,16,4
4742.072722,43.033094,25,16,4
7192.137630,48.649090,25,16,4
9180.732937,47.057336,25,16,4
8452.541345,36.723039,25,16,4
4706.627627,47.253503,25,16,4
