Distance,Tx Power,Bandwidth,Subband BW,Subband Offset
8070.243115,27.989940,25,6,13
6925.363619,53.701400,25,6,13
4062.981408,47.953465,25,6,13
5495.184778,21.882125,25,6,13
6824.252045,27.857509,25,6,13
9713.070583,20.883505,25,6,13
2177.649134,21.239937,25,6,13
