Distance,Tx Power,Bandwidth,Subband BW,Subband Offset
2411.012863,41.239470,100,52,22
4908.836950,36.065156,100,52,22
688.133039,37.432777,100,52,22
9187.966497,28.854654,100,52,22
5552.865062,54.688189,100,52,22
168.095545,44.908123,100,52,22
1711.747697,39.624120,100,52,22
