Distance,Tx Power,Bandwidth,Subband BW,Subband Offset
9827.617945,30.195644,50,24,15
8153.674704,16.001739,50,24,15
2159.432782,27.443259,50,24,15
1915.923185,40.816624,50,24,15
4514.149403,18.207861,50,24,15
8751.501631,42.612025,50,24,15
2623.496351,17.607184,50,24,15
