Distance,Tx Power,Bandwidth,Subband BW,Subband Offset
3193.166124,58.513853,100,61,31
9502.315559,48.705505,100,61,31
431.834297,48.852023,100,61,31
7077.386213,58.408568,100,61,31
7656.962893,46.418125,100,61,31
2224.277496,36.568788,100,61,31
7078.055656,40.324419,100,61,31
