Distance,Tx Power,Bandwidth,Subband BW,Subband Offset
4823.540539,44.324091,100,27,3
6286.872328,55.636637,100,27,3
3811.175882,39.050471,100,27,3
2635.516515,22.877489,100,27,3
8540.481469,41.813073,100,27,3
771.321947,46.700088,100,27,3
9022.061398,18.383447,100,27,3
