Distance,Tx Power,Bandwidth,Subband BW,Subband Offset
2838.499523,15.043697,50,17,19
6578.040644,48.321592,50,17,19
1582.835635,49.497296,50,17,19
342.300144,22.962236,50,17,19
6949.452989,50.231694,50,17,19
9385.524093,51.020994,50,17,19
6468.127959,19.878216,50,17,19
