Distance,Tx Power,Bandwidth,Subband BW,Subband Offset
8069.000051,42.455489,15,8,0
9413.217642,36.364212,15,8,0
7084.397208,24.857545,15,8,0
4403.284352,37.866336,15,8,0
442.461935,49.883384,15,8,0
6271.790199,52.097346,15,8,0
8535.252005,20.754467,15,8,0
