Distance,Tx Power,Bandwidth,Subband BW,Subband Offset
8876.257279,52.491605,75,20,40
9216.894977,53.517575,75,20,40
6961.763039,34.284370,75,20,40
1689.945576,17.333859,75,20,40
8550.547513,31.816791,75,20,40
758.463051,56.746922,75,20,40
4257.636623,31.455423,75,20,40
