Distance,Tx Power,Bandwidth,Subband BW,Subband Offset
2804.209180,52.159758,25,14,1
880.958303,28.469451,25,14,1
1902.473507,38.194327,25,14,1
999.675312,50.252641,25,14,1
7327.872035,31.702295,25,14,1
1241.039452,53.367053,25,14,1
6941.421939,41.181873,25,14,1
