Distance,Tx Power,Bandwidth,Subband BW,Subband Offset
786.545136,56.657796,75,6,25
9709.966928,53.684814,75,6,25
4956.565261,31.849447,75,6,25
910.976393,53.069046,75,6,25
2471.934496,18.791638,75,6,25
4105.953980,17.130895,75,6,25
4068.546346,38.986687,75,6,25
