Distance,Tx Power,Bandwidth,Subband BW,Subband Offset
6062.434601,29.210849,25,15,2
6285.874069,59.578522,25,15,2
8960.503728,20.238328,25,15,2
1255.089049,56.664300,25,15,2
6415.205951,33.420629,25,15,2
308.937555,44.161482,25,15,2
7254.707840,52.909409,25,15,2
