Distance,Tx Power,Bandwidth,Subband BW,Subband Offset
1198.398537,28.288302,25,8,4
2911.769475,57.895221,25,8,4
2824.737360,48.406678,25,8,4
8253.646971,22.979264,25,8,4
3788.071676,55.919326,25,8,4
3836.959355,50.380869,25,8,4
1214.114696,30.455236,25,8,4
