Distance,Tx Power,Bandwidth,Subband BW,Subband Offset
5631.199861,19.626612,25,12,10
7427.980253,45.350310,25,12,10
1254.328377,52.172640,25,12,10
8870.587477,27.779703,25,12,10
9930.066842,37.977471,25,12,10
2272.951552,53.583461,25,12,10
3439.440937,31.248155,25,12,10
