Distance,Tx Power,Bandwidth,Subband BW,Subband Offset
9936.989020,52.137234,100,16,56
1758.467159,19.107931,100,16,56
2056.085114,20.051573,100,16,56
2410.007893,24.876194,100,16,56
365.325023,19.943683,100,16,56
4134.250876,49.650838,100,16,56
5895.033804,57.715664,100,16,56
