Distance,Tx Power,Bandwidth,Subband BW,Subband Offset
9505.828021,43.822760,15,9,6
675.433646,40.041378,15,9,6
7155.708174,15.000909,15,9,6
4383.531934,27.832314,15,9,6
8608.155728,44.415546,15,9,6
8286.529928,56.574609,15,9,6
1335.595839,26.176196,15,9,6
