Distance,Tx Power,Bandwidth,Subband BW,Subband Offset
5797.219504,53.930115,100,86,11
1948.504681,21.638901,100,86,11
9490.185696,45.847809,100,86,11
8471.483347,30.915044,100,86,11
516.799574,52.199715,100,86,11
5016.759515,46.102825,100,86,11
8333.247997,50.738009,100,86,11
