Distance,Tx Power,Bandwidth,Subband BW,Subband Offset
7027.223339,25.501744,25,7,17
4960.914888,58.884918,25,7,17
4817.050336,53.207666,25,7,17
4134.403656,29.380851,25,7,17
3823.292041,51.335103,25,7,17
7407.720250,32.315450,25,7,17
6332.796459,20.154909,25,7,17
