Distance,Tx Power,Bandwidth,Subband BW,Subband Offset
3874.575060,23.442558,50,31,2
4280.505650,18.401052,50,31,2
378.633544,59.511858,50,31,2
4202.052785,18.457472,50,31,2
9630.309714,59.444116,50,31,2
915.079746,24.562189,50,31,2
7472.276112,55.472009,50,31,2
