Distance,Tx Power,Bandwidth,Subband BW,Subband Offset
9291.949768,38.851764,50,11,25
7853.973765,59.339536,50,11,25
9553.208093,50.885157,50,11,25
1180.100448,15.998738,50,11,25
2968.865428,39.243860,50,11,25
1469.557720,44.275200,50,11,25
9449.794134,37.953597,50,11,25
