Distance,Tx Power,Bandwidth,Subband BW,Subband Offset
3789.525605,32.200809,100,67,10
4554.085697,50.125464,100,67,10
4032.393999,36.313255,100,67,10
6992.404610,28.133789,100,67,10
1295.480246,54.697376,100,67,10
8241.916900,23.523514,100,67,10
9716.306686,27.866703,100,67,10
