Distance,Tx Power,Bandwidth,Subband BW,Subband Offset
5369.014239,52.890506,75,25,39
1097.961958,16.893880,75,25,39
4258.395321,33.558511,75,25,39
4102.407910,32.928697,75,25,39
8228.763131,26.695149,75,25,39
6371.174411,42.905817,75,25,39
1175.711363,26.588273,75,25,39
