Distance,Tx Power,Bandwidth,Subband BW,Subband Offset
9816.397906,58.851409,15,13,0
8937.257244,30.557468,15,13,0
3866.992531,41.327980,15,13,0
781.432596,42.121601,15,13,0
872.933072,46.842506,15,13,0
3866.734862,51.263443,15,13,0
6807.747938,51.876386,15,13,0
