Distance,Tx Power,Bandwidth,Subband BW,Subband Offset
294.268895,47.908166,15,9,1
5200.507617,49.030580,15,9,1
4064.139460,36.028186,15,9,1
9387.620224,53.199474,15,9,1
679.378726,55.057177,15,9,1
7966.100794,58.701257,15,9,1
6587.479202,30.271759,15,9,1
