Distance,Tx Power,Bandwidth,Subband BW,Subband Offset
1446.980943,31.245307,75,23,25
3691.522960,43.819791,75,23,25
3921.913681,31.308745,75,23,25
4819.634435,20.845333,75,23,25
4249.348416,56.421318,75,23,25
901.850139,16.676905,75,23,25
6318.983872,45.443651,75,23,25
