Distance,Tx Power,Bandwidth,Subband BW,Subband Offset
8159.502729,30.202359,15,10,3
841.447821,58.307291,15,10,3
9967.804915,23.155555,15,10,3
8471.764347,31.054670,15,10,3
4171.303021,51.059020,15,10,3
4722.594991,36.606005,15,10,3
2769.963738,59.691335,15,10,3
