Distance,Tx Power,Bandwidth,Subband BW,Subband Offset
9234.960240,16.845903,50,16,25
4394.910912,18.557131,50,16,25
3782.712679,27.195680,50,16,25
8383.464087,23.467656,50,16,25
7248.528705,25.507992,50,16,25
6888.483053,32.627530,50,16,25
6733.912282,42.910321,50,16,25
