Distance,Tx Power,Bandwidth,Subband BW,Subband Offset
7210.914831,39.831857,15,6,8
1998.903382,54.767231,15,6,8
3180.389726,53.416525,15,6,8
9174.565784,15.897230,15,6,8
3192.263626,35.809119,15,6,8
3889.711762,17.502948,15,6,8
1914.300240,16.917114,15,6,8
