Distance,Tx Power,Bandwidth,Subband BW,Subband Offset
8320.336705,15.302721,15,6,6
5138.529699,57.713082,15,6,6
7446.110680,59.436196,15,6,6
501.136987,29.664732,15,6,6
2716.642046,32.418157,15,6,6
9357.983084,57.214426,15,6,6
1777.198362,46.736931,15,6,6
