Distance,Tx Power,Bandwidth,Subband BW,Subband Offset
541.384232,19.807096,100,52,42
7012.819947,49.201445,100,52,42
6819.638137,54.096717,100,52,42
349.335561,53.513280,100,52,42
9752.332265,21.201858,100,52,42
6491.172677,43.281196,100,52,42
358.095378,36.403050,100,52,42
