Distance,Tx Power,Bandwidth,Subband BW,Subband Offset
6213.436873,35.205784,50,20,27
4031.401339,26.507899,50,20,27
4867.843483,34.710251,50,20,27
8439.355563,38.330162,50,20,27
9030.074366,35.975574,50,20,27
337.396734,54.292124,50,20,27
4052.575547,26.146302,50,20,27
