Distance,Tx Power,Bandwidth,Subband BW,Subband Offset
3069.165531,41.960469,50,14,15
3373.408602,34.296805,50,14,15
5345.499635,48.382942,50,14,15
7583.052245,27.179396,50,14,15
7449.812025,37.717224,50,14,15
1411.563821,37.750971,50,14,15
1946.622568,59.583312,50,14,15
