Distance,Tx Power,Bandwidth,Subband BW,Subband Offset
244.013307,44.681269,15,9,4
2368.621374,26.403759,15,9,4
6012.047299,36.892853,15,9,4
8907.108045,46.647903,15,9,4
4861.368955,48.737620,15,9,4
6364.469036,47.619421,15,9,4
8161.768216,45.668926,15,9,4
