Distance,Tx Power,Bandwidth,Subband BW,Subband Offset
3227.409498,51.572211,100,36,8
8323.572996,23.545676,100,36,8
8096.199831,15.433146,100,36,8
334.167222,43.983349,100,36,8
6470.028066,29.523093,100,36,8
7950.940897,24.793582,100,36,8
6773.394105,18.368673,100,36,8
