Distance,Tx Power,Bandwidth,Subband BW,Subband Offset
924.575840,57.122255,50,20,24
7378.632274,50.354165,50,20,24
9519.753149,51.725809,50,20,24
9295.232201,32.066440,50,20,24
1248.330840,46.921753,50,20,24
6606.789342,36.941086,50,20,24
3927.397754,35.959620,50,20,24
