Distance,Tx Power,Bandwidth,Subband BW,Subband Offset
3615.838919,26.493063,100,51,17
6759.028077,59.051057,100,51,17
7072.716250,41.895128,100,51,17
1008.292065,40.465953,100,51,17
4825.821155,48.580547,100,51,17
9481.006319,57.428406,100,51,17
6438.722529,59.843872,100,51,17
