Distance,Tx Power,Bandwidth,Subband BW,Subband Offset
8910.685191,48.202722,25,18,1
3809.910557,16.764352,25,18,1
7053.527240,49.636487,25,18,1
6345.648488,40.292345,25,18,1
6145.409457,43.578103,25,18,1
8223.916862,41.849258,25,18,1
6156.678065,38.146215,25,18,1
