Distance,Tx Power,Bandwidth,Subband BW,Subband Offset
2704.541932,52.238233,75,38,0
5323.682441,22.186575,75,38,0
4348.636978,45.695553,75,38,0
7511.955720,40.015104,75,38,0
6219.890267,45.151566,75,38,0
9791.530007,38.638063,75,38,0
7475.172478,37.904315,75,38,0
