Distance,Tx Power,Bandwidth,Subband BW,Subband Offset
3265.393648,44.506963,50,27,11
4310.150068,42.903955,50,27,11
4023.660121,43.103238,50,27,11
1994.930426,23.122503,50,27,11
1415.699470,55.267005,50,27,11
9539.551461,42.245680,50,27,11
1659.478749,24.988070,50,27,11
