Distance,Tx Power,Bandwidth,Subband BW,Subband Offset
7956.440785,51.725264,25,9,13
9151.783919,39.842754,25,9,13
2418.098905,33.016770,25,9,13
8339.768435,55.933401,25,9,13
648.617075,33.915131,25,9,13
8806.210223,24.383361,25,9,13
2093.711281,54.145563,25,9,13
