Distance,Tx Power,Bandwidth,Subband BW,Subband Offset
3990.823851,50.162152,15,7,4
2485.970976,24.414683,15,7,4
2807.962723,20.619777,15,7,4
1714.525983,22.130190,15,7,4
7170.925350,52.278643,15,7,4
371.328269,54.604931,15,7,4
1207.091217,28.563498,15,7,4
