Distance,Tx Power,Bandwidth,Subband BW,Subband Offset
5264.703037,56.133907,100,66,23
9400.486686,33.985001,100,66,23
8454.398200,28.186872,100,66,23
1036.305141,32.824919,100,66,23
2379.096317,56.121414,100,66,23
9725.004325,44.092186,100,66,23
6823.837332,40.234985,100,66,23
