Distance,Tx Power,Bandwidth,Subband BW,Subband Offset
3608.088864,41.451247,25,14,1
9366.386004,51.795466,25,14,1
2771.417329,33.416344,25,14,1
6081.970830,25.550278,25,14,1
4600.300047,22.754096,25,14,1
5189.868699,24.197030,25,14,1
4134.975312,52.562486,25,14,1
