Distance,Tx Power,Bandwidth,Subband BW,Subband Offset
8108.155353,52.849225,75,32,3
8073.321484,25.205796,75,32,3
2786.890278,39.280286,75,32,3
1519.282364,31.991557,75,32,3
7674.988796,36.179548,75,32,3
625.203272,21.005806,75,32,3
1830.546495,37.348687,75,32,3
