Distance,Tx Power,Bandwidth,Subband BW,Subband Offset
526.825960,21.001787,75,28,35
5200.147350,48.946865,75,28,35
4311.807882,25.733589,75,28,35
1922.188246,24.644879,75,28,35
1962.782425,56.901666,75,28,35
2292.457217,48.995915,75,28,35
5999.005918,16.443620,75,28,35
