Distance,Tx Power,Bandwidth,Subband BW,Subband Offset
1910.072172,54.500722,50,18,6
5204.832993,21.870173,50,18,6
3866.246590,49.571744,50,18,6
432.574490,40.042116,50,18,6
8285.615923,42.820350,50,18,6
1018.975319,26.337724,50,18,6
8342.499136,21.086858,50,18,6
