Distance,Tx Power,Bandwidth,Subband BW,Subband Offset
1291.789148,41.867079,25,16,1
1000.614364,24.794384,25,16,1
5028.799226,50.028640,25,16,1
6222.733325,44.995393,25,16,1
3773.453347,59.026792,25,16,1
4053.640874,27.897657,25,16,1
6518.545375,56.926041,25,16,1
