Distance,Tx Power,Bandwidth,Subband BW,Subband Offset
3156.121523,25.789054,50,11,35
1231.072125,34.988826,50,11,35
724.386914,17.172691,50,11,35
1460.336123,45.231252,50,11,35
9737.530854,23.960007,50,11,35
8639.967848,42.470299,50,11,35
9249.484866,59.460350,50,11,35
