Distance,Tx Power,Bandwidth,Subband BW,Subband Offset
1936.310163,43.016858,15,8,3
8804.431962,54.012542,15,8,3
9088.268362,39.557396,15,8,3
3693.847528,53.725847,15,8,3
7661.844296,51.931226,15,8,3
5607.727206,54.085714,15,8,3
5587.894909,56.434117,15,8,3
