Distance,Tx Power,Bandwidth,Subband BW,Subband Offset
9263.746652,34.232443,15,12,2
5260.894634,43.461369,15,12,2
3378.063115,41.643419,15,12,2
3604.000098,51.017144,15,12,2
314.682766,24.502954,15,12,2
7270.102409,31.166784,15,12,2
3324.719841,16.412990,15,12,2
