Distance,Tx Power,Bandwidth,Subband BW,Subband Offset
3084.728525,46.104466,25,10,13
4236.734670,23.638935,25,10,13
1366.264728,50.892541,25,10,13
7250.873458,46.162382,25,10,13
7360.541387,55.215961,25,10,13
7192.572744,17.250409,25,10,13
1038.582192,27.966407,25,10,13
