Distance,Tx Power,Bandwidth,Subband BW,Subband Offset
8480.546614,51.981068,15,7,4
5042.850160,18.904260,15,7,4
5753.243181,27.525214,15,7,4
1927.576902,26.811958,15,7,4
4125.133513,33.351697,15,7,4
4555.181131,47.506277,15,7,4
6838.709876,23.957881,15,7,4
