Distance,Tx Power,Bandwidth,Subband BW,Subband Offset
4002.793762,22.608582,25,13,5
3434.053696,33.402309,25,13,5
2788.760065,54.874680,25,13,5
4699.905041,34.156358,25,13,5
6252.745045,31.881725,25,13,5
4811.445748,48.134351,25,13,5
8486.305126,15.528854,25,13,5
