Distance,Tx Power,Bandwidth,Subband BW,Subband Offset
6730.753340,33.325544,100,11,22
9886.201116,27.429711,100,11,22
283.483869,26.452695,100,11,22
8263.496978,21.367201,100,11,22
1922.756767,34.197074,100,11,22
8173.675912,16.643350,100,11,22
440.475707,27.135415,100,11,22
