Distance,Tx Power,Bandwidth,Subband BW,Subband Offset
633.902338,31.233672,100,29,70
8267.786474,52.992213,100,29,70
9780.176855,30.315655,100,29,70
4424.666800,21.394215,100,29,70
9824.455523,28.250255,100,29,70
8178.857107,27.855193,100,29,70
4411.130775,23.487196,100,29,70
