Distance,Tx Power,Bandwidth,Subband BW,Subband Offset
5843.366257,27.658254,25,7,4
1512.340231,49.071479,25,7,4
9089.021453,41.271007,25,7,4
6380.166675,18.330887,25,7,4
372.027058,58.231226,25,7,4
9880.886073,17.164635,25,7,4
7163.467641,21.654688,25,7,4
