Distance,Tx Power,Bandwidth,Subband BW,Subband Offset
1030.761884,33.153474,100,20,34
8084.676449,35.573700,100,20,34
9210.712272,27.080171,100,20,34
9538.632558,15.774436,100,20,34
9886.787910,57.459592,100,20,34
9457.254920,42.570774,100,20,34
5374.416845,46.006842,100,20,34
