Distance,Tx Power,Bandwidth,Subband BW,Subband Offset
8253.454185,55.466037,25,6,11
9378.256619,43.560028,25,6,11
8082.471279,55.599214,25,6,11
4692.761718,31.069407,25,6,11
4453.491654,16.753220,25,6,11
6777.546328,37.005350,25,6,11
8584.918985,59.477925,25,6,11
