Distance,Tx Power,Bandwidth,Subband BW,Subband Offset
1571.415967,26.220837,15,6,4
8270.533819,50.321189,15,6,4
8794.648766,45.596593,15,6,4
332.961324,52.617511,15,6,4
3232.212965,53.541579,15,6,4
6409.723365,21.145535,15,6,4
4692.351060,22.927172,15,6,4
