Distance,Tx Power,Bandwidth,Subband BW,Subband Offset
3702.412710,15.594310,100,37,8
1499.324770,27.921979,100,37,8
9557.852948,30.344064,100,37,8
9454.845970,24.557997,100,37,8
3704.707516,28.579777,100,37,8
4016.443005,30.967219,100,37,8
7910.118136,51.254632,100,37,8
