Distance,Tx Power,Bandwidth,Subband BW,Subband Offset
5729.434719,57.502761,15,6,6
1421.514607,41.371534,15,6,6
9276.117802,47.832646,15,6,6
9978.270901,35.505481,15,6,6
7615.822925,52.663156,15,6,6
9524.432613,52.043779,15,6,6
6287.544830,45.045020,15,6,6
