Distance,Tx Power,Bandwidth,Subband BW,Subband Offset
7033.799404,45.586285,50,23,20
1468.981635,32.322954,50,23,20
4109.730309,36.763168,50,23,20
1244.922248,29.065550,50,23,20
3756.498080,26.580090,50,23,20
2852.295145,26.230824,50,23,20
8530.555697,41.520305,50,23,20
