Distance,Tx Power,Bandwidth,Subband BW,Subband Offset
168.891621,15.158313,75,41,2
2952.383229,16.427212,75,41,2
3151.937255,40.245123,75,41,2
1943.049937,51.012281,75,41,2
7395.155021,18.035771,75,41,2
9981.383725,48.786214,75,41,2
4336.575559,22.297349,75,41,2
