Distance,Tx Power,Bandwidth,Subband BW,Subband Offset
683.492194,17.768354,100,8,77
9232.119839,25.517759,100,8,77
122.695194,56.518924,100,8,77
6324.818095,27.517845,100,8,77
8981.845489,26.702622,100,8,77
8004.655615,26.796561,100,8,77
3165.202710,46.571682,100,8,77
