Distance,Tx Power,Bandwidth,Subband BW,Subband Offset
4221.187719,18.994517,100,56,1
321.508085,57.338976,100,56,1
3930.707997,51.678670,100,56,1
4216.847147,45.750723,100,56,1
7760.557218,22.833179,100,56,1
3768.606665,17.164247,100,56,1
3518.809218,17.383836,100,56,1
