Distance,Tx Power,Bandwidth,Subband BW,Subband Offset
1256.827189,21.874366,100,38,47
3959.255546,45.468833,100,38,47
460.293140,30.377028,100,38,47
1546.443890,52.306496,100,38,47
7042.485289,18.330369,100,38,47
3967.524101,57.802405,100,38,47
6926.673239,28.958981,100,38,47
