Distance,Tx Power,Bandwidth,Subband BW,Subband Offset
5096.983270,39.173121,75,7,24
1307.151367,37.401539,75,7,24
3391.780170,20.442161,75,7,24
6327.078139,39.954988,75,7,24
7600.179916,45.322132,75,7,24
6826.325407,29.014023,75,7,24
3935.902796,30.191479,75,7,24
