Distance,Tx Power,Bandwidth,Subband BW,Subband Offset
8783.753942,21.288028,100,45,29
8921.919376,31.482400,100,45,29
614.042250,41.978426,100,45,29
3966.624960,32.738174,100,45,29
3386.432509,35.651310,100,45,29
6145.884215,47.461158,100,45,29
2812.528909,30.656852,100,45,29
