Distance,Tx Power,Bandwidth,Subband BW,Subband Offset
8227.356299,36.416607,15,6,7
4274.793806,32.132089,15,6,7
3630.668761,37.008272,15,6,7
377.302845,47.692073,15,6,7
3922.367385,41.938545,15,6,7
2150.765704,34.160611,15,6,7
1699.754430,53.150903,15,6,7
