Distance,Tx Power,Bandwidth,Subband BW,Subband Offset
8671.155785,27.297532,100,23,0
7534.770713,25.483657,100,23,0
781.771585,17.827100,100,23,0
3240.197718,37.735602,100,23,0
4860.067063,20.414641,100,23,0
1014.126175,55.175518,100,23,0
2298.964798,44.125648,100,23,0
