Distance,Tx Power,Bandwidth,Subband BW,Subband Offset
3722.755155,57.084583,25,7,1
2401.053469,39.071570,25,7,1
5039.345506,35.328788,25,7,1
4024.908000,42.429340,25,7,1
4843.369328,33.256619,25,7,1
6275.840019,44.483860,25,7,1
4861.871148,44.525659,25,7,1
