Distance,Tx Power,Bandwidth,Subband BW,Subband Offset
2724.661081,20.486068,50,31,6
3086.416220,32.501548,50,31,6
8963.219953,42.614966,50,31,6
4520.375162,33.369108,50,31,6
7647.907044,51.510206,50,31,6
4029.559484,28.223457,50,31,6
2879.155665,23.854322,50,31,6
