Distance,Tx Power,Bandwidth,Subband BW,Subband Offset
4567.445971,22.543286,25,19,2
1114.929975,37.659980,25,19,2
5384.399075,17.251594,25,19,2
385.814157,46.408140,25,19,2
9075.229331,49.946171,25,19,2
8258.976616,54.983233,25,19,2
4631.723313,46.698390,25,19,2
