Distance,Tx Power,Bandwidth,Subband BW,Subband Offset
2913.479948,34.715418,15,11,1
4478.683901,52.123322,15,11,1
6306.402307,51.505239,15,11,1
9700.794610,23.289140,15,11,1
9066.748481,36.343679,15,11,1
7993.597690,39.327614,15,11,1
1521.127255,23.583026,15,11,1
