Distance,Tx Power,Bandwidth,Subband BW,Subband Offset
5293.555655,54.189421,15,6,9
8217.931499,37.546393,15,6,9
7482.650773,36.117397,15,6,9
1093.850494,44.414958,15,6,9
1427.066337,16.997222,15,6,9
9543.568583,45.844292,15,6,9
5806.918248,30.419720,15,6,9
