Distance,Tx Power,Bandwidth,Subband BW,Subband Offset
6114.468559,56.770575,15,8,6
3634.407004,22.819462,15,8,6
8871.202869,42.917331,15,8,6
1243.846736,19.719150,15,8,6
4247.410489,48.662438,15,8,6
9186.650909,35.628257,15,8,6
9365.694703,48.686142,15,8,6
