Distance,Tx Power,Bandwidth,Subband BW,Subband Offset
8638.065115,32.243436,50,17,18
5949.485672,38.859823,50,17,18
9463.239640,46.596173,50,17,18
7889.692808,34.503392,50,17,18
1438.327530,31.884117,50,17,18
2249.058321,43.179390,50,17,18
1788.028602,57.814227,50,17,18
