Distance,Tx Power,Bandwidth,Subband BW,Subband Offset
2027.301694,25.659439,25,16,8
5436.053622,25.038029,25,16,8
1943.727148,44.976446,25,16,8
5472.420604,26.456677,25,16,8
4009.379074,17.944094,25,16,8
1597.855060,49.165849,25,16,8
9163.542168,54.226737,25,16,8
