Distance,Tx Power,Bandwidth,Subband BW,Subband Offset
9157.921007,53.007194,100,18,3
6263.336162,57.575224,100,18,3
3106.699107,43.724505,100,18,3
7434.724068,18.024186,100,18,3
7268.009260,36.840735,100,18,3
8301.612858,49.368381,100,18,3
4675.078182,54.822482,100,18,3
