Distance,Tx Power,Bandwidth,Subband BW,Subband Offset
2840.020985,31.278379,75,6,62
6773.500819,55.610464,75,6,62
6890.152629,22.438851,75,6,62
3640.358098,26.254598,75,6,62
3464.712872,41.289749,75,6,62
8534.790388,56.350441,75,6,62
6702.707950,36.537497,75,6,62
