Distance,Tx Power,Bandwidth,Subband BW,Subband Offset
5979.318517,48.274124,100,38,55
1759.978516,53.411467,100,38,55
8067.787502,51.990126,100,38,55
9268.264101,30.211258,100,38,55
5029.012315,54.482223,100,38,55
8496.566411,19.503298,100,38,55
7620.271255,52.918445,100,38,55
