Distance,Tx Power,Bandwidth,Subband BW,Subband Offset
7633.861076,22.344617,15,11,1
8538.982544,19.619334,15,11,1
6299.934729,19.093701,15,11,1
3579.890616,22.683520,15,11,1
2183.758274,39.477257,15,11,1
5013.023522,31.510777,15,11,1
409.567275,58.998895,15,11,1
