Distance,Tx Power,Bandwidth,Subband BW,Subband Offset
3182.487005,43.549438,50,29,3
4744.422611,36.308749,50,29,3
5683.293618,54.499425,50,29,3
5515.867907,56.708934,50,29,3
5068.395710,21.982549,50,29,3
3698.740511,43.261657,50,29,3
1667.955426,47.867158,50,29,3
