Distance,Tx Power,Bandwidth,Subband BW,Subband Offset
5052.408978,20.218628,50,7,20
1789.040770,47.056938,50,7,20
8996.055595,33.436790,50,7,20
572.854387,25.133716,50,7,20
7098.664174,18.925942,50,7,20
6859.432607,39.398629,50,7,20
6141.593074,15.303002,50,7,20
