Distance,Tx Power,Bandwidth,Subband BW,Subband Offset
7890.458597,19.644115,25,13,7
1355.249177,22.784478,25,13,7
3744.428191,52.700050,25,13,7
8798.189766,57.502950,25,13,7
3154.524495,58.836455,25,13,7
9929.927946,46.090295,25,13,7
2278.085829,27.391631,25,13,7
