Distance,Tx Power,Bandwidth,Subband BW,Subband Offset
7628.675183,19.034592,15,6,7
7865.196621,52.578317,15,6,7
8596.574915,15.370148,15,6,7
5094.398803,50.552613,15,6,7
4276.430519,54.236488,15,6,7
6935.905684,42.644776,15,6,7
8214.920754,21.012043,15,6,7
