Distance,Tx Power,Bandwidth,Subband BW,Subband Offset
8738.538831,18.684091,50,6,7
2499.823606,52.889699,50,6,7
6181.832005,15.919360,50,6,7
738.337691,24.329024,50,6,7
7301.924493,21.483230,50,6,7
5344.481162,53.778444,50,6,7
4066.074751,29.139858,50,6,7
