Distance,Tx Power,Bandwidth,Subband BW,Subband Offset
3843.957524,46.014951,100,10,82
4181.974032,41.494805,100,10,82
9803.539769,43.225686,100,10,82
8476.907272,28.123828,100,10,82
9038.402051,29.426066,100,10,82
5100.075311,49.642653,100,10,82
6894.148701,34.751437,100,10,82
