Distance,Tx Power,Bandwidth,Subband BW,Subband Offset
8330.056609,47.350980,50,24,4
479.267396,56.239491,50,24,4
8368.173004,36.160802,50,24,4
5993.894215,24.724737,50,24,4
5119.333312,18.152164,50,24,4
495.014629,44.490367,50,24,4
7770.248502,18.913825,50,24,4
