Distance,Tx Power,Bandwidth,Subband BW,Subband Offset
302.681953,44.898522,75,48,27
1958.113372,41.218216,75,48,27
370.598670,52.839849,75,48,27
7546.880270,36.157829,75,48,27
674.004995,20.615296,75,48,27
6323.644338,40.810647,75,48,27
2016.726866,58.689069,75,48,27
