Distance,Tx Power,Bandwidth,Subband BW,Subband Offset
4073.317723,23.835547,100,42,31
3180.747589,45.358013,100,42,31
1315.378126,41.378356,100,42,31
5850.959596,17.514934,100,42,31
9127.446151,19.871704,100,42,31
2417.584322,39.694727,100,42,31
5978.225101,31.832622,100,42,31
