Distance,Tx Power,Bandwidth,Subband BW,Subband Offset
2424.126731,59.259251,25,15,8
4248.024093,15.207886,25,15,8
8936.969005,15.318638,25,15,8
725.066710,26.494315,25,15,8
9462.903044,31.350782,25,15,8
3812.699992,54.593759,25,15,8
3837.041664,56.895763,25,15,8
