Distance,Tx Power,Bandwidth,Subband BW,Subband Offset
6872.364045,19.400564,100,62,21
4778.287072,27.796437,100,62,21
4659.169637,44.735038,100,62,21
1965.805996,41.612608,100,62,21
5105.004345,33.547073,100,62,21
7485.723951,25.840997,100,62,21
1948.416026,51.233858,100,62,21
