Distance,Tx Power,Bandwidth,Subband BW,Subband Offset
5902.137792,46.040515,50,13,31
5086.509859,31.748055,50,13,31
5846.506718,53.474234,50,13,31
889.089268,47.210383,50,13,31
8187.457183,25.147246,50,13,31
9707.604682,29.852098,50,13,31
3729.749661,30.070430,50,13,31
