Distance,Tx Power,Bandwidth,Subband BW,Subband Offset
6193.347737,32.923337,75,14,47
9523.009614,44.658869,75,14,47
1492.208697,35.503366,75,14,47
1836.555627,50.547461,75,14,47
5909.415511,53.194004,75,14,47
5231.849615,41.874072,75,14,47
3522.911879,51.919085,75,14,47
