Distance,Tx Power,Bandwidth,Subband BW,Subband Offset
8141.360506,41.974982,25,6,5
5810.869077,24.780870,25,6,5
1902.277270,49.462879,25,6,5
7633.418627,42.324058,25,6,5
8603.309053,49.659629,25,6,5
4958.348032,58.404051,25,6,5
8203.501714,43.026831,25,6,5
