Distance,Tx Power,Bandwidth,Subband BW,Subband Offset
9296.890599,47.264522,100,11,82
7342.830403,26.760164,100,11,82
4215.640527,17.420281,100,11,82
1835.271419,26.167760,100,11,82
6408.944184,56.628365,100,11,82
932.574153,52.443049,100,11,82
4317.921863,51.891028,100,11,82
