Distance,Tx Power,Bandwidth,Subband BW,Subband Offset
8904.421590,50.670757,75,43,9
8331.744179,43.938175,75,43,9
3073.951202,56.216293,75,43,9
2717.259800,19.737456,75,43,9
7082.898038,39.471509,75,43,9
6062.502548,15.262153,75,43,9
9111.780541,19.384466,75,43,9
