Distance,Tx Power,Bandwidth,Subband BW,Subband Offset
5335.697993,44.785115,15,12,0
9513.114613,48.889482,15,12,0
4788.301328,46.488060,15,12,0
8105.638438,55.792740,15,12,0
2967.445819,30.309826,15,12,0
5821.496805,36.564040,15,12,0
1765.518436,56.229174,15,12,0
