Distance,Tx Power,Bandwidth,Subband BW,Subband Offset
5333.954121,43.875887,25,11,13
7654.882870,33.704485,25,11,13
245.144807,51.702446,25,11,13
1922.900148,16.983707,25,11,13
4252.191459,16.810747,25,11,13
6370.854731,43.431295,25,11,13
6317.230960,53.502820,25,11,13
