Distance,Tx Power,Bandwidth,Subband BW,Subband Offset
2245.325207,32.000059,50,13,0
4110.064896,53.393066,50,13,0
3370.579744,41.566458,50,13,0
5685.742471,26.493293,50,13,0
3241.731578,44.802877,50,13,0
5273.832853,24.270448,50,13,0
9106.782525,41.548920,50,13,0
