Distance,Tx Power,Bandwidth,Subband BW,Subband Offset
312.301551,43.466819,15,7,3
8015.217225,31.521461,15,7,3
9382.961422,20.108056,15,7,3
1406.420073,29.972061,15,7,3
674.024177,52.998445,15,7,3
4704.624291,26.519981,15,7,3
8293.613843,27.111643,15,7,3
