Distance,Tx Power,Bandwidth,Subband BW,Subband Offset
8981.671707,55.481040,50,35,3
1503.086022,27.963042,50,35,3
5259.417601,34.891392,50,35,3
5746.064685,29.030729,50,35,3
9835.230652,21.530603,50,35,3
6831.109857,42.574480,50,35,3
1771.954467,55.567145,50,35,3
