Distance,Tx Power,Bandwidth,Subband BW,Subband Offset
2181.995911,48.881791,75,18,27
7993.477876,53.791426,75,18,27
3873.179829,28.353265,75,18,27
5749.261871,16.135904,75,18,27
5887.988335,54.705838,75,18,27
840.289268,45.584375,75,18,27
1642.120089,47.571473,75,18,27
