Distance,Tx Power,Bandwidth,Subband BW,Subband Offset
4460.467743,24.238061,15,11,4
5418.576730,18.608428,15,11,4
1152.417791,23.050059,15,11,4
5670.707501,32.676656,15,11,4
5606.257199,34.178741,15,11,4
3087.550708,51.124873,15,11,4
2762.874004,40.905677,15,11,4
