Distance,Tx Power,Bandwidth,Subband BW,Subband Offset
8231.326880,23.938872,50,34,12
4816.413332,29.560809,50,34,12
3367.627376,17.324858,50,34,12
6248.510836,52.850689,50,34,12
181.401980,53.547457,50,34,12
9352.371104,20.901582,50,34,12
1328.966086,16.068030,50,34,12
