Distance,Tx Power,Bandwidth,Subband BW,Subband Offset
8458.587441,31.923591,100,83,17
7231.106457,31.610418,100,83,17
6926.462379,38.082703,100,83,17
9029.814159,18.786769,100,83,17
7986.404339,41.152891,100,83,17
8074.048471,36.510307,100,83,17
7077.721001,52.830212,100,83,17
