Distance,Tx Power,Bandwidth,Subband BW,Subband Offset
6194.118535,19.548967,75,26,37
3184.000974,50.315575,75,26,37
539.187592,18.397535,75,26,37
4301.674122,46.062480,75,26,37
3825.715668,37.547971,75,26,37
8034.101285,41.193614,75,26,37
1034.099633,27.529073,75,26,37
