Distance,Tx Power,Bandwidth,Subband BW,Subband Offset
9336.235849,40.880334,50,10,23
4441.133312,53.166926,50,10,23
9529.244215,35.320861,50,10,23
8682.831467,45.648415,50,10,23
9518.748226,23.794376,50,10,23
6237.195961,44.910160,50,10,23
990.318031,43.219777,50,10,23
