Distance,Tx Power,Bandwidth,Subband BW,Subband Offset
2745.076034,18.892210,50,11,26
9558.089180,25.779481,50,11,26
4550.846586,54.917091,50,11,26
7919.234085,28.741416,50,11,26
377.304765,50.375298,50,11,26
1839.080582,34.491248,50,11,26
6229.879844,58.480698,50,11,26
