Distance,Tx Power,Bandwidth,Subband BW,Subband Offset
6562.792498,38.105817,75,33,35
1603.874817,15.978032,75,33,35
7188.273640,36.381364,75,33,35
8798.095457,17.151461,75,33,35
9963.412493,29.660608,75,33,35
3929.640959,18.260908,75,33,35
3281.307714,48.802528,75,33,35
