Distance,Tx Power,Bandwidth,Subband BW,Subband Offset
2954.281379,18.711407,25,7,18
6096.599849,56.934624,25,7,18
6831.099914,22.216079,25,7,18
2371.475225,53.392412,25,7,18
4717.366498,50.653859,25,7,18
235.603334,22.486494,25,7,18
512.207702,51.523115,25,7,18
