Distance,Tx Power,Bandwidth,Subband BW,Subband Offset
890.386431,39.152850,75,6,35
1732.143055,42.008141,75,6,35
7263.269169,48.294955,75,6,35
9999.122926,16.400943,75,6,35
207.943905,44.589818,75,6,35
2854.656396,57.027421,75,6,35
3590.131343,25.385172,75,6,35
