Distance,Tx Power,Bandwidth,Subband BW,Subband Offset
4854.758186,18.999188,100,52,12
5983.569477,24.674885,100,52,12
3914.786110,21.907830,100,52,12
6215.772440,44.261666,100,52,12
6356.307380,54.386068,100,52,12
3262.521344,29.170887,100,52,12
9299.060137,30.842525,100,52,12
