Distance,Tx Power,Bandwidth,Subband BW,Subband Offset
2048.576117,44.133552,75,37,2
8417.688676,58.669938,75,37,2
8173.199789,55.087099,75,37,2
3417.242929,48.906175,75,37,2
9976.103183,28.681265,75,37,2
6325.500954,32.867351,75,37,2
9154.072179,34.431820,75,37,2
