Distance,Tx Power,Bandwidth,Subband BW,Subband Offset
8636.232988,56.196623,25,15,4
6807.612159,39.343799,25,15,4
8860.121874,29.063961,25,15,4
2374.630051,37.295720,25,15,4
1924.178978,18.261384,25,15,4
2241.063892,40.154225,25,15,4
9978.061095,21.646633,25,15,4
