Distance,Tx Power,Bandwidth,Subband BW,Subband Offset
4240.856719,57.254094,15,13,1
7348.142768,40.927935,15,13,1
8332.234787,40.050857,15,13,1
4005.764090,17.256667,15,13,1
7991.515099,38.331611,15,13,1
6209.224826,46.375331,15,13,1
7461.581958,53.819520,15,13,1
