Distance,Tx Power,Bandwidth,Subband BW,Subband Offset
1831.331044,53.784970,15,6,3
5154.771222,55.577143,15,6,3
6957.946448,53.514095,15,6,3
4022.945702,29.771086,15,6,3
8116.590941,57.503380,15,6,3
3353.850071,23.590163,15,6,3
6794.023969,37.060279,15,6,3
