Distance,Tx Power,Bandwidth,Subband BW,Subband Offset
198.489897,56.525030,25,7,13
3682.071192,23.719798,25,7,13
3551.821581,48.478210,25,7,13
489.283598,16.364935,25,7,13
1080.495809,47.818320,25,7,13
9963.734198,58.655510,25,7,13
5525.407255,25.914573,25,7,13
