Distance,Tx Power,Bandwidth,Subband BW,Subband Offset
3244.530676,40.810986,15,6,5
1985.663330,32.999524,15,6,5
9186.128910,16.533654,15,6,5
4485.745151,45.640786,15,6,5
4500.695479,42.807044,15,6,5
7972.127700,57.960911,15,6,5
4475.706421,53.247363,15,6,5
