Distance,Tx Power,Bandwidth,Subband BW,Subband Offset
3640.282899,29.996201,100,17,37
7027.565886,16.336972,100,17,37
4562.720453,44.544702,100,17,37
5776.031983,45.103631,100,17,37
5596.523318,49.793061,100,17,37
8351.167047,50.619034,100,17,37
883.864733,58.817226,100,17,37
