Distance,Tx Power,Bandwidth,Subband BW,Subband Offset
322.301849,58.251800,25,13,7
7564.968712,34.031221,25,13,7
2320.674079,50.123282,25,13,7
2951.659676,16.080377,25,13,7
1944.119320,39.965931,25,13,7
8214.692462,18.607092,25,13,7
6855.764743,17.681256,25,13,7
