Distance,Tx Power,Bandwidth,Subband BW,Subband Offset
6473.227252,24.174981,50,20,15
7901.489931,57.285272,50,20,15
3109.243881,53.055320,50,20,15
9036.744519,18.554847,50,20,15
5233.780656,26.262464,50,20,15
1765.212733,35.988805,50,20,15
9609.932493,55.844660,50,20,15
