Distance,Tx Power,Bandwidth,Subband BW,Subband Offset
3205.615416,44.801161,50,19,10
5535.448911,41.388141,50,19,10
4249.962820,52.626137,50,19,10
7990.876022,59.124795,50,19,10
5356.154875,39.286146,50,19,10
8842.746215,17.556710,50,19,10
167.506128,36.532145,50,19,10
