Distance,Tx Power,Bandwidth,Subband BW,Subband Offset
5103.870450,25.924732,15,8,2
3250.893330,53.249329,15,8,2
6972.655059,53.452780,15,8,2
7276.927498,29.024618,15,8,2
5666.531126,46.114860,15,8,2
400.429746,17.647919,15,8,2
272.076659,17.184131,15,8,2
