Distance,Tx Power,Bandwidth,Subband BW,Subband Offset
6416.432500,28.741619,25,7,13
6772.531460,59.348995,25,7,13
4279.171110,55.552084,25,7,13
6481.432038,34.295258,25,7,13
8160.226108,53.562905,25,7,13
472.930431,54.919292,25,7,13
5222.813849,32.033199,25,7,13
