Distance,Tx Power,Bandwidth,Subband BW,Subband Offset
8624.823441,16.766904,50,19,27
8889.595645,53.538897,50,19,27
861.963298,31.993830,50,19,27
9493.848861,37.724586,50,19,27
4817.587253,42.628329,50,19,27
1806.052388,52.428504,50,19,27
7756.639224,21.233503,50,19,27
