Distance,Tx Power,Bandwidth,Subband BW,Subband Offset
7592.604844,49.100592,75,9,7
8434.932668,32.628583,75,9,7
4474.346607,28.749392,75,9,7
1594.696213,47.473690,75,9,7
9356.343369,28.194873,75,9,7
1365.139519,17.490529,75,9,7
9222.141802,40.533965,75,9,7
