Distance,Tx Power,Bandwidth,Subband BW,Subband Offset
782.426492,22.734412,100,12,7
7463.294305,29.754267,100,12,7
1860.087495,24.070586,100,12,7
2111.811966,17.106410,100,12,7
1284.450659,38.893291,100,12,7
2241.457744,34.618173,100,12,7
3804.711566,19.125216,100,12,7
