Distance,Tx Power,Bandwidth,Subband BW,Subband Offset
6505.223891,56.671852,100,53,33
7707.688570,32.635290,100,53,33
6410.707529,30.109966,100,53,33
5125.598221,25.790942,100,53,33
4241.281327,16.315533,100,53,33
8192.008232,21.208367,100,53,33
3978.088190,33.968803,100,53,33
