Distance,Tx Power,Bandwidth,Subband BW,Subband Offset
2570.160120,45.382404,25,14,0
3656.607948,38.309535,25,14,0
9456.679506,38.552815,25,14,0
4023.295514,33.866549,25,14,0
9676.604922,48.694761,25,14,0
4824.855191,37.837470,25,14,0
1600.742882,23.487836,25,14,0
