Distance,Tx Power,Bandwidth,Subband BW,Subband Offset
2008.194572,17.866662,50,45,4
7641.312740,58.410868,50,45,4
3964.460283,59.415632,50,45,4
3628.270320,47.178247,50,45,4
8179.062048,24.500258,50,45,4
8898.157667,17.516896,50,45,4
2332.669724,16.548836,50,45,4
