Distance,Tx Power,Bandwidth,Subband BW,Subband Offset
2209.640842,52.256686,25,24,0
9877.032557,45.171162,25,24,0
5890.946127,21.383427,25,24,0
8301.065687,43.672813,25,24,0
9673.965664,48.170166,25,24,0
9254.624412,52.274689,25,24,0
5823.030137,46.708809,25,24,0
