Distance,Tx Power,Bandwidth,Subband BW,Subband Offset
425.012678,54.014475,25,12,4
2936.202353,26.438598,25,12,4
2373.832366,51.698232,25,12,4
1305.442874,35.191386,25,12,4
717.947495,31.101595,25,12,4
9413.306357,33.549380,25,12,4
8757.959515,30.135966,25,12,4
