Distance,Tx Power,Bandwidth,Subband BW,Subband Offset
1277.393565,20.961063,15,8,6
6347.174690,56.408932,15,8,6
8482.770906,32.684377,15,8,6
3509.765733,29.946615,15,8,6
9905.476088,49.528414,15,8,6
2896.340291,56.394156,15,8,6
9906.566659,37.561418,15,8,6
