Distance,Tx Power,Bandwidth,Subband BW,Subband Offset
8914.966150,26.951645,75,34,30
3221.180011,52.931818,75,34,30
9855.887497,34.109571,75,34,30
2148.038255,22.848613,75,34,30
5241.389088,38.569212,75,34,30
8916.163000,48.647340,75,34,30
5083.018798,55.229889,75,34,30
