Distance,Tx Power,Bandwidth,Subband BW,Subband Offset
7642.701049,50.405357,25,10,13
7601.194189,47.649000,25,10,13
776.348842,16.923742,25,10,13
5780.401922,33.156829,25,10,13
3965.284814,55.313599,25,10,13
5799.856065,34.751371,25,10,13
7465.736556,42.304634,25,10,13
