Distance,Tx Power,Bandwidth,Subband BW,Subband Offset
8220.694371,41.938250,15,14,0
6767.057744,42.880265,15,14,0
7101.804486,23.663844,15,14,0
1164.645036,46.022251,15,14,0
4505.966739,47.226993,15,14,0
1472.914004,58.640699,15,14,0
5782.644675,44.787056,15,14,0
