Distance,Tx Power,Bandwidth,Subband BW,Subband Offset
830.288455,29.336043,75,17,22
5918.225854,32.375970,75,17,22
9342.469320,26.158306,75,17,22
7138.361426,26.454908,75,17,22
4633.248051,31.537341,75,17,22
3303.893564,44.874073,75,17,22
304.257578,48.543266,75,17,22
