Distance,Tx Power,Bandwidth,Subband BW,Subband Offset
4813.855327,20.314070,100,33,8
9439.269825,18.082840,100,33,8
8531.588879,32.275663,100,33,8
5715.547325,24.286074,100,33,8
7352.367807,33.852517,100,33,8
4248.838966,26.811462,100,33,8
6783.765743,30.579931,100,33,8
