Distance,Tx Power,Bandwidth,Subband BW,Subband Offset
609.435119,42.945084,50,13,13
7353.368367,26.382040,50,13,13
1061.764147,31.189401,50,13,13
4528.000880,38.456658,50,13,13
2895.285468,47.195381,50,13,13
8789.163662,46.877085,50,13,13
3049.003081,31.156895,50,13,13
