Distance,Tx Power,Bandwidth,Subband BW,Subband Offset
1503.471192,38.356170,100,28,35
7257.785803,31.720499,100,28,35
3565.817550,36.269330,100,28,35
6098.317086,21.571274,100,28,35
758.349122,53.374600,100,28,35
1390.709742,47.067226,100,28,35
6637.547626,15.674496,100,28,35
