Distance,Tx Power,Bandwidth,Subband BW,Subband Offset
477.085097,16.301790,15,9,6
5911.547213,42.248063,15,9,6
8287.947876,38.286418,15,9,6
2211.990451,33.280498,15,9,6
3538.922854,29.347455,15,9,6
2091.049881,55.354055,15,9,6
644.287642,34.700579,15,9,6
