Distance,Tx Power,Bandwidth,Subband BW,Subband Offset
4179.188379,42.450925,100,29,40
422.771509,29.622868,100,29,40
3426.763741,42.839907,100,29,40
5921.620021,15.289153,100,29,40
9380.434971,31.332255,100,29,40
3200.421781,26.887966,100,29,40
2819.796737,26.469627,100,29,40
