Distance,Tx Power,Bandwidth,Subband BW,Subband Offset
727.961491,25.203986,50,16,30
962.323644,41.615186,50,16,30
6331.653404,40.176515,50,16,30
9024.693515,58.253923,50,16,30
4765.899185,57.991684,50,16,30
7764.436436,45.936848,50,16,30
6658.528216,20.839261,50,16,30
