Distance,Tx Power,Bandwidth,Subband BW,Subband Offset
5081.905713,49.673954,75,51,5
8363.145703,18.576104,75,51,5
4015.109107,18.768146,75,51,5
6688.547218,36.546497,75,51,5
9456.927283,59.710083,75,51,5
3328.943362,51.824490,75,51,5
1296.935107,15.653724,75,51,5
