Distance,Tx Power,Bandwidth,Subband BW,Subband Offset
514.767065,46.099000,15,8,7
1884.180904,29.119299,15,8,7
6212.635996,22.052020,15,8,7
190.156732,44.924207,15,8,7
6695.283314,21.514468,15,8,7
6151.705016,20.611831,15,8,7
2551.776731,52.701396,15,8,7
