Distance,Tx Power,Bandwidth,Subband BW,Subband Offset
2669.778103,59.742934,100,41,57
6131.685154,21.289635,100,41,57
241.142731,31.523094,100,41,57
4066.662212,55.758886,100,41,57
7331.415911,27.276698,100,41,57
7463.125545,20.311823,100,41,57
7979.186779,59.789911,100,41,57
