Distance,Tx Power,Bandwidth,Subband BW,Subband Offset
2045.652571,35.741652,15,6,7
5133.249414,37.784805,15,6,7
8881.921150,51.343699,15,6,7
5334.402011,44.791127,15,6,7
2210.293673,52.679153,15,6,7
5310.519762,35.441154,15,6,7
7628.007214,22.102329,15,6,7
