Distance,Tx Power,Bandwidth,Subband BW,Subband Offset
4206.189988,45.551505,100,13,47
6366.799667,19.157916,100,13,47
2555.921611,54.929660,100,13,47
9701.866665,34.767193,100,13,47
3089.476148,19.856997,100,13,47
3814.696878,52.341428,100,13,47
6497.495388,16.548462,100,13,47
