Distance,Tx Power,Bandwidth,Subband BW,Subband Offset
4165.507545,58.692771,25,10,3
8519.212711,24.766043,25,10,3
4379.480785,35.186834,25,10,3
7375.397654,32.398886,25,10,3
261.257308,30.512228,25,10,3
1439.858849,30.128235,25,10,3
3636.739089,44.480959,25,10,3
