Distance,Tx Power,Bandwidth,Subband BW,Subband Offset
1661.524865,56.524316,15,7,1
362.143052,45.920900,15,7,1
1874.030584,50.697718,15,7,1
8275.227068,28.433644,15,7,1
5711.859117,57.818545,15,7,1
4495.312910,46.001974,15,7,1
6062.280793,51.562371,15,7,1
