Distance,Tx Power,Bandwidth,Subband BW,Subband Offset
3790.395723,18.047210,100,34,3
5095.127284,38.128238,100,34,3
3699.996575,17.965992,100,34,3
622.501423,22.426234,100,34,3
5475.278651,29.418350,100,34,3
6222.768495,26.000296,100,34,3
9465.572331,29.566482,100,34,3
