Distance,Tx Power,Bandwidth,Subband BW,Subband Offset
5049.102969,24.308073,100,64,36
6867.638865,39.164681,100,64,36
8321.320422,40.241706,100,64,36
1716.487989,28.631923,100,64,36
7643.339400,22.819076,100,64,36
813.350682,34.488339,100,64,36
836.632667,56.247175,100,64,36
