Distance,Tx Power,Bandwidth,Subband BW,Subband Offset
1557.066482,55.991679,15,7,4
2671.394158,40.450021,15,7,4
6123.230011,25.657698,15,7,4
3530.169785,16.220488,15,7,4
6819.422793,59.137016,15,7,4
695.198445,32.799775,15,7,4
8026.827985,49.114218,15,7,4
