Distance,Tx Power,Bandwidth,Subband BW,Subband Offset
5992.857048,29.793385,25,17,6
5606.783774,28.184416,25,17,6
8286.499005,34.606763,25,17,6
4707.768441,27.445512,25,17,6
5075.653469,57.530926,25,17,6
5648.747715,59.550057,25,17,6
2645.494059,55.451497,25,17,6
