Distance,Tx Power,Bandwidth,Subband BW,Subband Offset
1997.640232,58.083345,15,7,1
9266.629909,55.968959,15,7,1
7393.979914,25.849654,15,7,1
8355.328349,31.997269,15,7,1
6235.083281,53.083716,15,7,1
5162.827744,19.218632,15,7,1
2851.902734,36.599687,15,7,1
