Distance,Tx Power,Bandwidth,Subband BW,Subband Offset
8738.424620,48.607223,100,76,13
4845.731373,39.194340,100,76,13
8087.673111,22.854240,100,76,13
379.297708,57.266200,100,76,13
8778.126162,29.483137,100,76,13
2985.244877,41.309471,100,76,13
5332.413517,51.052158,100,76,13
