Distance,Tx Power,Bandwidth,Subband BW,Subband Offset
3410.428378,35.247619,75,6,40
2791.764663,36.066113,75,6,40
1857.451727,15.726994,75,6,40
3196.491861,26.462969,75,6,40
9451.810380,33.614674,75,6,40
3581.604225,45.933614,75,6,40
9180.281056,48.752597,75,6,40
