Distance,Tx Power,Bandwidth,Subband BW,Subband Offset
3350.238026,42.248151,75,13,50
4960.888396,55.488097,75,13,50
1448.557231,31.189936,75,13,50
9104.325793,56.917542,75,13,50
5432.341259,17.781765,75,13,50
8335.929511,38.248792,75,13,50
3075.636102,27.452200,75,13,50
