Distance,Tx Power,Bandwidth,Subband BW,Subband Offset
260.072746,42.146862,15,8,0
2850.924969,50.487627,15,8,0
9409.772135,32.504564,15,8,0
8229.357798,39.540810,15,8,0
3569.477564,20.117752,15,8,0
3373.916000,34.607534,15,8,0
8751.157711,56.952543,15,8,0
