Distance,Tx Power,Bandwidth,Subband BW,Subband Offset
2811.561208,46.072484,75,16,47
6920.175641,34.853147,75,16,47
5651.881904,27.663813,75,16,47
5692.495885,47.890378,75,16,47
7562.643483,18.114133,75,16,47
7593.143971,18.534912,75,16,47
7090.218492,35.548044,75,16,47
