Distance,Tx Power,Bandwidth,Subband BW,Subband Offset
5971.558863,47.632782,50,14,13
2475.682616,46.587074,50,14,13
2745.930847,33.692346,50,14,13
6325.336881,23.611714,50,14,13
1800.457443,55.555105,50,14,13
9548.327063,50.948953,50,14,13
6306.020482,58.661753,50,14,13
