Distance,Tx Power,Bandwidth,Subband BW,Subband Offset
7132.369708,27.120216,100,19,1
1369.075239,36.552888,100,19,1
7622.088981,22.077244,100,19,1
405.707050,36.151838,100,19,1
5640.457239,19.245320,100,19,1
8029.193103,47.521532,100,19,1
6295.825889,41.483318,100,19,1
