Distance,Tx Power,Bandwidth,Subband BW,Subband Offset
964.355105,31.562134,100,41,38
7668.065549,40.786072,100,41,38
258.052200,57.858393,100,41,38
6262.398643,37.362502,100,41,38
1720.469249,50.900969,100,41,38
662.103482,55.069977,100,41,38
6161.483330,57.085001,100,41,38
