Distance,Tx Power,Bandwidth,Subband BW,Subband Offset
7447.902308,39.534900,75,31,37
2338.633896,22.541251,75,31,37
8839.799990,43.775982,75,31,37
6954.437258,45.820431,75,31,37
7700.224986,44.972639,75,31,37
9466.426656,38.968439,75,31,37
2843.385978,55.072715,75,31,37
