Distance,Tx Power,Bandwidth,Subband BW,Subband Offset
1144.089486,49.429497,25,22,2
456.974113,41.044011,25,22,2
4121.785602,25.560797,25,22,2
3527.532844,29.903961,25,22,2
6440.970706,15.027712,25,22,2
5185.674292,54.384008,25,22,2
6118.086391,38.388448,25,22,2
