Distance,Tx Power,Bandwidth,Subband BW,Subband Offset
2859.622924,50.522242,15,9,0
5794.236986,36.741129,15,9,0
588.112233,21.106322,15,9,0
2327.017120,33.985296,15,9,0
3567.021195,28.320322,15,9,0
8828.991378,47.484730,15,9,0
5830.723692,48.485017,15,9,0
