Distance,Tx Power,Bandwidth,Subband BW,Subband Offset
922.405191,15.893400,100,17,46
8132.435904,52.616168,100,17,46
376.048487,41.338924,100,17,46
3182.917768,20.537425,100,17,46
7044.054641,30.567674,100,17,46
2999.683860,36.320790,100,17,46
8843.767577,24.984144,100,17,46
