Distance,Tx Power,Bandwidth,Subband BW,Subband Offset
2053.611860,55.767784,15,13,1
6128.164647,58.141408,15,13,1
2504.616075,36.838292,15,13,1
3947.401333,46.466525,15,13,1
8706.034057,40.873818,15,13,1
3650.028559,17.975852,15,13,1
7360.557576,54.367177,15,13,1
