Distance,Tx Power,Bandwidth,Subband BW,Subband Offset
9209.659422,19.429847,100,10,44
2640.068052,31.905244,100,10,44
6725.616220,30.473080,100,10,44
5203.028079,45.896035,100,10,44
1162.079591,55.862143,100,10,44
6617.715253,51.254845,100,10,44
7567.965253,21.961172,100,10,44
