Distance,Tx Power,Bandwidth,Subband BW,Subband Offset
7716.361568,22.223856,25,15,7
8179.902051,44.002624,25,15,7
7760.700876,15.871908,25,15,7
3841.477458,47.530006,25,15,7
3366.641343,17.232587,25,15,7
5363.060321,15.252850,25,15,7
5020.093279,22.174461,25,15,7
