Distance,Tx Power,Bandwidth,Subband BW,Subband Offset
8550.109079,35.549352,15,6,7
8124.336168,38.847551,15,6,7
6860.451514,51.945313,15,6,7
1882.861198,31.298191,15,6,7
3479.327368,26.181388,15,6,7
1716.998814,20.481536,15,6,7
4899.267362,34.952957,15,6,7
