Distance,Tx Power,Bandwidth,Subband BW,Subband Offset
7148.228256,36.986907,50,22,10
7623.175418,19.241170,50,22,10
5702.388935,29.858429,50,22,10
4513.348976,40.611536,50,22,10
3459.520038,24.882473,50,22,10
4055.141485,51.151674,50,22,10
381.153087,32.905585,50,22,10
