Distance,Tx Power,Bandwidth,Subband BW,Subband Offset
6967.864866,39.115238,75,43,10
6658.953190,36.988155,75,43,10
4716.228941,28.821350,75,43,10
5507.580979,53.020068,75,43,10
9218.945425,22.135976,75,43,10
5292.260330,56.686106,75,43,10
9883.420053,30.969170,75,43,10
