Distance,Tx Power,Bandwidth,Subband BW,Subband Offset
2454.062673,21.449318,75,17,58
2508.871496,25.471962,75,17,58
7266.407380,22.326639,75,17,58
6000.728407,40.426502,75,17,58
7554.386583,38.309914,75,17,58
1561.588222,19.696744,75,17,58
3101.361193,32.519308,75,17,58
