Distance,Tx Power,Bandwidth,Subband BW,Subband Offset
2395.689772,42.912309,100,28,34
6093.215838,16.505236,100,28,34
5377.291913,56.691774,100,28,34
4337.390449,21.252991,100,28,34
8007.336592,37.705501,100,28,34
5453.270466,28.412001,100,28,34
6335.844913,51.590949,100,28,34
