Distance,Tx Power,Bandwidth,Subband BW,Subband Offset
9344.427821,58.578110,50,6,17
2900.701538,45.867019,50,6,17
9768.429634,54.274526,50,6,17
8854.444903,56.488183,50,6,17
9359.050245,38.198758,50,6,17
9772.835771,33.652200,50,6,17
6153.734872,15.390617,50,6,17
