Distance,Tx Power,Bandwidth,Subband BW,Subband Offset
6948.685542,55.886894,25,8,16
7213.736137,58.349873,25,8,16
3971.739347,28.056974,25,8,16
281.975187,51.398432,25,8,16
6174.600540,38.911563,25,8,16
1314.272168,21.268701,25,8,16
8221.281083,22.543825,25,8,16
