Distance,Tx Power,Bandwidth,Subband BW,Subband Offset
911.401861,35.216442,100,6,92
6208.259504,41.307817,100,6,92
8432.803967,47.603822,100,6,92
8075.830200,19.562559,100,6,92
3749.049401,34.679717,100,6,92
1739.142670,38.156522,100,6,92
7847.814783,27.869474,100,6,92
