Distance,Tx Power,Bandwidth,Subband BW,Subband Offset
465.146567,33.060498,50,6,1
9267.129841,55.224239,50,6,1
9967.597923,58.256857,50,6,1
8093.618290,40.891605,50,6,1
837.041276,29.579964,50,6,1
3765.773362,22.671252,50,6,1
839.129893,41.477901,50,6,1
