Distance,Tx Power,Bandwidth,Subband BW,Subband Offset
3913.380655,54.943506,50,29,1
9964.199436,45.231112,50,29,1
5526.282307,57.051865,50,29,1
1762.181362,25.630327,50,29,1
4450.863974,38.681230,50,29,1
1314.327374,59.695139,50,29,1
9523.562258,39.608904,50,29,1
