Distance,Tx Power,Bandwidth,Subband BW,Subband Offset
4317.251739,19.385051,50,46,4
308.733543,24.118762,50,46,4
5660.119120,22.171926,50,46,4
2651.551707,45.783634,50,46,4
7574.679469,58.757175,50,46,4
4177.725719,52.532607,50,46,4
8384.578573,47.244479,50,46,4
