Distance,Tx Power,Bandwidth,Subband BW,Subband Offset
1494.967752,16.668720,100,28,70
8626.665762,22.327771,100,28,70
2716.060002,19.010829,100,28,70
8738.804736,29.617858,100,28,70
1451.238595,47.658485,100,28,70
2014.135954,48.409687,100,28,70
1759.828902,41.651099,100,28,70
