Distance,Tx Power,Bandwidth,Subband BW,Subband Offset
4159.843723,44.280845,75,7,6
5614.544414,49.178815,75,7,6
7357.971774,24.179610,75,7,6
2380.857958,21.469367,75,7,6
1337.932093,32.940002,75,7,6
4913.453834,28.401667,75,7,6
8806.609028,26.311599,75,7,6
