Distance,Tx Power,Bandwidth,Subband BW,Subband Offset
3931.731996,44.651911,100,13,1
4969.577642,35.904425,100,13,1
5535.447931,18.498200,100,13,1
6186.683879,20.739028,100,13,1
1078.836075,18.102695,100,13,1
5619.482337,47.724409,100,13,1
4196.161844,54.921081,100,13,1
