Distance,Tx Power,Bandwidth,Subband BW,Subband Offset
1947.509188,28.933002,100,6,83
1157.290450,24.603131,100,6,83
3691.623531,34.615586,100,6,83
9379.039766,23.607355,100,6,83
8784.767706,41.435851,100,6,83
3096.451854,24.917878,100,6,83
6125.687885,34.870526,100,6,83
