Distance,Tx Power,Bandwidth,Subband BW,Subband Offset
476.495932,43.906955,100,55,43
3903.810099,42.432060,100,55,43
8398.758966,53.170919,100,55,43
7439.498907,56.970593,100,55,43
9671.113443,36.981696,100,55,43
4582.279210,56.903853,100,55,43
2997.448327,43.340529,100,55,43
