Distance,Tx Power,Bandwidth,Subband BW,Subband Offset
3180.216552,34.473696,50,6,2
8894.481657,46.122525,50,6,2
6287.693968,35.381713,50,6,2
4640.070024,48.607148,50,6,2
1771.763400,33.956035,50,6,2
6416.289680,58.366586,50,6,2
6664.076998,42.486006,50,6,2
