Distance,Tx Power,Bandwidth,Subband BW,Subband Offset
3689.870306,23.686288,25,7,2
1883.440570,16.339495,25,7,2
7510.129329,42.287363,25,7,2
5150.729575,18.656974,25,7,2
8152.160492,38.282333,25,7,2
4748.873327,32.753991,25,7,2
2217.178689,20.704558,25,7,2
