Distance,Tx Power,Bandwidth,Subband BW,Subband Offset
685.972913,50.628266,50,24,2
4918.038186,56.615177,50,24,2
7076.281386,49.893964,50,24,2
9975.194872,30.080845,50,24,2
9966.154732,22.468586,50,24,2
2055.590449,31.003494,50,24,2
1075.229189,29.196838,50,24,2
