Distance,Tx Power,Bandwidth,Subband BW,Subband Offset
2494.167675,20.191760,100,49,16
5094.481444,40.792459,100,49,16
6122.189502,36.680988,100,49,16
6528.714980,48.599240,100,49,16
5922.847789,15.526871,100,49,16
2650.055457,29.352009,100,49,16
9584.156354,42.950363,100,49,16
