Distance,Tx Power,Bandwidth,Subband BW,Subband Offset
5542.647784,25.602801,100,66,5
9785.280154,34.845125,100,66,5
1379.388448,43.655319,100,66,5
4408.165666,28.684194,100,66,5
1375.167764,41.088381,100,66,5
8996.337035,54.445477,100,66,5
9261.705248,51.828692,100,66,5
