Distance,Tx Power,Bandwidth,Subband BW,Subband Offset
2000.722092,52.003778,50,27,23
7971.035913,22.363755,50,27,23
7628.346821,20.288946,50,27,23
3078.784326,20.478733,50,27,23
4528.119446,33.174171,50,27,23
3148.226069,17.791793,50,27,23
9312.538530,48.839158,50,27,23
