Distance,Tx Power,Bandwidth,Subband BW,Subband Offset
4285.980252,26.117357,15,8,3
5936.555382,15.321151,15,8,3
8586.265256,19.103750,15,8,3
7142.209968,27.702504,15,8,3
358.035357,18.229314,15,8,3
1368.421850,48.498468,15,8,3
4555.233972,38.280134,15,8,3
