Distance,Tx Power,Bandwidth,Subband BW,Subband Offset
2189.535496,15.806333,15,8,2
7479.212768,42.201394,15,8,2
5431.524721,57.706024,15,8,2
4675.627213,22.146281,15,8,2
9482.074055,54.648623,15,8,2
3033.500837,54.547372,15,8,2
1529.864362,59.377053,15,8,2
