Distance,Tx Power,Bandwidth,Subband BW,Subband Offset
527.424700,39.593347,100,62,9
6098.692979,17.089324,100,62,9
2908.909270,30.921742,100,62,9
2622.487490,57.056147,100,62,9
9219.325870,54.789604,100,62,9
2365.434828,26.658393,100,62,9
5017.962717,39.710594,100,62,9
