Distance,Tx Power,Bandwidth,Subband BW,Subband Offset
1964.718911,39.636411,75,25,17
9610.994590,27.064264,75,25,17
1907.094741,46.051453,75,25,17
1886.823376,29.591980,75,25,17
8160.624924,16.604383,75,25,17
1885.180028,41.271349,75,25,17
3790.676941,58.791474,75,25,17
