Distance,Tx Power,Bandwidth,Subband BW,Subband Offset
9421.548586,27.395735,50,9,32
5552.311679,42.542363,50,9,32
810.521112,32.454613,50,9,32
4734.309571,51.234121,50,9,32
476.261875,34.955860,50,9,32
3687.865129,21.774934,50,9,32
7434.898939,58.841373,50,9,32
