Distance,Tx Power,Bandwidth,Subband BW,Subband Offset
1000.195936,53.287117,25,20,3
2603.378681,38.035708,25,20,3
6731.049823,53.499358,25,20,3
5064.393184,44.444304,25,20,3
5330.304650,47.722562,25,20,3
8885.456087,22.042185,25,20,3
6633.483248,46.856164,25,20,3
