Distance,Tx Power,Bandwidth,Subband BW,Subband Offset
6573.018869,19.458952,100,34,61
5221.910156,41.550637,100,34,61
2519.973394,17.555104,100,34,61
7528.576405,30.852477,100,34,61
937.798893,54.368525,100,34,61
9973.946703,34.219795,100,34,61
1218.988637,48.928993,100,34,61
