Distance,Tx Power,Bandwidth,Subband BW,Subband Offset
8614.774218,36.121189,75,18,38
7004.525990,23.293503,75,18,38
3356.759674,47.607376,75,18,38
493.045456,18.543130,75,18,38
9624.097256,45.016182,75,18,38
414.851820,59.658793,75,18,38
2433.563844,40.205096,75,18,38
