Distance,Tx Power,Bandwidth,Subband BW,Subband Offset
375.693260,44.352691,50,18,26
3171.176979,19.777018,50,18,26
8451.031291,38.981463,50,18,26
1646.236743,56.307413,50,18,26
7028.248650,31.556803,50,18,26
156.654437,47.244354,50,18,26
7112.160920,17.073108,50,18,26
