Distance,Tx Power,Bandwidth,Subband BW,Subband Offset
4346.049438,47.243570,25,10,6
2464.471653,17.175378,25,10,6
985.735032,19.125860,25,10,6
3259.912525,49.805358,25,10,6
7957.077132,38.428887,25,10,6
8276.893704,39.381247,25,10,6
7329.298892,29.446594,25,10,6
