Distance,Tx Power,Bandwidth,Subband BW,Subband Offset
1657.797829,37.751145,25,6,12
7698.384680,47.094344,25,6,12
5661.278765,39.036966,25,6,12
3978.888148,24.450519,25,6,12
111.095254,24.199761,25,6,12
8331.730601,37.866787,25,6,12
6050.553708,20.228490,25,6,12
