Distance,Tx Power,Bandwidth,Subband BW,Subband Offset
8897.864375,38.924898,50,23,19
1844.469886,27.826189,50,23,19
3500.952182,41.828611,50,23,19
1306.651275,26.422492,50,23,19
2119.190382,40.934537,50,23,19
9102.515583,38.614592,50,23,19
6191.294421,43.393090,50,23,19
