Distance,Tx Power,Bandwidth,Subband BW,Subband Offset
9387.148113,38.996930,100,25,45
4471.585778,19.777117,100,25,45
1894.391804,22.342320,100,25,45
5569.859759,46.947188,100,25,45
7561.229563,18.421915,100,25,45
607.181420,34.111956,100,25,45
4930.699136,56.387756,100,25,45
