Distance,Tx Power,Bandwidth,Subband BW,Subband Offset
6139.932100,36.791216,50,35,6
6032.968037,26.333643,50,35,6
1302.779812,37.441132,50,35,6
5549.634922,19.285607,50,35,6
3940.343343,49.601532,50,35,6
7677.254876,15.325031,50,35,6
7279.339673,20.419931,50,35,6
