Distance,Tx Power,Bandwidth,Subband BW,Subband Offset
166.109356,55.913354,100,22,20
4413.448244,27.692677,100,22,20
2052.553679,56.250355,100,22,20
1721.726392,35.714979,100,22,20
2356.652686,51.569800,100,22,20
3738.656506,47.249337,100,22,20
7887.390700,19.716039,100,22,20
