Distance,Tx Power,Bandwidth,Subband BW,Subband Offset
7937.979267,43.690396,15,12,1
1133.632315,27.697725,15,12,1
6292.025300,48.358887,15,12,1
1762.884320,21.718205,15,12,1
4042.374628,54.213425,15,12,1
4603.153425,44.037339,15,12,1
7180.301010,19.258732,15,12,1
