Distance,Tx Power,Bandwidth,Subband BW,Subband Offset
4818.083555,47.812830,25,7,4
8034.740442,26.764206,25,7,4
3218.868806,42.316723,25,7,4
8741.533168,30.896724,25,7,4
4436.753540,43.272253,25,7,4
8326.442697,22.082852,25,7,4
2643.928753,23.577472,25,7,4
