Distance,Tx Power,Bandwidth,Subband BW,Subband Offset
6085.823993,30.554956,75,7,5
4361.336432,48.772176,75,7,5
684.167902,40.501363,75,7,5
9345.258596,44.263813,75,7,5
9957.237606,56.120483,75,7,5
5448.518296,28.837516,75,7,5
757.183242,48.834982,75,7,5
