Distance,Tx Power,Bandwidth,Subband BW,Subband Offset
4413.796018,48.241228,25,8,8
8425.318471,59.699288,25,8,8
8247.058536,21.575778,25,8,8
6571.248540,49.030366,25,8,8
7727.213519,44.436183,25,8,8
6191.780631,36.781626,25,8,8
4580.681889,33.052495,25,8,8
