Distance,Tx Power,Bandwidth,Subband BW,Subband Offset
3003.510538,22.706702,100,82,13
3908.925874,57.873962,100,82,13
3498.616790,36.781111,100,82,13
966.860920,58.777011,100,82,13
6010.514365,47.313318,100,82,13
4363.161150,27.073212,100,82,13
1812.314570,44.407815,100,82,13
