Distance,Tx Power,Bandwidth,Subband BW,Subband Offset
7655.710615,30.848225,25,15,6
3413.729613,48.262418,25,15,6
8630.974509,43.908253,25,15,6
197.730237,58.578106,25,15,6
3546.413138,21.681068,25,15,6
2818.378581,47.869388,25,15,6
2951.665612,25.524340,25,15,6
