Distance,Tx Power,Bandwidth,Subband BW,Subband Offset
9501.296555,16.499752,100,9,44
8954.717154,28.856237,100,9,44
4318.561386,49.424761,100,9,44
8455.254970,57.310838,100,9,44
1350.965791,40.111186,100,9,44
948.052583,50.249632,100,9,44
8866.892206,33.113397,100,9,44
