Distance,Tx Power,Bandwidth,Subband BW,Subband Offset
1861.545367,20.622074,75,57,10
7287.823637,39.671907,75,57,10
4563.370164,41.189744,75,57,10
8923.564604,17.208678,75,57,10
8366.770303,36.118143,75,57,10
9037.400017,40.392168,75,57,10
3398.654689,33.158160,75,57,10
