Distance,Tx Power,Bandwidth,Subband BW,Subband Offset
2778.719232,30.531121,50,45,2
8905.354662,21.431396,50,45,2
3958.852299,21.316048,50,45,2
255.050624,31.064776,50,45,2
270.511129,25.212342,50,45,2
8312.418916,30.562283,50,45,2
4563.707689,32.533861,50,45,2
