Distance,Tx Power,Bandwidth,Subband BW,Subband Offset
6559.279069,18.350504,100,8,60
2828.453660,39.475375,100,8,60
418.418865,31.572690,100,8,60
3596.560203,48.523186,100,8,60
6833.071035,52.716529,100,8,60
2067.213323,16.572668,100,8,60
999.066023,35.986160,100,8,60
