Distance,Tx Power,Bandwidth,Subband BW,Subband Offset
6688.592098,37.320430,15,6,2
7998.486993,55.539192,15,6,2
1178.252350,51.403837,15,6,2
9355.551813,55.858117,15,6,2
759.953348,48.399213,15,6,2
7529.596151,17.930839,15,6,2
5266.612602,46.906336,15,6,2
