Distance,Tx Power,Bandwidth,Subband BW,Subband Offset
9649.663017,46.362653,100,12,54
5165.859179,18.351180,100,12,54
8997.182135,54.968325,100,12,54
8750.509374,49.432346,100,12,54
1418.639959,39.075721,100,12,54
2154.357720,45.838844,100,12,54
3605.910473,55.044413,100,12,54
