Distance,Tx Power,Bandwidth,Subband BW,Subband Offset
6149.003373,56.091372,50,32,14
2124.429716,16.543652,50,32,14
626.112364,38.056282,50,32,14
3220.214805,58.026231,50,32,14
2440.060114,56.212085,50,32,14
2474.753034,47.240524,50,32,14
1175.185644,44.421904,50,32,14
