Distance,Tx Power,Bandwidth,Subband BW,Subband Offset
154.142140,32.770148,25,23,2
5618.306518,54.330068,25,23,2
1933.253233,46.611666,25,23,2
6087.202237,57.349938,25,23,2
8816.785421,46.569983,25,23,2
1118.495837,55.779969,25,23,2
8146.135535,16.219811,25,23,2
