Distance,Tx Power,Bandwidth,Subband BW,Subband Offset
6478.590905,51.283488,75,15,16
1849.427338,51.164868,75,15,16
6696.698960,45.385211,75,15,16
3627.456143,17.547847,75,15,16
5167.525504,56.790252,75,15,16
865.279413,56.621096,75,15,16
3390.333611,27.348640,75,15,16
