Distance,Tx Power,Bandwidth,Subband BW,Subband Offset
6814.257070,32.974161,50,32,7
8812.846883,16.938490,50,32,7
4380.716394,54.006710,50,32,7
6002.468459,44.353997,50,32,7
1610.278122,34.713308,50,32,7
9900.789147,48.569577,50,32,7
2660.153262,35.365721,50,32,7
