Distance,Tx Power,Bandwidth,Subband BW,Subband Offset
7646.696377,26.332055,75,46,29
3925.755747,17.978074,75,46,29
9026.668276,36.072888,75,46,29
8450.827286,47.674247,75,46,29
2674.149954,29.746149,75,46,29
2436.079109,50.583935,75,46,29
6721.025026,20.619593,75,46,29
