Distance,Tx Power,Bandwidth,Subband BW,Subband Offset
393.977290,16.409853,15,13,2
9770.226092,26.539956,15,13,2
9461.785086,40.564637,15,13,2
1116.761453,15.234772,15,13,2
1076.134482,33.688042,15,13,2
1805.233014,20.182950,15,13,2
8573.813583,35.762596,15,13,2
