Distance,Tx Power,Bandwidth,Subband BW,Subband Offset
3898.023500,19.705878,100,27,62
3643.113621,51.081067,100,27,62
1562.393296,58.625031,100,27,62
7904.726293,32.747022,100,27,62
115.770149,15.988804,100,27,62
2353.690651,49.363630,100,27,62
6250.066328,18.081551,100,27,62
