Distance,Tx Power,Bandwidth,Subband BW,Subband Offset
7461.522633,15.464455,25,16,0
7992.663117,54.264102,25,16,0
5700.965171,27.820401,25,16,0
4923.424533,31.204220,25,16,0
5788.800774,30.197200,25,16,0
6217.812378,57.100747,25,16,0
9730.522230,54.471557,25,16,0
