Distance,Tx Power,Bandwidth,Subband BW,Subband Offset
7961.768816,44.296524,50,12,25
6927.030225,56.591043,50,12,25
6344.049034,27.054017,50,12,25
8046.863986,59.961165,50,12,25
2316.400251,18.887045,50,12,25
9184.716439,31.903471,50,12,25
6502.741157,43.452706,50,12,25
