Distance,Tx Power,Bandwidth,Subband BW,Subband Offset
1638.640586,50.408790,15,11,0
387.438320,47.589126,15,11,0
2765.020283,45.146863,15,11,0
6664.438610,24.799433,15,11,0
5728.790899,45.806322,15,11,0
7743.709753,58.547769,15,11,0
4520.136038,15.201024,15,11,0
