Distance,Tx Power,Bandwidth,Subband BW,Subband Offset
4497.610912,21.852168,50,37,10
1767.691244,54.431090,50,37,10
6209.785764,53.844494,50,37,10
7006.497298,53.325236,50,37,10
4835.860491,52.542180,50,37,10
6570.814917,59.054818,50,37,10
856.937294,45.030050,50,37,10
