Distance,Tx Power,Bandwidth,Subband BW,Subband Offset
6618.293210,46.672737,50,14,25
3417.227455,23.077550,50,14,25
3570.204043,56.042974,50,14,25
3526.095896,19.782351,50,14,25
944.155852,43.698421,50,14,25
330.019002,25.696457,50,14,25
4224.230854,30.241029,50,14,25
