Distance,Tx Power,Bandwidth,Subband BW,Subband Offset
1868.818554,36.409359,75,8,31
9054.623357,35.324730,75,8,31
8644.209054,34.880107,75,8,31
4269.730511,24.182729,75,8,31
9643.176014,50.188899,75,8,31
2021.221292,37.652664,75,8,31
5823.122147,46.581220,75,8,31
