Distance,Tx Power,Bandwidth,Subband BW,Subband Offset
641.219448,43.668171,75,34,19
1417.963602,40.737531,75,34,19
6767.268418,32.960166,75,34,19
8953.277278,20.418086,75,34,19
3828.900473,32.118369,75,34,19
9039.962167,30.079126,75,34,19
1945.403474,24.093453,75,34,19
