Distance,Tx Power,Bandwidth,Subband BW,Subband Offset
7746.122225,18.502667,15,7,1
7681.033025,30.041706,15,7,1
7290.051504,32.672788,15,7,1
5668.023896,55.152161,15,7,1
595.594136,52.028670,15,7,1
4036.307919,33.354752,15,7,1
3802.513774,32.057578,15,7,1
