Distance,Tx Power,Bandwidth,Subband BW,Subband Offset
9689.224534,58.081582,15,15,0
7555.016624,30.581345,15,15,0
8046.024603,26.658695,15,15,0
3285.191508,21.122102,15,15,0
793.153325,33.550647,15,15,0
3521.341270,37.906303,15,15,0
9347.680363,51.845269,15,15,0
