Distance,Tx Power,Bandwidth,Subband BW,Subband Offset
6386.410621,51.743886,75,27,5
6355.036333,36.857739,75,27,5
7581.535123,38.456223,75,27,5
1090.373935,20.985054,75,27,5
2275.191164,25.650801,75,27,5
2117.556360,42.298002,75,27,5
6498.167929,51.019860,75,27,5
