Distance,Tx Power,Bandwidth,Subband BW,Subband Offset
4871.746403,18.042704,15,11,4
6782.577006,48.507270,15,11,4
6071.117974,46.106288,15,11,4
5617.841652,47.775619,15,11,4
4347.018750,49.090183,15,11,4
5395.750635,39.423782,15,11,4
9306.179283,20.447312,15,11,4
