Distance,Tx Power,Bandwidth,Subband BW,Subband Offset
6537.058934,45.379927,75,9,7
2347.357381,46.398041,75,9,7
7482.062306,38.201212,75,9,7
9140.836173,30.736582,75,9,7
1646.915109,51.967849,75,9,7
867.591751,57.058293,75,9,7
1977.791482,28.206594,75,9,7
