Distance,Tx Power,Bandwidth,Subband BW,Subband Offset
6568.396239,49.661010,25,19,3
766.281707,59.247993,25,19,3
976.015808,20.369781,25,19,3
7332.253573,32.202742,25,19,3
1415.387519,37.794380,25,19,3
2486.032094,29.827376,25,19,3
6701.156507,33.448315,25,19,3
