Distance,Tx Power,Bandwidth,Subband BW,Subband Offset
9290.016300,35.741342,50,25,23
1474.735808,39.343751,50,25,23
7272.221106,49.627033,50,25,23
6333.677586,26.936341,50,25,23
2204.911936,24.962400,50,25,23
5463.225867,59.561732,50,25,23
4124.969120,44.436566,50,25,23
