Distance,Tx Power,Bandwidth,Subband BW,Subband Offset
9232.111191,50.551077,75,19,31
5112.398837,31.282293,75,19,31
6969.953059,57.800496,75,19,31
1723.090182,23.434231,75,19,31
7928.655962,27.017422,75,19,31
603.768515,58.383509,75,19,31
7885.827156,19.224811,75,19,31
