Distance,Tx Power,Bandwidth,Subband BW,Subband Offset
9649.514681,18.982751,100,59,41
8824.678699,56.575823,100,59,41
9107.223651,28.011465,100,59,41
8642.247181,43.550203,100,59,41
9767.220712,34.905549,100,59,41
2958.202451,25.134754,100,59,41
4649.188667,45.654001,100,59,41
