Distance,Tx Power,Bandwidth,Subband BW,Subband Offset
2097.005477,54.755526,75,58,10
8137.628919,59.061849,75,58,10
9057.587135,38.239605,75,58,10
8548.117841,15.078640,75,58,10
2007.115501,35.554864,75,58,10
9310.945808,19.973740,75,58,10
8323.698413,47.239751,75,58,10
