Distance,Tx Power,Bandwidth,Subband BW,Subband Offset
7495.021095,34.150180,25,15,8
2874.405480,34.395026,25,15,8
8320.560288,52.554641,25,15,8
6903.813636,42.511982,25,15,8
1291.257645,16.927101,25,15,8
4905.906365,15.985944,25,15,8
7924.815151,53.767421,25,15,8
