Distance,Tx Power,Bandwidth,Subband BW,Subband Offset
2844.614362,54.673579,100,28,67
9672.389391,28.540048,100,28,67
3800.506260,51.973426,100,28,67
6272.138386,46.889024,100,28,67
6196.638724,44.082610,100,28,67
5971.407913,23.092200,100,28,67
6576.743419,21.466811,100,28,67
