Distance,Tx Power,Bandwidth,Subband BW,Subband Offset
3997.761876,20.609498,25,18,0
4336.347451,39.331812,25,18,0
3925.834541,58.885546,25,18,0
9642.060523,47.194579,25,18,0
883.423302,33.074215,25,18,0
309.852976,19.162999,25,18,0
8847.945884,30.302709,25,18,0
