Distance,Tx Power,Bandwidth,Subband BW,Subband Offset
5575.157120,39.567857,75,14,44
2947.811853,32.504596,75,14,44
7803.180477,53.531436,75,14,44
7798.855807,59.365122,75,14,44
5222.698127,59.273906,75,14,44
6645.156512,22.404839,75,14,44
9831.746709,34.918264,75,14,44
