Distance,Tx Power,Bandwidth,Subband BW,Subband Offset
3017.586173,56.931528,100,70,26
441.137022,43.970073,100,70,26
8093.465005,58.557940,100,70,26
3620.919682,43.355076,100,70,26
2171.489766,48.846091,100,70,26
6428.578259,27.142520,100,70,26
7550.907112,48.145986,100,70,26
