Distance,Tx Power,Bandwidth,Subband BW,Subband Offset
7793.720353,25.279062,25,7,9
5921.714947,32.437775,25,7,9
4268.996389,59.975231,25,7,9
7584.521530,36.831298,25,7,9
7753.893337,20.017195,25,7,9
1253.607373,29.155743,25,7,9
3144.879232,55.965159,25,7,9
