Distance,Tx Power,Bandwidth,Subband BW,Subband Offset
1890.086749,51.489781,25,9,5
2778.751365,45.977585,25,9,5
730.841960,42.589169,25,9,5
4122.432385,27.750474,25,9,5
7555.177643,32.336028,25,9,5
1038.262753,45.722343,25,9,5
1017.474692,24.392315,25,9,5
