Distance,Tx Power,Bandwidth,Subband BW,Subband Offset
7428.814395,35.237296,25,9,11
5348.632858,18.879298,25,9,11
1902.411004,44.663041,25,9,11
702.267025,53.120767,25,9,11
7156.680057,56.495171,25,9,11
7556.875627,15.764021,25,9,11
7350.458521,48.376470,25,9,11
