Distance,Tx Power,Bandwidth,Subband BW,Subband Offset
9721.588837,50.743506,15,14,0
2215.413787,29.579415,15,14,0
9966.279214,18.658477,15,14,0
6240.023865,54.900370,15,14,0
5138.644616,53.582455,15,14,0
4010.340780,44.390743,15,14,0
2794.086892,44.377468,15,14,0
