Distance,Tx Power,Bandwidth,Subband BW,Subband Offset
9640.419267,40.344734,75,25,42
8167.455618,49.270306,75,25,42
7795.035996,41.087013,75,25,42
9587.336013,58.951920,75,25,42
2164.562296,35.346975,75,25,42
3539.068050,37.075723,75,25,42
8154.866887,31.306747,75,25,42
