Distance,Tx Power,Bandwidth,Subband BW,Subband Offset
6987.322602,52.722320,25,9,12
3653.370700,46.930066,25,9,12
5185.408104,31.509016,25,9,12
8687.325492,42.260999,25,9,12
5980.090934,53.328142,25,9,12
1563.046294,46.108758,25,9,12
2386.350010,42.318927,25,9,12
