Distance,Tx Power,Bandwidth,Subband BW,Subband Offset
149.766157,23.834616,50,28,17
2422.097302,57.692146,50,28,17
4702.444182,44.513815,50,28,17
5147.040320,51.070811,50,28,17
4342.393351,33.551747,50,28,17
7306.883456,44.542806,50,28,17
5649.036196,42.259789,50,28,17
