Distance,Tx Power,Bandwidth,Subband BW,Subband Offset
8941.453622,20.220439,25,7,1
6270.841576,36.601669,25,7,1
7049.968987,59.514584,25,7,1
462.998115,58.195322,25,7,1
4282.799890,18.328199,25,7,1
7570.068123,19.155278,25,7,1
2857.038899,55.489368,25,7,1
