Distance,Tx Power,Bandwidth,Subband BW,Subband Offset
1079.871504,15.578485,75,11,4
9783.759508,47.509940,75,11,4
3626.646322,56.753453,75,11,4
1913.881427,40.929336,75,11,4
6790.182695,44.580051,75,11,4
7025.235545,43.866375,75,11,4
6142.613492,26.787509,75,11,4
