Distance,Tx Power,Bandwidth,Subband BW,Subband Offset
9894.816851,24.362202,50,13,19
7672.492650,38.344141,50,13,19
5564.770134,58.181086,50,13,19
8609.704568,18.747410,50,13,19
5040.718628,15.651838,50,13,19
3865.601651,15.565826,50,13,19
1018.841542,50.983051,50,13,19
