Distance,Tx Power,Bandwidth,Subband BW,Subband Offset
1422.602144,57.454896,15,10,1
1895.882181,41.794551,15,10,1
3529.585282,49.078015,15,10,1
8696.852088,48.890636,15,10,1
9482.543192,51.800825,15,10,1
3195.870867,53.535362,15,10,1
5700.109705,23.475001,15,10,1
