Distance,Tx Power,Bandwidth,Subband BW,Subband Offset
3576.556833,37.731651,75,21,9
4000.356804,27.543957,75,21,9
6936.843960,26.713011,75,21,9
4854.251009,32.931433,75,21,9
1774.317985,26.007019,75,21,9
8969.846856,39.472234,75,21,9
9811.950459,19.676992,75,21,9
