Distance,Tx Power,Bandwidth,Subband BW,Subband Offset
498.037419,36.324591,25,6,18
2511.942515,31.726280,25,6,18
3910.946845,53.584662,25,6,18
6574.736394,51.180541,25,6,18
6798.065118,52.600098,25,6,18
1116.692582,37.427225,25,6,18
3951.226032,36.706310,25,6,18
