Distance,Tx Power,Bandwidth,Subband BW,Subband Offset
5930.095507,30.613996,100,54,41
3497.616859,44.216513,100,54,41
4752.192426,33.865002,100,54,41
2308.125250,53.038563,100,54,41
4259.388173,16.412916,100,54,41
6065.495116,20.712639,100,54,41
1162.303122,35.236112,100,54,41
