Distance,Tx Power,Bandwidth,Subband BW,Subband Offset
9553.524285,15.008977,75,41,26
6035.482536,49.406127,75,41,26
5636.302400,35.278081,75,41,26
8561.421294,17.155033,75,41,26
3890.104783,42.269935,75,41,26
4576.437881,31.296852,75,41,26
9127.588674,52.419000,75,41,26
