Distance,Tx Power,Bandwidth,Subband BW,Subband Offset
3730.207601,23.758010,75,41,14
1715.182665,52.783285,75,41,14
3748.023942,18.949388,75,41,14
4239.458203,18.511635,75,41,14
687.635316,52.153529,75,41,14
5107.919485,23.133236,75,41,14
279.773274,44.287852,75,41,14
