Distance,Tx Power,Bandwidth,Subband BW,Subband Offset
1344.424891,46.403310,100,22,6
7358.205259,31.635734,100,22,6
2201.225330,30.151948,100,22,6
765.177670,39.380771,100,22,6
3269.382115,33.817907,100,22,6
6263.783100,59.319936,100,22,6
439.674127,38.813174,100,22,6
