Distance,Tx Power,Bandwidth,Subband BW,Subband Offset
8094.494143,30.776134,100,28,51
3457.658283,20.088543,100,28,51
1679.326167,31.920057,100,28,51
4956.850535,35.616923,100,28,51
2719.769492,22.170810,100,28,51
5065.186174,49.358904,100,28,51
5886.500207,35.753168,100,28,51
