Distance,Tx Power,Bandwidth,Subband BW,Subband Offset
7716.006475,39.421878,75,42,17
3152.995694,51.217058,75,42,17
5584.918079,31.536811,75,42,17
4061.390853,29.762728,75,42,17
3727.083418,59.631252,75,42,17
2531.167399,38.921158,75,42,17
2406.605683,39.453204,75,42,17
