Distance,Tx Power,Bandwidth,Subband BW,Subband Offset
7086.246543,16.652774,100,30,24
3492.446222,59.354830,100,30,24
8806.922988,49.185827,100,30,24
4656.472979,53.468071,100,30,24
4185.724658,31.252953,100,30,24
6813.723430,50.083450,100,30,24
2343.242392,18.196653,100,30,24
