Distance,Tx Power,Bandwidth,Subband BW,Subband Offset
4011.431498,46.451656,15,10,1
547.049670,47.524571,15,10,1
7038.504433,26.966868,15,10,1
2384.979606,23.516683,15,10,1
1989.960294,27.936503,15,10,1
4450.225264,42.981702,15,10,1
8495.179573,55.066378,15,10,1
