Distance,Tx Power,Bandwidth,Subband BW,Subband Offset
3299.151011,54.636168,25,17,0
8102.322333,56.093778,25,17,0
6405.977536,56.078305,25,17,0
7558.451773,42.850202,25,17,0
2940.632562,47.975661,25,17,0
4165.098224,16.512543,25,17,0
7565.671885,33.614399,25,17,0
