Distance,Tx Power,Bandwidth,Subband BW,Subband Offset
7520.842976,44.954281,50,31,18
5314.303442,37.737232,50,31,18
6452.000233,29.056988,50,31,18
2730.941971,39.764611,50,31,18
6059.202578,26.323139,50,31,18
8350.986433,36.117212,50,31,18
7137.993188,57.465877,50,31,18
