Distance,Tx Power,Bandwidth,Subband BW,Subband Offset
8301.593681,16.159617,50,18,22
9426.665065,52.881639,50,18,22
7703.240632,38.801734,50,18,22
3443.570902,40.496307,50,18,22
6586.831750,58.423724,50,18,22
195.798760,35.114422,50,18,22
3916.643449,54.271332,50,18,22
