Distance,Tx Power,Bandwidth,Subband BW,Subband Offset
3383.788877,22.004706,15,7,4
7146.220148,38.205560,15,7,4
1153.187041,39.662567,15,7,4
8178.716458,28.676814,15,7,4
7519.774126,56.282334,15,7,4
1766.559459,29.488431,15,7,4
3568.944543,19.438418,15,7,4
