Distance,Tx Power,Bandwidth,Subband BW,Subband Offset
4155.030925,26.009590,25,12,0
7765.853224,45.293556,25,12,0
779.209854,20.891593,25,12,0
2449.632736,25.863180,25,12,0
7036.977278,17.615559,25,12,0
1781.731025,32.712360,25,12,0
1628.533677,21.066881,25,12,0
