Distance,Tx Power,Bandwidth,Subband BW,Subband Offset
4050.050482,30.833448,100,21,12
7013.271404,29.221647,100,21,12
7856.822397,25.540501,100,21,12
8052.412581,38.014736,100,21,12
1351.084929,27.206171,100,21,12
1124.815061,58.839487,100,21,12
4766.751183,57.068874,100,21,12
