Distance,Tx Power,Bandwidth,Subband BW,Subband Offset
3850.879220,33.923754,25,7,2
2366.339045,45.213161,25,7,2
5552.907588,42.489355,25,7,2
9779.781600,41.018279,25,7,2
1307.316118,51.864617,25,7,2
8326.856165,38.429042,25,7,2
6466.399614,39.307791,25,7,2
