Distance,Tx Power,Bandwidth,Subband BW,Subband Offset
473.731563,41.463641,75,22,24
8983.535327,45.622671,75,22,24
6277.323195,29.431425,75,22,24
9156.786856,56.922376,75,22,24
6841.687203,46.261958,75,22,24
6891.547297,16.577877,75,22,24
5402.513408,49.369658,75,22,24
