Distance,Tx Power,Bandwidth,Subband BW,Subband Offset
8367.918021,34.612889,75,8,11
1666.755881,26.648622,75,8,11
2391.959175,16.051941,75,8,11
2626.611855,40.599810,75,8,11
2149.355825,29.751633,75,8,11
6657.836448,53.556045,75,8,11
8069.834974,54.340357,75,8,11
