Distance,Tx Power,Bandwidth,Subband BW,Subband Offset
9007.594186,55.353844,25,6,8
8594.946672,42.772149,25,6,8
4563.184066,36.181463,25,6,8
8580.724367,54.632454,25,6,8
4122.740126,21.930597,25,6,8
9201.238005,55.270333,25,6,8
2666.581698,45.543035,25,6,8
