Distance,Tx Power,Bandwidth,Subband BW,Subband Offset
8460.998600,16.648619,50,22,28
5311.283737,50.305548,50,22,28
1629.634655,28.735119,50,22,28
9985.987593,35.381316,50,22,28
178.010362,47.333046,50,22,28
5331.303535,47.004855,50,22,28
7980.213391,20.617911,50,22,28
