Distance,Tx Power,Bandwidth,Subband BW,Subband Offset
797.335667,18.435752,100,83,6
4685.668124,57.254880,100,83,6
9414.624213,25.713409,100,83,6
241.145565,49.443349,100,83,6
6117.454971,25.738525,100,83,6
8644.590223,19.761630,100,83,6
7603.446919,32.013360,100,83,6
