Distance,Tx Power,Bandwidth,Subband BW,Subband Offset
633.073636,43.444771,75,8,21
760.911223,50.926283,75,8,21
2474.595494,30.569999,75,8,21
6731.014836,25.560259,75,8,21
4396.178892,40.089971,75,8,21
3912.510806,48.273005,75,8,21
3576.695449,27.855274,75,8,21
