Distance,Tx Power,Bandwidth,Subband BW,Subband Offset
852.417715,52.208105,50,14,4
1256.047170,21.875745,50,14,4
5308.610589,58.194220,50,14,4
5335.019658,36.583884,50,14,4
5166.820171,50.645190,50,14,4
6535.235100,16.671916,50,14,4
5060.713798,52.755044,50,14,4
