Distance,Tx Power,Bandwidth,Subband BW,Subband Offset
3796.831779,22.077558,75,20,6
6353.020783,28.773061,75,20,6
5325.833660,43.552312,75,20,6
9210.993406,56.913299,75,20,6
2119.818375,53.759127,75,20,6
7885.154864,36.494045,75,20,6
1875.145312,43.633806,75,20,6
