Distance,Tx Power,Bandwidth,Subband BW,Subband Offset
9628.269234,53.936122,15,7,8
3362.574458,35.399066,15,7,8
7646.092806,45.546905,15,7,8
2492.688485,28.005696,15,7,8
5266.221334,57.805354,15,7,8
8917.037964,15.382217,15,7,8
2801.229363,57.462981,15,7,8
