Distance,Tx Power,Bandwidth,Subband BW,Subband Offset
2580.049275,15.784091,75,21,31
8758.276468,29.053804,75,21,31
3205.673834,15.949179,75,21,31
2408.078586,44.318026,75,21,31
7359.017347,57.207985,75,21,31
2283.582382,36.228863,75,21,31
3857.422452,30.489441,75,21,31
