Distance,Tx Power,Bandwidth,Subband BW,Subband Offset
7105.251594,47.116661,75,13,29
2008.155474,32.565043,75,13,29
1082.509647,21.271156,75,13,29
6589.482624,45.795352,75,13,29
8900.700276,19.997708,75,13,29
4380.538393,26.259583,75,13,29
7949.333510,52.704284,75,13,29
