Distance,Tx Power,Bandwidth,Subband BW,Subband Offset
2189.562698,35.107766,15,6,1
532.907170,45.597618,15,6,1
1202.726637,27.219917,15,6,1
3937.625426,30.810667,15,6,1
9659.842528,55.161248,15,6,1
5629.675418,32.952722,15,6,1
5026.222395,51.676817,15,6,1
