Distance,Tx Power,Bandwidth,Subband BW,Subband Offset
8754.350024,54.580487,100,12,43
7504.974494,51.799427,100,12,43
6216.561298,55.234406,100,12,43
7661.813651,58.741136,100,12,43
7365.975490,17.392956,100,12,43
9281.634652,30.925394,100,12,43
793.758340,57.913822,100,12,43
