Distance,Tx Power,Bandwidth,Subband BW,Subband Offset
8849.863004,58.994554,100,12,39
6361.763292,46.330441,100,12,39
2662.196421,49.051473,100,12,39
6624.634059,41.517534,100,12,39
4102.048416,37.968539,100,12,39
6515.477405,46.103741,100,12,39
1316.537090,40.583008,100,12,39
