Distance,Tx Power,Bandwidth,Subband BW,Subband Offset
220.154047,40.520121,75,52,13
7978.175255,19.986961,75,52,13
1288.560601,26.433375,75,52,13
6890.290616,34.515875,75,52,13
8031.983657,53.520531,75,52,13
507.955321,49.881484,75,52,13
7275.563360,21.205448,75,52,13
