Distance,Tx Power,Bandwidth,Subband BW,Subband Offset
9503.161496,24.245814,50,17,15
678.866285,19.739732,50,17,15
2162.119101,17.602776,50,17,15
9689.112562,27.962015,50,17,15
2346.377882,29.906848,50,17,15
7114.096075,36.499474,50,17,15
7572.637288,44.359314,50,17,15
