Distance,Tx Power,Bandwidth,Subband BW,Subband Offset
7963.698711,27.795444,75,10,47
650.582814,36.031731,75,10,47
7788.450264,41.100995,75,10,47
9975.613508,15.654204,75,10,47
9244.840047,17.587399,75,10,47
8985.664361,49.965076,75,10,47
5188.652324,26.498016,75,10,47
