Distance,Tx Power,Bandwidth,Subband BW,Subband Offset
9897.325921,49.189921,25,7,15
3778.166427,24.147034,25,7,15
9403.285757,58.297671,25,7,15
2684.174406,47.122036,25,7,15
1268.916965,45.405540,25,7,15
5042.833531,33.488802,25,7,15
7652.099437,15.774031,25,7,15
