Distance,Tx Power,Bandwidth,Subband BW,Subband Offset
9984.931158,59.487123,100,36,11
3084.243765,34.800899,100,36,11
5166.448856,41.458343,100,36,11
7794.164619,15.217958,100,36,11
3194.149903,38.030473,100,36,11
4996.390032,51.140353,100,36,11
6761.767642,19.450578,100,36,11
