Distance,Tx Power,Bandwidth,Subband BW,Subband Offset
1167.366154,32.378879,75,30,7
240.707843,33.317537,75,30,7
2297.839994,57.369872,75,30,7
3662.763451,29.318846,75,30,7
3375.968339,25.087934,75,30,7
6377.665397,43.322877,75,30,7
8883.575293,26.996834,75,30,7
