Distance,Tx Power,Bandwidth,Subband BW,Subband Offset
1630.551158,36.307456,15,7,2
9703.513328,49.366595,15,7,2
7812.531282,47.002377,15,7,2
5946.267967,19.772923,15,7,2
8655.349848,51.526343,15,7,2
3944.810466,22.753079,15,7,2
3808.694006,42.829866,15,7,2
