Distance,Tx Power,Bandwidth,Subband BW,Subband Offset
6047.457469,44.420284,75,31,5
6900.882694,26.863126,75,31,5
8256.688128,16.206370,75,31,5
8275.713900,22.262927,75,31,5
2436.864986,40.126507,75,31,5
9605.177064,53.210732,75,31,5
9315.394780,38.335467,75,31,5
