Distance,Tx Power,Bandwidth,Subband BW,Subband Offset
4235.110159,23.264274,50,13,31
9647.210052,27.694466,50,13,31
5324.650584,33.166287,50,13,31
9474.725115,19.971134,50,13,31
5981.405299,58.308492,50,13,31
249.288040,40.828391,50,13,31
7072.573972,17.969666,50,13,31
