Distance,Tx Power,Bandwidth,Subband BW,Subband Offset
596.145783,54.272603,50,43,2
9583.420137,21.644768,50,43,2
935.727436,15.314250,50,43,2
6932.041082,18.021411,50,43,2
9056.103790,53.408311,50,43,2
4481.267282,35.244550,50,43,2
6786.872361,24.671466,50,43,2
