Distance,Tx Power,Bandwidth,Subband BW,Subband Offset
4047.643520,59.770740,25,8,13
1479.320912,32.285285,25,8,13
4818.425671,31.329249,25,8,13
6955.211615,33.420712,25,8,13
5508.664712,21.213503,25,8,13
4265.262624,58.979759,25,8,13
3641.156440,16.323481,25,8,13
