Distance,Tx Power,Bandwidth,Subband BW,Subband Offset
3069.816207,39.442659,50,29,21
4153.444085,54.463992,50,29,21
2223.734763,50.347647,50,29,21
8145.256472,45.530737,50,29,21
3033.165724,24.405593,50,29,21
155.720005,15.470094,50,29,21
6102.442880,40.121285,50,29,21
