Distance,Tx Power,Bandwidth,Subband BW,Subband Offset
1333.672355,58.969400,50,6,39
9380.445329,42.299717,50,6,39
285.665117,47.684669,50,6,39
4682.459401,41.365016,50,6,39
2750.700783,27.733988,50,6,39
9192.960444,16.753460,50,6,39
6660.280438,31.637654,50,6,39
