Distance,Tx Power,Bandwidth,Subband BW,Subband Offset
8545.750951,50.493726,75,15,18
9340.145851,24.741997,75,15,18
4505.004746,50.828488,75,15,18
247.885161,49.014237,75,15,18
6309.820308,57.391039,75,15,18
7431.968501,26.650927,75,15,18
3772.202953,18.856120,75,15,18
