Distance,Tx Power,Bandwidth,Subband BW,Subband Offset
9336.519003,15.500520,75,8,48
7111.928364,30.318121,75,8,48
9800.182958,27.734919,75,8,48
9439.073819,19.224727,75,8,48
1739.750584,58.573455,75,8,48
9119.168501,19.542393,75,8,48
2892.523885,52.139284,75,8,48
