Distance,Tx Power,Bandwidth,Subband BW,Subband Offset
6363.125095,30.089870,25,9,10
3006.291017,55.269377,25,9,10
7643.195085,34.809072,25,9,10
9263.152563,26.566470,25,9,10
1599.442629,50.982149,25,9,10
6818.591103,27.976184,25,9,10
3388.653577,19.512737,25,9,10
