Distance,Tx Power,Bandwidth,Subband BW,Subband Offset
441.285567,16.169921,15,7,3
9583.674309,24.507467,15,7,3
8178.171730,58.957319,15,7,3
4644.727254,36.642011,15,7,3
1939.479729,17.747113,15,7,3
7720.783935,21.880693,15,7,3
6538.765535,38.384127,15,7,3
