Distance,Tx Power,Bandwidth,Subband BW,Subband Offset
8159.353377,55.218653,100,55,39
251.961955,32.545968,100,55,39
9596.110907,30.913470,100,55,39
5527.773458,25.806190,100,55,39
948.826292,39.826212,100,55,39
8136.086795,50.793348,100,55,39
5858.690483,43.016797,100,55,39
