Distance,Tx Power,Bandwidth,Subband BW,Subband Offset
8411.885025,59.523511,50,20,29
678.008891,51.102215,50,20,29
114.502305,59.935205,50,20,29
4844.444771,45.734896,50,20,29
1710.358102,43.865222,50,20,29
7941.500916,23.741832,50,20,29
2596.461228,26.725627,50,20,29
