Distance,Tx Power,Bandwidth,Subband BW,Subband Offset
658.776320,28.685350,75,54,9
8337.337886,35.008077,75,54,9
7451.982539,51.751354,75,54,9
4078.653320,23.355255,75,54,9
8132.540593,42.144613,75,54,9
1093.534177,20.405143,75,54,9
4684.948313,58.684266,75,54,9
