Distance,Tx Power,Bandwidth,Subband BW,Subband Offset
1420.232447,15.621294,75,35,10
335.666125,27.173185,75,35,10
2952.488522,48.915595,75,35,10
8491.755855,56.201144,75,35,10
5140.671630,29.858378,75,35,10
5459.333131,41.046950,75,35,10
9132.851230,28.319053,75,35,10
