Distance,Tx Power,Bandwidth,Subband BW,Subband Offset
2254.806477,57.921161,50,8,32
1873.690226,34.952232,50,8,32
7675.623015,36.333308,50,8,32
3051.803830,36.250370,50,8,32
4471.497443,26.911678,50,8,32
2817.177007,55.205066,50,8,32
1697.052647,40.759110,50,8,32
