Distance,Tx Power,Bandwidth,Subband BW,Subband Offset
2239.343109,31.255593,25,13,9
6657.319778,55.698780,25,13,9
3405.279913,33.161108,25,13,9
8402.637180,41.900348,25,13,9
467.592437,26.534786,25,13,9
5856.875639,34.858818,25,13,9
6534.337958,38.688520,25,13,9
