Distance,Tx Power,Bandwidth,Subband BW,Subband Offset
7585.303647,16.669853,100,10,5
9191.497081,22.074346,100,10,5
1643.908123,41.507130,100,10,5
375.680577,50.556218,100,10,5
2253.618091,42.584873,100,10,5
8835.402308,39.492265,100,10,5
9837.265827,21.431649,100,10,5
