Distance,Tx Power,Bandwidth,Subband BW,Subband Offset
7727.967994,55.612343,15,8,3
1652.204718,25.841278,15,8,3
6991.591556,32.413511,15,8,3
2173.168198,30.646581,15,8,3
7985.782348,48.426201,15,8,3
5018.340151,59.135856,15,8,3
4269.016305,26.301633,15,8,3
