Distance,Tx Power,Bandwidth,Subband BW,Subband Offset
3265.616673,17.929673,25,7,3
9389.395243,51.892038,25,7,3
243.166668,57.928839,25,7,3
8053.985991,49.496187,25,7,3
8499.474560,19.577669,25,7,3
4542.956550,27.317582,25,7,3
8931.024633,41.855062,25,7,3
