Distance,Tx Power,Bandwidth,Subband BW,Subband Offset
3281.602153,33.811310,75,67,2
3192.378661,32.793335,75,67,2
1609.456050,39.964182,75,67,2
966.101398,44.080407,75,67,2
4377.073970,32.341915,75,67,2
4284.459488,56.443041,75,67,2
5287.299668,42.742534,75,67,2
