Distance,Tx Power,Bandwidth,Subband BW,Subband Offset
2666.881418,44.950568,100,86,10
9945.879487,24.302078,100,86,10
9012.942303,56.008438,100,86,10
6675.661574,40.878016,100,86,10
8501.870190,21.309171,100,86,10
2278.356490,44.134229,100,86,10
4811.550188,50.344196,100,86,10
