Distance,Tx Power,Bandwidth,Subband BW,Subband Offset
2085.452509,33.221936,75,11,50
1572.365925,39.214040,75,11,50
7065.587145,47.309639,75,11,50
6939.891027,30.208837,75,11,50
5829.853975,50.039440,75,11,50
8150.255259,52.407865,75,11,50
794.709992,41.450330,75,11,50
