Distance,Tx Power,Bandwidth,Subband BW,Subband Offset
8440.056627,23.206248,100,56,8
984.283015,41.754889,100,56,8
6105.913221,44.605678,100,56,8
4839.100997,44.336591,100,56,8
7554.731593,38.350227,100,56,8
3404.789907,45.076183,100,56,8
6458.951015,25.705128,100,56,8
