Distance,Tx Power,Bandwidth,Subband BW,Subband Offset
2945.442368,35.836732,75,50,15
8042.989519,34.156032,75,50,15
8428.422628,34.700453,75,50,15
5154.472700,27.733696,75,50,15
8275.096566,20.017046,75,50,15
1455.917892,30.199839,75,50,15
8274.735801,50.697568,75,50,15
