Distance,Tx Power,Bandwidth,Subband BW,Subband Offset
7708.766579,31.911025,75,56,9
5047.192147,42.798402,75,56,9
523.102086,45.623856,75,56,9
2573.752674,54.025468,75,56,9
1099.124901,30.306238,75,56,9
3840.686177,25.509084,75,56,9
2072.068488,34.861781,75,56,9
