Distance,Tx Power,Bandwidth,Subband BW,Subband Offset
8320.107478,45.125273,100,34,63
9969.327845,23.990768,100,34,63
9385.970179,27.705064,100,34,63
9021.943722,30.400522,100,34,63
8835.739952,42.858155,100,34,63
9530.218322,20.464464,100,34,63
748.670413,51.780639,100,34,63
