Distance,Tx Power,Bandwidth,Subband BW,Subband Offset
3891.093104,26.668008,25,14,11
5422.624994,58.027570,25,14,11
882.465457,35.783845,25,14,11
8205.679458,29.123858,25,14,11
2531.009841,40.500592,25,14,11
607.351983,43.949378,25,14,11
7308.339344,55.161517,25,14,11
