Distance,Tx Power,Bandwidth,Subband BW,Subband Offset
4871.079415,35.544607,100,22,52
1401.753190,32.704711,100,22,52
167.803893,50.902436,100,22,52
7087.300587,33.747672,100,22,52
8555.724106,40.554120,100,22,52
5093.968640,24.636420,100,22,52
7041.307410,19.229123,100,22,52
