Distance,Tx Power,Bandwidth,Subband BW,Subband Offset
6846.012267,57.642227,100,10,81
8816.854326,21.110385,100,10,81
4366.168735,48.264768,100,10,81
9153.242216,39.518334,100,10,81
2184.326014,32.309778,100,10,81
3083.351273,50.675187,100,10,81
7172.904414,52.707575,100,10,81
