Distance,Tx Power,Bandwidth,Subband BW,Subband Offset
8631.833123,15.112557,50,36,12
9673.410082,16.836399,50,36,12
6049.176715,19.263939,50,36,12
4795.908454,41.927967,50,36,12
9383.688714,26.669987,50,36,12
8839.501678,25.147958,50,36,12
299.816030,51.881655,50,36,12
