Distance,Tx Power,Bandwidth,Subband BW,Subband Offset
5427.856549,27.268244,75,24,37
8123.037012,16.828028,75,24,37
634.445945,35.044873,75,24,37
4247.679460,29.639732,75,24,37
4912.617271,49.322031,75,24,37
4755.058109,55.769420,75,24,37
7921.713756,27.769713,75,24,37
