Distance,Tx Power,Bandwidth,Subband BW,Subband Offset
4017.524341,53.331962,25,21,1
2857.082146,16.821029,25,21,1
1305.555195,49.746299,25,21,1
8555.959411,49.130530,25,21,1
5142.701994,24.725827,25,21,1
1200.338762,46.954945,25,21,1
6100.252405,44.610584,25,21,1
