Distance,Tx Power,Bandwidth,Subband BW,Subband Offset
1792.436668,57.779978,50,6,39
2149.359157,15.152336,50,6,39
5835.804365,34.580251,50,6,39
982.248589,23.676318,50,6,39
436.433003,34.621379,50,6,39
8898.747607,34.779534,50,6,39
6156.431218,25.765691,50,6,39
