Distance,Tx Power,Bandwidth,Subband BW,Subband Offset
6851.686053,53.703154,15,7,1
7935.962177,33.275255,15,7,1
6614.484408,20.920827,15,7,1
2547.161455,59.491513,15,7,1
6302.525202,45.533321,15,7,1
8038.743488,17.134703,15,7,1
2775.750161,51.516553,15,7,1
