Distance,Tx Power,Bandwidth,Subband BW,Subband Offset
2864.428973,33.429310,75,36,28
3761.338403,49.198234,75,36,28
1647.042891,32.533693,75,36,28
3524.934921,47.560903,75,36,28
4202.935141,23.695515,75,36,28
1890.116631,48.187016,75,36,28
558.997041,31.170288,75,36,28
