Distance,Tx Power,Bandwidth,Subband BW,Subband Offset
9419.200227,36.373808,75,17,9
6376.489241,41.967442,75,17,9
6197.565568,43.252609,75,17,9
4576.009507,46.621567,75,17,9
9028.107182,29.860745,75,17,9
6843.101337,51.539464,75,17,9
2903.586045,31.316262,75,17,9
