Distance,Tx Power,Bandwidth,Subband BW,Subband Offset
4399.832942,23.631497,50,43,6
8301.229573,35.679947,50,43,6
198.784658,19.711357,50,43,6
718.927022,55.295040,50,43,6
5141.771198,43.800722,50,43,6
6522.295479,37.150318,50,43,6
4639.983356,45.954291,50,43,6
