Distance,Tx Power,Bandwidth,Subband BW,Subband Offset
4928.613317,16.728017,50,11,29
8802.325854,56.369856,50,11,29
805.691032,45.822244,50,11,29
4966.766774,23.968073,50,11,29
8936.271516,29.806616,50,11,29
5614.965734,42.537877,50,11,29
915.942681,58.573881,50,11,29
