Distance,Tx Power,Bandwidth,Subband BW,Subband Offset
4731.550818,31.583572,75,25,21
4691.382043,56.284221,75,25,21
4518.816892,56.045450,75,25,21
9708.532806,44.810067,75,25,21
859.582147,57.486230,75,25,21
4430.524759,19.868553,75,25,21
3585.356946,30.547893,75,25,21
