Distance,Tx Power,Bandwidth,Subband BW,Subband Offset
1245.727229,52.110109,25,6,6
8742.278066,17.176548,25,6,6
9910.519282,56.639915,25,6,6
1194.004287,22.773256,25,6,6
3367.736596,48.535190,25,6,6
3784.062645,21.545206,25,6,6
3423.410772,39.618538,25,6,6
