Distance,Tx Power,Bandwidth,Subband BW,Subband Offset
2635.020750,29.528435,25,15,8
2018.268845,22.478849,25,15,8
9285.433114,56.048619,25,15,8
7668.370440,17.640896,25,15,8
8630.534765,40.631351,25,15,8
959.568334,27.331525,25,15,8
693.882413,55.708059,25,15,8
