Distance,Tx Power,Bandwidth,Subband BW,Subband Offset
3452.205151,29.093895,50,16,21
4845.994771,57.306074,50,16,21
209.883101,39.061608,50,16,21
3764.457842,42.370416,50,16,21
8110.251228,29.513721,50,16,21
9140.369349,30.480684,50,16,21
5652.865541,24.124566,50,16,21
