Distance,Tx Power,Bandwidth,Subband BW,Subband Offset
7167.858658,53.661930,50,8,36
4812.859963,17.717073,50,8,36
1503.694444,47.818853,50,8,36
5542.745503,22.760855,50,8,36
424.257854,52.126563,50,8,36
8849.569341,36.377124,50,8,36
1508.394452,31.464669,50,8,36
