Distance,Tx Power,Bandwidth,Subband BW,Subband Offset
7062.108741,32.582093,15,7,8
6194.801300,38.381672,15,7,8
3899.502439,53.675504,15,7,8
6574.562261,28.239072,15,7,8
4913.462042,24.640479,15,7,8
1011.682046,28.884442,15,7,8
5371.560043,43.640447,15,7,8
