Distance,Tx Power,Bandwidth,Subband BW,Subband Offset
9806.689063,34.539366,25,12,3
3423.913585,29.601457,25,12,3
959.606296,22.102009,25,12,3
1306.792336,20.960377,25,12,3
5748.111527,31.503509,25,12,3
2376.370296,39.532926,25,12,3
268.914443,37.268758,25,12,3
