Distance,Tx Power,Bandwidth,Subband BW,Subband Offset
7979.497336,40.692471,75,53,11
5822.518879,44.093830,75,53,11
3441.685912,41.661097,75,53,11
4338.107935,57.614855,75,53,11
5389.137506,54.888556,75,53,11
7578.059212,38.084630,75,53,11
1331.546883,49.810562,75,53,11
