Distance,Tx Power,Bandwidth,Subband BW,Subband Offset
4366.778800,26.258532,25,11,1
5451.013862,57.227727,25,11,1
6369.688656,16.319699,25,11,1
2991.636825,37.991173,25,11,1
9341.132078,22.048180,25,11,1
4590.741839,57.341245,25,11,1
2214.958276,33.194493,25,11,1
