Distance,Tx Power,Bandwidth,Subband BW,Subband Offset
1072.669324,45.416054,25,20,0
6916.711626,24.514803,25,20,0
3641.443156,20.119398,25,20,0
9666.558289,28.904024,25,20,0
6794.970808,25.723470,25,20,0
5860.107436,27.329457,25,20,0
7051.093667,55.699110,25,20,0
