Distance,Tx Power,Bandwidth,Subband BW,Subband Offset
9806.368953,46.602418,15,10,1
4007.331039,42.321906,15,10,1
5818.565791,31.564132,15,10,1
6106.076511,48.939624,15,10,1
7558.689821,33.833581,15,10,1
9397.927489,34.590070,15,10,1
9666.716597,27.165066,15,10,1
