Distance,Tx Power,Bandwidth,Subband BW,Subband Offset
5412.423929,57.338434,15,8,2
7398.739104,32.480236,15,8,2
6813.958089,27.737621,15,8,2
5570.129053,58.912169,15,8,2
6382.160041,30.550592,15,8,2
4755.876579,20.895426,15,8,2
284.209985,23.965432,15,8,2
