Distance,Tx Power,Bandwidth,Subband BW,Subband Offset
4436.215952,30.175182,15,10,5
7646.840086,55.267140,15,10,5
7468.926248,27.292053,15,10,5
1494.929133,38.935838,15,10,5
3444.702552,26.777588,15,10,5
4365.302273,53.695948,15,10,5
9381.973875,46.853058,15,10,5
