Distance,Tx Power,Bandwidth,Subband BW,Subband Offset
9266.395110,33.310807,100,43,9
6978.493717,46.168700,100,43,9
8385.172622,53.398713,100,43,9
5805.680004,35.110460,100,43,9
8598.870766,36.022256,100,43,9
6141.883025,35.841518,100,43,9
7324.555713,41.378783,100,43,9
