Distance,Tx Power,Bandwidth,Subband BW,Subband Offset
3641.030331,18.025777,100,14,47
7364.684221,33.571309,100,14,47
2914.712057,51.739767,100,14,47
5209.745654,27.737734,100,14,47
3911.530641,23.724864,100,14,47
4841.172536,46.267176,100,14,47
200.808755,46.456632,100,14,47
