Distance,Tx Power,Bandwidth,Subband BW,Subband Offset
3163.765531,57.639468,15,9,6
9254.139741,51.516369,15,9,6
4936.083674,54.224938,15,9,6
533.933848,42.464057,15,9,6
5498.577736,58.045886,15,9,6
570.739600,21.057432,15,9,6
7616.333398,40.403719,15,9,6
