Distance,Tx Power,Bandwidth,Subband BW,Subband Offset
1500.797398,24.408376,100,51,24
383.227184,16.859219,100,51,24
5151.136745,22.721532,100,51,24
5827.136757,45.325600,100,51,24
6921.529899,31.391618,100,51,24
6201.343317,31.742239,100,51,24
5607.879389,21.141236,100,51,24
