Distance,Tx Power,Bandwidth,Subband BW,Subband Offset
4965.638693,41.334709,50,10,24
5961.784949,29.311371,50,10,24
4177.165376,24.597675,50,10,24
708.251378,22.488860,50,10,24
8606.764340,26.275383,50,10,24
7348.132692,42.774583,50,10,24
4129.746177,28.047769,50,10,24
