Distance,Tx Power,Bandwidth,Subband BW,Subband Offset
4160.164207,52.485538,50,37,3
6520.267544,34.448663,50,37,3
3046.264692,24.369752,50,37,3
2569.543522,58.768937,50,37,3
3925.663188,41.759421,50,37,3
3374.723878,21.826614,50,37,3
3921.425562,44.229239,50,37,3
