Distance,Tx Power,Bandwidth,Subband BW,Subband Offset
3142.016507,37.909093,15,10,2
7188.525716,24.964762,15,10,2
6325.508165,58.380828,15,10,2
9128.145077,39.044974,15,10,2
7178.989607,45.052955,15,10,2
6963.789666,36.253074,15,10,2
7353.448204,49.517592,15,10,2
