Distance,Tx Power,Bandwidth,Subband BW,Subband Offset
2560.738206,35.789353,25,7,18
8870.396390,25.640485,25,7,18
759.196425,20.064274,25,7,18
6462.675167,49.523756,25,7,18
4242.697571,45.221705,25,7,18
6195.992608,33.779922,25,7,18
4749.560406,46.937289,25,7,18
