Distance,Tx Power,Bandwidth,Subband BW,Subband Offset
2929.487306,33.820623,75,45,8
3118.077781,52.773769,75,45,8
8847.372563,19.510020,75,45,8
3344.525562,48.937993,75,45,8
286.630824,38.445510,75,45,8
7057.644163,59.476116,75,45,8
3683.020906,47.194410,75,45,8
