Distance,Tx Power,Bandwidth,Subband BW,Subband Offset
9624.401212,31.044106,15,9,5
4935.546620,36.136011,15,9,5
8593.110703,27.406283,15,9,5
3583.164720,33.386339,15,9,5
7089.196418,36.559028,15,9,5
6801.156777,59.613269,15,9,5
3655.792710,34.556607,15,9,5
