Distance,Tx Power,Bandwidth,Subband BW,Subband Offset
7146.289905,32.598057,100,20,36
8087.314477,20.655264,100,20,36
2495.001388,21.514624,100,20,36
3998.017964,56.454857,100,20,36
5751.866454,44.811955,100,20,36
6810.391282,19.004819,100,20,36
7785.724637,57.223938,100,20,36
