Distance,Tx Power,Bandwidth,Subband BW,Subband Offset
5205.679658,21.048989,15,11,2
4110.030031,34.118147,15,11,2
3079.028812,30.502007,15,11,2
8096.904413,21.512065,15,11,2
4397.332340,48.321876,15,11,2
6103.312449,48.331554,15,11,2
6342.759852,28.493650,15,11,2
