Distance,Tx Power,Bandwidth,Subband BW,Subband Offset
6336.720962,36.913611,15,9,4
9112.008959,49.952518,15,9,4
1757.677279,48.568763,15,9,4
406.028628,33.620561,15,9,4
4287.006410,19.672967,15,9,4
3563.698571,33.673504,15,9,4
2329.411870,44.356750,15,9,4
