Distance,Tx Power,Bandwidth,Subband BW,Subband Offset
6294.470907,35.326603,50,8,5
8657.477822,15.422846,50,8,5
9023.945880,49.814229,50,8,5
2139.235852,33.607444,50,8,5
8705.612138,18.141678,50,8,5
1134.957248,56.676338,50,8,5
7144.839300,46.741920,50,8,5
