Distance,Tx Power,Bandwidth,Subband BW,Subband Offset
3286.287695,44.262311,25,9,5
6800.941967,35.082151,25,9,5
9624.567605,56.095527,25,9,5
512.707079,35.373407,25,9,5
5497.029126,24.329871,25,9,5
524.656501,50.071126,25,9,5
5874.195602,51.409849,25,9,5
