Distance,Tx Power,Bandwidth,Subband BW,Subband Offset
4890.569899,40.681911,25,18,5
7150.196305,44.132624,25,18,5
5319.592487,56.047798,25,18,5
9169.228610,18.459488,25,18,5
2907.725991,30.131376,25,18,5
3344.830662,45.468383,25,18,5
2317.848827,36.128888,25,18,5
