Distance,Tx Power,Bandwidth,Subband BW,Subband Offset
6500.692117,53.633933,75,17,56
7328.393466,28.782108,75,17,56
1168.574058,45.869201,75,17,56
302.426924,56.672358,75,17,56
8448.400490,27.327882,75,17,56
5047.317069,40.903857,75,17,56
3150.143552,36.164942,75,17,56
