Distance,Tx Power,Bandwidth,Subband BW,Subband Offset
8307.886289,44.231801,25,7,1
1428.536907,35.688013,25,7,1
3503.155995,33.776864,25,7,1
3393.780186,49.178219,25,7,1
7348.295855,16.644056,25,7,1
2681.917264,55.241541,25,7,1
7738.259080,38.187162,25,7,1
