Distance,Tx Power,Bandwidth,Subband BW,Subband Offset
9012.093471,32.236030,25,18,4
2292.064992,33.307659,25,18,4
9217.857233,34.285939,25,18,4
3085.628190,43.034623,25,18,4
2648.147491,33.401453,25,18,4
3161.289287,21.268085,25,18,4
8591.726689,41.151079,25,18,4
