Distance,Tx Power,Bandwidth,Subband BW,Subband Offset
9324.704117,44.219076,25,19,2
5993.779627,36.148019,25,19,2
1729.077571,46.118404,25,19,2
6383.540169,47.710782,25,19,2
790.970051,35.853072,25,19,2
1739.345098,30.804671,25,19,2
7139.149766,29.923585,25,19,2
