Distance,Tx Power,Bandwidth,Subband BW,Subband Offset
5576.616631,15.527090,100,18,39
923.210038,37.435772,100,18,39
5891.806182,41.850447,100,18,39
5034.020144,36.912289,100,18,39
5282.521671,44.776787,100,18,39
7635.625123,38.397424,100,18,39
8949.504760,35.382565,100,18,39
