Distance,Tx Power,Bandwidth,Subband BW,Subband Offset
1868.019420,21.474989,15,9,0
7210.250191,17.532054,15,9,0
3705.957883,27.185553,15,9,0
545.914033,56.093563,15,9,0
2897.020908,25.192604,15,9,0
4034.101094,54.271189,15,9,0
1778.247851,27.889039,15,9,0
