Distance,Tx Power,Bandwidth,Subband BW,Subband Offset
9319.495539,58.756395,100,53,38
4782.365638,15.327753,100,53,38
2987.546604,44.701866,100,53,38
1415.671958,44.133653,100,53,38
9999.844846,26.036259,100,53,38
183.887662,55.427092,100,53,38
8880.782580,29.006423,100,53,38
