Distance,Tx Power,Bandwidth,Subband BW,Subband Offset
684.750013,16.599916,25,9,5
956.895886,20.017020,25,9,5
2293.423131,34.309036,25,9,5
9228.362540,15.404875,25,9,5
8102.459790,44.876455,25,9,5
5166.224335,57.624261,25,9,5
5097.630026,42.697785,25,9,5
