Distance,Tx Power,Bandwidth,Subband BW,Subband Offset
9863.705639,17.287622,50,10,29
5076.652841,41.012091,50,10,29
7550.784628,31.330561,50,10,29
9264.370725,15.889345,50,10,29
5787.383002,29.430939,50,10,29
444.475561,36.884159,50,10,29
6444.974243,32.885146,50,10,29
