Distance,Tx Power,Bandwidth,Subband BW,Subband Offset
9752.615007,45.670360,50,23,20
8012.842052,53.781577,50,23,20
1811.977272,32.565105,50,23,20
2796.062739,22.686583,50,23,20
7019.215705,47.391196,50,23,20
7852.598781,49.011878,50,23,20
8728.884956,44.209222,50,23,20
