Distance,Tx Power,Bandwidth,Subband BW,Subband Offset
9334.602690,39.193020,100,24,17
6548.992085,39.446017,100,24,17
3236.323271,41.854293,100,24,17
6560.447985,22.028097,100,24,17
7763.694875,15.946960,100,24,17
2500.956179,51.238214,100,24,17
9246.810156,18.002272,100,24,17
