Distance,Tx Power,Bandwidth,Subband BW,Subband Offset
8052.638912,55.876173,15,8,1
3017.731610,15.153616,15,8,1
5474.565609,39.578469,15,8,1
2208.847328,28.200497,15,8,1
3971.035209,47.204557,15,8,1
187.589350,36.117393,15,8,1
8816.890570,23.618890,15,8,1
