Distance,Tx Power,Bandwidth,Subband BW,Subband Offset
8153.052914,42.046754,50,26,16
6965.421447,38.411286,50,26,16
1611.545268,51.170113,50,26,16
610.779392,45.574968,50,26,16
9014.987155,27.018264,50,26,16
5800.245168,51.877919,50,26,16
3397.023896,15.448985,50,26,16
