Distance,Tx Power,Bandwidth,Subband BW,Subband Offset
7059.183559,17.753310,15,10,2
2479.923944,22.843723,15,10,2
8830.028225,43.331053,15,10,2
9228.541537,51.042974,15,10,2
4363.911275,58.777098,15,10,2
7248.650281,43.355635,15,10,2
4810.163216,50.435895,15,10,2
