Distance,Tx Power,Bandwidth,Subband BW,Subband Offset
1887.458883,43.404202,75,54,4
5947.989710,38.244405,75,54,4
6259.616606,47.259542,75,54,4
2090.645370,59.038351,75,54,4
8491.647165,23.429476,75,54,4
1609.419257,32.562457,75,54,4
6475.762102,45.142162,75,54,4
