Distance,Tx Power,Bandwidth,Subband BW,Subband Offset
376.040330,41.355801,15,7,2
5989.501537,42.794213,15,7,2
9474.840776,52.712303,15,7,2
8390.391116,57.687907,15,7,2
3306.056963,25.701562,15,7,2
5484.578308,25.274655,15,7,2
8025.014427,36.477737,15,7,2
