Distance,Tx Power,Bandwidth,Subband BW,Subband Offset
3239.927402,49.495256,25,10,9
7190.362367,19.812650,25,10,9
6123.596843,36.281843,25,10,9
3083.787772,19.771778,25,10,9
9268.391413,28.589603,25,10,9
6490.530495,21.168318,25,10,9
4807.050700,31.326277,25,10,9
