Distance,Tx Power,Bandwidth,Subband BW,Subband Offset
2026.711499,50.990043,25,13,10
8206.662172,58.220335,25,13,10
6421.287663,45.704372,25,13,10
7494.929175,24.571119,25,13,10
6846.967656,58.741691,25,13,10
1876.804545,33.420965,25,13,10
2049.094022,43.406888,25,13,10
