Distance,Tx Power,Bandwidth,Subband BW,Subband Offset
2767.843249,25.600151,100,13,43
6667.121275,36.496050,100,13,43
6519.685016,55.961444,100,13,43
4872.472321,28.378804,100,13,43
456.134946,16.245454,100,13,43
2670.342364,55.306473,100,13,43
1969.162190,55.869663,100,13,43
