Distance,Tx Power,Bandwidth,Subband BW,Subband Offset
1640.435935,30.468582,25,23,2
6267.713434,48.580488,25,23,2
892.879523,47.906111,25,23,2
3053.575429,33.578499,25,23,2
5067.982665,32.146399,25,23,2
2832.466381,37.269156,25,23,2
679.866217,38.913802,25,23,2
