Distance,Tx Power,Bandwidth,Subband BW,Subband Offset
4087.983125,50.773763,15,6,9
8795.600896,31.269949,15,6,9
9801.574867,51.001965,15,6,9
514.571997,33.832138,15,6,9
3367.230882,59.854497,15,6,9
6980.668527,31.641125,15,6,9
3383.799026,59.434761,15,6,9
