Distance,Tx Power,Bandwidth,Subband BW,Subband Offset
4033.209288,34.505848,15,8,3
2310.630259,37.118392,15,8,3
6475.073531,47.568025,15,8,3
8330.521903,36.815502,15,8,3
9681.529850,47.719432,15,8,3
190.404717,56.474689,15,8,3
9918.070540,16.847066,15,8,3
