Distance,Tx Power,Bandwidth,Subband BW,Subband Offset
3629.350106,47.287884,75,46,14
2232.623806,42.280012,75,46,14
9488.586350,40.840772,75,46,14
2534.283363,36.796324,75,46,14
8910.387294,50.119224,75,46,14
1485.427904,27.867078,75,46,14
5729.843374,59.969195,75,46,14
