Distance,Tx Power,Bandwidth,Subband BW,Subband Offset
6208.319815,18.291312,15,12,0
6992.547471,49.543918,15,12,0
1543.036605,50.155905,15,12,0
3337.340064,15.278462,15,12,0
2519.681187,20.692109,15,12,0
7350.498558,15.584628,15,12,0
7491.354891,15.596310,15,12,0
