Distance,Tx Power,Bandwidth,Subband BW,Subband Offset
5132.494297,37.389839,100,26,18
6286.501448,26.440201,100,26,18
3930.868474,37.815426,100,26,18
7195.762728,31.862126,100,26,18
7930.814188,27.531270,100,26,18
3126.344360,32.883044,100,26,18
2693.820377,21.590905,100,26,18
