Distance,Tx Power,Bandwidth,Subband BW,Subband Offset
1907.019944,41.066247,50,15,19
326.880162,59.421267,50,15,19
5453.950977,47.772380,50,15,19
6988.122329,38.401712,50,15,19
6894.009886,26.115575,50,15,19
4144.928825,52.638207,50,15,19
2359.834139,30.937611,50,15,19
