Distance,Tx Power,Bandwidth,Subband BW,Subband Offset
5608.429293,27.223148,15,9,0
4922.556501,45.175361,15,9,0
8444.737420,32.318383,15,9,0
4345.610519,23.513132,15,9,0
9136.237170,48.870105,15,9,0
9702.060300,20.638159,15,9,0
2379.996358,15.113202,15,9,0
