Distance,Tx Power,Bandwidth,Subband BW,Subband Offset
2596.421193,19.523439,15,12,3
3139.921753,48.037076,15,12,3
8538.927596,32.264057,15,12,3
652.632916,55.181495,15,12,3
9819.186265,26.572191,15,12,3
3670.302026,27.845025,15,12,3
6084.376018,42.360835,15,12,3
