Distance,Tx Power,Bandwidth,Subband BW,Subband Offset
7486.060378,46.573821,25,21,0
3641.792099,42.001817,25,21,0
9727.741169,42.262168,25,21,0
8291.091918,21.216292,25,21,0
7739.251360,30.638419,25,21,0
9294.022381,34.892227,25,21,0
8834.900645,43.397800,25,21,0
