Distance,Tx Power,Bandwidth,Subband BW,Subband Offset
9721.356181,28.267668,75,9,32
2617.494737,44.718534,75,9,32
6200.154701,47.698365,75,9,32
6904.922639,27.214190,75,9,32
5723.082789,57.203988,75,9,32
3575.495886,30.719807,75,9,32
5172.443621,19.410257,75,9,32
