Distance,Tx Power,Bandwidth,Subband BW,Subband Offset
328.859423,33.752834,50,13,22
8667.097356,52.184888,50,13,22
3599.525995,37.097264,50,13,22
925.589518,25.987596,50,13,22
6619.631778,25.701567,50,13,22
7786.640164,17.540961,50,13,22
3936.134726,43.689000,50,13,22
