Distance,Tx Power,Bandwidth,Subband BW,Subband Offset
2266.230362,50.705269,75,20,18
8666.799724,42.841276,75,20,18
9721.619960,54.152087,75,20,18
3270.092655,47.356136,75,20,18
3754.531237,46.126402,75,20,18
8284.095328,16.178387,75,20,18
5916.825642,42.486465,75,20,18
