Distance,Tx Power,Bandwidth,Subband BW,Subband Offset
4770.885660,59.333212,50,10,6
1452.697617,21.403709,50,10,6
8631.703606,42.512751,50,10,6
7305.827698,46.443399,50,10,6
6258.564984,37.751423,50,10,6
4125.828129,29.881220,50,10,6
5585.177830,40.935278,50,10,6
