Distance,Tx Power,Bandwidth,Subband BW,Subband Offset
4383.057986,49.562415,100,30,14
8654.995194,39.727212,100,30,14
3787.338433,15.042041,100,30,14
7621.044171,44.134217,100,30,14
6423.819925,22.719265,100,30,14
5522.868431,45.988610,100,30,14
4127.626407,35.464793,100,30,14
