Distance,Tx Power,Bandwidth,Subband BW,Subband Offset
9371.619463,21.814038,50,21,12
9818.626090,36.839670,50,21,12
7855.777875,28.979269,50,21,12
3357.395866,49.263780,50,21,12
8820.323880,39.561286,50,21,12
7108.639125,15.442117,50,21,12
8483.481267,52.329876,50,21,12
