Distance,Tx Power,Bandwidth,Subband BW,Subband Offset
6551.065825,26.762124,75,26,0
2228.013879,42.976962,75,26,0
7977.803258,25.398780,75,26,0
169.423374,36.473883,75,26,0
3617.962737,53.800113,75,26,0
1732.952033,38.065689,75,26,0
6947.901534,29.495346,75,26,0
