Distance,Tx Power,Bandwidth,Subband BW,Subband Offset
2186.837528,40.236296,15,6,6
5103.043879,32.510720,15,6,6
555.636998,21.324350,15,6,6
2934.435432,15.537147,15,6,6
5654.080091,23.907152,15,6,6
1490.055917,25.764770,15,6,6
1227.536745,25.785866,15,6,6
