Distance,Tx Power,Bandwidth,Subband BW,Subband Offset
2658.587960,26.956303,25,7,15
6926.223469,48.441820,25,7,15
8015.471493,52.317786,25,7,15
8773.652440,42.636476,25,7,15
4921.234905,24.166770,25,7,15
6832.672788,56.235500,25,7,15
1136.880877,33.427677,25,7,15
