Distance,Tx Power,Bandwidth,Subband BW,Subband Offset
1391.056870,58.338635,15,10,0
6966.875852,53.473748,15,10,0
5865.648050,31.198154,15,10,0
4426.245452,35.068689,15,10,0
3516.718940,49.933156,15,10,0
6972.402638,39.532595,15,10,0
1507.398762,19.525999,15,10,0
