Distance,Tx Power,Bandwidth,Subband BW,Subband Offset
7618.641643,22.999929,50,25,6
7365.765061,16.725028,50,25,6
4006.828063,27.905559,50,25,6
1378.564059,40.789738,50,25,6
324.852436,19.672223,50,25,6
9414.381259,22.138601,50,25,6
1605.566435,38.972088,50,25,6
