Distance,Tx Power,Bandwidth,Subband BW,Subband Offset
3913.524542,44.087837,50,33,6
5650.800536,38.384692,50,33,6
2693.142882,53.445201,50,33,6
8444.117435,23.088697,50,33,6
3412.246891,39.092781,50,33,6
1225.810605,36.955303,50,33,6
2146.862063,41.634087,50,33,6
