Distance,Tx Power,Bandwidth,Subband BW,Subband Offset
4303.996912,24.749851,100,30,68
2956.527323,34.416820,100,30,68
1960.120683,51.035322,100,30,68
1919.952446,29.112412,100,30,68
1548.800966,30.301491,100,30,68
8340.346719,42.594879,100,30,68
704.844744,22.706103,100,30,68
