Distance,Tx Power,Bandwidth,Subband BW,Subband Offset
4872.783324,45.053319,50,27,3
8821.397295,38.742705,50,27,3
7386.345910,49.084729,50,27,3
6219.183290,28.938581,50,27,3
730.722469,54.467860,50,27,3
5090.721825,16.970008,50,27,3
4755.929674,32.443832,50,27,3
