Distance,Tx Power,Bandwidth,Subband BW,Subband Offset
6993.927314,39.385530,100,42,16
3145.931740,16.561391,100,42,16
4369.557237,46.766812,100,42,16
1281.479906,52.556543,100,42,16
6128.653837,56.690507,100,42,16
4891.528066,25.102216,100,42,16
9923.000993,57.922017,100,42,16
