Distance,Tx Power,Bandwidth,Subband BW,Subband Offset
9480.369274,50.305600,100,52,22
3390.762212,22.721075,100,52,22
7590.879939,45.332619,100,52,22
2857.130512,31.182363,100,52,22
8925.151270,41.184025,100,52,22
7070.795999,21.523439,100,52,22
8682.531428,25.729484,100,52,22
