Distance,Tx Power,Bandwidth,Subband BW,Subband Offset
6930.261567,37.604468,75,29,25
7986.249192,29.540750,75,29,25
5962.876819,25.319072,75,29,25
5587.013140,53.527273,75,29,25
2660.049254,20.162774,75,29,25
4926.233395,58.664711,75,29,25
565.051280,29.318968,75,29,25
