Distance,Tx Power,Bandwidth,Subband BW,Subband Offset
8446.081810,40.434616,100,20,10
8872.197227,41.682107,100,20,10
4243.539522,31.929645,100,20,10
9922.691786,54.065835,100,20,10
7088.236818,16.056879,100,20,10
6659.621203,24.685041,100,20,10
2287.922308,58.283603,100,20,10
