Distance,Tx Power,Bandwidth,Subband BW,Subband Offset
7474.160891,48.937658,75,61,4
6604.129375,41.479064,75,61,4
2299.825309,38.469357,75,61,4
9851.815043,20.632106,75,61,4
7801.974035,31.661656,75,61,4
8720.877030,47.215471,75,61,4
1403.862308,59.205593,75,61,4
