Distance,Tx Power,Bandwidth,Subband BW,Subband Offset
452.865477,55.832440,50,6,7
8650.231243,28.412152,50,6,7
8582.870092,46.714414,50,6,7
5207.989721,33.189768,50,6,7
1955.632860,40.267451,50,6,7
2597.488435,46.129186,50,6,7
5615.774034,49.684110,50,6,7
