Distance,Tx Power,Bandwidth,Subband BW,Subband Offset
2821.148327,46.814282,25,11,3
3478.225388,21.320562,25,11,3
903.822306,50.112256,25,11,3
3151.337418,53.338233,25,11,3
325.463038,21.774330,25,11,3
9522.044927,37.527879,25,11,3
2459.239996,50.648436,25,11,3
