Distance,Tx Power,Bandwidth,Subband BW,Subband Offset
655.048219,57.241608,100,17,18
2931.507732,28.746682,100,17,18
7676.315129,57.143601,100,17,18
3952.333607,31.241937,100,17,18
8330.202114,28.068242,100,17,18
4087.902337,23.559314,100,17,18
8378.165488,25.822326,100,17,18
