Distance,Tx Power,Bandwidth,Subband BW,Subband Offset
4433.946162,19.212434,50,31,4
4998.165790,52.773444,50,31,4
2448.014628,36.035160,50,31,4
2959.612123,29.031901,50,31,4
7133.969927,56.210163,50,31,4
1888.370476,46.460813,50,31,4
4727.169212,48.253819,50,31,4
