Distance,Tx Power,Bandwidth,Subband BW,Subband Offset
4622.635352,59.100683,50,13,2
3263.657736,17.110037,50,13,2
3483.326263,34.909778,50,13,2
9050.503177,59.046216,50,13,2
6275.428787,18.836137,50,13,2
7028.103646,47.062071,50,13,2
4283.285550,59.457943,50,13,2
