Distance,Tx Power,Bandwidth,Subband BW,Subband Offset
6776.421975,26.055023,50,27,4
2751.444561,25.081454,50,27,4
4767.974891,56.815835,50,27,4
6662.412641,33.644847,50,27,4
4978.746078,43.012022,50,27,4
754.900018,46.525719,50,27,4
709.660821,16.463306,50,27,4
