Distance,Tx Power,Bandwidth,Subband BW,Subband Offset
9088.554417,53.389383,75,44,12
4035.179368,23.566731,75,44,12
441.964095,24.644778,75,44,12
9167.320165,44.810276,75,44,12
6111.019161,38.824647,75,44,12
3539.800620,39.395562,75,44,12
818.581569,23.744823,75,44,12
