Distance,Tx Power,Bandwidth,Subband BW,Subband Offset
9714.188317,40.500766,15,13,1
3290.510935,19.918602,15,13,1
9076.701270,17.912796,15,13,1
3343.707027,28.317276,15,13,1
8304.004052,21.592280,15,13,1
7813.829938,39.303141,15,13,1
4036.473752,46.005585,15,13,1
