Distance,Tx Power,Bandwidth,Subband BW,Subband Offset
2380.200188,32.976061,75,41,10
2877.519851,22.066226,75,41,10
7461.106499,56.419526,75,41,10
3879.789387,51.151556,75,41,10
6087.517334,50.692087,75,41,10
7572.477759,24.907967,75,41,10
9347.566375,59.837322,75,41,10
