Distance,Tx Power,Bandwidth,Subband BW,Subband Offset
560.821424,47.977301,15,6,6
7072.404395,45.157832,15,6,6
6749.667677,23.519687,15,6,6
7529.347848,19.840315,15,6,6
3427.697958,43.316709,15,6,6
8587.884443,59.680088,15,6,6
6836.885321,19.382886,15,6,6
