Distance,Tx Power,Bandwidth,Subband BW,Subband Offset
622.437353,50.522289,100,27,27
9870.325688,59.865214,100,27,27
7814.218781,29.046743,100,27,27
2185.288897,25.145835,100,27,27
2940.268499,52.406940,100,27,27
5466.584050,16.302083,100,27,27
240.029918,20.523884,100,27,27
