Distance,Tx Power,Bandwidth,Subband BW,Subband Offset
2032.053687,15.508654,15,6,5
6479.065784,33.823939,15,6,5
8022.162098,40.283888,15,6,5
6935.288365,44.994957,15,6,5
2935.492349,22.148940,15,6,5
6267.724258,51.397674,15,6,5
8430.492478,22.565825,15,6,5
