Distance,Tx Power,Bandwidth,Subband BW,Subband Offset
5228.162032,49.636337,15,9,5
6485.841873,46.896739,15,9,5
6255.749792,45.667465,15,9,5
916.028153,56.056249,15,9,5
1886.222519,48.042127,15,9,5
3713.456031,24.448264,15,9,5
3662.276044,49.637289,15,9,5
