Distance,Tx Power,Bandwidth,Subband BW,Subband Offset
9631.227521,27.512496,15,8,6
5886.054133,31.214691,15,8,6
5327.574179,16.620740,15,8,6
8131.822011,58.295066,15,8,6
4660.091699,55.511917,15,8,6
6634.409305,42.346959,15,8,6
4120.441978,54.621882,15,8,6
