Distance,Tx Power,Bandwidth,Subband BW,Subband Offset
6940.049100,17.667003,15,9,5
5219.494723,41.938011,15,9,5
3642.204103,51.381281,15,9,5
906.749389,27.829396,15,9,5
1190.808155,38.560266,15,9,5
4138.686201,47.848823,15,9,5
3337.834316,39.255741,15,9,5
