Distance,Tx Power,Bandwidth,Subband BW,Subband Offset
8901.714829,52.967062,50,25,0
8735.059927,26.651236,50,25,0
8408.371854,50.306109,50,25,0
8258.673841,19.582618,50,25,0
3302.409713,25.386324,50,25,0
4583.075517,15.368321,50,25,0
3122.618678,18.707348,50,25,0
