Distance,Tx Power,Bandwidth,Subband BW,Subband Offset
7874.977943,46.868928,15,11,3
2183.023550,23.342843,15,11,3
2546.719411,21.768693,15,11,3
3303.377247,30.701104,15,11,3
1945.061790,35.576190,15,11,3
321.849927,26.311536,15,11,3
1167.262515,44.591526,15,11,3
