Distance,Tx Power,Bandwidth,Subband BW,Subband Offset
4209.336343,43.266954,25,9,12
5444.079895,56.483821,25,9,12
5651.415690,32.875914,25,9,12
495.744866,41.304662,25,9,12
1123.543989,33.079761,25,9,12
2121.836695,53.081531,25,9,12
4734.881618,54.189257,25,9,12
