Distance,Tx Power,Bandwidth,Subband BW,Subband Offset
5980.874204,26.125120,25,11,12
1786.486926,29.120255,25,11,12
8147.533629,17.625240,25,11,12
6917.801811,34.498117,25,11,12
103.212623,57.066663,25,11,12
8632.101110,21.189445,25,11,12
9789.658926,40.771636,25,11,12
