Distance,Tx Power,Bandwidth,Subband BW,Subband Offset
3657.333024,22.834722,25,22,2
7217.577562,56.094827,25,22,2
542.073287,26.369126,25,22,2
2675.629899,45.518417,25,22,2
9224.904608,18.094433,25,22,2
7323.488151,49.482240,25,22,2
5163.976778,56.625172,25,22,2
