Distance,Tx Power,Bandwidth,Subband BW,Subband Offset
6750.328501,29.048698,75,21,6
5866.451458,57.520848,75,21,6
4581.721050,41.771012,75,21,6
5240.673612,25.550697,75,21,6
4245.447368,51.492593,75,21,6
8099.615911,27.118029,75,21,6
4297.013245,53.730970,75,21,6
