Distance,Tx Power,Bandwidth,Subband BW,Subband Offset
2185.512132,30.362524,100,62,6
7601.260377,15.517350,100,62,6
7192.144841,33.159803,100,62,6
6558.832945,21.089291,100,62,6
4728.594127,32.452544,100,62,6
902.214863,32.498898,100,62,6
3983.358025,25.758807,100,62,6
