Distance,Tx Power,Bandwidth,Subband BW,Subband Offset
5479.773996,41.125603,15,10,1
8018.892594,51.137131,15,10,1
4031.333955,53.126169,15,10,1
9736.740113,30.474297,15,10,1
6544.217807,47.081642,15,10,1
3333.493533,43.773811,15,10,1
6991.018096,20.285370,15,10,1
