Distance,Tx Power,Bandwidth,Subband BW,Subband Offset
8375.257062,52.252279,100,82,9
9792.306094,26.525756,100,82,9
3349.813041,26.745888,100,82,9
2989.990333,33.937125,100,82,9
7513.182214,32.835342,100,82,9
4794.809123,20.877126,100,82,9
5143.818113,36.656533,100,82,9
