Distance,Tx Power,Bandwidth,Subband BW,Subband Offset
9884.429552,31.341465,100,7,19
5773.129079,51.223376,100,7,19
5755.814910,55.460224,100,7,19
9589.393536,21.899447,100,7,19
3898.766936,40.744970,100,7,19
4810.850069,58.281280,100,7,19
9406.008873,26.312336,100,7,19
