Distance,Tx Power,Bandwidth,Subband BW,Subband Offset
9624.833700,17.049445,15,9,2
8182.075371,59.747591,15,9,2
2462.355552,35.227462,15,9,2
9976.042741,56.113047,15,9,2
4828.716977,41.890741,15,9,2
4269.495458,39.824249,15,9,2
9556.530315,58.365705,15,9,2
