Distance,Tx Power,Bandwidth,Subband BW,Subband Offset
8843.766197,21.372032,100,51,9
4617.535330,21.673568,100,51,9
7848.641061,32.269093,100,51,9
3678.736518,38.847360,100,51,9
8489.691208,33.857204,100,51,9
845.444987,35.939371,100,51,9
2963.279721,49.231796,100,51,9
