Distance,Tx Power,Bandwidth,Subband BW,Subband Offset
6896.488921,48.242458,100,11,73
5293.385867,30.043458,100,11,73
4101.089906,43.821900,100,11,73
4134.077955,29.354052,100,11,73
3581.167792,58.248716,100,11,73
3773.933824,26.294042,100,11,73
701.610138,30.482950,100,11,73
