Distance,Tx Power,Bandwidth,Subband BW,Subband Offset
9511.383258,18.123598,50,16,19
9978.596086,44.434421,50,16,19
2515.986084,41.389205,50,16,19
4243.930664,36.606678,50,16,19
1684.354330,51.197219,50,16,19
9953.558449,30.979736,50,16,19
6245.801853,57.973229,50,16,19
