Distance,Tx Power,Bandwidth,Subband BW,Subband Offset
6059.882264,47.598137,15,10,5
9037.086406,42.747546,15,10,5
3968.173113,31.891347,15,10,5
3959.781745,28.659081,15,10,5
3524.276428,26.355218,15,10,5
2229.877962,49.049391,15,10,5
4184.933451,56.509112,15,10,5
