Distance,Tx Power,Bandwidth,Subband BW,Subband Offset
8620.251469,48.951812,75,31,0
998.549054,40.907876,75,31,0
7830.844447,38.219653,75,31,0
7261.054412,46.768535,75,31,0
7045.354674,34.812046,75,31,0
5223.285750,31.350141,75,31,0
6087.357516,16.640708,75,31,0
