Distance,Tx Power,Bandwidth,Subband BW,Subband Offset
6102.870527,29.664316,50,42,6
7760.725602,40.547702,50,42,6
6512.524096,36.913346,50,42,6
7783.018721,30.658495,50,42,6
4972.626128,43.502620,50,42,6
5361.094277,25.125362,50,42,6
412.771261,45.087965,50,42,6
