Distance,Tx Power,Bandwidth,Subband BW,Subband Offset
9398.862653,56.141368,75,44,3
8261.667312,50.266372,75,44,3
1415.258483,58.413341,75,44,3
4834.395107,51.939867,75,44,3
9433.352414,31.552189,75,44,3
495.192681,18.293534,75,44,3
1444.163255,53.859125,75,44,3
