Distance,Tx Power,Bandwidth,Subband BW,Subband Offset
3872.303913,24.633844,50,7,37
2891.400177,27.992097,50,7,37
9534.589644,46.796967,50,7,37
7668.748312,20.512305,50,7,37
3694.667275,16.396715,50,7,37
4929.890282,18.934116,50,7,37
4431.579959,44.821811,50,7,37
