Distance,Tx Power,Bandwidth,Subband BW,Subband Offset
3160.109717,34.441038,15,7,4
2709.611182,51.864748,15,7,4
6705.123080,19.362401,15,7,4
3301.696584,46.808315,15,7,4
1611.050635,39.278735,15,7,4
1518.177411,50.273377,15,7,4
601.626309,32.766815,15,7,4
