Distance,Tx Power,Bandwidth,Subband BW,Subband Offset
8926.887767,29.692010,100,33,31
1130.772952,53.685696,100,33,31
2567.724325,23.506782,100,33,31
5167.940072,21.903399,100,33,31
3320.552268,18.957285,100,33,31
5834.433915,15.322069,100,33,31
4306.453976,52.271913,100,33,31
