Distance,Tx Power,Bandwidth,Subband BW,Subband Offset
3199.397811,31.258370,25,11,4
956.433501,29.009918,25,11,4
8550.064384,48.818582,25,11,4
5999.574149,42.226807,25,11,4
5370.301667,50.030923,25,11,4
196.630391,51.450924,25,11,4
900.790330,28.450897,25,11,4
