Distance,Tx Power,Bandwidth,Subband BW,Subband Offset
8705.600588,50.104345,15,6,7
6239.014498,53.928448,15,6,7
736.483556,52.702348,15,6,7
5968.582044,39.830733,15,6,7
3391.151502,52.614462,15,6,7
286.523696,34.817736,15,6,7
8598.700111,25.697003,15,6,7
