Distance,Tx Power,Bandwidth,Subband BW,Subband Offset
6209.200189,36.483473,100,93,0
6493.491249,16.740119,100,93,0
2967.783847,55.447860,100,93,0
8156.893689,31.598038,100,93,0
8815.284472,41.474307,100,93,0
274.351699,15.918885,100,93,0
6358.358898,57.197009,100,93,0
