Distance,Tx Power,Bandwidth,Subband BW,Subband Offset
1888.024666,54.077520,15,10,5
1985.954653,32.809364,15,10,5
3735.502122,23.008083,15,10,5
1802.714579,33.746200,15,10,5
2117.400990,30.886838,15,10,5
8561.683720,25.566435,15,10,5
2575.298488,43.291266,15,10,5
