Distance,Tx Power,Bandwidth,Subband BW,Subband Offset
3414.526722,27.828260,75,12,1
5969.719545,42.491041,75,12,1
3962.003929,58.791982,75,12,1
1308.111016,29.988575,75,12,1
1635.075658,16.410929,75,12,1
6384.436693,15.514078,75,12,1
7569.485201,26.515511,75,12,1
