Distance,Tx Power,Bandwidth,Subband BW,Subband Offset
1104.018210,18.777348,100,63,28
8432.587592,34.727443,100,63,28
4696.987521,32.281519,100,63,28
4151.333108,35.767585,100,63,28
5988.222690,33.936689,100,63,28
9551.247674,55.755668,100,63,28
6334.125666,51.752505,100,63,28
