Distance,Tx Power,Bandwidth,Subband BW,Subband Offset
2892.917456,46.902665,100,74,24
7042.123963,26.356302,100,74,24
9553.793006,58.405911,100,74,24
6730.451690,48.460006,100,74,24
6511.973972,53.296193,100,74,24
9123.501531,56.862583,100,74,24
5869.441516,27.086924,100,74,24
