Distance,Tx Power,Bandwidth,Subband BW,Subband Offset
1511.198791,41.473986,15,7,8
5405.747521,48.011996,15,7,8
5595.634876,40.826832,15,7,8
6139.482174,29.064101,15,7,8
6868.507769,57.007750,15,7,8
6714.157084,30.057811,15,7,8
9462.802842,25.582495,15,7,8
