Distance,Tx Power,Bandwidth,Subband BW,Subband Offset
1202.158525,47.546353,100,13,28
8177.406393,44.192069,100,13,28
6672.382489,57.688179,100,13,28
5871.570589,47.686459,100,13,28
154.994263,55.568683,100,13,28
6823.199086,39.850917,100,13,28
1947.849302,25.859327,100,13,28
