Distance,Tx Power,Bandwidth,Subband BW,Subband Offset
4713.540249,48.748245,25,6,0
1064.593298,45.607169,25,6,0
985.601698,36.960126,25,6,0
4006.189118,16.081388,25,6,0
4996.547925,15.305697,25,6,0
7985.550447,20.048659,25,6,0
5946.616596,44.435844,25,6,0
