Distance,Tx Power,Bandwidth,Subband BW,Subband Offset
9351.556612,59.358676,100,56,17
2803.311160,21.106762,100,56,17
5509.170941,22.424976,100,56,17
9861.311137,18.094641,100,56,17
5048.663177,50.746532,100,56,17
5296.256294,22.383588,100,56,17
2010.829437,39.692555,100,56,17
