Distance,Tx Power,Bandwidth,Subband BW,Subband Offset
4011.888872,27.749611,100,15,61
6426.157859,57.177094,100,15,61
6904.439441,19.130142,100,15,61
4729.642910,32.814337,100,15,61
9757.141148,24.241074,100,15,61
1141.744054,59.333103,100,15,61
4194.616593,33.270165,100,15,61
