Distance,Tx Power,Bandwidth,Subband BW,Subband Offset
5466.669929,32.340285,15,14,1
1594.517113,52.047460,15,14,1
9345.410353,20.404525,15,14,1
4251.195372,44.434366,15,14,1
2185.267826,50.098760,15,14,1
1472.571574,16.699863,15,14,1
5120.161587,35.984955,15,14,1
