Distance,Tx Power,Bandwidth,Subband BW,Subband Offset
4952.506346,28.821062,75,28,35
7996.352878,44.868227,75,28,35
2980.702150,55.944732,75,28,35
4996.410924,27.745131,75,28,35
5460.601392,48.367421,75,28,35
4491.984257,58.853817,75,28,35
924.441726,50.019539,75,28,35
