Distance,Tx Power,Bandwidth,Subband BW,Subband Offset
2390.164973,24.952838,75,10,38
3642.172982,34.880937,75,10,38
6054.951984,19.401299,75,10,38
9145.950322,42.838813,75,10,38
3704.806117,27.365625,75,10,38
8733.200619,48.205014,75,10,38
9267.203019,28.938814,75,10,38
