Distance,Tx Power,Bandwidth,Subband BW,Subband Offset
6069.522117,36.201857,25,14,0
4299.617111,31.682246,25,14,0
208.961081,53.785919,25,14,0
1236.466647,55.654554,25,14,0
4739.526027,50.216620,25,14,0
3824.488916,46.658051,25,14,0
3541.482110,36.834807,25,14,0
