Distance,Tx Power,Bandwidth,Subband BW,Subband Offset
3423.574948,38.760587,15,7,8
6427.827101,48.083911,15,7,8
6479.039830,36.076014,15,7,8
2378.682608,16.359140,15,7,8
5950.187105,48.844029,15,7,8
8876.050030,39.394135,15,7,8
4422.602241,23.776560,15,7,8
