Distance,Tx Power,Bandwidth,Subband BW,Subband Offset
2217.010496,26.529367,100,16,2
9358.058259,23.812045,100,16,2
8478.276918,30.599776,100,16,2
3441.527601,17.219885,100,16,2
2792.612003,17.741069,100,16,2
3735.046858,52.544759,100,16,2
5990.907742,59.396352,100,16,2
