Distance,Tx Power,Bandwidth,Subband BW,Subband Offset
1864.284322,54.860958,50,16,0
6697.273615,56.130942,50,16,0
2307.680346,23.668943,50,16,0
9545.266615,29.303871,50,16,0
7057.600541,49.385382,50,16,0
5182.178060,39.748916,50,16,0
646.038431,20.839949,50,16,0
