Distance,Tx Power,Bandwidth,Subband BW,Subband Offset
5670.255665,54.739886,25,7,6
1170.340373,25.227821,25,7,6
4070.002065,35.419733,25,7,6
1341.878637,17.489121,25,7,6
4657.909283,40.713159,25,7,6
9374.263582,59.761443,25,7,6
3155.161951,59.491475,25,7,6
