Distance,Tx Power,Bandwidth,Subband BW,Subband Offset
5469.123520,28.583877,100,13,86
1745.985639,24.788151,100,13,86
2762.858955,23.557152,100,13,86
151.279721,45.461952,100,13,86
2066.383661,58.008285,100,13,86
8285.072733,48.084770,100,13,86
906.565927,24.053168,100,13,86
