Distance,Tx Power,Bandwidth,Subband BW,Subband Offset
5486.572018,23.562975,100,45,4
9419.415556,31.446633,100,45,4
7814.093092,42.468938,100,45,4
7016.251819,30.109960,100,45,4
3494.870507,41.908098,100,45,4
6141.443629,50.820957,100,45,4
840.341697,54.916348,100,45,4
