Distance,Tx Power,Bandwidth,Subband BW,Subband Offset
8896.730436,29.909114,25,11,7
2453.233795,53.327409,25,11,7
6414.369440,24.655255,25,11,7
8636.210623,42.418093,25,11,7
2731.636685,22.593001,25,11,7
2045.354864,38.851472,25,11,7
6321.295588,54.471552,25,11,7
