Distance,Tx Power,Bandwidth,Subband BW,Subband Offset
3792.048833,46.365807,25,8,3
5615.016235,25.724343,25,8,3
4022.951229,16.550885,25,8,3
9781.692834,37.125002,25,8,3
1628.198637,47.640455,25,8,3
6526.184384,49.610803,25,8,3
9883.304658,54.854089,25,8,3
