Distance,Tx Power,Bandwidth,Subband BW,Subband Offset
2743.618700,20.719159,50,17,28
5318.858008,43.058175,50,17,28
8467.712735,23.215398,50,17,28
2171.956567,40.440706,50,17,28
6022.800370,59.342718,50,17,28
6485.646806,25.043961,50,17,28
3455.276496,20.200378,50,17,28
