Distance,Tx Power,Bandwidth,Subband BW,Subband Offset
5085.106185,23.915932,25,11,2
8519.842359,30.210151,25,11,2
9786.040838,29.811750,25,11,2
2282.118949,56.635512,25,11,2
266.707843,28.521031,25,11,2
7738.962215,30.168464,25,11,2
9662.785017,31.674519,25,11,2
