Distance,Tx Power,Bandwidth,Subband BW,Subband Offset
3271.037696,50.990422,75,12,19
1849.069471,49.495085,75,12,19
9037.717337,36.702457,75,12,19
3390.843932,36.257874,75,12,19
2113.510952,52.478772,75,12,19
8823.666221,56.266055,75,12,19
1878.977260,48.810981,75,12,19
