Distance,Tx Power,Bandwidth,Subband BW,Subband Offset
4872.995099,30.474711,50,19,25
2695.846376,31.871942,50,19,25
7711.787095,31.133195,50,19,25
3240.194795,25.654054,50,19,25
7793.133160,57.568968,50,19,25
772.255840,22.622322,50,19,25
6299.390780,17.532805,50,19,25
