Distance,Tx Power,Bandwidth,Subband BW,Subband Offset
4981.352431,41.654583,75,10,5
895.829908,36.867142,75,10,5
5443.393249,28.250287,75,10,5
9792.230978,25.385539,75,10,5
6719.149524,24.349673,75,10,5
9236.398760,51.962442,75,10,5
893.690755,51.431039,75,10,5
