Distance,Tx Power,Bandwidth,Subband BW,Subband Offset
5935.990285,25.798948,50,27,17
7203.425720,34.281429,50,27,17
678.246894,46.973820,50,27,17
1913.347920,55.463267,50,27,17
3320.736097,19.896818,50,27,17
2365.043169,34.001563,50,27,17
4074.123670,42.421742,50,27,17
