Distance,Tx Power,Bandwidth,Subband BW,Subband Offset
9367.129653,57.842787,75,39,31
5214.305945,58.097284,75,39,31
3275.865254,24.381391,75,39,31
3333.066676,54.544276,75,39,31
8366.425259,54.382470,75,39,31
6420.629072,52.083008,75,39,31
6305.226357,47.785475,75,39,31
