Distance,Tx Power,Bandwidth,Subband BW,Subband Offset
9920.990943,57.470552,50,7,35
7365.306552,48.936563,50,7,35
9959.198913,28.739608,50,7,35
7173.711029,52.136156,50,7,35
7626.099224,57.104454,50,7,35
8631.965871,53.184866,50,7,35
6095.396570,57.198194,50,7,35
