Distance,Tx Power,Bandwidth,Subband BW,Subband Offset
5883.916914,24.928301,25,18,7
5761.044325,53.082956,25,18,7
4419.279478,55.377583,25,18,7
3932.423786,25.104021,25,18,7
8015.275224,21.138837,25,18,7
2086.863355,49.520741,25,18,7
5640.239470,35.085125,25,18,7
