Distance,Tx Power,Bandwidth,Subband BW,Subband Offset
1384.810399,40.922155,100,79,13
8972.142677,43.886426,100,79,13
9476.144862,25.886753,100,79,13
9297.101074,53.244636,100,79,13
4022.128610,58.098295,100,79,13
3840.385191,21.561853,100,79,13
3239.446677,56.244613,100,79,13
