Distance,Tx Power,Bandwidth,Subband BW,Subband Offset
5446.982577,49.262735,50,13,14
9168.558079,32.053824,50,13,14
5819.150699,21.944909,50,13,14
7281.615543,47.577612,50,13,14
4444.296514,38.801815,50,13,14
7963.364844,22.389053,50,13,14
7453.419635,56.703619,50,13,14
