Distance,Tx Power,Bandwidth,Subband BW,Subband Offset
3129.749837,52.781612,75,49,8
9226.209677,48.191695,75,49,8
8155.839706,41.799478,75,49,8
1925.700186,29.410291,75,49,8
9777.608946,54.847904,75,49,8
2162.444073,23.199621,75,49,8
6213.343399,59.560812,75,49,8
