Distance,Tx Power,Bandwidth,Subband BW,Subband Offset
6851.662620,50.076181,100,18,27
4287.480117,53.344008,100,18,27
9146.316859,23.865165,100,18,27
5533.858215,34.590046,100,18,27
6468.234182,40.172042,100,18,27
664.894642,52.744456,100,18,27
1099.548195,21.385046,100,18,27
