Distance,Tx Power,Bandwidth,Subband BW,Subband Offset
7013.427950,39.200273,50,26,7
2545.904017,33.817221,50,26,7
5739.339758,29.743686,50,26,7
5839.238159,35.724237,50,26,7
4258.928488,35.426677,50,26,7
4981.692815,28.906552,50,26,7
3217.604903,27.819396,50,26,7
