Distance,Tx Power,Bandwidth,Subband BW,Subband Offset
9286.050463,22.994689,25,12,11
6826.495495,39.475484,25,12,11
4639.937418,42.894828,25,12,11
8087.185859,49.317303,25,12,11
6021.179005,37.314599,25,12,11
2596.957572,50.209199,25,12,11
9991.464857,53.550509,25,12,11
