Distance,Tx Power,Bandwidth,Subband BW,Subband Offset
4695.371675,39.646837,75,26,16
335.745892,30.389102,75,26,16
8947.731639,16.324537,75,26,16
3225.021718,42.014157,75,26,16
4228.087491,33.835115,75,26,16
5415.443777,23.922679,75,26,16
5361.825674,20.408890,75,26,16
