Distance,Tx Power,Bandwidth,Subband BW,Subband Offset
9892.764412,55.373010,25,6,8
227.443588,28.173482,25,6,8
7838.865927,39.419504,25,6,8
370.352205,16.542961,25,6,8
8683.699032,25.890603,25,6,8
7428.068462,55.803113,25,6,8
9376.365867,31.661118,25,6,8
