Distance,Tx Power,Bandwidth,Subband BW,Subband Offset
3684.034616,37.360305,15,11,2
6772.323721,24.016152,15,11,2
9910.776876,37.599966,15,11,2
9679.600817,49.763897,15,11,2
686.072516,27.854134,15,11,2
4272.903390,50.152072,15,11,2
249.571131,43.241486,15,11,2
