Distance,Tx Power,Bandwidth,Subband BW,Subband Offset
2407.276984,52.059671,25,11,1
6186.561787,17.398808,25,11,1
1644.047718,30.782733,25,11,1
2600.667973,29.256527,25,11,1
2509.366297,30.992897,25,11,1
847.226218,42.904874,25,11,1
3012.756607,54.295992,25,11,1
