Distance,Tx Power,Bandwidth,Subband BW,Subband Offset
7017.451340,15.312879,25,11,5
3220.009509,25.493608,25,11,5
4333.909178,20.790195,25,11,5
481.952445,51.317694,25,11,5
9354.941325,42.792171,25,11,5
3922.278607,47.997793,25,11,5
4086.167761,30.461258,25,11,5
