Distance,Tx Power,Bandwidth,Subband BW,Subband Offset
1875.580874,43.958539,50,8,6
5662.363857,20.574585,50,8,6
9205.075397,16.453377,50,8,6
8005.593528,23.498081,50,8,6
7078.322024,45.890529,50,8,6
424.701349,49.859361,50,8,6
6431.414506,55.255376,50,8,6
