Distance,Tx Power,Bandwidth,Subband BW,Subband Offset
7995.221802,25.656957,15,9,3
5721.988194,45.943432,15,9,3
1401.423294,15.387348,15,9,3
5404.872598,55.790052,15,9,3
5796.372217,46.784353,15,9,3
5694.326708,32.912725,15,9,3
6610.356276,38.489737,15,9,3
