Distance,Tx Power,Bandwidth,Subband BW,Subband Offset
1725.121400,43.870320,25,7,12
1021.709256,55.820250,25,7,12
1077.204118,55.797186,25,7,12
7434.741042,45.458631,25,7,12
6391.101694,15.056895,25,7,12
5855.852973,53.589805,25,7,12
7821.214938,22.787075,25,7,12
