Distance,Tx Power,Bandwidth,Subband BW,Subband Offset
7516.146364,54.750271,25,6,15
3459.202324,42.437844,25,6,15
2776.233370,35.566572,25,6,15
1644.828750,15.791809,25,6,15
2237.703119,36.734908,25,6,15
6798.581729,24.938613,25,6,15
9977.683595,46.636475,25,6,15
