Distance,Tx Power,Bandwidth,Subband BW,Subband Offset
915.060369,55.331873,15,11,3
9648.942838,32.028251,15,11,3
116.687324,55.364864,15,11,3
9382.306685,53.505408,15,11,3
4005.526471,23.442674,15,11,3
8703.572796,45.539077,15,11,3
7172.286069,39.434029,15,11,3
