Distance,Tx Power,Bandwidth,Subband BW,Subband Offset
1008.995064,31.804760,50,35,1
773.289093,58.877885,50,35,1
3983.732962,16.405665,50,35,1
4373.341788,15.432829,50,35,1
2036.616990,29.356898,50,35,1
8929.474174,37.093086,50,35,1
8456.356515,43.979690,50,35,1
