Distance,Tx Power,Bandwidth,Subband BW,Subband Offset
4559.289604,55.143706,75,36,3
7373.341619,29.289955,75,36,3
673.421550,40.240963,75,36,3
6453.980958,38.180135,75,36,3
4379.603961,44.055918,75,36,3
5049.382125,21.210938,75,36,3
8509.619291,24.836464,75,36,3
