Distance,Tx Power,Bandwidth,Subband BW,Subband Offset
3960.857190,25.594021,50,24,8
6625.822018,18.303504,50,24,8
7455.646406,24.277927,50,24,8
2546.313587,44.594840,50,24,8
5703.078475,44.601795,50,24,8
5603.807261,22.157856,50,24,8
5161.047709,44.363721,50,24,8
