Distance,Tx Power,Bandwidth,Subband BW,Subband Offset
4058.446237,23.433714,100,58,40
5205.709258,16.616532,100,58,40
2543.519505,44.006956,100,58,40
3399.853603,30.278742,100,58,40
4249.729399,45.584447,100,58,40
2405.513066,19.284293,100,58,40
2011.186461,18.825750,100,58,40
