Distance,Tx Power,Bandwidth,Subband BW,Subband Offset
5675.791170,28.477819,25,6,15
4661.435053,17.579693,25,6,15
2417.001655,37.427084,25,6,15
8051.982410,49.997978,25,6,15
7087.389343,22.709002,25,6,15
4892.108102,53.273247,25,6,15
1696.403827,29.841066,25,6,15
