Distance,Tx Power,Bandwidth,Subband BW,Subband Offset
8495.798431,17.072773,15,14,0
9491.314477,19.644388,15,14,0
6329.709805,43.861909,15,14,0
6436.022734,59.145203,15,14,0
9041.172535,41.180662,15,14,0
2928.150550,54.480566,15,14,0
8113.077851,25.688172,15,14,0
