Distance,Tx Power,Bandwidth,Subband BW,Subband Offset
2883.805564,51.802517,50,33,3
7825.514164,53.829287,50,33,3
5177.710196,15.989690,50,33,3
304.824309,35.141529,50,33,3
6048.171151,58.053150,50,33,3
7295.071681,39.231364,50,33,3
9386.098234,45.901786,50,33,3
