Distance,Tx Power,Bandwidth,Subband BW,Subband Offset
9055.616511,34.920982,100,10,9
234.850997,52.075056,100,10,9
7717.553233,34.496043,100,10,9
3238.570962,38.616713,100,10,9
2147.878490,26.148587,100,10,9
5222.015511,51.501223,100,10,9
2377.342804,48.175417,100,10,9
