Distance,Tx Power,Bandwidth,Subband BW,Subband Offset
9102.347837,25.526500,50,18,12
6470.143783,37.570261,50,18,12
4932.455412,30.680399,50,18,12
1713.616780,39.064281,50,18,12
6788.987050,27.391026,50,18,12
1408.064858,46.032940,50,18,12
7635.599364,49.112918,50,18,12
