Distance,Tx Power,Bandwidth,Subband BW,Subband Offset
9278.872342,37.746194,15,11,2
3829.018954,52.797664,15,11,2
9956.838859,57.757832,15,11,2
681.324009,53.690664,15,11,2
7412.317430,58.557926,15,11,2
5455.731963,31.104701,15,11,2
9777.985607,32.993930,15,11,2
