Distance,Tx Power,Bandwidth,Subband BW,Subband Offset
8298.773281,47.470300,25,6,10
6695.527152,59.938563,25,6,10
9050.629391,50.274089,25,6,10
5870.258214,26.985360,25,6,10
7638.410283,15.218058,25,6,10
934.559687,35.291457,25,6,10
4265.450097,43.759681,25,6,10
