Distance,Tx Power,Bandwidth,Subband BW,Subband Offset
957.488800,56.671743,50,27,6
6301.265486,54.589581,50,27,6
4546.965762,49.949893,50,27,6
4686.172100,15.448244,50,27,6
9066.980620,21.682147,50,27,6
1098.661504,33.236351,50,27,6
7886.923214,53.189121,50,27,6
