Distance,Tx Power,Bandwidth,Subband BW,Subband Offset
7824.901045,56.916386,100,27,37
9093.094251,21.641663,100,27,37
2496.752189,52.252284,100,27,37
6293.296441,25.679948,100,27,37
4249.213967,27.158151,100,27,37
9874.775397,22.875869,100,27,37
7241.811469,31.307908,100,27,37
