Distance,Tx Power,Bandwidth,Subband BW,Subband Offset
8378.142008,28.610569,25,9,12
4319.538552,39.837683,25,9,12
4541.188537,16.999207,25,9,12
8878.809576,53.839130,25,9,12
6366.299294,59.223207,25,9,12
5140.932358,37.620955,25,9,12
6798.499553,41.331843,25,9,12
