Distance,Tx Power,Bandwidth,Subband BW,Subband Offset
657.870226,28.861425,25,14,9
6564.814482,55.093185,25,14,9
6736.168225,59.628902,25,14,9
9608.667650,23.144809,25,14,9
6991.363116,39.431412,25,14,9
3345.831237,56.270828,25,14,9
1597.220573,35.068420,25,14,9
