Distance,Tx Power,Bandwidth,Subband BW,Subband Offset
4422.423229,22.245233,75,62,9
1805.036668,57.279581,75,62,9
199.274338,16.413749,75,62,9
4079.516427,15.785380,75,62,9
3769.075615,33.733513,75,62,9
7138.050513,19.336987,75,62,9
9177.287022,44.729060,75,62,9
