Distance,Tx Power,Bandwidth,Subband BW,Subband Offset
2204.440320,19.521251,50,32,6
974.660023,23.566606,50,32,6
650.782796,24.270133,50,32,6
2181.547279,47.590264,50,32,6
9931.850459,21.020385,50,32,6
8755.128696,34.199133,50,32,6
8379.487873,44.398872,50,32,6
