Distance,Tx Power,Bandwidth,Subband BW,Subband Offset
1685.064610,27.626090,50,12,17
8700.065115,16.450035,50,12,17
2995.811135,55.287704,50,12,17
5342.695022,32.633321,50,12,17
575.659571,38.582840,50,12,17
269.977495,48.582208,50,12,17
4476.308984,46.284616,50,12,17
