Distance,Tx Power,Bandwidth,Subband BW,Subband Offset
8136.633064,27.692898,75,22,18
3073.330776,15.011008,75,22,18
1269.456155,50.030549,75,22,18
5795.483565,27.707006,75,22,18
3282.446909,25.661120,75,22,18
1795.875121,58.072117,75,22,18
7062.553958,21.777616,75,22,18
