Distance,Tx Power,Bandwidth,Subband BW,Subband Offset
3105.893621,16.544787,25,7,13
8472.729965,39.490357,25,7,13
7174.634365,58.250367,25,7,13
9770.244887,54.775748,25,7,13
6656.400469,59.599560,25,7,13
5031.518243,38.879419,25,7,13
469.534281,22.227237,25,7,13
