Distance,Tx Power,Bandwidth,Subband BW,Subband Offset
2875.738802,56.824804,75,55,20
8328.882867,19.458359,75,55,20
831.798659,51.584806,75,55,20
6926.660408,55.175378,75,55,20
2954.431558,37.717930,75,55,20
7179.831086,27.183258,75,55,20
6948.791068,37.949130,75,55,20
