Distance,Tx Power,Bandwidth,Subband BW,Subband Offset
2846.486630,46.061412,100,17,32
2187.615863,53.197319,100,17,32
2988.030875,28.606555,100,17,32
2328.720319,53.632291,100,17,32
4198.392404,32.177343,100,17,32
8853.568038,30.697062,100,17,32
609.685443,53.951661,100,17,32
