Distance,Tx Power,Bandwidth,Subband BW,Subband Offset
2529.614809,49.236647,50,39,5
2189.881397,23.957381,50,39,5
6180.000007,45.513845,50,39,5
2132.576198,25.905364,50,39,5
8655.306658,21.403624,50,39,5
3094.261291,59.889553,50,39,5
3677.195377,36.153908,50,39,5
