Distance,Tx Power,Bandwidth,Subband BW,Subband Offset
1337.211720,44.303484,75,27,43
6999.524218,35.536236,75,27,43
6997.503528,24.019931,75,27,43
2106.298307,47.248511,75,27,43
5616.705070,47.038072,75,27,43
4165.842320,23.486383,75,27,43
2353.061350,45.179650,75,27,43
