Distance,Tx Power,Bandwidth,Subband BW,Subband Offset
6378.488987,46.565202,50,26,6
5598.956971,32.774404,50,26,6
2333.234261,17.936365,50,26,6
9588.820864,45.201627,50,26,6
4194.037911,59.841559,50,26,6
3475.731082,38.896946,50,26,6
4482.555029,32.227597,50,26,6
