Distance,Tx Power,Bandwidth,Subband BW,Subband Offset
3004.085886,58.823354,75,29,31
7311.952016,28.592693,75,29,31
8707.954438,40.272006,75,29,31
6697.994961,38.423467,75,29,31
9859.807654,54.047860,75,29,31
161.768787,26.417468,75,29,31
5525.811161,43.025722,75,29,31
