Distance,Tx Power,Bandwidth,Subband BW,Subband Offset
7183.251363,27.076108,75,58,6
649.546319,56.322184,75,58,6
5820.303590,55.861649,75,58,6
1289.969095,30.396950,75,58,6
4154.019108,59.137051,75,58,6
7652.004365,39.761776,75,58,6
7090.774659,23.490387,75,58,6
