Distance,Tx Power,Bandwidth,Subband BW,Subband Offset
4720.578663,17.967392,50,10,25
8360.186014,50.957379,50,10,25
6779.680080,54.470254,50,10,25
3744.382165,33.567765,50,10,25
3527.703595,56.625539,50,10,25
5787.172610,39.003432,50,10,25
8270.202083,24.763128,50,10,25
