Distance,Tx Power,Bandwidth,Subband BW,Subband Offset
7476.528034,34.530163,50,8,28
7884.247881,50.660161,50,8,28
7027.399498,47.565877,50,8,28
8405.835824,35.450765,50,8,28
3709.371782,46.718507,50,8,28
5108.138480,59.159056,50,8,28
235.655665,55.559559,50,8,28
