Distance,Tx Power,Bandwidth,Subband BW,Subband Offset
433.653691,47.376588,15,10,2
9668.939871,16.357107,15,10,2
5707.815925,46.766553,15,10,2
7042.697206,28.747936,15,10,2
1614.599173,34.778634,15,10,2
1091.145714,43.559605,15,10,2
3538.723253,18.750335,15,10,2
