Distance,Tx Power,Bandwidth,Subband BW,Subband Offset
463.054180,38.725641,25,20,2
4159.897684,48.873576,25,20,2
3388.820388,32.385901,25,20,2
6441.869768,33.149437,25,20,2
169.008875,46.841493,25,20,2
3652.717215,58.954801,25,20,2
5325.160268,54.772915,25,20,2
