Distance,Tx Power,Bandwidth,Subband BW,Subband Offset
8469.964598,53.102930,100,25,0
2147.351420,32.493928,100,25,0
6749.675801,50.865420,100,25,0
5780.641950,28.668489,100,25,0
2871.557136,40.389839,100,25,0
2098.509231,31.231427,100,25,0
7175.526849,35.844944,100,25,0
