Distance,Tx Power,Bandwidth,Subband BW,Subband Offset
585.427955,57.817178,15,14,0
3638.884823,50.025814,15,14,0
6487.295436,53.442449,15,14,0
6631.657061,44.053601,15,14,0
4873.989045,23.021627,15,14,0
5949.050403,43.180273,15,14,0
8022.835706,57.706702,15,14,0
