Distance,Tx Power,Bandwidth,Subband BW,Subband Offset
6158.309637,57.518834,100,30,21
845.782560,59.686519,100,30,21
9810.319455,59.476830,100,30,21
9277.514230,19.468723,100,30,21
8855.181731,19.593532,100,30,21
4690.923026,49.772504,100,30,21
7206.905540,26.025255,100,30,21
