Distance,Tx Power,Bandwidth,Subband BW,Subband Offset
6730.885247,28.236014,75,24,15
4404.372849,49.478262,75,24,15
5412.413776,51.700073,75,24,15
9632.785340,42.480035,75,24,15
4916.112014,18.911101,75,24,15
6421.303807,58.483490,75,24,15
3969.647969,21.042950,75,24,15
