Distance,Tx Power,Bandwidth,Subband BW,Subband Offset
6158.312827,22.436564,75,20,51
9343.583112,32.665357,75,20,51
9232.986888,26.267160,75,20,51
2826.617528,50.287135,75,20,51
270.437371,57.762139,75,20,51
2528.043623,31.290374,75,20,51
8504.538562,58.854186,75,20,51
