Distance,Tx Power,Bandwidth,Subband BW,Subband Offset
8893.611448,26.247122,15,6,2
9345.787515,43.569292,15,6,2
5066.930314,57.928173,15,6,2
7808.647508,30.009258,15,6,2
8468.435505,21.016276,15,6,2
7493.545506,44.518532,15,6,2
9302.413340,53.219048,15,6,2
