Distance,Tx Power,Bandwidth,Subband BW,Subband Offset
5033.966024,29.205354,75,15,25
1593.608640,17.344789,75,15,25
5841.711870,56.519735,75,15,25
4953.560499,28.281847,75,15,25
1824.012390,24.680524,75,15,25
6455.384003,22.287881,75,15,25
685.740299,40.771293,75,15,25
