Distance,Tx Power,Bandwidth,Subband BW,Subband Offset
942.486129,49.287924,50,25,2
8931.558039,20.705671,50,25,2
3005.678361,21.496347,50,25,2
794.762804,55.255264,50,25,2
5817.693049,41.366484,50,25,2
378.237798,56.319560,50,25,2
5519.811736,29.933296,50,25,2
