Distance,Tx Power,Bandwidth,Subband BW,Subband Offset
4000.866341,25.713847,50,7,29
5510.457772,33.483758,50,7,29
2854.441803,34.029453,50,7,29
5603.651450,28.358488,50,7,29
348.123304,26.687938,50,7,29
6930.351466,46.608927,50,7,29
2147.508514,56.694781,50,7,29
