Distance,Tx Power,Bandwidth,Subband BW,Subband Offset
4781.951925,39.159290,75,8,66
664.156702,37.879169,75,8,66
5265.388962,39.271811,75,8,66
5293.460728,34.988391,75,8,66
9896.395875,17.940178,75,8,66
1620.595899,50.090254,75,8,66
3963.259753,29.885534,75,8,66
