Distance,Tx Power,Bandwidth,Subband BW,Subband Offset
1388.845894,18.288145,15,6,6
4966.375309,35.381823,15,6,6
4703.400296,51.204465,15,6,6
3700.315661,20.993899,15,6,6
1832.965175,29.804786,15,6,6
5681.398040,44.851264,15,6,6
6994.112627,18.191042,15,6,6
