Distance,Tx Power,Bandwidth,Subband BW,Subband Offset
8176.422210,19.068112,100,97,0
5349.382924,16.980697,100,97,0
967.541488,38.847263,100,97,0
4148.007170,49.000474,100,97,0
164.706873,28.253181,100,97,0
7595.644060,37.650979,100,97,0
3190.112991,44.165753,100,97,0
