Distance,Tx Power,Bandwidth,Subband BW,Subband Offset
3758.372376,42.547037,25,8,1
1690.257754,36.701343,25,8,1
9073.257323,39.741095,25,8,1
1553.747613,25.166530,25,8,1
1720.369347,57.275922,25,8,1
398.805173,59.791134,25,8,1
9112.145170,37.446161,25,8,1
