Distance,Tx Power,Bandwidth,Subband BW,Subband Offset
6190.145459,45.595554,75,9,23
9061.686236,29.418562,75,9,23
9018.668711,24.009519,75,9,23
7647.214046,55.226979,75,9,23
7818.148107,53.661498,75,9,23
1281.889947,34.126940,75,9,23
5467.464506,18.849926,75,9,23
