Distance,Tx Power,Bandwidth,Subband BW,Subband Offset
5070.878088,41.618515,15,9,4
2737.696915,40.246777,15,9,4
7079.499095,22.225141,15,9,4
4000.425616,31.748571,15,9,4
1148.738735,41.997796,15,9,4
9019.319974,41.786868,15,9,4
326.020237,48.079032,15,9,4
