Distance,Tx Power,Bandwidth,Subband BW,Subband Offset
3749.163084,57.645147,15,6,8
360.825715,43.662430,15,6,8
9291.027241,41.289073,15,6,8
2192.586209,56.811222,15,6,8
9277.896877,22.263518,15,6,8
597.949271,31.519754,15,6,8
9682.580071,56.811191,15,6,8
