Distance,Tx Power,Bandwidth,Subband BW,Subband Offset
2002.959102,57.821141,25,17,4
3596.937851,29.110069,25,17,4
5151.050492,41.976281,25,17,4
4043.829927,19.076634,25,17,4
8079.815381,16.758504,25,17,4
5607.051038,22.717440,25,17,4
1400.343000,47.044757,25,17,4
