Distance,Tx Power,Bandwidth,Subband BW,Subband Offset
4029.057069,54.710545,50,7,12
4287.488637,31.724699,50,7,12
5244.041858,49.584662,50,7,12
9178.598876,15.207958,50,7,12
9185.325455,20.211310,50,7,12
1236.888313,19.095833,50,7,12
5228.943459,41.900049,50,7,12
