Distance,Tx Power,Bandwidth,Subband BW,Subband Offset
8661.793449,58.459945,15,10,0
2248.574656,28.134221,15,10,0
4765.110276,54.702982,15,10,0
2574.035234,32.951442,15,10,0
2515.685187,19.887405,15,10,0
6488.754595,43.225213,15,10,0
3197.596821,33.425732,15,10,0
