Distance,Tx Power,Bandwidth,Subband BW,Subband Offset
7660.500668,32.712504,50,14,6
2632.390612,49.401691,50,14,6
745.914219,15.148163,50,14,6
7913.232106,37.158593,50,14,6
6816.261899,16.564394,50,14,6
2020.244947,41.098073,50,14,6
9247.726825,26.259062,50,14,6
