Distance,Tx Power,Bandwidth,Subband BW,Subband Offset
5946.310058,53.877829,25,15,4
6766.031503,41.458075,25,15,4
2415.904501,17.991498,25,15,4
8479.591861,56.187090,25,15,4
4625.838219,31.216994,25,15,4
7919.186419,29.924474,25,15,4
2108.810885,26.876577,25,15,4
