Distance,Tx Power,Bandwidth,Subband BW,Subband Offset
3450.357851,40.352641,75,22,8
1263.097708,35.713710,75,22,8
3567.534635,23.843260,75,22,8
5892.122390,42.990417,75,22,8
2733.416406,36.808328,75,22,8
1544.972582,22.828281,75,22,8
6253.085543,16.463942,75,22,8
