Distance,Tx Power,Bandwidth,Subband BW,Subband Offset
3159.382756,27.961804,50,10,34
899.801791,30.817804,50,10,34
9661.001960,54.179156,50,10,34
4291.121160,52.008286,50,10,34
6656.367296,26.220616,50,10,34
6548.060641,50.505831,50,10,34
2573.342285,54.184361,50,10,34
