Distance,Tx Power,Bandwidth,Subband BW,Subband Offset
6267.542733,40.774941,100,8,30
2451.351703,33.141100,100,8,30
8949.639942,34.087728,100,8,30
1212.779716,27.197702,100,8,30
1749.045194,31.606738,100,8,30
3163.546326,23.600807,100,8,30
431.133967,51.852046,100,8,30
