Distance,Tx Power,Bandwidth,Subband BW,Subband Offset
9147.447206,35.606432,15,11,1
8246.643645,29.514126,15,11,1
8477.500404,37.649235,15,11,1
8306.282141,56.766748,15,11,1
1722.062515,59.373791,15,11,1
5324.801560,16.412701,15,11,1
8722.075511,43.983792,15,11,1
