Distance,Tx Power,Bandwidth,Subband BW,Subband Offset
6925.284471,29.178748,75,9,55
1665.344902,50.444932,75,9,55
6949.173552,20.505726,75,9,55
919.444182,54.173723,75,9,55
7062.561276,54.528379,75,9,55
8544.701666,54.096499,75,9,55
3387.264677,20.905977,75,9,55
