Distance,Tx Power,Bandwidth,Subband BW,Subband Offset
2758.410969,40.149767,100,30,39
1983.227638,42.525128,100,30,39
9630.176101,52.166028,100,30,39
9840.580787,56.208824,100,30,39
1817.044526,19.407996,100,30,39
7094.913998,35.069875,100,30,39
7694.124251,39.259317,100,30,39
