Distance,Tx Power,Bandwidth,Subband BW,Subband Offset
3363.745439,44.612617,100,39,41
2504.170659,20.237669,100,39,41
3188.826184,16.505129,100,39,41
1420.537747,24.897590,100,39,41
3245.357945,49.041416,100,39,41
7347.594016,34.074244,100,39,41
9046.244351,17.272238,100,39,41
