Distance,Tx Power,Bandwidth,Subband BW,Subband Offset
2022.795724,20.118261,100,26,17
6271.336810,57.299442,100,26,17
2660.174650,44.126600,100,26,17
4169.867730,32.411154,100,26,17
3066.306870,37.736987,100,26,17
954.853139,20.199297,100,26,17
2627.135502,52.259947,100,26,17
