Distance,Tx Power,Bandwidth,Subband BW,Subband Offset
8762.141017,50.314506,75,53,10
8259.348598,20.209645,75,53,10
4973.137773,54.478365,75,53,10
6997.220126,40.515307,75,53,10
6961.951442,50.832581,75,53,10
8693.157479,26.354564,75,53,10
7249.416027,58.767090,75,53,10
