Distance,Tx Power,Bandwidth,Subband BW,Subband Offset
5622.829591,33.475210,75,58,1
5023.424636,35.191885,75,58,1
2312.473634,32.423163,75,58,1
9285.544827,50.726121,75,58,1
2742.581404,44.881442,75,58,1
2549.037420,31.812499,75,58,1
4254.292634,43.816989,75,58,1
