Distance,Tx Power,Bandwidth,Subband BW,Subband Offset
3721.249646,15.564627,100,32,7
744.708749,45.656061,100,32,7
4417.641111,28.712917,100,32,7
6062.803684,52.606740,100,32,7
5048.523330,38.542919,100,32,7
2982.902004,15.929018,100,32,7
6059.402672,42.116806,100,32,7
