Distance,Tx Power,Bandwidth,Subband BW,Subband Offset
9701.815439,21.787011,25,11,11
1629.566862,38.844723,25,11,11
9165.089787,37.699518,25,11,11
2638.395020,26.780646,25,11,11
220.930648,48.414043,25,11,11
3064.749275,57.323262,25,11,11
9537.238215,39.005486,25,11,11
