Distance,Tx Power,Bandwidth,Subband BW,Subband Offset
4684.022923,28.227450,75,21,52
2177.335436,20.189215,75,21,52
2913.645840,55.359604,75,21,52
4381.859099,34.366595,75,21,52
7644.553876,24.666960,75,21,52
8499.688393,55.663764,75,21,52
3245.522518,34.842125,75,21,52
