Distance,Tx Power,Bandwidth,Subband BW,Subband Offset
3355.237189,15.014590,100,47,34
8517.969350,24.840140,100,47,34
6676.326578,30.930875,100,47,34
5769.225586,58.547135,100,47,34
5209.733016,26.345214,100,47,34
2897.430912,43.228975,100,47,34
2616.552820,34.915963,100,47,34
