Distance,Tx Power,Bandwidth,Subband BW,Subband Offset
6825.638535,34.321345,100,12,35
5706.612972,28.635535,100,12,35
186.660793,36.128726,100,12,35
3763.981622,22.508562,100,12,35
2590.404676,16.361504,100,12,35
1102.243133,47.663373,100,12,35
3733.418286,59.595590,100,12,35
