Distance,Tx Power,Bandwidth,Subband BW,Subband Offset
4091.705701,56.086292,100,54,27
4833.321666,23.791386,100,54,27
6155.555995,43.923093,100,54,27
2001.675966,29.534566,100,54,27
4960.685974,42.124501,100,54,27
9049.793204,40.225662,100,54,27
8250.204929,20.099071,100,54,27
