Distance,Tx Power,Bandwidth,Subband BW,Subband Offset
9697.559721,40.549653,50,37,1
9830.888434,51.087247,50,37,1
986.596212,40.010923,50,37,1
5574.261405,18.370656,50,37,1
1673.842497,45.481903,50,37,1
2990.184133,50.805491,50,37,1
5640.792572,21.723103,50,37,1
