Distance,Tx Power,Bandwidth,Subband BW,Subband Offset
4697.623971,30.931265,50,22,8
5939.722322,43.727044,50,22,8
3992.357351,24.792006,50,22,8
2762.771190,29.097462,50,22,8
6375.715849,26.089254,50,22,8
6277.310613,58.687757,50,22,8
4053.273655,21.734209,50,22,8
