Distance,Tx Power,Bandwidth,Subband BW,Subband Offset
2302.958501,24.192513,50,17,22
8783.201583,57.677266,50,17,22
489.292803,41.757072,50,17,22
9312.094670,44.894915,50,17,22
3003.825124,49.561874,50,17,22
1664.449358,52.893847,50,17,22
9354.084754,19.940395,50,17,22
