Distance,Tx Power,Bandwidth,Subband BW,Subband Offset
5015.933656,20.626079,75,23,0
6736.271286,21.978499,75,23,0
4233.967703,39.323204,75,23,0
1828.196321,42.176449,75,23,0
8532.087633,37.016326,75,23,0
515.774345,32.198439,75,23,0
6213.037885,18.008456,75,23,0
