Distance,Tx Power,Bandwidth,Subband BW,Subband Offset
9768.925962,51.486906,50,14,5
7882.555571,29.997380,50,14,5
8336.113172,50.750873,50,14,5
5266.194904,15.281282,50,14,5
4831.026632,43.403118,50,14,5
8706.596927,15.585146,50,14,5
2360.348538,57.237258,50,14,5
