Distance,Tx Power,Bandwidth,Subband BW,Subband Offset
7699.717601,38.994629,15,6,5
8532.504413,56.811980,15,6,5
8318.888646,29.693609,15,6,5
6703.618129,55.033915,15,6,5
2154.394223,55.712509,15,6,5
714.006868,43.855952,15,6,5
2174.376720,20.538269,15,6,5
