Distance,Tx Power,Bandwidth,Subband BW,Subband Offset
5260.824248,22.273710,100,46,10
3025.981284,22.604679,100,46,10
5016.867624,58.894137,100,46,10
3197.382331,15.012738,100,46,10
4123.715274,41.161299,100,46,10
5478.729582,45.626789,100,46,10
894.208289,19.294126,100,46,10
