Distance,Tx Power,Bandwidth,Subband BW,Subband Offset
2753.948738,31.093250,100,11,89
4807.937997,44.134717,100,11,89
8133.247093,21.164926,100,11,89
6765.167794,22.680848,100,11,89
9166.531725,55.110710,100,11,89
9142.626212,56.446225,100,11,89
8078.017712,35.063183,100,11,89
