Distance,Tx Power,Bandwidth,Subband BW,Subband Offset
6060.179026,30.205991,75,45,1
6286.942372,46.471530,75,45,1
5720.034795,37.048040,75,45,1
3025.156884,51.287178,75,45,1
1704.009551,54.894046,75,45,1
661.155046,50.364568,75,45,1
4455.901527,18.599347,75,45,1
