Distance,Tx Power,Bandwidth,Subband BW,Subband Offset
6336.728020,56.021628,15,8,1
5234.484817,43.570107,15,8,1
923.173752,48.446221,15,8,1
5035.912262,15.423944,15,8,1
5946.178277,41.278467,15,8,1
5327.490928,25.777417,15,8,1
1268.488264,18.047687,15,8,1
