Distance,Tx Power,Bandwidth,Subband BW,Subband Offset
3166.953735,24.238432,100,28,36
6160.826204,20.759708,100,28,36
7127.776254,45.472746,100,28,36
8647.783185,24.546266,100,28,36
7016.063273,22.110447,100,28,36
1403.812144,30.909075,100,28,36
4293.942629,58.386242,100,28,36
