Distance,Tx Power,Bandwidth,Subband BW,Subband Offset
7965.841032,47.606470,75,51,4
2867.460245,54.173557,75,51,4
6117.605356,26.299329,75,51,4
6201.160245,36.189438,75,51,4
4143.106074,39.551648,75,51,4
6157.419713,30.648137,75,51,4
3462.830218,24.193821,75,51,4
