Distance,Tx Power,Bandwidth,Subband BW,Subband Offset
2794.285645,49.634949,50,36,9
364.493230,43.791605,50,36,9
2339.205896,16.285733,50,36,9
4949.516521,43.741438,50,36,9
5887.976437,47.225557,50,36,9
1867.436618,54.483094,50,36,9
9649.534638,26.954004,50,36,9
