Distance,Tx Power,Bandwidth,Subband BW,Subband Offset
852.314013,35.090762,50,12,2
145.245456,20.390844,50,12,2
338.018236,38.733861,50,12,2
2218.270491,51.021181,50,12,2
467.302178,54.322134,50,12,2
7694.237610,21.493835,50,12,2
4278.003300,34.943055,50,12,2
