Distance,Tx Power,Bandwidth,Subband BW,Subband Offset
7932.566274,52.810867,50,17,20
9311.269079,59.834634,50,17,20
2029.509000,41.594089,50,17,20
1542.164982,22.684879,50,17,20
6922.197712,22.572989,50,17,20
6140.599542,37.788403,50,17,20
1659.434818,31.673614,50,17,20
