Distance,Tx Power,Bandwidth,Subband BW,Subband Offset
8342.378486,36.168221,100,57,3
6613.718337,41.057038,100,57,3
6859.779356,15.278247,100,57,3
1433.703300,41.997836,100,57,3
2665.787390,47.332861,100,57,3
4855.497227,32.770001,100,57,3
2818.891565,36.760688,100,57,3
