Distance,Tx Power,Bandwidth,Subband BW,Subband Offset
5794.148843,29.335286,15,6,9
4983.477944,45.213923,15,6,9
4896.090644,40.632039,15,6,9
8923.641702,48.451625,15,6,9
6336.347828,35.230903,15,6,9
6111.762482,46.136000,15,6,9
3078.781845,37.507389,15,6,9
