Distance,Tx Power,Bandwidth,Subband BW,Subband Offset
4651.411230,53.441147,100,7,79
1625.532427,34.032519,100,7,79
9555.947055,48.629824,100,7,79
5427.062533,20.608348,100,7,79
7453.983808,47.805389,100,7,79
4001.765115,58.899758,100,7,79
2116.350235,22.129783,100,7,79
