Distance,Tx Power,Bandwidth,Subband BW,Subband Offset
348.686884,32.141651,75,25,23
5989.488175,31.291954,75,25,23
422.354697,56.416671,75,25,23
5326.292559,33.257050,75,25,23
9363.272054,38.841646,75,25,23
3686.016291,23.815252,75,25,23
5466.880993,36.892898,75,25,23
