Distance,Tx Power,Bandwidth,Subband BW,Subband Offset
6474.737687,49.196216,75,65,7
4709.023859,27.104015,75,65,7
8860.787832,46.097401,75,65,7
6718.084653,34.034705,75,65,7
5742.348689,48.167229,75,65,7
7829.033437,31.434348,75,65,7
8669.361673,35.758541,75,65,7
