Distance,Tx Power,Bandwidth,Subband BW,Subband Offset
4814.260717,48.105274,75,18,35
3977.971461,28.107576,75,18,35
9941.011496,21.913004,75,18,35
6511.338431,38.740724,75,18,35
6606.421687,19.716253,75,18,35
964.551158,32.446050,75,18,35
6289.297579,54.222808,75,18,35
