Distance,Tx Power,Bandwidth,Subband BW,Subband Offset
2755.544012,49.773337,50,19,3
7521.118240,26.168110,50,19,3
8488.372077,24.989276,50,19,3
9034.027637,57.970090,50,19,3
7174.781689,29.175968,50,19,3
364.256823,47.229393,50,19,3
1065.903926,59.304985,50,19,3
