Distance,Tx Power,Bandwidth,Subband BW,Subband Offset
6758.633158,44.439935,25,12,12
9942.541897,52.982515,25,12,12
9413.901899,46.661355,25,12,12
4817.581551,27.529027,25,12,12
1137.802903,37.248203,25,12,12
3801.395356,54.234879,25,12,12
7925.988389,37.384551,25,12,12
