Distance,Tx Power,Bandwidth,Subband BW,Subband Offset
290.235283,41.965810,75,15,22
6306.884668,49.406627,75,15,22
297.182281,26.587478,75,15,22
5934.621497,28.123287,75,15,22
529.228936,40.960256,75,15,22
6306.910186,44.058378,75,15,22
2544.388789,48.557147,75,15,22
