Distance,Tx Power,Bandwidth,Subband BW,Subband Offset
3153.061953,34.503281,100,25,22
8753.456810,31.750649,100,25,22
2909.804492,57.058322,100,25,22
4876.392647,34.603366,100,25,22
9930.624567,55.008655,100,25,22
3768.244814,16.404814,100,25,22
5821.002420,15.170977,100,25,22
