Distance,Tx Power,Bandwidth,Subband BW,Subband Offset
1481.415610,31.007930,75,25,38
2127.800053,38.804488,75,25,38
4480.147718,26.791200,75,25,38
8057.330790,22.414526,75,25,38
5652.610976,26.054295,75,25,38
6228.469041,40.571425,75,25,38
5129.504043,29.770553,75,25,38
