Distance,Tx Power,Bandwidth,Subband BW,Subband Offset
7894.457314,45.285152,25,17,3
3731.689987,22.747999,25,17,3
1411.507280,54.734350,25,17,3
2206.511149,40.017123,25,17,3
2288.790205,20.476258,25,17,3
3390.166998,26.200798,25,17,3
3305.767527,48.814310,25,17,3
