Distance,Tx Power,Bandwidth,Subband BW,Subband Offset
4151.421550,56.453840,15,7,3
9466.599027,30.075657,15,7,3
6862.275381,39.642159,15,7,3
2085.018685,53.366231,15,7,3
4411.221912,25.587251,15,7,3
1075.226183,34.409867,15,7,3
1533.956356,18.886938,15,7,3
