Distance,Tx Power,Bandwidth,Subband BW,Subband Offset
5236.662346,26.540971,15,8,2
452.763416,21.951607,15,8,2
5600.819930,59.919693,15,8,2
3101.638095,30.541071,15,8,2
4943.259754,24.529433,15,8,2
8466.563345,53.995843,15,8,2
4720.172738,58.507020,15,8,2
