Distance,Tx Power,Bandwidth,Subband BW,Subband Offset
1238.610835,43.792660,15,12,0
8636.264295,19.981454,15,12,0
149.612149,34.677940,15,12,0
1201.444053,58.585827,15,12,0
4303.453454,54.260697,15,12,0
4972.809827,27.828202,15,12,0
2523.190985,47.560125,15,12,0
