Distance,Tx Power,Bandwidth,Subband BW,Subband Offset
6478.443383,23.864433,25,12,4
8644.135080,55.248771,25,12,4
3159.534407,54.697623,25,12,4
8482.274132,43.915764,25,12,4
5022.429114,16.582398,25,12,4
5638.498508,40.490870,25,12,4
9768.028507,49.670791,25,12,4
