Distance,Tx Power,Bandwidth,Subband BW,Subband Offset
1436.296610,18.408948,15,9,4
1977.287574,40.364110,15,9,4
7972.314938,27.719191,15,9,4
754.320327,38.010192,15,9,4
2901.662972,53.560298,15,9,4
8761.299266,22.811944,15,9,4
7284.802746,17.915226,15,9,4
