Distance,Tx Power,Bandwidth,Subband BW,Subband Offset
1247.295684,50.303250,50,20,19
6138.754748,34.441750,50,20,19
1345.754869,35.204658,50,20,19
5724.573890,25.626370,50,20,19
5519.429456,56.937345,50,20,19
8427.515377,15.576763,50,20,19
4470.801400,39.734947,50,20,19
