Distance,Tx Power,Bandwidth,Subband BW,Subband Offset
9892.652650,22.059437,15,10,4
8498.531627,42.931209,15,10,4
8551.347773,32.793522,15,10,4
5089.519605,30.784236,15,10,4
8035.632236,26.409050,15,10,4
2580.520802,42.347968,15,10,4
552.876782,22.262459,15,10,4
