Distance,Tx Power,Bandwidth,Subband BW,Subband Offset
7571.767694,45.674534,100,7,28
5850.915572,46.622204,100,7,28
5113.897440,54.805619,100,7,28
9405.761134,32.290018,100,7,28
9859.798852,57.710615,100,7,28
9699.074447,18.339014,100,7,28
9723.330785,38.442540,100,7,28
