Distance,Tx Power,Bandwidth,Subband BW,Subband Offset
5639.159224,39.134651,25,18,2
1349.060572,51.024406,25,18,2
6257.957544,29.529353,25,18,2
5747.451568,33.542267,25,18,2
3227.115186,41.827560,25,18,2
9302.852513,31.566547,25,18,2
1782.935825,31.941054,25,18,2
