Distance,Tx Power,Bandwidth,Subband BW,Subband Offset
2155.562326,27.739375,25,9,4
922.270638,22.028632,25,9,4
2142.702928,45.474817,25,9,4
582.904288,27.409980,25,9,4
3334.644577,28.958886,25,9,4
2685.371144,27.553737,25,9,4
865.645067,48.304611,25,9,4
