Distance,Tx Power,Bandwidth,Subband BW,Subband Offset
7482.399821,37.865409,25,15,9
3012.316874,17.261075,25,15,9
4160.399923,20.451835,25,15,9
9220.493205,42.351561,25,15,9
6827.135382,56.014853,25,15,9
3038.416374,56.031698,25,15,9
1318.525811,28.520332,25,15,9
