Distance,Tx Power,Bandwidth,Subband BW,Subband Offset
591.327383,19.787496,75,41,19
232.731063,37.879373,75,41,19
4396.811805,37.619799,75,41,19
3939.601608,24.945397,75,41,19
6188.782527,43.656035,75,41,19
3011.704538,41.348051,75,41,19
7933.936176,33.147221,75,41,19
