Distance,Tx Power,Bandwidth,Subband BW,Subband Offset
4139.632304,15.441771,25,11,0
3129.428465,18.268614,25,11,0
7405.202383,19.444197,25,11,0
2637.189438,20.609748,25,11,0
4970.327731,24.868012,25,11,0
224.422238,43.751829,25,11,0
4642.522591,27.708091,25,11,0
