Distance,Tx Power,Bandwidth,Subband BW,Subband Offset
9866.321528,49.675497,25,18,7
8356.610300,52.404816,25,18,7
5559.548769,39.623480,25,18,7
5285.231591,21.814466,25,18,7
1459.376624,42.074840,25,18,7
1582.327468,33.373345,25,18,7
3286.283253,23.394009,25,18,7
