Distance,Tx Power,Bandwidth,Subband BW,Subband Offset
9129.095290,20.615626,50,8,1
5932.273076,24.759961,50,8,1
7219.897614,22.412097,50,8,1
8670.011628,18.452397,50,8,1
5517.807243,30.625496,50,8,1
1215.597166,57.135669,50,8,1
6552.339151,45.434995,50,8,1
