Distance,Tx Power,Bandwidth,Subband BW,Subband Offset
9531.060631,26.342124,100,23,20
853.953433,44.062806,100,23,20
7435.832086,39.783692,100,23,20
6187.813610,28.004498,100,23,20
4074.642290,18.595332,100,23,20
5152.525633,36.022663,100,23,20
2287.306708,24.323787,100,23,20
