Distance,Tx Power,Bandwidth,Subband BW,Subband Offset
7043.349562,38.198879,75,46,18
7139.018782,25.236746,75,46,18
5284.682727,41.100831,75,46,18
4552.001714,42.871172,75,46,18
8497.447370,35.969319,75,46,18
9974.330782,43.311636,75,46,18
7595.803433,41.671991,75,46,18
