Distance,Tx Power,Bandwidth,Subband BW,Subband Offset
2842.114139,18.090348,100,23,70
4636.942911,53.120610,100,23,70
7757.407427,36.581846,100,23,70
6396.450191,16.412298,100,23,70
3793.385827,20.812975,100,23,70
855.249424,41.088485,100,23,70
1136.057154,26.528679,100,23,70
