Distance,Tx Power,Bandwidth,Subband BW,Subband Offset
1696.314025,51.989911,75,17,40
4643.787967,52.138300,75,17,40
5822.358549,18.083192,75,17,40
7259.053557,42.318759,75,17,40
1774.487544,25.903516,75,17,40
6625.741970,40.588430,75,17,40
8929.115770,17.490591,75,17,40
