Distance,Tx Power,Bandwidth,Subband BW,Subband Offset
4088.729561,48.777019,100,88,4
3159.331201,29.218061,100,88,4
6364.190545,17.334391,100,88,4
2394.772745,34.310263,100,88,4
3201.012237,45.851660,100,88,4
2956.448703,59.410215,100,88,4
2565.685308,54.701450,100,88,4
