Distance,Tx Power,Bandwidth,Subband BW,Subband Offset
5360.579347,49.095027,100,72,21
4908.478820,56.051869,100,72,21
5566.299902,22.082553,100,72,21
347.341412,50.700770,100,72,21
6381.666305,40.086823,100,72,21
1689.776918,57.837767,100,72,21
5537.684048,20.962332,100,72,21
