Distance,Tx Power,Bandwidth,Subband BW,Subband Offset
6381.313476,21.175892,25,9,1
6947.941385,29.576549,25,9,1
1788.409299,59.185437,25,9,1
1806.987002,25.605349,25,9,1
1492.254715,18.226067,25,9,1
2039.726337,46.557988,25,9,1
9404.990196,22.956035,25,9,1
