Distance,Tx Power,Bandwidth,Subband BW,Subband Offset
9520.570252,23.899318,100,13,38
4605.520276,59.819822,100,13,38
6869.742601,15.888932,100,13,38
6501.410736,23.911730,100,13,38
5716.346371,17.614267,100,13,38
5993.811010,26.416965,100,13,38
1888.570505,37.756003,100,13,38
