Distance,Tx Power,Bandwidth,Subband BW,Subband Offset
711.634269,34.946097,50,8,33
315.158804,24.821028,50,8,33
5800.667433,22.238456,50,8,33
1968.649710,43.487178,50,8,33
9570.182663,28.394182,50,8,33
3873.157217,50.237148,50,8,33
9795.569343,33.434629,50,8,33
