Distance,Tx Power,Bandwidth,Subband BW,Subband Offset
6870.099808,37.105694,25,11,1
486.603796,19.511283,25,11,1
962.234131,50.359525,25,11,1
4972.931019,47.893136,25,11,1
4208.666238,32.192611,25,11,1
3543.438435,27.044997,25,11,1
8875.457899,48.691270,25,11,1
