Distance,Tx Power,Bandwidth,Subband BW,Subband Offset
3871.162192,33.440559,75,17,53
9045.167198,51.108443,75,17,53
9120.733788,40.359861,75,17,53
4763.700806,54.218030,75,17,53
5281.454978,54.536548,75,17,53
2737.345050,55.913301,75,17,53
3083.441121,28.030422,75,17,53
