Distance,Tx Power,Bandwidth,Subband BW,Subband Offset
5739.519103,52.382403,100,55,41
6135.636186,16.840457,100,55,41
5188.075728,42.097476,100,55,41
189.249369,37.404315,100,55,41
3489.883531,59.506542,100,55,41
2069.001014,46.248633,100,55,41
1949.915073,34.595628,100,55,41
