Distance,Tx Power,Bandwidth,Subband BW,Subband Offset
4200.251221,43.630120,15,13,0
8197.800041,27.148609,15,13,0
1208.976527,38.243406,15,13,0
9432.408694,46.365935,15,13,0
1957.560745,41.593075,15,13,0
5870.862355,41.052900,15,13,0
4948.676905,16.767208,15,13,0
