Distance,Tx Power,Bandwidth,Subband BW,Subband Offset
6445.458635,19.246203,50,33,14
5877.119058,40.104689,50,33,14
1707.865543,50.886829,50,33,14
4196.349777,24.180396,50,33,14
4431.097300,29.963195,50,33,14
6932.901369,38.288944,50,33,14
5993.750147,59.688821,50,33,14
