Distance,Tx Power,Bandwidth,Subband BW,Subband Offset
5561.421056,19.301838,50,7,7
8289.694210,31.698886,50,7,7
5851.611226,16.850264,50,7,7
2061.312152,30.550716,50,7,7
4822.204088,32.413377,50,7,7
2580.666521,45.402100,50,7,7
2052.025844,46.235156,50,7,7
