Distance,Tx Power,Bandwidth,Subband BW,Subband Offset
4823.475184,47.779880,50,18,8
5377.885974,51.912459,50,18,8
6985.054741,52.263423,50,18,8
3108.904165,30.860711,50,18,8
8296.783612,42.217906,50,18,8
387.649699,47.464878,50,18,8
9887.300002,34.791631,50,18,8
