Distance,Tx Power,Bandwidth,Subband BW,Subband Offset
6164.438882,47.016724,100,40,18
7951.363442,54.658126,100,40,18
6473.153488,19.968286,100,40,18
9719.986322,30.533152,100,40,18
8109.496583,35.230909,100,40,18
1260.004970,40.706845,100,40,18
8063.912136,33.741289,100,40,18
