Distance,Tx Power,Bandwidth,Subband BW,Subband Offset
4244.028294,40.568202,100,41,38
9533.365808,57.612425,100,41,38
8434.877072,16.592183,100,41,38
7049.706043,25.360133,100,41,38
5015.389721,56.450242,100,41,38
9218.111730,57.783827,100,41,38
6912.310112,39.825270,100,41,38
