Distance,Tx Power,Bandwidth,Subband BW,Subband Offset
1514.765800,40.470761,25,12,11
1219.121165,46.117971,25,12,11
5771.535426,33.238611,25,12,11
8203.166557,47.089448,25,12,11
6450.567566,49.195453,25,12,11
9902.177543,17.044004,25,12,11
4503.943830,21.660084,25,12,11
