Distance,Tx Power,Bandwidth,Subband BW,Subband Offset
9633.109121,33.384903,25,19,2
5192.982781,53.674882,25,19,2
7090.758158,39.161978,25,19,2
6138.487849,16.062855,25,19,2
9394.098601,47.177674,25,19,2
9140.703313,58.523846,25,19,2
2920.476203,47.463021,25,19,2
