Distance,Tx Power,Bandwidth,Subband BW,Subband Offset
9939.277784,29.862781,15,8,0
9225.491938,47.848738,15,8,0
9799.258773,38.738046,15,8,0
9934.591432,35.069514,15,8,0
5343.333496,43.255120,15,8,0
3143.674694,55.328858,15,8,0
770.919966,51.071698,15,8,0
