Distance,Tx Power,Bandwidth,Subband BW,Subband Offset
2163.155441,47.251288,15,10,5
9153.373988,43.460394,15,10,5
7467.030259,37.145958,15,10,5
1261.839740,23.884679,15,10,5
6315.452907,33.411301,15,10,5
2110.004781,53.662163,15,10,5
3023.245045,18.465328,15,10,5
