Distance,Tx Power,Bandwidth,Subband BW,Subband Offset
4268.818748,56.090657,50,8,20
4262.325139,44.840707,50,8,20
3981.523591,22.437690,50,8,20
1781.659979,52.239533,50,8,20
7240.745859,31.096871,50,8,20
2417.159424,38.075164,50,8,20
272.208999,51.048334,50,8,20
