Distance,Tx Power,Bandwidth,Subband BW,Subband Offset
2958.259134,52.291843,25,13,6
8867.119916,27.098904,25,13,6
9391.335145,39.141738,25,13,6
7414.028050,34.760569,25,13,6
927.170024,28.437114,25,13,6
8651.213281,50.384754,25,13,6
4913.348565,53.985780,25,13,6
