Distance,Tx Power,Bandwidth,Subband BW,Subband Offset
7472.536783,33.136404,100,43,44
7013.538183,45.068462,100,43,44
9030.461948,22.733718,100,43,44
7584.575239,54.125493,100,43,44
9030.490635,28.080725,100,43,44
918.742982,42.379521,100,43,44
7453.421759,53.961225,100,43,44
