Distance,Tx Power,Bandwidth,Subband BW,Subband Offset
5823.689325,16.374394,25,12,5
4500.192840,29.347938,25,12,5
3225.132892,44.756969,25,12,5
8038.387736,20.975404,25,12,5
8976.187928,52.218510,25,12,5
4796.175683,59.831287,25,12,5
8716.453989,39.728738,25,12,5
