Distance,Tx Power,Bandwidth,Subband BW,Subband Offset
416.197972,44.085258,100,86,9
3402.269243,25.004034,100,86,9
6322.612385,25.917994,100,86,9
5796.021696,22.371445,100,86,9
7041.351897,26.164151,100,86,9
1293.799740,28.040953,100,86,9
8900.378915,42.735675,100,86,9
