Distance,Tx Power,Bandwidth,Subband BW,Subband Offset
1298.176236,58.550995,50,21,6
8533.843735,21.278715,50,21,6
2003.006286,48.225901,50,21,6
7268.028459,52.893338,50,21,6
8846.298420,34.579935,50,21,6
9620.198970,15.825543,50,21,6
2038.851427,16.363271,50,21,6
