Distance,Tx Power,Bandwidth,Subband BW,Subband Offset
2377.801888,28.818058,15,10,5
998.570657,25.851236,15,10,5
9781.101662,41.181940,15,10,5
7675.183516,56.140141,15,10,5
1100.533089,20.806511,15,10,5
7312.938187,41.780431,15,10,5
4375.224026,57.194645,15,10,5
