Distance,Tx Power,Bandwidth,Subband BW,Subband Offset
7890.150948,33.768429,75,6,60
4602.429423,40.688880,75,6,60
5236.836095,53.544659,75,6,60
1232.360831,59.389287,75,6,60
8275.867502,48.659961,75,6,60
2406.382473,24.198223,75,6,60
8452.995732,57.250907,75,6,60
