Distance,Tx Power,Bandwidth,Subband BW,Subband Offset
9970.421933,16.640292,50,40,3
5706.422550,33.697610,50,40,3
5237.429484,44.588414,50,40,3
502.461871,15.171616,50,40,3
7767.168670,26.487484,50,40,3
4649.885316,42.936265,50,40,3
7149.958281,45.097015,50,40,3
