Distance,Tx Power,Bandwidth,Subband BW,Subband Offset
6543.132005,51.910110,100,8,81
1290.455827,19.717716,100,8,81
8385.888218,49.414512,100,8,81
4491.187969,23.392669,100,8,81
2417.736813,48.928057,100,8,81
1634.522702,45.338489,100,8,81
8730.650480,49.139328,100,8,81
