Distance,Tx Power,Bandwidth,Subband BW,Subband Offset
2963.394927,44.669661,15,8,0
2934.741038,34.701208,15,8,0
356.994582,27.361086,15,8,0
8746.164286,26.575442,15,8,0
151.207645,33.490596,15,8,0
7200.044123,59.732797,15,8,0
303.866906,51.343125,15,8,0
