Distance,Tx Power,Bandwidth,Subband BW,Subband Offset
1465.045476,18.464218,100,27,16
7578.989631,32.167627,100,27,16
9333.019614,57.189983,100,27,16
9248.366271,17.914156,100,27,16
9717.223367,36.633817,100,27,16
6566.863935,35.076141,100,27,16
5811.215982,25.637272,100,27,16
