Distance,Tx Power,Bandwidth,Subband BW,Subband Offset
838.735444,30.132475,75,7,56
4847.796058,23.840991,75,7,56
6877.294616,18.212340,75,7,56
2415.125255,17.065670,75,7,56
1959.015751,16.784468,75,7,56
4206.252372,36.426845,75,7,56
4235.876375,29.821002,75,7,56
