Distance,Tx Power,Bandwidth,Subband BW,Subband Offset
1644.747174,54.348710,15,8,3
8887.381097,31.799761,15,8,3
5635.975494,43.706161,15,8,3
8400.882459,45.317195,15,8,3
5382.986749,39.480595,15,8,3
3180.374529,57.263535,15,8,3
2343.909970,57.766176,15,8,3
