Distance,Tx Power,Bandwidth,Subband BW,Subband Offset
1317.729883,29.742542,100,62,14
4231.867964,56.111172,100,62,14
7134.768610,51.517846,100,62,14
4450.074087,30.798351,100,62,14
2400.871150,54.344717,100,62,14
3095.511184,50.589964,100,62,14
3856.586878,40.775434,100,62,14
