Distance,Tx Power,Bandwidth,Subband BW,Subband Offset
6316.681290,16.654908,25,21,1
2015.969869,39.681356,25,21,1
7871.526742,44.793626,25,21,1
4769.073608,52.127638,25,21,1
3166.367762,22.011962,25,21,1
9048.341925,56.689249,25,21,1
3088.656001,35.325830,25,21,1
