Distance,Tx Power,Bandwidth,Subband BW,Subband Offset
9279.036853,35.935396,50,39,4
696.894793,30.111320,50,39,4
9178.469880,35.255150,50,39,4
3153.769663,37.210874,50,39,4
1967.568804,38.682119,50,39,4
1796.316723,51.234376,50,39,4
7844.329546,28.281377,50,39,4
