Distance,Tx Power,Bandwidth,Subband BW,Subband Offset
8379.132703,48.532340,50,41,8
2139.740109,32.343092,50,41,8
5007.212626,54.524546,50,41,8
4788.956917,53.954164,50,41,8
8505.317700,25.842410,50,41,8
7561.597690,34.516120,50,41,8
1113.368274,17.945403,50,41,8
