Distance,Tx Power,Bandwidth,Subband BW,Subband Offset
5885.300813,54.346383,15,9,5
2430.872022,36.505068,15,9,5
9559.873994,29.761163,15,9,5
6207.038892,43.468575,15,9,5
6527.351787,35.549499,15,9,5
7748.812780,37.821117,15,9,5
2658.051153,20.592075,15,9,5
