Distance,Tx Power,Bandwidth,Subband BW,Subband Offset
5624.012924,48.072181,25,21,3
6750.417817,38.227290,25,21,3
1319.177009,37.646413,25,21,3
8232.612397,38.574444,25,21,3
7203.773558,42.741403,25,21,3
587.315405,28.982293,25,21,3
5974.262253,44.807085,25,21,3
