Distance,Tx Power,Bandwidth,Subband BW,Subband Offset
2268.595849,58.953126,50,37,4
1289.435749,33.318451,50,37,4
1874.789800,27.906449,50,37,4
5289.779765,34.996747,50,37,4
487.145975,47.246205,50,37,4
3616.919289,56.947958,50,37,4
9121.029492,38.396145,50,37,4
