Distance,Tx Power,Bandwidth,Subband BW,Subband Offset
8130.065316,40.726948,100,12,44
4253.676561,47.816584,100,12,44
1550.749850,28.711516,100,12,44
9379.604675,18.828698,100,12,44
7745.037652,32.618322,100,12,44
9973.614822,38.913367,100,12,44
6402.844483,15.876246,100,12,44
