Distance,Tx Power,Bandwidth,Subband BW,Subband Offset
8369.555008,28.665740,75,20,4
601.835123,19.228835,75,20,4
1106.558438,34.124646,75,20,4
5555.283999,35.028981,75,20,4
4073.123658,58.942968,75,20,4
7038.076276,23.968579,75,20,4
5991.764117,39.616951,75,20,4
