Distance,Tx Power,Bandwidth,Subband BW,Subband Offset
2036.718069,33.870297,25,17,1
1559.749711,36.873419,25,17,1
3735.254058,52.981167,25,17,1
7621.926186,41.442667,25,17,1
829.840520,16.993524,25,17,1
3473.036173,22.777365,25,17,1
8558.869473,49.901258,25,17,1
