Distance,Tx Power,Bandwidth,Subband BW,Subband Offset
2371.838953,39.753194,50,19,11
2553.010823,33.052281,50,19,11
6401.272861,23.799576,50,19,11
707.843018,33.010325,50,19,11
7582.701987,40.989603,50,19,11
7825.853565,49.948014,50,19,11
9007.043463,38.688325,50,19,11
