Distance,Tx Power,Bandwidth,Subband BW,Subband Offset
6300.905069,56.352871,50,32,17
3767.626704,36.839492,50,32,17
831.127661,16.398854,50,32,17
5439.968086,36.201938,50,32,17
5607.748291,26.597143,50,32,17
5977.865013,23.554220,50,32,17
5921.601389,23.808978,50,32,17
