Distance,Tx Power,Bandwidth,Subband BW,Subband Offset
7101.873404,16.375599,15,13,2
4302.185405,42.705172,15,13,2
4402.663219,39.269655,15,13,2
622.139456,28.896293,15,13,2
2518.919550,46.574137,15,13,2
1133.566773,26.536289,15,13,2
7618.256665,20.643913,15,13,2
