Distance,Tx Power,Bandwidth,Subband BW,Subband Offset
8045.983562,48.885184,100,84,10
5735.943044,42.724534,100,84,10
6859.503960,42.906280,100,84,10
432.822917,35.501204,100,84,10
6725.368431,50.394534,100,84,10
7479.161218,36.171896,100,84,10
2007.116113,44.216837,100,84,10
