Distance,Tx Power,Bandwidth,Subband BW,Subband Offset
8802.123048,39.230625,50,9,20
7979.571378,26.505495,50,9,20
2429.363389,58.376817,50,9,20
5283.017451,27.000391,50,9,20
4788.165666,32.526443,50,9,20
3527.349154,54.573215,50,9,20
7162.118370,43.400000,50,9,20
