Distance,Tx Power,Bandwidth,Subband BW,Subband Offset
8701.604164,26.695448,100,26,29
7074.928934,51.663941,100,26,29
4173.907115,26.389577,100,26,29
6291.772925,49.021589,100,26,29
5990.779437,44.357778,100,26,29
192.586736,34.487093,100,26,29
6243.121874,15.579555,100,26,29
