Distance,Tx Power,Bandwidth,Subband BW,Subband Offset
6880.613376,57.893935,15,12,2
1147.248634,48.516762,15,12,2
6425.608435,29.508859,15,12,2
7872.157697,33.243968,15,12,2
7208.472800,40.922232,15,12,2
5339.328146,21.155290,15,12,2
7762.767956,35.225483,15,12,2
