Distance,Tx Power,Bandwidth,Subband BW,Subband Offset
7467.621943,39.447545,75,55,0
1180.977656,33.287131,75,55,0
5740.016666,40.574161,75,55,0
332.916996,49.051111,75,55,0
4722.546514,54.554860,75,55,0
8814.191157,16.529380,75,55,0
5722.287972,48.206042,75,55,0
