Distance,Tx Power,Bandwidth,Subband BW,Subband Offset
2497.482809,58.722010,15,14,0
3201.924640,23.114751,15,14,0
8318.092577,31.342958,15,14,0
7350.136705,22.691043,15,14,0
4452.443495,22.780857,15,14,0
3105.020924,33.063387,15,14,0
4439.576706,30.631752,15,14,0
