Distance,Tx Power,Bandwidth,Subband BW,Subband Offset
904.060700,35.624789,100,42,5
3237.717377,37.531295,100,42,5
2979.667260,33.008638,100,42,5
1195.139128,51.078558,100,42,5
3127.844882,58.508689,100,42,5
8729.073357,51.014293,100,42,5
1417.773301,29.658101,100,42,5
