Distance,Tx Power,Bandwidth,Subband BW,Subband Offset
8233.675374,28.607071,100,40,8
1283.810862,31.878159,100,40,8
9125.461132,21.656771,100,40,8
2204.364818,58.401494,100,40,8
7080.997698,48.907427,100,40,8
2412.752404,38.108937,100,40,8
9782.085794,54.547722,100,40,8
