Distance,Tx Power,Bandwidth,Subband BW,Subband Offset
8967.084166,27.054722,15,12,0
4959.424087,56.312626,15,12,0
9775.261542,48.255339,15,12,0
2496.432188,18.972660,15,12,0
1263.981450,15.909448,15,12,0
6696.126184,43.158768,15,12,0
3647.257004,44.819061,15,12,0
