Distance,Tx Power,Bandwidth,Subband BW,Subband Offset
204.889851,25.372986,50,9,32
4479.017937,56.844506,50,9,32
6773.362877,57.697081,50,9,32
3968.148322,27.904682,50,9,32
4030.299894,49.707972,50,9,32
2869.175060,49.107446,50,9,32
5948.819943,48.799499,50,9,32
