Distance,Tx Power,Bandwidth,Subband BW,Subband Offset
5193.915749,42.161606,100,75,3
5178.764459,33.068032,100,75,3
3409.498783,38.339062,100,75,3
2838.240154,40.451995,100,75,3
3792.055928,27.433380,100,75,3
2588.376698,38.776448,100,75,3
5670.178540,45.294590,100,75,3
