Distance,Tx Power,Bandwidth,Subband BW,Subband Offset
1497.930001,36.263391,50,26,23
2612.264127,24.198147,50,26,23
3907.536807,49.766167,50,26,23
3749.417670,28.232087,50,26,23
7585.188309,52.185737,50,26,23
6311.048653,15.538889,50,26,23
6403.417634,27.149099,50,26,23
