Distance,Tx Power,Bandwidth,Subband BW,Subband Offset
4417.941253,27.176422,25,9,14
9994.224880,24.750862,25,9,14
6195.577934,24.780568,25,9,14
9769.348205,50.403782,25,9,14
3043.737556,45.302728,25,9,14
1395.839247,30.317974,25,9,14
1828.188338,56.961562,25,9,14
