Distance,Tx Power,Bandwidth,Subband BW,Subband Offset
2425.618192,19.575562,100,54,11
2162.231254,56.076428,100,54,11
7866.744925,29.244259,100,54,11
5476.343943,24.172301,100,54,11
7402.350938,27.670341,100,54,11
8510.957281,54.523011,100,54,11
8024.681693,49.117995,100,54,11
