Distance,Tx Power,Bandwidth,Subband BW,Subband Offset
9231.577123,19.535663,100,58,18
2450.769468,15.644604,100,58,18
8459.823730,51.872091,100,58,18
3395.435333,38.841620,100,58,18
2200.801792,53.355907,100,58,18
2104.506524,54.896448,100,58,18
4547.489620,27.115442,100,58,18
