Distance,Tx Power,Bandwidth,Subband BW,Subband Offset
4044.425190,57.953617,75,25,25
8348.322964,20.872579,75,25,25
1548.900641,18.769125,75,25,25
8605.027790,51.260429,75,25,25
5890.305641,21.651156,75,25,25
9424.227783,59.086229,75,25,25
3179.911333,52.356097,75,25,25
