Distance,Tx Power,Bandwidth,Subband BW,Subband Offset
2088.103628,24.927794,50,8,2
8742.433806,58.971085,50,8,2
8873.625839,47.609248,50,8,2
1881.333660,29.434548,50,8,2
9355.686730,22.238883,50,8,2
8352.507825,47.976715,50,8,2
9715.880061,26.164875,50,8,2
