Distance,Tx Power,Bandwidth,Subband BW,Subband Offset
5240.906385,21.259944,50,13,32
254.314752,36.149288,50,13,32
9230.354690,58.213892,50,13,32
1291.755758,53.562472,50,13,32
8218.889035,19.617751,50,13,32
3033.156690,39.080555,50,13,32
7323.068332,21.044914,50,13,32
