Distance,Tx Power,Bandwidth,Subband BW,Subband Offset
3801.563088,21.574908,15,10,5
4182.008379,18.636903,15,10,5
5773.252501,54.744046,15,10,5
6922.542056,48.208425,15,10,5
6501.607487,33.147382,15,10,5
6432.522285,20.694452,15,10,5
5602.013030,18.088753,15,10,5
