Distance,Tx Power,Bandwidth,Subband BW,Subband Offset
8917.467056,21.147530,50,9,37
9258.145767,53.686587,50,9,37
5902.703740,57.204513,50,9,37
3538.123138,49.219346,50,9,37
8315.143670,48.893352,50,9,37
7997.069742,40.379170,50,9,37
352.830206,42.907581,50,9,37
