Distance,Tx Power,Bandwidth,Subband BW,Subband Offset
2553.598973,40.823912,100,17,44
2213.702652,27.527930,100,17,44
6537.241045,26.310780,100,17,44
6162.239440,37.702241,100,17,44
6201.892379,58.262528,100,17,44
2185.536464,22.840249,100,17,44
7354.986220,49.859230,100,17,44
