Distance,Tx Power,Bandwidth,Subband BW,Subband Offset
7744.761659,56.380858,100,47,17
1009.881677,48.419432,100,47,17
6052.416118,22.110186,100,47,17
1006.951504,28.935245,100,47,17
609.768047,41.299296,100,47,17
8189.641747,54.523839,100,47,17
3401.661218,20.918636,100,47,17
