Distance,Tx Power,Bandwidth,Subband BW,Subband Offset
6995.463491,46.190074,50,11,18
5899.288162,32.575433,50,11,18
7627.656163,43.847763,50,11,18
7537.145208,27.922003,50,11,18
8832.393748,21.863066,50,11,18
972.502014,57.130808,50,11,18
8062.379525,52.344110,50,11,18
