Distance,Tx Power,Bandwidth,Subband BW,Subband Offset
2593.492052,15.291558,75,32,14
232.030748,44.024184,75,32,14
6168.582409,56.384652,75,32,14
5272.052566,56.734887,75,32,14
5125.474465,44.384918,75,32,14
9286.247262,37.915876,75,32,14
4984.492691,40.011734,75,32,14
