Distance,Tx Power,Bandwidth,Subband BW,Subband Offset
6447.789283,41.691439,100,85,14
3017.931182,28.741011,100,85,14
5333.726161,48.601260,100,85,14
8993.721503,23.782555,100,85,14
7212.122052,20.787189,100,85,14
8186.831409,23.408941,100,85,14
4623.197027,17.747391,100,85,14
