Distance,Tx Power,Bandwidth,Subband BW,Subband Offset
3019.800973,18.725869,50,7,4
2476.913743,58.105500,50,7,4
4878.757821,51.696270,50,7,4
3313.849951,51.302170,50,7,4
715.736910,39.690710,50,7,4
5080.366217,23.083485,50,7,4
2689.317690,29.709027,50,7,4
