Distance,Tx Power,Bandwidth,Subband BW,Subband Offset
4652.186293,42.267157,15,6,3
1348.358463,45.562554,15,6,3
6204.888560,43.691816,15,6,3
8565.889198,29.502676,15,6,3
2076.230884,24.774951,15,6,3
7392.396629,47.018955,15,6,3
5475.286644,47.024091,15,6,3
