Distance,Tx Power,Bandwidth,Subband BW,Subband Offset
2526.548449,33.913598,100,7,93
4287.762782,50.840625,100,7,93
8188.274996,18.697615,100,7,93
6707.794222,25.887592,100,7,93
2980.826483,55.631515,100,7,93
2369.450484,39.178458,100,7,93
2952.538017,21.864994,100,7,93
