Distance,Tx Power,Bandwidth,Subband BW,Subband Offset
6727.659307,38.651680,75,36,13
852.315986,25.000612,75,36,13
5501.025763,42.233512,75,36,13
7651.695015,17.820989,75,36,13
3441.397636,37.932867,75,36,13
9268.128974,47.451784,75,36,13
4290.694163,33.051039,75,36,13
