Distance,Tx Power,Bandwidth,Subband BW,Subband Offset
6193.026953,55.714254,50,15,28
7222.745063,49.504681,50,15,28
4779.901819,49.730419,50,15,28
4542.014519,22.275956,50,15,28
9956.307479,45.853180,50,15,28
2881.540062,47.760020,50,15,28
9777.415658,48.281722,50,15,28
