Distance,Tx Power,Bandwidth,Subband BW,Subband Offset
707.509352,27.724761,75,8,38
2621.597125,59.453676,75,8,38
7650.304727,55.120880,75,8,38
2368.430198,43.441667,75,8,38
6940.712400,38.523328,75,8,38
6743.002051,37.269675,75,8,38
6083.184019,22.515178,75,8,38
