Distance,Tx Power,Bandwidth,Subband BW,Subband Offset
9957.333712,20.063639,75,17,5
226.016681,17.763249,75,17,5
4748.955678,51.361108,75,17,5
6372.175511,49.802448,75,17,5
582.889845,38.398773,75,17,5
9097.111795,23.444207,75,17,5
3739.457491,59.029791,75,17,5
