Distance,Tx Power,Bandwidth,Subband BW,Subband Offset
4455.866454,51.090516,25,17,0
3629.956270,54.556721,25,17,0
5554.921919,26.487793,25,17,0
8094.561961,32.566345,25,17,0
4150.933934,35.285036,25,17,0
8806.025737,22.960181,25,17,0
331.935359,19.466563,25,17,0
