Distance,Tx Power,Bandwidth,Subband BW,Subband Offset
8376.836276,38.576198,25,8,2
710.080190,53.440135,25,8,2
3289.415710,23.859550,25,8,2
3534.842361,34.642834,25,8,2
4419.814075,27.378070,25,8,2
8299.411781,50.161535,25,8,2
9331.226043,43.604904,25,8,2
