Distance,Tx Power,Bandwidth,Subband BW,Subband Offset
925.535305,59.102460,25,6,10
1653.839936,49.621763,25,6,10
8055.843738,32.091656,25,6,10
3658.489589,52.695244,25,6,10
7378.086133,41.021957,25,6,10
4581.600809,40.854325,25,6,10
3017.371781,40.720546,25,6,10
