Distance,Tx Power,Bandwidth,Subband BW,Subband Offset
2685.424464,53.575962,100,83,2
4587.269898,51.063601,100,83,2
217.705048,26.242314,100,83,2
6446.456714,19.510481,100,83,2
5155.657496,16.701268,100,83,2
2642.167891,53.898898,100,83,2
2021.424023,25.146896,100,83,2
