Distance,Tx Power,Bandwidth,Subband BW,Subband Offset
8446.495619,52.735911,25,8,2
5588.056875,23.044142,25,8,2
4583.765799,18.298135,25,8,2
5103.965963,40.470486,25,8,2
9376.939238,46.114400,25,8,2
3172.295405,46.790703,25,8,2
6611.298927,20.737680,25,8,2
