Distance,Tx Power,Bandwidth,Subband BW,Subband Offset
160.328775,40.820336,75,18,28
8420.327475,37.629663,75,18,28
3843.190613,32.088271,75,18,28
3934.201299,55.655024,75,18,28
9360.049202,15.293714,75,18,28
9808.867859,25.412057,75,18,28
1619.190369,35.078538,75,18,28
