Distance,Tx Power,Bandwidth,Subband BW,Subband Offset
1963.830992,43.026889,75,48,20
5406.300871,50.358364,75,48,20
8893.501012,42.985359,75,48,20
2897.743083,52.938631,75,48,20
3651.933309,19.707692,75,48,20
7184.983320,19.550335,75,48,20
723.000669,27.184512,75,48,20
