Distance,Tx Power,Bandwidth,Subband BW,Subband Offset
6544.565852,33.664699,75,42,13
6741.848193,47.780484,75,42,13
1210.982230,43.037231,75,42,13
8913.712526,20.362953,75,42,13
8665.124522,39.253249,75,42,13
5547.260818,16.048832,75,42,13
5144.348566,27.986503,75,42,13
