Distance,Tx Power,Bandwidth,Subband BW,Subband Offset
2461.661415,36.503013,25,20,2
7179.831518,38.728433,25,20,2
6490.457792,31.143468,25,20,2
3261.117528,57.945608,25,20,2
8552.937056,58.784642,25,20,2
328.436417,24.489291,25,20,2
8009.151769,17.626064,25,20,2
