Distance,Tx Power,Bandwidth,Subband BW,Subband Offset
8304.034935,52.266913,75,43,17
693.838471,34.024131,75,43,17
2197.134830,21.973994,75,43,17
2347.742042,17.603673,75,43,17
6699.819924,29.903523,75,43,17
4984.757626,45.320552,75,43,17
8381.323305,28.693523,75,43,17
