Distance,Tx Power,Bandwidth,Subband BW,Subband Offset
4150.948217,26.408255,15,8,5
6376.543781,53.157456,15,8,5
4030.667397,40.118199,15,8,5
3122.051291,41.521730,15,8,5
6804.310890,45.786873,15,8,5
7185.956750,47.497814,15,8,5
3823.311712,30.882865,15,8,5
