Distance,Tx Power,Bandwidth,Subband BW,Subband Offset
1887.820941,58.100114,50,10,22
1650.391407,36.109656,50,10,22
6939.231935,54.024231,50,10,22
6756.805273,25.533677,50,10,22
1831.005267,27.637326,50,10,22
5600.839608,22.851216,50,10,22
2470.083056,26.093763,50,10,22
