Distance,Tx Power,Bandwidth,Subband BW,Subband Offset
9874.715580,23.586323,25,19,0
7122.600661,43.808988,25,19,0
1534.685185,43.429067,25,19,0
1869.964839,41.111334,25,19,0
113.646372,33.723487,25,19,0
6491.568570,35.267424,25,19,0
7345.168870,31.206163,25,19,0
