Distance,Tx Power,Bandwidth,Subband BW,Subband Offset
7404.964947,59.113814,15,7,3
5826.266730,50.994502,15,7,3
5520.266862,21.638005,15,7,3
9163.028178,30.998892,15,7,3
6858.579917,23.072896,15,7,3
3988.398114,19.953521,15,7,3
9608.798844,25.711459,15,7,3
