Distance,Tx Power,Bandwidth,Subband BW,Subband Offset
9375.976951,37.547334,75,11,30
3680.143770,50.110882,75,11,30
7026.341377,44.910560,75,11,30
4019.768755,19.732623,75,11,30
5402.670971,38.628375,75,11,30
1326.319546,25.267319,75,11,30
1570.963341,19.107803,75,11,30
