Distance,Tx Power,Bandwidth,Subband BW,Subband Offset
8182.981649,28.567482,75,26,25
6468.382265,28.141016,75,26,25
2476.757795,57.243947,75,26,25
4050.414154,25.504783,75,26,25
8922.843360,45.328640,75,26,25
457.178960,35.358145,75,26,25
3332.676803,52.061340,75,26,25
