Distance,Tx Power,Bandwidth,Subband BW,Subband Offset
1129.701443,56.377743,100,66,13
1671.483766,17.849804,100,66,13
7298.525325,43.207527,100,66,13
8742.162743,15.762774,100,66,13
8355.049761,22.146178,100,66,13
6278.864839,38.320533,100,66,13
8512.962897,31.821662,100,66,13
