Distance,Tx Power,Bandwidth,Subband BW,Subband Offset
4698.276387,51.780325,25,11,7
5865.227490,17.667766,25,11,7
5931.980422,59.340305,25,11,7
5396.172577,34.590658,25,11,7
7892.242664,16.875099,25,11,7
8134.569017,53.094375,25,11,7
6337.341650,22.676065,25,11,7
