Distance,Tx Power,Bandwidth,Subband BW,Subband Offset
1662.406997,25.586343,100,69,4
1050.380454,36.642681,100,69,4
4543.088101,16.605420,100,69,4
3450.878974,31.612254,100,69,4
9436.337777,33.100881,100,69,4
9328.037276,31.483830,100,69,4
6587.813227,48.203267,100,69,4
