Distance,Tx Power,Bandwidth,Subband BW,Subband Offset
9188.384953,37.911960,15,7,4
4605.660474,46.064255,15,7,4
6565.200003,28.144709,15,7,4
1962.981622,56.850271,15,7,4
795.988917,50.931915,15,7,4
3901.285929,47.400180,15,7,4
6007.899707,33.295002,15,7,4
