Distance,Tx Power,Bandwidth,Subband BW,Subband Offset
802.951762,58.706892,50,43,2
7306.051695,49.450260,50,43,2
8284.639167,38.471156,50,43,2
4117.203025,24.251003,50,43,2
8316.703729,24.536918,50,43,2
7930.152545,53.064022,50,43,2
5818.979579,42.998098,50,43,2
