Distance,Tx Power,Bandwidth,Subband BW,Subband Offset
4609.760725,32.832591,50,14,25
9369.829353,32.043510,50,14,25
9642.297865,29.785596,50,14,25
5116.355534,41.686279,50,14,25
8954.366914,39.799685,50,14,25
974.364355,52.131268,50,14,25
5669.058874,26.244391,50,14,25
