Distance,Tx Power,Bandwidth,Subband BW,Subband Offset
8213.057323,29.358578,15,11,1
7278.152504,24.984116,15,11,1
5771.774181,30.706638,15,11,1
745.899760,18.458852,15,11,1
6997.720384,35.633074,15,11,1
1836.560320,33.668442,15,11,1
4733.949343,29.631695,15,11,1
