Distance,Tx Power,Bandwidth,Subband BW,Subband Offset
8372.254539,48.556270,100,26,26
9344.700975,40.328854,100,26,26
5754.944825,50.286989,100,26,26
4796.752301,24.754139,100,26,26
6498.283659,42.280682,100,26,26
1880.958182,39.783723,100,26,26
8040.596480,33.876250,100,26,26
