Distance,Tx Power,Bandwidth,Subband BW,Subband Offset
3200.311515,46.618060,15,8,3
5078.668593,18.534305,15,8,3
7126.291859,19.604828,15,8,3
4261.173243,17.387946,15,8,3
4733.390759,50.365949,15,8,3
3188.356673,46.889268,15,8,3
8326.937822,31.441834,15,8,3
