Distance,Tx Power,Bandwidth,Subband BW,Subband Offset
2344.200265,34.665563,50,19,24
426.539576,21.335198,50,19,24
1479.888071,46.344697,50,19,24
1385.333203,57.490492,50,19,24
8994.174138,59.670232,50,19,24
9229.336965,16.036779,50,19,24
829.640401,36.892512,50,19,24
