Distance,Tx Power,Bandwidth,Subband BW,Subband Offset
6123.077336,27.852038,100,24,40
2241.232634,39.872445,100,24,40
7246.620012,25.061435,100,24,40
1434.294966,48.783873,100,24,40
6932.495119,22.960625,100,24,40
7631.375751,48.547932,100,24,40
1522.335918,21.903118,100,24,40
