Distance,Tx Power,Bandwidth,Subband BW,Subband Offset
2098.171588,33.784434,50,22,4
2806.603792,44.921038,50,22,4
9064.126592,15.604416,50,22,4
911.935315,27.443169,50,22,4
3589.830974,18.939007,50,22,4
6849.254853,46.767062,50,22,4
2960.628209,21.752748,50,22,4
