Distance,Tx Power,Bandwidth,Subband BW,Subband Offset
2993.895306,58.061398,25,16,9
5724.791991,41.187480,25,16,9
9083.087384,30.943937,25,16,9
2689.656681,16.912140,25,16,9
7153.987786,48.472282,25,16,9
9704.689879,42.346988,25,16,9
1409.908918,28.377753,25,16,9
