Distance,Tx Power,Bandwidth,Subband BW,Subband Offset
7549.660305,30.447456,75,7,33
3169.626306,55.268160,75,7,33
662.655122,15.519157,75,7,33
4241.878790,32.589511,75,7,33
7102.950076,23.607345,75,7,33
5145.542612,30.478236,75,7,33
2811.441129,53.503280,75,7,33
