Distance,Tx Power,Bandwidth,Subband BW,Subband Offset
5322.846859,55.168773,50,10,22
6500.384798,15.415617,50,10,22
9856.930786,42.478488,50,10,22
8924.580319,49.072128,50,10,22
4973.158264,36.680192,50,10,22
2244.980557,28.742352,50,10,22
2419.693965,21.224824,50,10,22
