Distance,Tx Power,Bandwidth,Subband BW,Subband Offset
6424.698208,39.067412,100,6,24
2205.666489,39.085223,100,6,24
7057.818114,20.457898,100,6,24
9337.281422,45.313619,100,6,24
4261.032448,59.220967,100,6,24
8957.117974,18.179852,100,6,24
8701.567345,25.312845,100,6,24
