Distance,Tx Power,Bandwidth,Subband BW,Subband Offset
6413.964340,36.633566,100,22,14
2461.982034,25.224262,100,22,14
108.607858,20.129685,100,22,14
4002.889464,45.032609,100,22,14
3392.147144,18.976559,100,22,14
1155.678495,51.491120,100,22,14
2689.901199,20.779269,100,22,14
