Distance,Tx Power,Bandwidth,Subband BW,Subband Offset
3846.770183,55.511605,100,31,2
1799.126499,50.018001,100,31,2
7182.775591,35.669349,100,31,2
9581.857244,44.895000,100,31,2
5884.334062,46.148880,100,31,2
119.141325,30.451442,100,31,2
7244.629624,16.121526,100,31,2
