Distance,Tx Power,Bandwidth,Subband BW,Subband Offset
2109.867955,46.480963,100,26,65
2687.394608,29.137206,100,26,65
7965.049036,51.072728,100,26,65
504.829222,34.201078,100,26,65
8147.839949,19.428476,100,26,65
7423.726479,22.418705,100,26,65
447.423864,58.535293,100,26,65
