Distance,Tx Power,Bandwidth,Subband BW,Subband Offset
1203.987752,15.371662,50,20,16
9986.271627,51.910418,50,20,16
1226.117824,18.943340,50,20,16
3586.778040,41.523454,50,20,16
4665.834383,59.391392,50,20,16
7923.977879,30.498103,50,20,16
3241.740947,48.944256,50,20,16
