Distance,Tx Power,Bandwidth,Subband BW,Subband Offset
1540.224062,49.117631,50,16,32
355.084753,44.029861,50,16,32
7794.312035,25.686154,50,16,32
3636.522233,45.693659,50,16,32
3184.330097,15.965864,50,16,32
4131.512241,58.668188,50,16,32
7477.985511,20.040570,50,16,32
