Distance,Tx Power,Bandwidth,Subband BW,Subband Offset
4136.380116,18.020986,50,13,29
8213.733789,33.371466,50,13,29
1518.055577,44.669652,50,13,29
7550.732343,19.347348,50,13,29
3770.278412,47.375008,50,13,29
2059.938988,38.798043,50,13,29
410.510065,32.203065,50,13,29
