Distance,Tx Power,Bandwidth,Subband BW,Subband Offset
1136.868513,29.079574,15,8,4
5649.929520,16.006445,15,8,4
2549.672382,50.665219,15,8,4
7734.876558,43.505855,15,8,4
9576.251470,42.789371,15,8,4
2159.122458,32.319642,15,8,4
1787.105001,17.493089,15,8,4
