Distance,Tx Power,Bandwidth,Subband BW,Subband Offset
6827.022225,21.759664,50,12,1
8999.748083,58.929244,50,12,1
6004.773976,49.614026,50,12,1
6716.023947,28.828323,50,12,1
6746.316203,40.307839,50,12,1
7793.743978,31.168485,50,12,1
9738.678360,44.265946,50,12,1
