Distance,Tx Power,Bandwidth,Subband BW,Subband Offset
1464.311160,37.023795,50,26,7
4947.830725,18.783645,50,26,7
4053.925437,32.980606,50,26,7
9139.111295,33.181227,50,26,7
8002.659923,53.247827,50,26,7
2879.100300,31.184454,50,26,7
4919.754343,54.549754,50,26,7
