Distance,Tx Power,Bandwidth,Subband BW,Subband Offset
5305.462742,25.172840,75,53,17
4993.006313,17.801635,75,53,17
9429.575470,28.976110,75,53,17
4170.707571,51.291701,75,53,17
6012.129132,34.676209,75,53,17
1268.018955,33.713014,75,53,17
7031.979774,35.292648,75,53,17
