Distance,Tx Power,Bandwidth,Subband BW,Subband Offset
8406.396764,42.973026,15,6,4
1150.197541,51.284610,15,6,4
6457.946332,42.469327,15,6,4
128.276524,30.404884,15,6,4
1610.926600,28.688419,15,6,4
1211.209962,42.054170,15,6,4
1057.849744,17.117761,15,6,4
