Distance,Tx Power,Bandwidth,Subband BW,Subband Offset
5321.854508,53.775056,100,21,12
1374.923878,33.552248,100,21,12
1231.674564,22.841334,100,21,12
8665.111737,57.210199,100,21,12
2867.893201,58.185048,100,21,12
724.372761,43.997929,100,21,12
9917.545884,21.261111,100,21,12
