Distance,Tx Power,Bandwidth,Subband BW,Subband Offset
8307.819086,47.263953,50,26,16
6809.429108,56.295846,50,26,16
5208.086709,17.693901,50,26,16
9451.515161,16.211664,50,26,16
851.668786,32.668116,50,26,16
498.296606,59.809234,50,26,16
2713.536681,23.127438,50,26,16
