Distance,Tx Power,Bandwidth,Subband BW,Subband Offset
9806.289776,52.597938,50,14,36
9268.897694,36.035112,50,14,36
9326.359470,28.678466,50,14,36
2156.673423,28.284674,50,14,36
1230.135436,23.359570,50,14,36
1388.038725,37.285615,50,14,36
9881.757252,20.283762,50,14,36
