Distance,Tx Power,Bandwidth,Subband BW,Subband Offset
3403.058174,22.148937,100,39,59
4206.418005,59.429241,100,39,59
1370.384282,55.422301,100,39,59
3184.986470,19.384470,100,39,59
4205.206027,44.524591,100,39,59
1849.772064,25.930968,100,39,59
1803.531571,18.316346,100,39,59
