Distance,Tx Power,Bandwidth,Subband BW,Subband Offset
9669.172245,48.261929,75,22,45
4859.786909,17.407802,75,22,45
6322.025039,47.415523,75,22,45
114.829835,58.265883,75,22,45
1372.530005,21.509177,75,22,45
3566.876620,25.866893,75,22,45
311.180806,55.575378,75,22,45
