Distance,Tx Power,Bandwidth,Subband BW,Subband Offset
8262.615776,38.778255,50,12,1
6309.268228,26.196805,50,12,1
9735.474994,44.086672,50,12,1
6295.647219,19.494453,50,12,1
3805.854759,21.042120,50,12,1
4285.856567,32.226364,50,12,1
9814.733215,22.689668,50,12,1
