Distance,Tx Power,Bandwidth,Subband BW,Subband Offset
806.731405,46.108321,75,28,15
9700.770033,20.996591,75,28,15
6645.774210,30.471794,75,28,15
4541.913198,16.567595,75,28,15
9277.781562,55.659243,75,28,15
8556.884316,30.366908,75,28,15
4537.629308,40.800740,75,28,15
