Distance,Tx Power,Bandwidth,Subband BW,Subband Offset
9268.748678,50.621695,50,43,3
9215.185238,30.581598,50,43,3
4032.651062,45.622534,50,43,3
1684.114594,22.475876,50,43,3
8096.229850,58.615466,50,43,3
7972.071930,33.921326,50,43,3
2475.539814,30.862222,50,43,3
