Distance,Tx Power,Bandwidth,Subband BW,Subband Offset
8359.504256,48.386199,15,7,4
5879.314027,59.654619,15,7,4
6469.770812,39.436316,15,7,4
191.198106,31.808448,15,7,4
7327.433560,50.943615,15,7,4
2936.838283,57.263929,15,7,4
1953.938927,22.732057,15,7,4
