Distance,Tx Power,Bandwidth,Subband BW,Subband Offset
3946.652396,29.722323,100,12,10
1527.801160,52.882035,100,12,10
6300.026407,15.415836,100,12,10
6410.982362,25.861088,100,12,10
1967.807360,21.763601,100,12,10
5512.006862,53.697299,100,12,10
3977.805773,37.530890,100,12,10
