Distance,Tx Power,Bandwidth,Subband BW,Subband Offset
9787.583818,40.151218,15,8,2
488.828137,27.653680,15,8,2
616.990322,36.203810,15,8,2
164.074614,22.667646,15,8,2
3365.891930,52.799103,15,8,2
7956.999722,18.820413,15,8,2
2901.547681,16.392196,15,8,2
