Distance,Tx Power,Bandwidth,Subband BW,Subband Offset
8689.428842,38.340563,50,22,18
5679.676611,18.575644,50,22,18
8666.919622,31.279237,50,22,18
6558.468449,15.395632,50,22,18
4446.814980,38.701404,50,22,18
1189.961354,34.347779,50,22,18
1861.420146,41.842826,50,22,18
