Distance,Tx Power,Bandwidth,Subband BW,Subband Offset
9865.152778,58.469289,25,6,18
1286.218449,28.908761,25,6,18
2494.942499,29.967456,25,6,18
8924.837466,29.319064,25,6,18
7392.271104,54.368428,25,6,18
7687.071012,19.219587,25,6,18
9810.339143,17.278349,25,6,18
