Distance,Tx Power,Bandwidth,Subband BW,Subband Offset
9552.346779,23.916950,75,45,22
8027.012347,20.141428,75,45,22
3885.095111,21.920232,75,45,22
7617.438875,42.754910,75,45,22
7985.771171,22.165057,75,45,22
6725.657287,48.899109,75,45,22
3245.183056,40.301382,75,45,22
