Distance,Tx Power,Bandwidth,Subband BW,Subband Offset
2485.971320,35.317195,15,10,3
5741.350201,46.064362,15,10,3
9158.528778,55.536360,15,10,3
569.915739,31.069357,15,10,3
7781.872157,28.845619,15,10,3
9664.355974,22.659237,15,10,3
4189.223656,58.138668,15,10,3
