Distance,Tx Power,Bandwidth,Subband BW,Subband Offset
3173.008930,48.472003,100,44,28
7284.419459,24.598750,100,44,28
6963.802510,29.306325,100,44,28
5831.001982,40.934809,100,44,28
2547.665671,23.141173,100,44,28
9709.441570,45.668466,100,44,28
9355.599150,49.235497,100,44,28
