Distance,Tx Power,Bandwidth,Subband BW,Subband Offset
5802.677039,16.949849,100,49,23
2271.334651,23.790775,100,49,23
238.092094,38.478045,100,49,23
2918.481183,39.598109,100,49,23
3343.277361,57.205174,100,49,23
4718.888648,40.292607,100,49,23
8028.159809,20.720335,100,49,23
