Distance,Tx Power,Bandwidth,Subband BW,Subband Offset
5986.702855,26.383884,25,6,3
2291.089414,49.737132,25,6,3
3051.453335,34.920764,25,6,3
4781.035720,34.593648,25,6,3
1942.129830,21.771504,25,6,3
2582.306014,24.090621,25,6,3
4164.286839,36.936468,25,6,3
