Distance,Tx Power,Bandwidth,Subband BW,Subband Offset
6618.280325,15.857389,25,12,13
2435.174892,28.852331,25,12,13
5391.912339,43.619787,25,12,13
2393.627453,50.704053,25,12,13
3839.746055,30.386608,25,12,13
2793.213667,35.980219,25,12,13
1297.332088,37.427215,25,12,13
