Distance,Tx Power,Bandwidth,Subband BW,Subband Offset
4170.861547,51.564258,100,29,54
6673.698602,45.746946,100,29,54
5311.627999,45.236305,100,29,54
6168.494066,42.903222,100,29,54
2242.610010,55.596596,100,29,54
2629.119262,37.930835,100,29,54
2806.970682,27.085690,100,29,54
