Distance,Tx Power,Bandwidth,Subband BW,Subband Offset
1948.573936,32.435507,100,14,78
6779.242794,21.953838,100,14,78
9018.611927,45.965413,100,14,78
3912.263912,32.619459,100,14,78
3237.820045,18.913516,100,14,78
6777.077960,55.115179,100,14,78
6946.343090,37.551001,100,14,78
