Distance,Tx Power,Bandwidth,Subband BW,Subband Offset
8820.951219,23.637677,15,7,8
2877.666400,47.989615,15,7,8
8840.671896,43.246607,15,7,8
7393.188893,26.865538,15,7,8
8811.655402,18.777974,15,7,8
9270.540617,39.896302,15,7,8
7583.339257,45.390259,15,7,8
