Distance,Tx Power,Bandwidth,Subband BW,Subband Offset
3638.323936,57.966694,50,27,0
8402.318319,45.565614,50,27,0
5026.326117,15.388270,50,27,0
7488.204771,56.915148,50,27,0
2324.277134,44.331682,50,27,0
1440.974086,30.734972,50,27,0
4472.052482,22.202066,50,27,0
