Distance,Tx Power,Bandwidth,Subband BW,Subband Offset
7377.207538,16.556460,100,39,17
2928.885608,56.626626,100,39,17
5186.497124,52.923598,100,39,17
1607.019002,25.266642,100,39,17
3809.257690,37.337262,100,39,17
4824.614305,50.203396,100,39,17
9486.773183,29.559787,100,39,17
