Distance,Tx Power,Bandwidth,Subband BW,Subband Offset
2507.172486,59.893812,100,10,67
8028.146800,17.358943,100,10,67
3866.942343,29.510252,100,10,67
9175.671896,49.153005,100,10,67
6355.651448,37.524094,100,10,67
8095.802244,36.612175,100,10,67
5934.224568,56.324909,100,10,67
