Distance,Tx Power,Bandwidth,Subband BW,Subband Offset
2024.419155,19.285098,100,47,3
3196.528329,38.198793,100,47,3
2457.220861,52.070833,100,47,3
7797.036926,59.779731,100,47,3
3111.913814,42.979886,100,47,3
4048.906943,46.479866,100,47,3
1059.189041,48.473342,100,47,3
