Distance,Tx Power,Bandwidth,Subband BW,Subband Offset
6812.924906,31.411085,50,42,7
3437.825676,40.270088,50,42,7
1277.969218,22.131972,50,42,7
1399.458068,36.274464,50,42,7
1271.875991,46.480795,50,42,7
6659.677638,23.958767,50,42,7
1420.568408,52.690382,50,42,7
