Distance,Tx Power,Bandwidth,Subband BW,Subband Offset
2091.165840,40.026836,75,11,30
8234.836240,48.691529,75,11,30
7647.879516,53.074177,75,11,30
3843.916694,31.735586,75,11,30
1820.228207,19.957651,75,11,30
4036.750359,19.976585,75,11,30
7385.761514,36.469929,75,11,30
