Distance,Tx Power,Bandwidth,Subband BW,Subband Offset
9752.816232,55.217980,100,34,23
8238.561355,22.186460,100,34,23
968.210834,53.997954,100,34,23
8337.347110,35.525011,100,34,23
9982.739211,36.049699,100,34,23
1094.432732,47.843142,100,34,23
264.686194,19.994278,100,34,23
