Distance,Tx Power,Bandwidth,Subband BW,Subband Offset
9103.362380,23.202607,50,15,20
3064.456235,22.846431,50,15,20
4521.507613,52.546138,50,15,20
3342.668169,22.799801,50,15,20
5954.302644,21.790397,50,15,20
9323.297210,32.622656,50,15,20
1311.658054,55.534373,50,15,20
