Distance,Tx Power,Bandwidth,Subband BW,Subband Offset
7110.598102,50.833137,100,6,52
9937.645356,41.262699,100,6,52
2003.827396,27.059102,100,6,52
8686.862259,50.507356,100,6,52
1440.469502,56.074898,100,6,52
4572.970611,35.932352,100,6,52
5005.270938,44.480226,100,6,52
