Distance,Tx Power,Bandwidth,Subband BW,Subband Offset
8507.041027,42.415075,25,6,3
9511.027745,27.477154,25,6,3
9177.451818,27.320788,25,6,3
4009.549536,27.496060,25,6,3
2649.897873,27.099115,25,6,3
8316.853892,46.192069,25,6,3
5280.655702,48.560884,25,6,3
