Distance,Tx Power,Bandwidth,Subband BW,Subband Offset
1329.477713,57.258433,25,8,14
6166.429867,18.163801,25,8,14
9597.031285,54.748854,25,8,14
7136.032714,37.504381,25,8,14
5604.683308,59.789437,25,8,14
3427.560339,34.232164,25,8,14
2106.139841,41.641545,25,8,14
