Distance,Tx Power,Bandwidth,Subband BW,Subband Offset
6575.481935,57.675934,50,16,20
1116.117491,52.797913,50,16,20
7990.027356,42.860188,50,16,20
8101.959266,34.194758,50,16,20
3012.236441,38.745399,50,16,20
6217.381167,58.087127,50,16,20
278.080043,31.543867,50,16,20
