Distance,Tx Power,Bandwidth,Subband BW,Subband Offset
1549.316048,24.360036,100,77,9
5195.732053,27.768411,100,77,9
4428.897449,41.135811,100,77,9
494.367547,48.974374,100,77,9
4858.050708,22.872444,100,77,9
688.509679,28.264892,100,77,9
872.991733,25.350385,100,77,9
