Distance,Tx Power,Bandwidth,Subband BW,Subband Offset
354.288867,52.101068,50,13,5
2374.543899,17.474530,50,13,5
8904.507904,58.972316,50,13,5
4311.951458,48.749019,50,13,5
2903.821600,56.729956,50,13,5
6020.966479,39.418790,50,13,5
7688.306816,17.780911,50,13,5
