Distance,Tx Power,Bandwidth,Subband BW,Subband Offset
3781.053541,28.014143,50,26,4
7306.358544,56.444740,50,26,4
2700.735351,41.835384,50,26,4
4205.122109,58.168740,50,26,4
9485.600744,17.424633,50,26,4
4077.496415,28.445229,50,26,4
6367.924541,18.409885,50,26,4
