Distance,Tx Power,Bandwidth,Subband BW,Subband Offset
5171.326011,24.230875,100,22,58
990.707784,31.747241,100,22,58
2383.108070,51.661572,100,22,58
6858.077590,31.753462,100,22,58
5049.353011,52.074747,100,22,58
9853.839801,53.434567,100,22,58
7078.325480,46.587124,100,22,58
