Distance,Tx Power,Bandwidth,Subband BW,Subband Offset
317.141744,44.434680,75,21,26
5836.572689,58.530886,75,21,26
2988.607054,16.307940,75,21,26
5104.270170,22.230505,75,21,26
9606.867290,41.694060,75,21,26
7446.430461,55.790005,75,21,26
2671.896193,54.152820,75,21,26
