Distance,Tx Power,Bandwidth,Subband BW,Subband Offset
2727.888893,52.721264,15,7,2
5693.232904,53.787126,15,7,2
9714.853783,37.052446,15,7,2
3058.841337,45.642439,15,7,2
9717.026276,28.201911,15,7,2
4878.487459,29.601739,15,7,2
880.127368,46.505719,15,7,2
