Distance,Tx Power,Bandwidth,Subband BW,Subband Offset
3028.286763,18.637795,50,40,6
7089.579021,51.577278,50,40,6
9635.259343,53.766554,50,40,6
1507.496084,52.013836,50,40,6
2027.495460,26.486442,50,40,6
2916.986213,48.421760,50,40,6
9480.120843,33.619938,50,40,6
