Distance,Tx Power,Bandwidth,Subband BW,Subband Offset
4175.644834,21.075494,25,10,13
8746.256789,27.742001,25,10,13
1084.323682,16.370643,25,10,13
523.886442,35.370829,25,10,13
8312.037975,44.103830,25,10,13
9975.063505,45.625434,25,10,13
6555.699211,25.090327,25,10,13
