Distance,Tx Power,Bandwidth,Subband BW,Subband Offset
6087.073816,32.629378,15,8,4
7060.107801,52.894712,15,8,4
7581.687450,49.556628,15,8,4
9631.410065,48.750115,15,8,4
5174.172859,32.366042,15,8,4
7790.141872,43.942294,15,8,4
5747.690427,22.511598,15,8,4
