Distance,Tx Power,Bandwidth,Subband BW,Subband Offset
4498.078135,31.943421,75,11,54
9732.379469,18.850308,75,11,54
3528.885748,59.041370,75,11,54
1421.041280,52.299541,75,11,54
8066.360164,47.837787,75,11,54
1074.145698,37.961006,75,11,54
3083.935807,51.790640,75,11,54
