Distance,Tx Power,Bandwidth,Subband BW,Subband Offset
2431.274522,45.199468,25,13,8
1046.258546,44.918641,25,13,8
137.978128,32.195576,25,13,8
1583.544484,31.926306,25,13,8
7385.480436,54.592416,25,13,8
2856.533964,34.080185,25,13,8
8715.440340,37.701496,25,13,8
