Distance,Tx Power,Bandwidth,Subband BW,Subband Offset
9269.189868,28.726304,100,64,22
1843.707406,29.243055,100,64,22
8411.567481,20.432130,100,64,22
6569.003751,18.230120,100,64,22
426.779572,51.489403,100,64,22
8784.874590,54.486595,100,64,22
9312.361384,53.849415,100,64,22
