Distance,Tx Power,Bandwidth,Subband BW,Subband Offset
7482.575127,58.541451,75,6,23
1925.324257,20.621185,75,6,23
8622.983183,46.514467,75,6,23
3535.907113,23.686712,75,6,23
1303.211470,38.441128,75,6,23
9364.438006,48.795214,75,6,23
5616.427908,52.481278,75,6,23
