Distance,Tx Power,Bandwidth,Subband BW,Subband Offset
1632.789763,59.537387,75,29,17
7231.822285,42.698416,75,29,17
7690.735809,41.391987,75,29,17
2123.500076,22.598326,75,29,17
3808.208472,50.393866,75,29,17
2739.480634,40.006397,75,29,17
4040.103895,57.345757,75,29,17
