Distance,Tx Power,Bandwidth,Subband BW,Subband Offset
5656.439689,17.665319,15,7,8
6031.777346,33.835639,15,7,8
5808.476801,26.701952,15,7,8
3288.693222,52.473427,15,7,8
4341.005355,42.967940,15,7,8
7662.593495,19.817224,15,7,8
4943.945551,53.478642,15,7,8
