Distance,Tx Power,Bandwidth,Subband BW,Subband Offset
3736.108710,46.088194,75,29,6
5440.065354,50.391893,75,29,6
5701.597552,58.610925,75,29,6
3763.218835,53.204490,75,29,6
3029.289428,20.158833,75,29,6
834.959873,21.948586,75,29,6
5988.241537,28.905433,75,29,6
