Distance,Tx Power,Bandwidth,Subband BW,Subband Offset
2717.199280,49.927120,25,20,1
7764.985406,59.434208,25,20,1
9751.964586,56.668514,25,20,1
8137.522941,15.708403,25,20,1
6537.189173,41.688225,25,20,1
1831.588380,16.215874,25,20,1
5965.040523,49.884144,25,20,1
