Distance,Tx Power,Bandwidth,Subband BW,Subband Offset
9068.405799,58.830449,75,24,31
4811.107791,17.668429,75,24,31
1578.112596,26.096945,75,24,31
3943.669946,36.106661,75,24,31
7227.195584,18.682864,75,24,31
7231.762439,29.073799,75,24,31
946.177715,49.911127,75,24,31
