Distance,Tx Power,Bandwidth,Subband BW,Subband Offset
747.326024,52.508993,25,9,4
6020.658578,22.122450,25,9,4
1477.896085,17.152384,25,9,4
533.820084,18.823514,25,9,4
2674.843459,55.648084,25,9,4
6184.022981,19.095167,25,9,4
1041.797731,19.977520,25,9,4
