Distance,Tx Power,Bandwidth,Subband BW,Subband Offset
6220.573985,23.591605,100,8,77
3712.269599,57.155539,100,8,77
3598.151772,15.018424,100,8,77
9083.724996,18.677180,100,8,77
3815.791623,24.990773,100,8,77
8581.537491,23.241515,100,8,77
6978.736709,32.450842,100,8,77
