Distance,Tx Power,Bandwidth,Subband BW,Subband Offset
6330.552725,17.912676,50,36,10
7195.555701,53.054197,50,36,10
6456.587908,37.264755,50,36,10
8085.905385,15.154240,50,36,10
1606.039558,35.848015,50,36,10
2638.553023,36.445347,50,36,10
5038.806573,28.287213,50,36,10
