Distance,Tx Power,Bandwidth,Subband BW,Subband Offset
8428.460678,43.149652,100,74,1
628.983663,31.013477,100,74,1
5562.934307,49.959868,100,74,1
2222.763520,18.526255,100,74,1
7182.791078,36.334160,100,74,1
5393.411193,25.072668,100,74,1
872.526394,19.200353,100,74,1
