Distance,Tx Power,Bandwidth,Subband BW,Subband Offset
3760.313591,19.526039,25,15,1
7717.247214,51.064976,25,15,1
2221.603536,48.101505,25,15,1
3644.689782,31.627879,25,15,1
1459.213246,24.701593,25,15,1
8937.969570,33.202561,25,15,1
8222.564241,49.058994,25,15,1
