Distance,Tx Power,Bandwidth,Subband BW,Subband Offset
100.414460,23.307844,25,7,12
5024.142509,22.373885,25,7,12
8675.121949,15.883772,25,7,12
5691.122331,44.857569,25,7,12
6737.478953,53.216178,25,7,12
7196.890175,18.388122,25,7,12
767.656037,20.151886,25,7,12
