Distance,Tx Power,Bandwidth,Subband BW,Subband Offset
2219.416792,46.532796,50,20,27
5092.829403,25.105831,50,20,27
722.307054,25.077293,50,20,27
564.851761,28.849121,50,20,27
1790.972897,42.835316,50,20,27
7747.093226,56.030600,50,20,27
8929.622600,53.124628,50,20,27
