Distance,Tx Power,Bandwidth,Subband BW,Subband Offset
6468.666498,56.618088,50,25,4
2671.723668,50.058346,50,25,4
5579.102408,58.989496,50,25,4
9289.695191,52.560666,50,25,4
9772.833466,50.047100,50,25,4
9333.933766,19.386414,50,25,4
2769.577919,18.337992,50,25,4
