Distance,Tx Power,Bandwidth,Subband BW,Subband Offset
3502.836944,58.402981,50,7,23
1954.268753,26.226134,50,7,23
6366.903220,41.752617,50,7,23
3404.300857,32.284805,50,7,23
2132.305330,57.723522,50,7,23
6847.583327,46.905261,50,7,23
3778.955626,34.997247,50,7,23
