Distance,Tx Power,Bandwidth,Subband BW,Subband Offset
4764.163226,58.078248,100,27,42
890.331036,57.404016,100,27,42
8396.486248,40.714588,100,27,42
5587.180969,17.682892,100,27,42
3944.323642,42.976126,100,27,42
6838.519722,42.897041,100,27,42
6199.578826,59.841938,100,27,42
