Distance,Tx Power,Bandwidth,Subband BW,Subband Offset
3208.497471,40.313645,25,12,0
9081.654560,48.446834,25,12,0
5808.730961,39.350669,25,12,0
8142.088368,18.851375,25,12,0
831.070860,55.263132,25,12,0
9369.535218,44.800123,25,12,0
5796.268886,52.551799,25,12,0
