Distance,Tx Power,Bandwidth,Subband BW,Subband Offset
1180.720635,22.955765,50,26,24
1906.001953,37.781376,50,26,24
5441.869531,16.219797,50,26,24
5448.350539,37.869739,50,26,24
9178.154021,59.229613,50,26,24
9042.255316,21.456804,50,26,24
9818.434792,50.345091,50,26,24
