Distance,Tx Power,Bandwidth,Subband BW,Subband Offset
2111.421651,46.786031,50,19,29
1304.240102,47.806812,50,19,29
649.292169,48.139788,50,19,29
6211.612260,31.856237,50,19,29
8570.238199,16.289942,50,19,29
1017.024975,25.535156,50,19,29
1417.274482,48.959717,50,19,29
