Distance,Tx Power,Bandwidth,Subband BW,Subband Offset
6878.832073,15.033065,100,21,78
4725.624680,32.401993,100,21,78
5643.972720,41.024720,100,21,78
2455.020528,19.406218,100,21,78
5655.312983,45.391655,100,21,78
2743.567250,51.320333,100,21,78
9413.817368,34.221392,100,21,78
