Distance,Tx Power,Bandwidth,Subband BW,Subband Offset
4773.938084,59.549029,15,6,3
4004.168686,58.429587,15,6,3
322.567189,15.715112,15,6,3
7269.203734,35.068529,15,6,3
5620.765682,27.916764,15,6,3
5144.879666,40.103637,15,6,3
3432.279802,29.199787,15,6,3
