Distance,Tx Power,Bandwidth,Subband BW,Subband Offset
7363.967805,15.268295,25,14,9
8145.371193,29.991389,25,14,9
1937.237847,39.914582,25,14,9
6714.024995,56.971033,25,14,9
1024.333464,57.088792,25,14,9
7875.243305,39.234162,25,14,9
4759.818425,55.625093,25,14,9
