Distance,Tx Power,Bandwidth,Subband BW,Subband Offset
1568.774326,46.179903,100,18,28
184.389282,51.693730,100,18,28
6977.830040,53.977964,100,18,28
3067.549753,27.678553,100,18,28
8675.499318,22.558229,100,18,28
5394.953564,19.830500,100,18,28
8409.915771,33.594955,100,18,28
