Distance,Tx Power,Bandwidth,Subband BW,Subband Offset
9594.031613,23.106907,50,31,1
6505.097086,24.566369,50,31,1
2714.639689,47.393879,50,31,1
6909.304353,33.488951,50,31,1
6595.764124,56.105544,50,31,1
4549.940113,30.104077,50,31,1
2148.758020,55.224307,50,31,1
