Distance,Tx Power,Bandwidth,Subband BW,Subband Offset
4584.173666,35.985186,15,6,4
1777.463163,18.718042,15,6,4
5881.440739,38.690417,15,6,4
8745.835411,45.964955,15,6,4
3555.633420,18.703058,15,6,4
4999.650984,46.198493,15,6,4
3720.239997,25.385219,15,6,4
