Distance,Tx Power,Bandwidth,Subband BW,Subband Offset
7201.412677,29.206182,50,23,8
917.732260,25.418021,50,23,8
7270.803894,50.486844,50,23,8
3157.932824,40.251727,50,23,8
6940.965797,16.524195,50,23,8
6075.952848,38.386791,50,23,8
9634.331990,23.022334,50,23,8
