Distance,Tx Power,Bandwidth,Subband BW,Subband Offset
7784.678476,48.872949,25,6,16
3119.235219,29.359008,25,6,16
6421.977025,32.382326,25,6,16
1947.485252,20.956742,25,6,16
684.972566,31.874140,25,6,16
602.233682,30.958239,25,6,16
4600.200097,18.963587,25,6,16
