Distance,Tx Power,Bandwidth,Subband BW,Subband Offset
7118.817174,24.318270,100,29,42
869.379142,43.743007,100,29,42
8229.559079,18.942835,100,29,42
2011.493762,37.928996,100,29,42
9572.490978,54.779491,100,29,42
7800.141791,21.370416,100,29,42
9579.450057,56.654527,100,29,42
