Distance,Tx Power,Bandwidth,Subband BW,Subband Offset
9808.484163,17.231800,75,9,64
6637.072574,37.842198,75,9,64
5740.719195,37.958679,75,9,64
3005.833196,42.847045,75,9,64
2646.964309,17.262971,75,9,64
719.688394,59.116332,75,9,64
2891.511787,50.621023,75,9,64
