Distance,Tx Power,Bandwidth,Subband BW,Subband Offset
1242.121640,33.086304,25,9,11
9092.709255,15.958857,25,9,11
9614.437429,45.294341,25,9,11
2790.373015,30.352860,25,9,11
4600.922919,59.924397,25,9,11
1030.645457,49.413728,25,9,11
7803.021650,44.152482,25,9,11
