Distance,Tx Power,Bandwidth,Subband BW,Subband Offset
5342.020613,17.886524,15,8,2
7833.180455,33.150341,15,8,2
5617.575234,37.228984,15,8,2
5935.756765,35.789781,15,8,2
9542.799483,34.291780,15,8,2
7219.622084,18.814017,15,8,2
9443.682173,24.624786,15,8,2
