Distance,Tx Power,Bandwidth,Subband BW,Subband Offset
8315.015842,39.944085,50,31,8
3511.257636,39.407588,50,31,8
8394.690094,42.838213,50,31,8
6116.989430,46.521162,50,31,8
9913.336939,39.469554,50,31,8
9183.439817,46.018556,50,31,8
4495.551359,16.420936,50,31,8
