Distance,Tx Power,Bandwidth,Subband BW,Subband Offset
5207.601874,56.339870,25,19,6
1086.420606,22.759950,25,19,6
3760.858117,50.200116,25,19,6
8446.906422,33.330941,25,19,6
2231.063045,49.685133,25,19,6
1928.378584,31.997532,25,19,6
7302.501434,50.104265,25,19,6
