Distance,Tx Power,Bandwidth,Subband BW,Subband Offset
8765.177946,44.792648,50,24,16
1424.197886,52.623974,50,24,16
9956.365858,40.098065,50,24,16
4827.660036,25.029988,50,24,16
9511.750589,56.818013,50,24,16
1409.267594,23.020731,50,24,16
2647.033961,37.756406,50,24,16
