Distance,Tx Power,Bandwidth,Subband BW,Subband Offset
1029.013225,59.043730,75,33,32
8470.424031,39.677296,75,33,32
1789.930073,57.236999,75,33,32
5187.399425,59.737606,75,33,32
3485.984623,33.598827,75,33,32
5443.070477,24.211706,75,33,32
1855.562881,53.948154,75,33,32
