Distance,Tx Power,Bandwidth,Subband BW,Subband Offset
3490.716386,46.845534,25,19,2
5253.809740,17.614207,25,19,2
1141.723509,39.193888,25,19,2
9548.980711,32.934879,25,19,2
308.156338,28.933577,25,19,2
6818.610442,30.924419,25,19,2
6582.154225,22.848812,25,19,2
