Distance,Tx Power,Bandwidth,Subband BW,Subband Offset
7089.868324,53.037680,25,13,0
1625.010402,53.482715,25,13,0
5877.623908,42.096608,25,13,0
1445.166659,41.611415,25,13,0
4542.549602,21.041836,25,13,0
4102.529088,37.661300,25,13,0
1439.396389,58.959448,25,13,0
