Distance,Tx Power,Bandwidth,Subband BW,Subband Offset
8839.055510,50.482369,50,33,12
9498.679751,54.108846,50,33,12
2037.697950,25.963616,50,33,12
6279.675829,30.610782,50,33,12
7771.358251,22.136019,50,33,12
5242.030926,52.576752,50,33,12
3519.854697,56.985962,50,33,12
