Distance,Tx Power,Bandwidth,Subband BW,Subband Offset
6876.214608,19.297403,75,33,7
785.668700,20.578234,75,33,7
1572.735444,33.261292,75,33,7
5625.733490,52.311546,75,33,7
3187.182706,38.834091,75,33,7
9839.260241,56.419140,75,33,7
6119.436333,30.964884,75,33,7
