Distance,Tx Power,Bandwidth,Subband BW,Subband Offset
9243.646520,41.673506,50,7,27
5615.257638,45.158236,50,7,27
7096.632027,24.002981,50,7,27
7382.264627,57.120223,50,7,27
5405.706173,18.246901,50,7,27
9490.368636,29.249642,50,7,27
2545.050653,32.099400,50,7,27
