Distance,Tx Power,Bandwidth,Subband BW,Subband Offset
4886.437659,58.244854,75,25,13
9749.648531,36.640950,75,25,13
9994.080363,27.241000,75,25,13
5291.065017,25.062345,75,25,13
6985.398687,57.540625,75,25,13
3454.990237,28.802887,75,25,13
4964.573670,53.978580,75,25,13
