Distance,Tx Power,Bandwidth,Subband BW,Subband Offset
1568.931095,20.526498,75,34,11
3330.924031,53.972805,75,34,11
2965.718515,48.577167,75,34,11
5971.637784,49.032981,75,34,11
1152.974322,15.404968,75,34,11
6722.487563,15.680264,75,34,11
8847.050433,45.427256,75,34,11
