Distance,Tx Power,Bandwidth,Subband BW,Subband Offset
4104.940188,27.137906,15,8,2
4905.064312,23.430815,15,8,2
8064.663718,16.252013,15,8,2
6578.086929,50.127247,15,8,2
2273.007887,38.978929,15,8,2
372.610055,50.688510,15,8,2
9703.058695,40.544981,15,8,2
