Distance,Tx Power,Bandwidth,Subband BW,Subband Offset
4272.864866,40.318451,100,34,47
297.213370,45.455511,100,34,47
8024.237331,40.571121,100,34,47
2600.120446,18.634399,100,34,47
3981.478353,27.219354,100,34,47
9879.999900,34.431370,100,34,47
8941.383520,54.542713,100,34,47
