Distance,Tx Power,Bandwidth,Subband BW,Subband Offset
2123.580359,30.906166,15,7,4
5878.894109,55.056669,15,7,4
3058.006926,30.191683,15,7,4
4722.345819,22.072247,15,7,4
1886.273055,34.343284,15,7,4
5427.723582,16.790791,15,7,4
6109.278763,38.392754,15,7,4
