Distance,Tx Power,Bandwidth,Subband BW,Subband Offset
3001.211466,51.267887,50,18,16
6291.836109,16.671144,50,18,16
4453.319178,37.131411,50,18,16
411.740292,42.480728,50,18,16
5190.787728,42.599924,50,18,16
6240.670721,38.020859,50,18,16
1616.711777,25.090503,50,18,16
