Distance,Tx Power,Bandwidth,Subband BW,Subband Offset
3383.605827,51.868119,25,11,7
4902.754040,49.348191,25,11,7
1975.783306,48.390697,25,11,7
2518.969071,40.229869,25,11,7
2055.694762,37.638506,25,11,7
8814.469118,23.301977,25,11,7
6452.244485,29.110255,25,11,7
