Distance,Tx Power,Bandwidth,Subband BW,Subband Offset
2153.202193,17.202168,15,6,4
4498.022790,38.803582,15,6,4
6965.129232,43.887863,15,6,4
4835.730007,35.518609,15,6,4
8439.892499,43.039088,15,6,4
4921.190901,52.300711,15,6,4
3339.707433,29.182158,15,6,4
