Distance,Tx Power,Bandwidth,Subband BW,Subband Offset
1958.182024,43.635265,25,10,11
6810.902549,51.282749,25,10,11
7103.223731,18.918896,25,10,11
2597.562557,53.329082,25,10,11
8161.774172,26.459076,25,10,11
1878.847507,47.112850,25,10,11
7412.196548,21.911108,25,10,11
