Distance,Tx Power,Bandwidth,Subband BW,Subband Offset
451.634874,30.650811,75,60,9
6257.211022,54.015864,75,60,9
5518.601171,19.845850,75,60,9
1103.837906,42.191611,75,60,9
5930.367227,32.068874,75,60,9
4479.218051,30.356545,75,60,9
2231.420738,25.397721,75,60,9
