Distance,Tx Power,Bandwidth,Subband BW,Subband Offset
2474.707115,41.217596,75,22,23
3616.983206,49.430708,75,22,23
9023.640018,25.688442,75,22,23
3153.177978,29.667088,75,22,23
7217.279041,31.626993,75,22,23
2259.057674,46.971273,75,22,23
8373.372507,50.079143,75,22,23
