Distance,Tx Power,Bandwidth,Subband BW,Subband Offset
1711.383406,53.342549,50,33,4
4506.993381,57.068391,50,33,4
5664.043679,20.283532,50,33,4
6707.118352,46.992433,50,33,4
3808.039014,43.477399,50,33,4
7729.121702,29.642958,50,33,4
1520.079352,59.299633,50,33,4
