Distance,Tx Power,Bandwidth,Subband BW,Subband Offset
7063.798625,40.878751,15,8,2
9132.000426,59.353324,15,8,2
5975.957842,57.138530,15,8,2
4681.075475,45.257010,15,8,2
8847.407669,55.693098,15,8,2
9670.818847,43.165877,15,8,2
9641.343529,39.264930,15,8,2
