Distance,Tx Power,Bandwidth,Subband BW,Subband Offset
7307.550523,41.649492,75,14,13
1452.995842,45.584693,75,14,13
6184.951275,32.338816,75,14,13
1969.666424,50.808267,75,14,13
4423.751494,17.807969,75,14,13
5504.520626,56.941782,75,14,13
5757.817542,35.332037,75,14,13
