Distance,Tx Power,Bandwidth,Subband BW,Subband Offset
1274.137776,18.840217,50,37,7
7371.709220,46.596255,50,37,7
8528.191938,15.065226,50,37,7
4854.905126,15.129248,50,37,7
4262.126043,58.066566,50,37,7
6941.380064,44.298838,50,37,7
765.886114,54.766186,50,37,7
