Distance,Tx Power,Bandwidth,Subband BW,Subband Offset
3749.884525,58.043469,100,13,87
2820.615847,56.174886,100,13,87
6089.712656,33.074710,100,13,87
760.684832,49.916695,100,13,87
2398.210315,45.586917,100,13,87
6159.054188,38.266006,100,13,87
2415.454529,37.113960,100,13,87
