Distance,Tx Power,Bandwidth,Subband BW,Subband Offset
7188.214554,50.704610,15,14,1
1382.742732,50.872144,15,14,1
3469.225544,59.739350,15,14,1
6331.971964,35.532012,15,14,1
7932.810461,50.074966,15,14,1
1372.329978,44.974361,15,14,1
645.182234,54.560136,15,14,1
