Distance,Tx Power,Bandwidth,Subband BW,Subband Offset
1344.474037,38.507499,50,15,1
2885.124718,48.092014,50,15,1
469.904365,18.589399,50,15,1
6197.736987,57.248859,50,15,1
674.597600,58.460818,50,15,1
7109.053507,15.523124,50,15,1
5953.653787,24.882854,50,15,1
