Distance,Tx Power,Bandwidth,Subband BW,Subband Offset
8465.808414,48.247281,25,17,1
8581.755958,16.219105,25,17,1
8064.741764,25.731974,25,17,1
5536.929573,39.036514,25,17,1
5195.766745,47.254268,25,17,1
9843.849457,45.303621,25,17,1
4603.812494,52.766402,25,17,1
