Distance,Tx Power,Bandwidth,Subband BW,Subband Offset
6175.083626,16.046342,25,8,16
1412.401622,41.592034,25,8,16
5578.596367,57.436730,25,8,16
4504.549321,41.779245,25,8,16
558.181498,49.303952,25,8,16
4297.807444,32.011274,25,8,16
1842.379714,17.863371,25,8,16
