Distance,Tx Power,Bandwidth,Subband BW,Subband Offset
3716.002521,56.613985,25,9,15
3589.508007,47.341179,25,9,15
1718.868362,50.958207,25,9,15
565.341678,52.454468,25,9,15
4934.814171,46.520696,25,9,15
5452.343860,53.812222,25,9,15
9021.474264,28.123269,25,9,15
