Distance,Tx Power,Bandwidth,Subband BW,Subband Offset
6879.279921,24.215393,100,91,6
425.116301,46.318299,100,91,6
3131.081835,35.211059,100,91,6
2796.706091,43.248589,100,91,6
2123.469321,22.983263,100,91,6
5206.725884,49.451311,100,91,6
7837.619825,22.302542,100,91,6
