Distance,Tx Power,Bandwidth,Subband BW,Subband Offset
2264.790715,35.368617,100,54,1
4857.185076,45.870484,100,54,1
1602.016920,36.121893,100,54,1
1383.139094,28.530527,100,54,1
9072.330282,56.476260,100,54,1
1741.013618,34.795342,100,54,1
1062.386515,58.982543,100,54,1
