Distance,Tx Power,Bandwidth,Subband BW,Subband Offset
7672.178257,36.260880,75,48,9
6514.414662,18.954004,75,48,9
5798.708023,16.099054,75,48,9
2107.887936,54.623794,75,48,9
8642.758231,47.098047,75,48,9
8387.013498,58.467175,75,48,9
4358.323239,24.925116,75,48,9
