Distance,Tx Power,Bandwidth,Subband BW,Subband Offset
3855.402876,29.140192,25,15,1
1492.793511,41.247663,25,15,1
2149.104428,30.763102,25,15,1
9561.495705,22.690852,25,15,1
6709.129469,46.686482,25,15,1
2229.242871,15.470751,25,15,1
3312.636880,22.111459,25,15,1
