Distance,Tx Power,Bandwidth,Subband BW,Subband Offset
8970.979287,27.129421,50,33,3
2234.006463,25.765193,50,33,3
9309.442988,35.507709,50,33,3
5462.488913,17.708732,50,33,3
2971.331173,57.624799,50,33,3
4811.792481,15.398221,50,33,3
4140.437999,21.232461,50,33,3
