Distance,Tx Power,Bandwidth,Subband BW,Subband Offset
7776.991661,53.088858,100,7,23
5887.175516,47.831943,100,7,23
4137.111852,22.992478,100,7,23
4741.159793,37.558239,100,7,23
7417.179993,46.792958,100,7,23
2767.712251,44.539668,100,7,23
3955.639986,57.884335,100,7,23
