Distance,Tx Power,Bandwidth,Subband BW,Subband Offset
9423.439739,24.482375,100,10,76
9301.525201,45.383318,100,10,76
5792.949453,57.402696,100,10,76
6871.759503,18.633782,100,10,76
3956.014673,29.432459,100,10,76
8774.705378,43.673385,100,10,76
3679.719961,37.799762,100,10,76
