Distance,Tx Power,Bandwidth,Subband BW,Subband Offset
3099.962113,36.411355,100,26,25
9750.248468,48.287306,100,26,25
5298.364947,35.196983,100,26,25
6967.793498,59.888917,100,26,25
4328.611140,17.468578,100,26,25
1116.365513,38.095174,100,26,25
7931.516263,52.191417,100,26,25
