Distance,Tx Power,Bandwidth,Subband BW,Subband Offset
331.055800,21.424436,25,9,0
1751.239475,46.154214,25,9,0
2147.784461,38.239891,25,9,0
4266.614804,45.818333,25,9,0
5509.960511,56.217709,25,9,0
457.908233,21.978743,25,9,0
2369.342665,46.444971,25,9,0
