Distance,Tx Power,Bandwidth,Subband BW,Subband Offset
4008.536113,31.905410,100,76,8
4537.926203,29.711544,100,76,8
568.648090,55.041443,100,76,8
5198.337514,28.159503,100,76,8
8754.088483,38.094654,100,76,8
4485.601773,27.672526,100,76,8
4906.362397,36.602663,100,76,8
