Distance,Tx Power,Bandwidth,Subband BW,Subband Offset
5977.164337,37.662822,50,22,0
838.946025,25.084875,50,22,0
7659.279940,36.731788,50,22,0
2167.097125,23.342252,50,22,0
4832.034400,37.475802,50,22,0
387.559063,30.044178,50,22,0
1163.573435,33.091375,50,22,0
