Distance,Tx Power,Bandwidth,Subband BW,Subband Offset
3100.677964,54.127358,100,37,0
2636.956353,17.181569,100,37,0
761.119362,32.567785,100,37,0
2757.046885,52.054620,100,37,0
1696.057410,25.361026,100,37,0
9089.385112,34.005743,100,37,0
1462.854167,26.910151,100,37,0
