Distance,Tx Power,Bandwidth,Subband BW,Subband Offset
2775.737018,53.843210,75,47,9
5741.992292,20.475305,75,47,9
3061.439738,28.136452,75,47,9
732.245472,33.941335,75,47,9
2752.465216,21.198187,75,47,9
9369.753330,40.413900,75,47,9
7787.457883,59.492756,75,47,9
