Distance,Tx Power,Bandwidth,Subband BW,Subband Offset
1812.076542,29.361990,75,70,3
9140.693431,53.046242,75,70,3
8866.753768,39.019415,75,70,3
3929.731816,29.105910,75,70,3
852.855160,24.568667,75,70,3
8915.382057,58.547564,75,70,3
5959.900325,30.590692,75,70,3
