Distance,Tx Power,Bandwidth,Subband BW,Subband Offset
9301.117711,25.105122,100,8,17
1387.877956,42.479305,100,8,17
2185.092275,46.250927,100,8,17
2805.933578,38.226805,100,8,17
4301.236434,50.102467,100,8,17
8246.029648,37.893916,100,8,17
189.571119,54.794942,100,8,17
