Distance,Tx Power,Bandwidth,Subband BW,Subband Offset
4050.767751,37.766306,100,28,3
8188.106487,19.922283,100,28,3
3995.816965,45.328331,100,28,3
1465.033425,25.290518,100,28,3
304.713421,22.431952,100,28,3
8628.854323,16.651649,100,28,3
9656.138360,49.814758,100,28,3
