Distance,Tx Power,Bandwidth,Subband BW,Subband Offset
8500.605390,32.628806,15,9,0
207.540520,53.813608,15,9,0
7681.578778,53.837633,15,9,0
2759.192668,29.943329,15,9,0
9865.174974,30.930434,15,9,0
2550.041927,43.577702,15,9,0
6276.064420,18.504239,15,9,0
