Distance,Tx Power,Bandwidth,Subband BW,Subband Offset
2760.059080,44.806003,25,6,13
4649.289481,49.607100,25,6,13
7994.511954,48.325706,25,6,13
3365.647923,17.465611,25,6,13
1300.255609,29.357689,25,6,13
1706.706015,32.174263,25,6,13
6020.326586,42.010265,25,6,13
