Distance,Tx Power,Bandwidth,Subband BW,Subband Offset
4084.431837,18.273238,50,13,32
8252.958818,25.579594,50,13,32
845.183299,45.411312,50,13,32
3638.797871,26.990424,50,13,32
7634.805797,25.512595,50,13,32
9655.101167,54.832414,50,13,32
3612.338516,20.743118,50,13,32
