Distance,Tx Power,Bandwidth,Subband BW,Subband Offset
4531.970328,55.633640,15,11,2
1266.425438,21.242818,15,11,2
4725.433896,17.179004,15,11,2
5758.823678,43.299382,15,11,2
9981.206805,29.480785,15,11,2
2273.178496,23.483298,15,11,2
460.185182,36.508523,15,11,2
