Distance,Tx Power,Bandwidth,Subband BW,Subband Offset
7422.537302,28.433446,15,6,4
8033.724608,40.029186,15,6,4
9561.392027,55.052312,15,6,4
345.721353,24.655942,15,6,4
4730.392828,18.271735,15,6,4
1602.791380,56.843643,15,6,4
8864.453121,43.300685,15,6,4
