Distance,Tx Power,Bandwidth,Subband BW,Subband Offset
230.605133,34.190152,100,7,33
2978.732633,36.129442,100,7,33
231.837960,46.041120,100,7,33
898.308600,30.973007,100,7,33
5980.973935,31.899994,100,7,33
6664.420002,29.345690,100,7,33
1384.961187,58.363018,100,7,33
