Distance,Tx Power,Bandwidth,Subband BW,Subband Offset
8104.754696,56.191947,50,27,9
3500.434068,51.246262,50,27,9
7432.868435,55.856823,50,27,9
5491.089056,19.518571,50,27,9
3119.866549,25.899654,50,27,9
8346.839454,49.244674,50,27,9
930.518000,39.229626,50,27,9
