Distance,Tx Power,Bandwidth,Subband BW,Subband Offset
1266.204206,43.342850,15,6,6
6167.669691,28.298686,15,6,6
5022.101241,20.601195,15,6,6
4299.692933,28.335996,15,6,6
9301.218331,54.312631,15,6,6
6535.815964,17.238864,15,6,6
9932.904636,24.783528,15,6,6
