Distance,Tx Power,Bandwidth,Subband BW,Subband Offset
3515.003314,45.714883,25,9,0
3314.831535,45.676482,25,9,0
4092.930223,27.849168,25,9,0
1471.356702,51.670999,25,9,0
8107.188735,50.172163,25,9,0
7068.275619,41.683387,25,9,0
6602.167829,52.991278,25,9,0
