Distance,Tx Power,Bandwidth,Subband BW,Subband Offset
2074.144020,24.770129,75,9,54
649.503468,26.959890,75,9,54
2333.350728,52.731739,75,9,54
7206.313505,27.362448,75,9,54
6994.543749,35.563401,75,9,54
1149.885243,33.249178,75,9,54
3375.081172,48.382503,75,9,54
