Distance,Tx Power,Bandwidth,Subband BW,Subband Offset
9142.758374,56.987922,100,48,17
5146.313551,24.897432,100,48,17
4007.919694,30.213831,100,48,17
8569.802699,26.551929,100,48,17
8499.651416,58.958914,100,48,17
619.400115,24.686149,100,48,17
9915.780218,45.484672,100,48,17
