Distance,Tx Power,Bandwidth,Subband BW,Subband Offset
7626.849610,53.691710,100,82,15
573.369042,36.325742,100,82,15
9908.557514,20.025707,100,82,15
9076.929205,48.021647,100,82,15
6023.651567,31.384299,100,82,15
2661.670385,24.083885,100,82,15
2596.124351,32.724738,100,82,15
