Distance,Tx Power,Bandwidth,Subband BW,Subband Offset
772.200881,36.191302,100,18,55
3580.151639,59.606084,100,18,55
2410.814616,19.966755,100,18,55
4390.420010,16.810144,100,18,55
5129.853619,17.767829,100,18,55
4709.884625,22.510037,100,18,55
2193.643995,19.606535,100,18,55
