Distance,Tx Power,Bandwidth,Subband BW,Subband Offset
2907.391687,42.695298,25,12,12
3639.955390,50.725928,25,12,12
2645.727436,32.948160,25,12,12
7688.965927,21.202977,25,12,12
3328.949934,58.211206,25,12,12
6190.868442,29.717987,25,12,12
1243.242064,55.426698,25,12,12
