Distance,Tx Power,Bandwidth,Subband BW,Subband Offset
1251.644723,18.209321,15,6,5
9234.569402,49.916871,15,6,5
8770.147937,30.040137,15,6,5
9721.166266,47.724376,15,6,5
5345.000348,16.410981,15,6,5
3185.464471,53.547371,15,6,5
3311.076087,25.079700,15,6,5
