Distance,Tx Power,Bandwidth,Subband BW,Subband Offset
3266.643375,44.892807,25,11,14
8967.091431,17.612722,25,11,14
6489.202793,20.441942,25,11,14
1177.532587,38.485481,25,11,14
4070.642191,42.321701,25,11,14
8555.990862,20.949225,25,11,14
2854.725248,25.998561,25,11,14
