Distance,Tx Power,Bandwidth,Subband BW,Subband Offset
5048.102495,41.739832,50,17,31
4940.088050,15.405502,50,17,31
2401.333419,31.206244,50,17,31
2211.706431,33.986348,50,17,31
968.928115,25.963457,50,17,31
8380.903782,53.394214,50,17,31
3205.173632,54.060795,50,17,31
