Distance,Tx Power,Bandwidth,Subband BW,Subband Offset
966.882662,25.738013,75,10,59
9545.360078,17.937428,75,10,59
3391.937179,59.267245,75,10,59
8860.435784,58.999806,75,10,59
1883.994613,51.003191,75,10,59
3535.640476,50.363261,75,10,59
9786.184684,48.493216,75,10,59
