Distance,Tx Power,Bandwidth,Subband BW,Subband Offset
6686.188937,33.550035,15,7,7
2481.244243,35.621828,15,7,7
4429.642626,57.995940,15,7,7
8172.196079,25.951771,15,7,7
2672.384176,46.423068,15,7,7
6259.787761,51.143346,15,7,7
3968.113187,19.695629,15,7,7
