Distance,Tx Power,Bandwidth,Subband BW,Subband Offset
6963.711627,37.799257,15,9,4
8352.868722,59.214331,15,9,4
9062.118753,46.875771,15,9,4
6284.379548,16.563458,15,9,4
6164.391014,34.257703,15,9,4
8178.087879,20.686678,15,9,4
3186.118218,41.998143,15,9,4
