Distance,Tx Power,Bandwidth,Subband BW,Subband Offset
5962.040088,49.865821,100,15,27
3470.819866,32.065348,100,15,27
4075.010263,33.146752,100,15,27
6632.660840,23.010683,100,15,27
8607.373323,34.672663,100,15,27
8740.126022,37.715702,100,15,27
1752.282244,34.057160,100,15,27
