Distance,Tx Power,Bandwidth,Subband BW,Subband Offset
3006.343796,41.902598,50,10,17
9879.324385,43.073647,50,10,17
5597.610956,58.428188,50,10,17
5672.922837,41.071787,50,10,17
1914.805770,20.417863,50,10,17
1319.495048,16.845756,50,10,17
394.901107,46.757407,50,10,17
