Distance,Tx Power,Bandwidth,Subband BW,Subband Offset
9594.808546,32.597963,75,21,12
9404.562945,27.879020,75,21,12
8329.829851,50.079656,75,21,12
5969.625864,46.582181,75,21,12
5714.746636,39.970839,75,21,12
6846.973021,30.196135,75,21,12
6723.186396,25.435299,75,21,12
