Distance,Tx Power,Bandwidth,Subband BW,Subband Offset
5752.203729,43.382088,75,36,34
1635.858441,16.860556,75,36,34
3542.765429,26.043318,75,36,34
7169.166424,55.624677,75,36,34
9345.701505,50.060331,75,36,34
7602.363595,18.787480,75,36,34
4135.892139,21.088836,75,36,34
