Distance,Tx Power,Bandwidth,Subband BW,Subband Offset
9173.988319,51.058954,50,26,13
2680.181676,45.788768,50,26,13
7477.853834,21.524907,50,26,13
416.023046,35.558193,50,26,13
7595.883603,16.728871,50,26,13
218.553883,22.138515,50,26,13
5279.026658,52.351734,50,26,13
