Distance,Tx Power,Bandwidth,Subband BW,Subband Offset
2732.538107,49.441052,75,8,24
5984.762029,52.941317,75,8,24
8352.697450,52.253043,75,8,24
3493.518061,56.978713,75,8,24
9270.311174,32.875868,75,8,24
7826.871034,22.498759,75,8,24
9649.495482,44.627667,75,8,24
