Distance,Tx Power,Bandwidth,Subband BW,Subband Offset
1584.609095,40.096499,15,13,0
1292.151558,59.038258,15,13,0
1152.147657,20.272907,15,13,0
979.647366,38.703246,15,13,0
7349.801256,33.321244,15,13,0
8914.866779,56.274320,15,13,0
394.273184,57.038640,15,13,0
