Distance,Tx Power,Bandwidth,Subband BW,Subband Offset
6228.730490,43.266904,100,27,14
7358.094056,46.832728,100,27,14
353.108631,43.706150,100,27,14
4638.326279,27.705530,100,27,14
6432.644073,50.382824,100,27,14
7000.427455,59.722331,100,27,14
9033.870481,22.474005,100,27,14
