Distance,Tx Power,Bandwidth,Subband BW,Subband Offset
1187.135746,46.046110,75,14,17
3533.312036,27.296820,75,14,17
7864.172649,20.308895,75,14,17
9734.293531,32.678208,75,14,17
4768.672348,53.266837,75,14,17
6354.917522,29.478977,75,14,17
6651.602562,38.781107,75,14,17
