Distance,Tx Power,Bandwidth,Subband BW,Subband Offset
2979.475987,22.321735,75,63,0
5202.840227,45.773489,75,63,0
6751.888745,42.927491,75,63,0
2737.182564,50.286017,75,63,0
7054.721398,16.632358,75,63,0
5238.811874,52.898979,75,63,0
7104.233485,21.520509,75,63,0
