Distance,Tx Power,Bandwidth,Subband BW,Subband Offset
1637.723009,54.813028,50,24,17
3976.783992,46.173877,50,24,17
677.376042,17.688207,50,24,17
4051.996971,21.992465,50,24,17
8831.397196,46.803163,50,24,17
3631.519246,22.088399,50,24,17
5532.280336,54.685153,50,24,17
