Distance,Tx Power,Bandwidth,Subband BW,Subband Offset
7382.670595,20.014370,100,37,63
4879.770216,32.112834,100,37,63
7961.906680,28.467284,100,37,63
7535.381853,59.657767,100,37,63
5470.843865,37.632873,100,37,63
1810.300325,30.435853,100,37,63
341.422331,45.955623,100,37,63
