Distance,Tx Power,Bandwidth,Subband BW,Subband Offset
6194.379485,46.714930,25,6,17
6321.259933,18.462641,25,6,17
1088.653051,52.557498,25,6,17
4524.942010,51.991124,25,6,17
6375.029049,58.247361,25,6,17
5859.407433,42.254129,25,6,17
160.445316,39.234728,25,6,17
