Distance,Tx Power,Bandwidth,Subband BW,Subband Offset
2294.927212,51.429374,100,10,12
1254.623737,34.489895,100,10,12
9932.966930,55.404275,100,10,12
4132.348539,47.034587,100,10,12
7132.268386,47.932351,100,10,12
4932.915742,27.874630,100,10,12
7897.400614,38.224647,100,10,12
