Distance,Tx Power,Bandwidth,Subband BW,Subband Offset
8647.874826,40.200932,100,37,13
1638.276272,39.356956,100,37,13
4469.719584,54.389131,100,37,13
2487.036384,45.276605,100,37,13
3702.494070,57.821659,100,37,13
141.354931,35.658659,100,37,13
9934.112979,34.355951,100,37,13
