Distance,Tx Power,Bandwidth,Subband BW,Subband Offset
6787.449622,33.174328,75,9,39
5181.498206,49.348169,75,9,39
2531.721461,43.791300,75,9,39
9919.926345,43.323055,75,9,39
945.183255,40.786177,75,9,39
7481.276715,44.909116,75,9,39
2083.954344,34.624449,75,9,39
