Distance,Tx Power,Bandwidth,Subband BW,Subband Offset
7781.308605,58.594323,50,29,11
7158.907181,17.139905,50,29,11
8508.156471,56.208901,50,29,11
4379.332139,28.521497,50,29,11
5141.167138,52.597280,50,29,11
5295.587532,25.288463,50,29,11
3284.731029,50.866751,50,29,11
