Distance,Tx Power,Bandwidth,Subband BW,Subband Offset
4591.557402,42.400043,100,55,0
4086.333678,33.640366,100,55,0
7972.803164,19.383299,100,55,0
7322.979396,43.433934,100,55,0
5869.629471,30.438666,100,55,0
7193.176497,56.254692,100,55,0
2472.523550,26.830598,100,55,0
