Distance,Tx Power,Bandwidth,Subband BW,Subband Offset
1800.629078,42.848097,100,33,19
6173.041405,51.841897,100,33,19
9677.533723,24.601861,100,33,19
1472.068402,44.424810,100,33,19
2887.143576,46.621123,100,33,19
6933.831660,23.581938,100,33,19
4337.260395,51.154447,100,33,19
