Distance,Tx Power,Bandwidth,Subband BW,Subband Offset
7122.213815,34.303954,100,14,41
353.492235,57.835137,100,14,41
641.779179,46.158786,100,14,41
6246.044991,37.798682,100,14,41
7966.458890,16.224301,100,14,41
1607.075372,18.561458,100,14,41
