Distance,Tx Power,Bandwidth,Subband BW,Subband Offset
4074.110578,48.683930,25,15,6
146.323887,23.173442,25,15,6
7372.399442,36.871733,25,15,6
2957.326804,46.769974,25,15,6
7539.013638,18.104313,25,15,6
3118.362534,21.541985,25,15,6
