Distance,Tx Power,Bandwidth,Subband BW,Subband Offset
9199.900799,31.614512,15,6,2
7560.166323,18.742547,15,6,2
488.693519,15.400532,15,6,2
8831.297692,38.674839,15,6,2
4811.599982,55.465515,15,6,2
8570.904967,59.118449,15,6,2
