Distance,Tx Power,Bandwidth,Subband BW,Subband Offset
4471.764294,41.134474,100,79,19
7687.416404,20.157262,100,79,19
3938.514802,55.820620,100,79,19
7386.861061,53.902081,100,79,19
8699.069100,59.154226,100,79,19
3788.099555,36.724357,100,79,19
