Distance,Tx Power,Bandwidth,Subband BW,Subband Offset
1763.541902,39.312207,50,15,24
2062.792782,20.258335,50,15,24
9077.676617,26.751095,50,15,24
4043.380287,56.420854,50,15,24
4945.615918,24.346196,50,15,24
1648.305638,40.310219,50,15,24
