Distance,Tx Power,Bandwidth,Subband BW,Subband Offset
8401.628523,53.972603,15,14,1
3683.594125,57.348584,15,14,1
3127.738897,55.937477,15,14,1
4800.864156,40.726056,15,14,1
3464.214469,52.428097,15,14,1
3111.098272,34.937832,15,14,1
