Distance,Tx Power,Bandwidth,Subband BW,Subband Offset
1192.950896,48.780716,75,24,46
5497.337253,35.124790,75,24,46
3391.809832,21.051910,75,24,46
6188.736772,59.486301,75,24,46
9759.613970,44.007109,75,24,46
4546.850412,49.073172,75,24,46
