Distance,Tx Power,Bandwidth,Subband BW,Subband Offset
7001.485051,46.440468,50,11,15
6568.792520,20.096370,50,11,15
6860.850303,37.063793,50,11,15
5410.893997,41.856360,50,11,15
9439.744848,52.933457,50,11,15
8355.440685,33.911404,50,11,15
