Distance,Tx Power,Bandwidth,Subband BW,Subband Offset
7745.152712,42.480135,100,17,66
6909.792410,52.551170,100,17,66
1286.408583,35.688113,100,17,66
7771.785853,51.343330,100,17,66
4112.909148,49.360499,100,17,66
6924.395774,22.622150,100,17,66
