Distance,Tx Power,Bandwidth,Subband BW,Subband Offset
3324.021210,17.580390,15,8,4
6864.693474,20.998615,15,8,4
7374.243093,37.815801,15,8,4
3264.204188,23.069326,15,8,4
2429.799351,40.417768,15,8,4
9848.340572,46.876857,15,8,4
