Distance,Tx Power,Bandwidth,Subband BW,Subband Offset
2853.682786,53.597697,50,45,3
3955.201973,59.591765,50,45,3
6631.473882,28.944031,50,45,3
9987.561616,42.774062,50,45,3
8918.616086,57.299485,50,45,3
6788.879651,44.472014,50,45,3
