Distance,Tx Power,Bandwidth,Subband BW,Subband Offset
8722.251504,22.621701,25,10,5
4596.042214,15.455940,25,10,5
1848.212812,38.191862,25,10,5
9818.760598,21.715719,25,10,5
9928.641184,21.361157,25,10,5
1763.013338,16.376804,25,10,5
