Distance,Tx Power,Bandwidth,Subband BW,Subband Offset
2326.743886,25.577010,75,6,56
7872.931355,18.448766,75,6,56
4621.978642,26.287215,75,6,56
9433.695676,19.598104,75,6,56
655.288328,38.700231,75,6,56
1444.294715,56.156437,75,6,56
