Distance,Tx Power,Bandwidth,Subband BW,Subband Offset
8878.902601,48.707077,25,7,3
4132.774848,28.087514,25,7,3
3862.417279,16.019566,25,7,3
8994.099559,27.853152,25,7,3
6766.877209,58.494992,25,7,3
5654.896170,30.829741,25,7,3
