Distance,Tx Power,Bandwidth,Subband BW,Subband Offset
384.210244,27.130443,25,7,9
8639.820364,44.505592,25,7,9
2795.986276,18.489133,25,7,9
8424.321672,38.843833,25,7,9
574.279622,39.645036,25,7,9
2936.273713,15.499070,25,7,9
