Distance,Tx Power,Bandwidth,Subband BW,Subband Offset
8459.770494,36.694122,50,10,23
2069.511631,27.623205,50,10,23
9795.591436,33.988723,50,10,23
7239.036368,39.973740,50,10,23
9929.552120,52.786207,50,10,23
8486.154800,51.225481,50,10,23
