Distance,Tx Power,Bandwidth,Subband BW,Subband Offset
9421.122095,50.802429,25,9,11
4265.135140,31.512687,25,9,11
4947.489922,49.681330,25,9,11
8486.978717,37.311699,25,9,11
5543.593208,25.235326,25,9,11
3406.449087,17.277397,25,9,11
