Distance,Tx Power,Bandwidth,Subband BW,Subband Offset
3559.799800,55.933145,100,11,26
8360.233998,59.690346,100,11,26
3676.028693,43.347243,100,11,26
1863.639043,49.442679,100,11,26
3178.190824,19.946986,100,11,26
7335.824088,36.613785,100,11,26
