Distance,Tx Power,Bandwidth,Subband BW,Subband Offset
1874.160500,50.305795,50,17,5
297.434561,28.419139,50,17,5
5898.382210,19.207136,50,17,5
7622.651698,26.990529,50,17,5
3885.369153,46.714297,50,17,5
7046.741829,27.673320,50,17,5
