Distance,Tx Power,Bandwidth,Subband BW,Subband Offset
7938.309026,37.861521,50,15,0
2389.142110,57.944736,50,15,0
3022.318081,43.264861,50,15,0
7414.570852,39.941236,50,15,0
817.397584,45.173632,50,15,0
5379.731669,35.564497,50,15,0
