Distance,Tx Power,Bandwidth,Subband BW,Subband Offset
9127.679346,16.247011,25,12,12
8934.311010,27.130390,25,12,12
7881.376714,20.458449,25,12,12
7060.286983,51.808282,25,12,12
5478.717184,59.858032,25,12,12
9690.030486,58.872972,25,12,12
