Distance,Tx Power,Bandwidth,Subband BW,Subband Offset
5018.499684,33.768607,25,11,10
6377.347950,45.453667,25,11,10
3183.233473,18.364775,25,11,10
1637.093995,24.447385,25,11,10
4819.692221,52.989995,25,11,10
2165.372014,49.463526,25,11,10
