Distance,Tx Power,Bandwidth,Subband BW,Subband Offset
7422.978394,34.332810,75,6,27
8657.859972,45.105369,75,6,27
3121.529949,53.317410,75,6,27
5899.961550,35.270643,75,6,27
8734.029440,55.419903,75,6,27
1658.248758,51.244934,75,6,27
