Distance,Tx Power,Bandwidth,Subband BW,Subband Offset
3726.448461,25.879063,100,39,55
8857.835477,54.936669,100,39,55
9181.868077,43.293706,100,39,55
6616.618504,41.845280,100,39,55
4946.505165,27.162630,100,39,55
7367.679682,53.895514,100,39,55
