Distance,Tx Power,Bandwidth,Subband BW,Subband Offset
5457.124643,42.835404,75,13,55
2598.359604,24.379872,75,13,55
8783.400963,59.460409,75,13,55
2781.022669,56.404190,75,13,55
657.544399,32.834308,75,13,55
1638.096131,48.720309,75,13,55
