Distance,Tx Power,Bandwidth,Subband BW,Subband Offset
8473.623229,17.610636,25,8,6
1379.738295,54.250795,25,8,6
4363.294859,47.564457,25,8,6
1512.672396,27.846090,25,8,6
568.604710,16.361285,25,8,6
4338.804690,45.198085,25,8,6
