Distance,Tx Power,Bandwidth,Subband BW,Subband Offset
9819.583075,20.915123,15,15,0
337.862341,18.112405,15,15,0
634.327694,35.027142,15,15,0
399.491098,16.442437,15,15,0
2230.612578,33.456378,15,15,0
7244.794026,46.150583,15,15,0
