Distance,Tx Power,Bandwidth,Subband BW,Subband Offset
4744.051755,20.826967,25,9,0
6939.833463,52.510127,25,9,0
6414.228599,42.874859,25,9,0
2744.407652,15.058992,25,9,0
6480.164620,33.656713,25,9,0
2902.319153,22.891604,25,9,0
