Distance,Tx Power,Bandwidth,Subband BW,Subband Offset
3305.174575,23.435666,25,7,7
9468.094561,30.942298,25,7,7
7916.554900,34.528825,25,7,7
7194.810318,18.782767,25,7,7
1768.236012,52.748966,25,7,7
4220.945909,46.110015,25,7,7
