Distance,Tx Power,Bandwidth,Subband BW,Subband Offset
4597.326619,51.991808,50,9,27
1624.686513,28.950500,50,9,27
673.681422,24.682832,50,9,27
2461.383050,30.896969,50,9,27
9249.452340,20.734985,50,9,27
3824.080491,40.542300,50,9,27
