Distance,Tx Power,Bandwidth,Subband BW,Subband Offset
9867.333531,30.652582,25,15,1
9898.218202,24.708009,25,15,1
9912.038420,31.199986,25,15,1
1274.618378,39.591481,25,15,1
7089.023975,22.523584,25,15,1
5411.253553,51.608288,25,15,1
