Distance,Tx Power,Bandwidth,Subband BW,Subband Offset
6202.442749,49.174064,75,26,10
149.298504,35.846996,75,26,10
426.254423,37.919565,75,26,10
9995.717125,34.263011,75,26,10
2276.771804,15.561585,75,26,10
9627.586191,26.417742,75,26,10
