Distance,Tx Power,Bandwidth,Subband BW,Subband Offset
8991.954173,24.463756,15,9,5
9014.470964,54.862918,15,9,5
1454.421815,23.743797,15,9,5
2286.092265,33.421786,15,9,5
2775.662357,56.978850,15,9,5
5451.879038,49.646465,15,9,5
