Distance,Tx Power,Bandwidth,Subband BW,Subband Offset
9022.898920,40.376068,25,12,6
1641.015634,42.672934,25,12,6
1312.633163,15.535015,25,12,6
3727.205444,27.430730,25,12,6
1751.956267,36.731657,25,12,6
7599.573990,27.548417,25,12,6
