Distance,Tx Power,Bandwidth,Subband BW,Subband Offset
1807.109977,36.590718,50,22,5
124.625876,41.994014,50,22,5
2029.281174,50.251403,50,22,5
6574.189302,47.002581,50,22,5
5376.460708,48.347275,50,22,5
6011.363286,39.030838,50,22,5
