Distance,Tx Power,Bandwidth,Subband BW,Subband Offset
5924.412356,54.481859,100,32,35
1256.556428,16.325025,100,32,35
264.565353,55.765478,100,32,35
1627.091065,46.730650,100,32,35
7650.890238,40.180049,100,32,35
750.369102,40.315246,100,32,35
