Distance,Tx Power,Bandwidth,Subband BW,Subband Offset
6080.195315,44.313950,100,12,2
7313.843792,17.958055,100,12,2
3965.643899,34.380192,100,12,2
5333.313962,31.129499,100,12,2
8940.473358,26.574804,100,12,2
8131.703089,53.057164,100,12,2
