Distance,Tx Power,Bandwidth,Subband BW,Subband Offset
8058.188437,51.255252,25,14,8
823.121645,39.953057,25,14,8
5806.018415,26.455272,25,14,8
1087.939426,40.772517,25,14,8
6043.310110,52.491416,25,14,8
5190.349564,22.881636,25,14,8
