Distance,Tx Power,Bandwidth,Subband BW,Subband Offset
5438.613770,47.536405,50,19,0
9240.131285,40.055443,50,19,0
6330.314090,37.985438,50,19,0
1780.033473,20.668264,50,19,0
6171.831850,31.654972,50,19,0
6333.913198,27.106865,50,19,0
