Distance,Tx Power,Bandwidth,Subband BW,Subband Offset
1787.522783,39.233552,75,8,43
8692.042970,56.968389,75,8,43
1220.283644,33.381223,75,8,43
9782.425350,35.394290,75,8,43
7047.425992,53.947176,75,8,43
8461.243367,38.628922,75,8,43
