Distance,Tx Power,Bandwidth,Subband BW,Subband Offset
3462.529480,16.966726,100,48,45
2681.011013,58.975323,100,48,45
541.741404,55.797325,100,48,45
4278.465623,23.040986,100,48,45
1622.201875,43.670957,100,48,45
8488.737640,56.294592,100,48,45
