Distance,Tx Power,Bandwidth,Subband BW,Subband Offset
9837.491073,52.003701,100,30,40
4514.896319,52.864404,100,30,40
6677.052805,27.805180,100,30,40
2969.492903,20.349131,100,30,40
3038.001404,26.565719,100,30,40
955.665153,39.298610,100,30,40
