Distance,Tx Power,Bandwidth,Subband BW,Subband Offset
1961.635563,30.580927,15,10,1
1120.777563,35.865598,15,10,1
9098.328053,34.779494,15,10,1
8101.591866,31.355451,15,10,1
9757.023569,29.604539,15,10,1
8116.556746,35.752350,15,10,1
