Distance,Tx Power,Bandwidth,Subband BW,Subband Offset
9626.289227,40.698449,75,6,30
7747.705182,23.695686,75,6,30
4618.722408,25.238067,75,6,30
2848.644182,33.630635,75,6,30
3796.706152,19.156759,75,6,30
6535.707325,31.318997,75,6,30
