Distance,Tx Power,Bandwidth,Subband BW,Subband Offset
3862.972448,51.776200,15,6,9
7751.902608,41.384370,15,6,9
6254.192514,34.167692,15,6,9
5302.254586,43.265924,15,6,9
866.159098,28.988762,15,6,9
1241.263814,27.848465,15,6,9
