Distance,Tx Power,Bandwidth,Subband BW,Subband Offset
5728.009769,35.680574,100,9,56
1358.149417,49.136079,100,9,56
5965.245206,34.388032,100,9,56
4475.403783,49.766470,100,9,56
6266.183489,19.270586,100,9,56
2510.480177,21.559367,100,9,56
