Distance,Tx Power,Bandwidth,Subband BW,Subband Offset
7114.609920,51.895841,50,16,1
419.287929,51.604320,50,16,1
5749.741069,41.441383,50,16,1
1074.404096,38.513473,50,16,1
4339.915421,16.720283,50,16,1
559.513417,15.863404,50,16,1
