Distance,Tx Power,Bandwidth,Subband BW,Subband Offset
451.095976,40.547294,75,18,1
1074.689641,20.181387,75,18,1
4838.836506,32.561943,75,18,1
234.958015,24.350768,75,18,1
4446.889799,23.438178,75,18,1
2431.293578,36.902449,75,18,1
