Distance,Tx Power,Bandwidth,Subband BW,Subband Offset
4434.100298,41.527749,50,30,6
2258.613890,25.049390,50,30,6
9941.383254,46.259223,50,30,6
1907.588748,51.281057,50,30,6
3562.699306,50.427036,50,30,6
2583.101739,31.821729,50,30,6
