Distance,Tx Power,Bandwidth,Subband BW,Subband Offset
5375.988522,48.842980,50,31,3
4597.748144,18.964211,50,31,3
7849.026688,53.862029,50,31,3
1222.537950,25.583624,50,31,3
9510.308751,38.658441,50,31,3
9850.258315,57.224651,50,31,3
