Distance,Tx Power,Bandwidth,Subband BW,Subband Offset
4056.473429,50.006606,100,19,43
3165.549772,47.614300,100,19,43
2739.850603,51.494710,100,19,43
2324.564701,34.485065,100,19,43
7849.133698,23.111293,100,19,43
6735.779030,52.755006,100,19,43
