Distance,Tx Power,Bandwidth,Subband BW,Subband Offset
681.773079,21.032056,75,11,63
8745.346999,27.414977,75,11,63
6164.605914,15.716471,75,11,63
9775.889757,40.245400,75,11,63
3738.961639,20.962426,75,11,63
5964.229042,50.137048,75,11,63
