Distance,Tx Power,Bandwidth,Subband BW,Subband Offset
995.973233,28.957502,25,10,7
4276.700744,22.741923,25,10,7
874.031596,42.098895,25,10,7
4288.410912,27.509929,25,10,7
8998.977388,33.769261,25,10,7
3891.768024,54.596630,25,10,7
