Distance,Tx Power,Bandwidth,Subband BW,Subband Offset
3090.050047,29.112202,75,11,31
2407.295979,39.251213,75,11,31
3035.362196,21.870254,75,11,31
6507.737331,56.463583,75,11,31
6355.437965,40.484388,75,11,31
1193.230904,43.617193,75,11,31
