Distance,Tx Power,Bandwidth,Subband BW,Subband Offset
9928.790157,15.516817,100,88,2
3391.388846,43.605187,100,88,2
5427.017357,50.805069,100,88,2
8483.887588,28.375976,100,88,2
5599.659709,27.830910,100,88,2
8271.106834,31.204444,100,88,2
