Distance,Tx Power,Bandwidth,Subband BW,Subband Offset
7665.207488,51.042970,100,17,41
6547.406040,51.606037,100,17,41
2770.455844,49.495521,100,17,41
6049.822323,28.802488,100,17,41
563.119593,16.030553,100,17,41
342.238203,25.425986,100,17,41
