Distance,Tx Power,Bandwidth,Subband BW,Subband Offset
3054.376951,21.321111,50,42,6
3170.522676,31.585109,50,42,6
3292.565626,24.032015,50,42,6
2823.725210,42.432767,50,42,6
5661.190035,29.763792,50,42,6
1382.749202,28.298258,50,42,6
