Distance,Tx Power,Bandwidth,Subband BW,Subband Offset
3855.936410,34.693311,50,40,0
3113.429815,24.000195,50,40,0
2079.288113,18.385813,50,40,0
494.765465,30.526471,50,40,0
6567.803563,25.650242,50,40,0
6569.841844,43.414535,50,40,0
