Distance,Tx Power,Bandwidth,Subband BW,Subband Offset
4047.096874,58.338381,25,11,11
3248.970947,19.468394,25,11,11
8668.384604,17.936650,25,11,11
877.020179,59.105697,25,11,11
9751.912661,31.461137,25,11,11
1937.919488,17.333737,25,11,11
