Distance,Tx Power,Bandwidth,Subband BW,Subband Offset
1852.084638,42.105431,100,24,60
989.184151,59.623698,100,24,60
7989.467657,38.602418,100,24,60
6810.016703,50.212844,100,24,60
1912.589231,26.494846,100,24,60
1545.143142,48.339682,100,24,60
