Distance,Tx Power,Bandwidth,Subband BW,Subband Offset
4733.816767,36.649571,100,9,91
4908.736806,32.389283,100,9,91
8432.559454,47.352663,100,9,91
6763.579923,32.734715,100,9,91
755.532690,17.728637,100,9,91
1460.601142,27.682155,100,9,91
