Distance,Tx Power,Bandwidth,Subband BW,Subband Offset
7652.115228,29.983145,75,36,7
353.959826,52.690827,75,36,7
5158.978005,24.775643,75,36,7
4090.192950,17.076141,75,36,7
2603.801696,25.396072,75,36,7
495.967891,37.962426,75,36,7
