Distance,Tx Power,Bandwidth,Subband BW,Subband Offset
474.859386,40.496006,100,33,56
2408.397820,35.383850,100,33,56
2619.232663,39.827749,100,33,56
670.743401,36.834591,100,33,56
2956.555294,53.634860,100,33,56
5088.042081,20.665666,100,33,56
