Distance,Tx Power,Bandwidth,Subband BW,Subband Offset
5517.344560,30.768683,50,6,11
4050.397913,21.521258,50,6,11
1069.801263,50.016098,50,6,11
1568.012455,18.568099,50,6,11
4702.424233,26.597832,50,6,11
7810.635575,20.714822,50,6,11
