Distance,Tx Power,Bandwidth,Subband BW,Subband Offset
9022.951545,23.816437,15,6,6
4834.487211,28.881971,15,6,6
6013.205880,25.517319,15,6,6
3018.161353,21.247543,15,6,6
3492.911227,15.527475,15,6,6
8440.556757,22.772218,15,6,6
