Distance,Tx Power,Bandwidth,Subband BW,Subband Offset
3277.025222,44.285456,25,21,2
4261.712303,30.085737,25,21,2
8531.803748,16.417635,25,21,2
4593.414002,27.342376,25,21,2
9914.153119,17.525215,25,21,2
4274.891465,20.436511,25,21,2
