Distance,Tx Power,Bandwidth,Subband BW,Subband Offset
9430.348012,20.895577,75,49,5
3407.349453,33.696040,75,49,5
3716.136687,59.263540,75,49,5
781.146820,25.620545,75,49,5
222.457390,27.792213,75,49,5
5778.321226,43.528266,75,49,5
