Distance,Tx Power,Bandwidth,Subband BW,Subband Offset
9755.515216,41.807137,25,14,4
9802.061734,29.429869,25,14,4
3768.468535,43.935913,25,14,4
4954.110694,34.504721,25,14,4
451.243647,57.313485,25,14,4
158.179303,36.634097,25,14,4
