Distance,Tx Power,Bandwidth,Subband BW,Subband Offset
4878.175619,20.840376,100,6,10
5060.396890,57.036447,100,6,10
7975.634295,26.295964,100,6,10
2658.306194,25.293406,100,6,10
5053.461484,53.932079,100,6,10
5093.851562,59.216017,100,6,10
