Distance,Tx Power,Bandwidth,Subband BW,Subband Offset
3082.025908,20.031877,25,9,7
986.797813,52.074697,25,9,7
3479.126955,23.290381,25,9,7
1053.834340,38.113926,25,9,7
1097.690002,27.428676,25,9,7
5886.444327,48.967942,25,9,7
