Distance,Tx Power,Bandwidth,Subband BW,Subband Offset
3729.279563,45.837272,100,20,13
7113.630783,47.056350,100,20,13
9680.417572,53.066180,100,20,13
9813.144065,51.385528,100,20,13
3805.247415,32.525384,100,20,13
5317.504678,18.326713,100,20,13
