Distance,Tx Power,Bandwidth,Subband BW,Subband Offset
4449.059856,28.596216,75,49,15
7635.585791,52.500458,75,49,15
5465.164566,59.260450,75,49,15
9455.784004,28.116387,75,49,15
254.512707,24.116109,75,49,15
6239.549076,34.855901,75,49,15
