Distance,Tx Power,Bandwidth,Subband BW,Subband Offset
5272.960182,20.088504,100,71,11
1822.009132,18.904055,100,71,11
5737.535390,15.576081,100,71,11
698.489675,20.534482,100,71,11
9609.594345,25.934616,100,71,11
2097.891210,35.977285,100,71,11
