Distance,Tx Power,Bandwidth,Subband BW,Subband Offset
2024.863540,34.820194,15,7,1
5269.954618,17.559905,15,7,1
4946.410546,49.464925,15,7,1
6347.203091,30.527519,15,7,1
2515.182961,58.646950,15,7,1
3563.378921,28.898484,15,7,1
