Distance,Tx Power,Bandwidth,Subband BW,Subband Offset
6383.188929,49.720223,15,12,2
7328.205849,26.541413,15,12,2
6419.986407,23.441814,15,12,2
8168.878294,41.633602,15,12,2
2329.150783,34.112177,15,12,2
8695.648739,18.655252,15,12,2
