Distance,Tx Power,Bandwidth,Subband BW,Subband Offset
2896.590866,53.321715,75,50,13
7894.203090,46.673235,75,50,13
5911.120502,39.874314,75,50,13
6442.449814,33.929696,75,50,13
3377.861147,29.363555,75,50,13
588.765575,23.347415,75,50,13
