Distance,Tx Power,Bandwidth,Subband BW,Subband Offset
6787.998634,38.945663,15,6,0
6265.185755,20.904569,15,6,0
8779.225972,33.005499,15,6,0
9363.536350,49.420406,15,6,0
4992.381924,26.647171,15,6,0
8094.247915,26.855171,15,6,0
