Distance,Tx Power,Bandwidth,Subband BW,Subband Offset
3396.346029,33.074110,50,17,31
6181.206902,36.538884,50,17,31
5319.172748,23.878801,50,17,31
2694.852372,16.642950,50,17,31
2705.850785,29.594483,50,17,31
9025.179876,54.263966,50,17,31
