Distance,Tx Power,Bandwidth,Subband BW,Subband Offset
6418.496558,24.727263,100,49,35
1872.214633,45.031095,100,49,35
3648.894045,45.436695,100,49,35
2692.412301,35.125810,100,49,35
1149.002278,52.094569,100,49,35
7207.085446,56.362363,100,49,35
