Distance,Tx Power,Bandwidth,Subband BW,Subband Offset
3615.236209,15.117424,15,8,0
9240.101551,28.942825,15,8,0
5638.336427,18.848200,15,8,0
7226.159291,32.357230,15,8,0
9683.194725,19.586184,15,8,0
8219.973727,45.132660,15,8,0
