Distance,Tx Power,Bandwidth,Subband BW,Subband Offset
8921.413501,22.221525,75,48,15
6355.037725,28.703427,75,48,15
2780.094718,35.169408,75,48,15
3578.735765,29.895183,75,48,15
4006.045502,45.592431,75,48,15
6104.066509,24.754200,75,48,15
