Distance,Tx Power,Bandwidth,Subband BW,Subband Offset
5924.002282,26.313776,100,15,16
3413.666170,36.632015,100,15,16
9955.136660,55.738700,100,15,16
2735.436047,23.894637,100,15,16
6841.644635,19.308719,100,15,16
6220.675944,50.283771,100,15,16
