Distance,Tx Power,Bandwidth,Subband BW,Subband Offset
1168.944733,24.905600,50,26,5
4278.644288,16.740796,50,26,5
3347.882077,46.706844,50,26,5
7222.038829,36.695918,50,26,5
3834.411354,46.320829,50,26,5
2205.156254,15.311108,50,26,5
