Distance,Tx Power,Bandwidth,Subband BW,Subband Offset
9627.801969,58.756729,75,42,22
8350.246644,16.462840,75,42,22
7481.225275,57.437972,75,42,22
6231.802543,15.617985,75,42,22
9396.081777,36.211322,75,42,22
1783.560547,53.995182,75,42,22
