Distance,Tx Power,Bandwidth,Subband BW,Subband Offset
3153.353377,30.938935,15,6,1
7670.544798,44.088695,15,6,1
9714.974030,59.734659,15,6,1
6407.921222,38.676012,15,6,1
1691.546295,41.357165,15,6,1
6056.274472,19.310067,15,6,1
