Distance,Tx Power,Bandwidth,Subband BW,Subband Offset
6800.651901,50.506838,50,13,24
2200.040337,32.474727,50,13,24
387.013957,21.165027,50,13,24
5712.716148,31.893895,50,13,24
6815.209286,40.088886,50,13,24
6103.372345,16.011792,50,13,24
