Distance,Tx Power,Bandwidth,Subband BW,Subband Offset
975.995059,29.284991,100,64,24
8426.033258,27.513822,100,64,24
4604.094139,17.996383,100,64,24
1089.819994,56.257944,100,64,24
7880.403967,30.323116,100,64,24
7638.025111,24.893612,100,64,24
