Distance,Tx Power,Bandwidth,Subband BW,Subband Offset
1886.658421,17.003088,75,10,60
3722.081710,16.282285,75,10,60
8340.913306,25.286206,75,10,60
4584.725065,56.579119,75,10,60
7506.351197,49.068352,75,10,60
8945.730729,52.406725,75,10,60
