Distance,Tx Power,Bandwidth,Subband BW,Subband Offset
1246.241942,17.183063,15,7,0
5736.214954,48.807159,15,7,0
9992.212263,41.383049,15,7,0
9271.577943,59.554563,15,7,0
2706.519614,35.040381,15,7,0
8682.462238,17.760103,15,7,0
