Distance,Tx Power,Bandwidth,Subband BW,Subband Offset
4820.346250,39.695233,15,8,1
8439.786827,22.026620,15,8,1
4312.647364,17.266114,15,8,1
3051.290466,49.777347,15,8,1
5201.586406,42.776170,15,8,1
6320.371340,37.422688,15,8,1
