Distance,Tx Power,Bandwidth,Subband BW,Subband Offset
2943.266287,27.068361,50,47,3
3369.993713,27.147233,50,47,3
7791.405715,42.419574,50,47,3
9902.685537,47.190622,50,47,3
9324.342178,25.307689,50,47,3
3489.629291,23.439425,50,47,3
