Distance,Tx Power,Bandwidth,Subband BW,Subband Offset
2913.092714,29.156395,75,36,20
244.681821,45.423414,75,36,20
5006.009468,39.996810,75,36,20
1183.154294,48.654782,75,36,20
9922.379334,49.293703,75,36,20
1244.913088,32.701136,75,36,20
