Distance,Tx Power,Bandwidth,Subband BW,Subband Offset
814.260309,35.200320,15,6,0
4380.630776,37.783983,15,6,0
4519.094960,43.827284,15,6,0
4595.193199,49.940012,15,6,0
2622.677859,36.066389,15,6,0
235.864124,20.689252,15,6,0
