Distance,Tx Power,Bandwidth,Subband BW,Subband Offset
2339.339216,24.076662,50,7,30
3459.224073,43.616050,50,7,30
3066.340397,30.696910,50,7,30
7110.301230,23.025873,50,7,30
8751.921107,45.618507,50,7,30
3249.647464,48.724438,50,7,30
