Distance,Tx Power,Bandwidth,Subband BW,Subband Offset
1862.919327,45.973593,50,18,16
9878.537120,55.000500,50,18,16
8352.758897,18.023128,50,18,16
2034.289392,17.003464,50,18,16
6455.378335,54.284703,50,18,16
4364.456834,15.527302,50,18,16
