Distance,Tx Power,Bandwidth,Subband BW,Subband Offset
8774.725750,59.793102,75,12,31
5776.256443,38.600731,75,12,31
7210.925724,31.617401,75,12,31
2010.099456,49.857412,75,12,31
9158.579701,31.232121,75,12,31
7081.786200,55.284494,75,12,31
