Distance,Tx Power,Bandwidth,Subband BW,Subband Offset
991.025845,50.656695,75,30,0
3882.564015,15.503566,75,30,0
1388.482441,55.738208,75,30,0
3052.893031,33.288159,75,30,0
2305.487621,23.656709,75,30,0
6160.955470,22.579663,75,30,0
