Distance,Tx Power,Bandwidth,Subband BW,Subband Offset
5994.425653,42.648603,15,10,5
825.672606,56.818626,15,10,5
1567.973005,41.955805,15,10,5
7362.990586,28.852717,15,10,5
534.369701,33.242226,15,10,5
264.906679,40.631946,15,10,5
