Distance,Tx Power,Bandwidth,Subband BW,Subband Offset
2766.710381,57.364111,100,32,2
809.610135,16.204435,100,32,2
2628.160411,52.487778,100,32,2
1039.087655,54.663842,100,32,2
1491.540650,53.117697,100,32,2
5611.934600,55.262992,100,32,2
