Distance,Tx Power,Bandwidth,Subband BW,Subband Offset
2741.273689,57.950461,25,10,11
440.774555,56.854929,25,10,11
3837.733520,28.976491,25,10,11
3440.998545,33.816563,25,10,11
451.925336,36.618307,25,10,11
603.536489,25.077076,25,10,11
