Distance,Tx Power,Bandwidth,Subband BW,Subband Offset
6470.849517,58.216627,15,7,3
9327.300578,35.790572,15,7,3
279.820534,50.844697,15,7,3
2756.283105,59.073848,15,7,3
8810.632569,58.096891,15,7,3
5572.940699,44.353080,15,7,3
