Distance,Tx Power,Bandwidth,Subband BW,Subband Offset
7316.071339,35.133404,15,8,7
2325.503880,36.702445,15,8,7
6228.202201,17.837699,15,8,7
2822.594332,19.153137,15,8,7
6056.463121,36.106157,15,8,7
8083.703499,15.645997,15,8,7
