Distance,Tx Power,Bandwidth,Subband BW,Subband Offset
7606.410770,29.532411,75,46,18
1119.912559,30.072141,75,46,18
1345.132160,38.129355,75,46,18
4247.864383,24.174085,75,46,18
1621.914904,34.452317,75,46,18
3669.294966,58.779612,75,46,18
