Distance,Tx Power,Bandwidth,Subband BW,Subband Offset
9708.944926,24.509102,25,7,10
2288.790316,54.885091,25,7,10
1861.176741,43.710334,25,7,10
9878.100727,17.777875,25,7,10
8021.585181,46.270138,25,7,10
247.068406,34.799595,25,7,10
