Distance,Tx Power,Bandwidth,Subband BW,Subband Offset
8083.771076,16.776506,75,15,54
1320.380083,21.969748,75,15,54
7892.204318,54.230649,75,15,54
3154.094426,52.592542,75,15,54
477.651868,46.472888,75,15,54
4610.939996,51.386061,75,15,54
