Distance,Tx Power,Bandwidth,Subband BW,Subband Offset
9959.577139,33.432591,15,8,7
9609.460320,57.508727,15,8,7
2509.391609,15.946051,15,8,7
2975.821951,20.757736,15,8,7
3130.643619,53.448277,15,8,7
3788.109606,18.893687,15,8,7
