Distance,Tx Power,Bandwidth,Subband BW,Subband Offset
1086.241264,38.464059,75,36,30
6232.502098,20.396433,75,36,30
3541.135100,58.314040,75,36,30
518.229231,49.774926,75,36,30
1829.376138,31.622040,75,36,30
8987.659614,15.486915,75,36,30
