Distance,Tx Power,Bandwidth,Subband BW,Subband Offset
4690.569841,59.394021,75,24,14
5668.902766,27.965402,75,24,14
8197.902296,57.030759,75,24,14
8003.440179,53.501101,75,24,14
7669.298341,27.130666,75,24,14
214.381722,32.842905,75,24,14
