Distance,Tx Power,Bandwidth,Subband BW,Subband Offset
9593.291858,30.224683,75,19,18
3482.662215,41.534573,75,19,18
8944.299095,30.404256,75,19,18
1194.592300,28.797986,75,19,18
2321.835935,43.990793,75,19,18
4865.364265,56.089663,75,19,18
