Distance,Tx Power,Bandwidth,Subband BW,Subband Offset
2228.901551,40.798320,15,12,0
5111.649630,17.299676,15,12,0
713.243044,45.548494,15,12,0
9012.894935,27.034589,15,12,0
4013.541111,43.634591,15,12,0
5759.389288,33.315843,15,12,0
