Distance,Tx Power,Bandwidth,Subband BW,Subband Offset
6590.244411,17.479419,50,16,13
8721.095422,43.834051,50,16,13
4147.071346,54.768427,50,16,13
5327.422281,16.285428,50,16,13
4798.355968,40.130910,50,16,13
8581.942766,57.651253,50,16,13
