Distance,Tx Power,Bandwidth,Subband BW,Subband Offset
4103.184076,39.000760,75,25,31
8837.266695,34.399136,75,25,31
1218.927732,49.343352,75,25,31
985.241232,25.568737,75,25,31
9223.596689,55.294501,75,25,31
9719.679303,23.238371,75,25,31
