Distance,Tx Power,Bandwidth,Subband BW,Subband Offset
9767.388547,58.219241,100,8,42
4640.009762,56.725201,100,8,42
6294.968956,40.251355,100,8,42
3506.178039,41.182048,100,8,42
6674.932203,38.853634,100,8,42
693.810855,17.441284,100,8,42
