Distance,Tx Power,Bandwidth,Subband BW,Subband Offset
6360.510829,22.633914,25,15,5
6144.818637,37.392028,25,15,5
9190.958683,27.554528,25,15,5
952.714705,38.804856,25,15,5
7067.777983,41.502622,25,15,5
7380.766257,52.637420,25,15,5
