Distance,Tx Power,Bandwidth,Subband BW,Subband Offset
5361.147288,45.888980,50,16,4
7507.066421,36.731193,50,16,4
6469.032177,42.295620,50,16,4
6840.763424,45.611735,50,16,4
5160.842193,44.122905,50,16,4
1185.756786,56.517642,50,16,4
