Distance,Tx Power,Bandwidth,Subband BW,Subband Offset
9130.486423,34.468564,15,8,3
6784.459741,30.104932,15,8,3
3052.458790,35.975466,15,8,3
7646.011648,32.711948,15,8,3
4780.411016,32.232610,15,8,3
4797.911739,42.663705,15,8,3
