Distance,Tx Power,Bandwidth,Subband BW,Subband Offset
8833.193433,18.661696,100,9,36
1223.882546,38.766588,100,9,36
3004.364996,37.821894,100,9,36
1885.314247,33.658128,100,9,36
5238.251909,32.450103,100,9,36
7033.087367,28.432030,100,9,36
