Distance,Tx Power,Bandwidth,Subband BW,Subband Offset
5307.177539,40.715882,25,18,5
3382.343707,32.725604,25,18,5
7544.295237,26.239784,25,18,5
2045.038385,59.215353,25,18,5
3180.735865,29.753079,25,18,5
9382.452638,28.764040,25,18,5
