Distance,Tx Power,Bandwidth,Subband BW,Subband Offset
7685.799948,43.026164,25,7,15
9019.954594,21.636466,25,7,15
5691.432023,47.836598,25,7,15
7716.709301,16.707944,25,7,15
7153.693780,45.745882,25,7,15
2441.109314,22.440201,25,7,15
