Distance,Tx Power,Bandwidth,Subband BW,Subband Offset
612.313871,41.516044,50,37,13
2694.855039,46.079573,50,37,13
880.763517,17.946634,50,37,13
9972.876176,56.572337,50,37,13
9023.398990,47.071097,50,37,13
1168.548568,17.839542,50,37,13
