Distance,Tx Power,Bandwidth,Subband BW,Subband Offset
121.484786,29.330238,25,12,4
6569.439511,37.578272,25,12,4
7278.073244,27.352455,25,12,4
5575.233598,43.643275,25,12,4
395.808630,43.688149,25,12,4
8815.585630,19.003885,25,12,4
