Distance,Tx Power,Bandwidth,Subband BW,Subband Offset
9883.895588,20.988975,100,74,21
6704.965619,22.601175,100,74,21
8090.064881,33.167398,100,74,21
4640.738917,17.889563,100,74,21
8629.739849,53.307143,100,74,21
7210.002304,32.803836,100,74,21
