Distance,Tx Power,Bandwidth,Subband BW,Subband Offset
4729.759518,26.933752,25,7,9
8755.791616,22.283346,25,7,9
4315.812639,42.422876,25,7,9
6715.626488,48.486598,25,7,9
2288.883891,23.801465,25,7,9
8001.782434,16.832453,25,7,9
