Distance,Tx Power,Bandwidth,Subband BW,Subband Offset
6693.908845,28.796308,100,77,13
3202.683783,15.062569,100,77,13
8296.352078,56.566389,100,77,13
4113.319370,37.973553,100,77,13
4196.930179,16.285012,100,77,13
3971.950139,18.250515,100,77,13
