Distance,Tx Power,Bandwidth,Subband BW,Subband Offset
9626.081932,26.585778,50,21,22
3043.349671,38.466874,50,21,22
2024.099715,50.569494,50,21,22
3014.711042,26.999337,50,21,22
2587.772438,49.592728,50,21,22
1842.854173,44.635234,50,21,22
