Distance,Tx Power,Bandwidth,Subband BW,Subband Offset
708.786017,49.527594,100,12,37
4538.518238,28.320551,100,12,37
9046.229191,18.327766,100,12,37
3599.226194,21.728876,100,12,37
7652.942483,33.361584,100,12,37
6406.410540,41.461426,100,12,37
