Distance,Tx Power,Bandwidth,Subband BW,Subband Offset
6463.348974,51.526762,100,42,13
2707.078979,36.635826,100,42,13
8922.081597,32.215275,100,42,13
8589.275009,54.430789,100,42,13
4061.919759,22.116697,100,42,13
7914.185148,15.704691,100,42,13
