Distance,Tx Power,Bandwidth,Subband BW,Subband Offset
6988.927372,56.885468,15,6,9
1130.839883,39.143549,15,6,9
7356.253556,22.245049,15,6,9
6909.800760,37.603245,15,6,9
6949.770422,46.147178,15,6,9
587.656737,29.958169,15,6,9
