Distance,Tx Power,Bandwidth,Subband BW,Subband Offset
7660.113075,21.192485,100,53,25
732.268044,27.932557,100,53,25
4113.265002,37.738675,100,53,25
2279.998723,27.068588,100,53,25
1411.541766,49.841459,100,53,25
1038.838802,22.850949,100,53,25
