Distance,Tx Power,Bandwidth,Subband BW,Subband Offset
6649.118404,45.779226,75,6,39
7180.481047,20.649758,75,6,39
5328.454447,56.426861,75,6,39
7889.714160,50.377086,75,6,39
4857.404744,44.680828,75,6,39
2346.883437,18.153137,75,6,39
