Distance,Tx Power,Bandwidth,Subband BW,Subband Offset
3502.156400,16.406472,50,13,22
2859.011905,26.384507,50,13,22
4234.409099,23.756199,50,13,22
1906.113561,40.098842,50,13,22
5132.436583,39.101821,50,13,22
1671.314528,19.477463,50,13,22
