Distance,Tx Power,Bandwidth,Subband BW,Subband Offset
4585.077616,29.464477,15,7,1
2225.160219,37.248633,15,7,1
7585.326022,21.657918,15,7,1
1549.832365,42.087806,15,7,1
9471.139196,50.870051,15,7,1
1303.226549,41.658937,15,7,1
