Distance,Tx Power,Bandwidth,Subband BW,Subband Offset
7026.451281,41.202250,100,26,69
1908.767704,32.593918,100,26,69
7226.806183,58.424112,100,26,69
5605.107442,59.339050,100,26,69
180.459429,40.359466,100,26,69
5578.678908,52.900842,100,26,69
