Distance,Tx Power,Bandwidth,Subband BW,Subband Offset
2770.078042,32.708507,15,6,2
3924.529488,40.796487,15,6,2
5699.845758,21.250556,15,6,2
923.561891,38.060606,15,6,2
8468.123714,51.205029,15,6,2
1501.351991,51.628552,15,6,2
