Distance,Tx Power,Bandwidth,Subband BW,Subband Offset
9495.677955,32.681177,100,28,50
6130.157741,33.988055,100,28,50
3262.750496,35.853457,100,28,50
8993.236224,54.709919,100,28,50
7520.439304,20.091150,100,28,50
7734.691906,48.194830,100,28,50
