Distance,Tx Power,Bandwidth,Subband BW,Subband Offset
6696.693859,40.346929,15,8,4
3042.495046,21.238723,15,8,4
2284.201484,18.707623,15,8,4
7791.952277,59.310952,15,8,4
9608.061301,35.078491,15,8,4
9055.834984,36.397001,15,8,4
