Distance,Tx Power,Bandwidth,Subband BW,Subband Offset
3433.850319,29.503636,100,14,26
3283.627821,35.723554,100,14,26
9527.600196,46.292879,100,14,26
3650.288132,54.898147,100,14,26
325.826932,26.429629,100,14,26
2600.550215,18.686827,100,14,26
