Distance,Tx Power,Bandwidth,Subband BW,Subband Offset
1957.279103,25.164720,75,8,16
9728.585339,46.050292,75,8,16
7159.217634,43.043984,75,8,16
725.407666,25.382145,75,8,16
414.758752,35.293751,75,8,16
253.938003,35.770926,75,8,16
