Distance,Tx Power,Bandwidth,Subband BW,Subband Offset
7539.993215,58.483611,15,9,0
9892.386759,59.902424,15,9,0
7660.036845,28.325047,15,9,0
8612.837614,38.805392,15,9,0
2780.758115,53.191430,15,9,0
4019.685782,55.610739,15,9,0
