Distance,Tx Power,Bandwidth,Subband BW,Subband Offset
9261.596718,53.269622,25,8,7
6897.774377,16.147316,25,8,7
1163.914858,31.007570,25,8,7
7926.770208,48.514965,25,8,7
806.290774,44.161805,25,8,7
1801.162033,56.881391,25,8,7
