Distance,Tx Power,Bandwidth,Subband BW,Subband Offset
3473.900069,25.962192,50,15,10
8831.668228,47.023501,50,15,10
2497.011160,40.644177,50,15,10
8238.197725,46.799830,50,15,10
4431.900790,33.391286,50,15,10
8217.271924,22.316267,50,15,10
