Distance,Tx Power,Bandwidth,Subband BW,Subband Offset
5074.794863,27.114796,25,7,6
647.680366,55.919918,25,7,6
3342.859629,19.185765,25,7,6
6954.208302,47.459978,25,7,6
5109.834126,20.094368,25,7,6
6503.369323,31.286900,25,7,6
