Distance,Tx Power,Bandwidth,Subband BW,Subband Offset
7348.840395,15.240919,25,19,3
5372.651888,59.245518,25,19,3
7976.657199,21.045567,25,19,3
4885.184364,43.197749,25,19,3
3343.044793,34.134996,25,19,3
2449.151885,32.072218,25,19,3
