Distance,Tx Power,Bandwidth,Subband BW,Subband Offset
1989.299126,21.517409,50,30,20
1061.981435,28.123882,50,30,20
5175.816102,56.570483,50,30,20
6824.992028,37.962103,50,30,20
1683.685652,43.346348,50,30,20
7987.667543,19.251954,50,30,20
