Distance,Tx Power,Bandwidth,Subband BW,Subband Offset
3732.924404,31.741747,50,20,2
1989.353368,17.613664,50,20,2
4517.086607,39.142309,50,20,2
8312.067299,23.023173,50,20,2
7464.803020,20.085783,50,20,2
2021.492644,54.755934,50,20,2
