Distance,Tx Power,Bandwidth,Subband BW,Subband Offset
9167.667365,19.650464,75,53,14
3275.426052,50.549093,75,53,14
3055.241011,19.196323,75,53,14
3432.494362,48.717891,75,53,14
335.998091,58.147996,75,53,14
5022.962644,19.422719,75,53,14
