Distance,Tx Power,Bandwidth,Subband BW,Subband Offset
4693.612036,53.915122,75,8,45
9171.201165,22.325325,75,8,45
9656.083296,51.605512,75,8,45
1079.129050,34.584465,75,8,45
3048.239194,33.778416,75,8,45
1077.378962,21.871845,75,8,45
