Distance,Tx Power,Bandwidth,Subband BW,Subband Offset
9604.812880,50.679670,75,39,1
903.247466,15.832985,75,39,1
8291.046270,28.211033,75,39,1
8422.445027,19.983737,75,39,1
4471.142478,18.421322,75,39,1
3060.958783,50.001816,75,39,1
