Distance,Tx Power,Bandwidth,Subband BW,Subband Offset
6422.223151,26.124560,15,9,0
5474.517836,17.778084,15,9,0
6543.524892,51.090749,15,9,0
3031.200760,20.823139,15,9,0
4750.004489,15.722408,15,9,0
9135.795561,49.027586,15,9,0
