Distance,Tx Power,Bandwidth,Subband BW,Subband Offset
9886.381823,37.198398,100,72,14
1259.551288,50.322144,100,72,14
3778.832765,16.905338,100,72,14
7092.629982,32.869875,100,72,14
7890.476387,40.811488,100,72,14
1063.458429,28.154433,100,72,14
