Distance,Tx Power,Bandwidth,Subband BW,Subband Offset
2199.123661,32.646999,75,11,60
2050.126802,26.190513,75,11,60
1655.638824,23.892928,75,11,60
8730.098165,39.044770,75,11,60
2263.473034,52.834861,75,11,60
4649.573729,24.357216,75,11,60
