Distance,Tx Power,Bandwidth,Subband BW,Subband Offset
1764.906777,51.193736,50,15,29
634.997039,34.064745,50,15,29
756.587252,59.756196,50,15,29
9491.031265,36.648253,50,15,29
2156.242219,57.935938,50,15,29
3009.603422,55.492453,50,15,29
