Distance,Tx Power,Bandwidth,Subband BW,Subband Offset
1646.478133,56.222491,100,32,15
8939.151685,45.054149,100,32,15
9601.620880,28.056979,100,32,15
4885.892887,38.385874,100,32,15
7469.085278,16.042980,100,32,15
6250.005674,25.113984,100,32,15
