Distance,Tx Power,Bandwidth,Subband BW,Subband Offset
7966.166665,53.007559,75,12,63
4325.187848,51.312783,75,12,63
6850.639233,21.055443,75,12,63
7151.702607,29.435208,75,12,63
2336.121805,16.976633,75,12,63
2247.785841,47.975229,75,12,63
