Distance,Tx Power,Bandwidth,Subband BW,Subband Offset
7464.367318,25.597856,75,21,46
5041.791551,43.872738,75,21,46
7934.877763,37.854423,75,21,46
7734.763731,16.700222,75,21,46
8792.168618,45.447634,75,21,46
8416.117026,17.989454,75,21,46
