Distance,Tx Power,Bandwidth,Subband BW,Subband Offset
4667.592783,31.644070,100,8,37
235.395201,33.353066,100,8,37
8949.063661,57.870327,100,8,37
5635.540429,22.522539,100,8,37
9787.829396,26.749165,100,8,37
940.214073,56.687463,100,8,37
