Distance,Tx Power,Bandwidth,Subband BW,Subband Offset
7628.458956,20.429124,75,38,20
5886.025445,54.114817,75,38,20
2326.426090,51.939222,75,38,20
7846.210882,27.345805,75,38,20
2438.001774,53.294802,75,38,20
9868.330442,22.404650,75,38,20
