Distance,Tx Power,Bandwidth,Subband BW,Subband Offset
526.830044,19.159891,15,7,2
3241.361084,17.304318,15,7,2
5088.505769,46.204461,15,7,2
7388.276305,16.189972,15,7,2
3699.572433,17.170866,15,7,2
4014.016180,39.377380,15,7,2
