Distance,Tx Power,Bandwidth,Subband BW,Subband Offset
8322.214918,31.380960,75,6,5
4159.281150,23.130392,75,6,5
758.690105,56.027274,75,6,5
581.253192,20.682545,75,6,5
2868.600382,27.225535,75,6,5
2693.129880,50.059719,75,6,5
