Distance,Tx Power,Bandwidth,Subband BW,Subband Offset
1413.562070,30.580692,100,32,12
3799.361039,25.182220,100,32,12
4147.482787,16.202526,100,32,12
8223.681489,26.169975,100,32,12
1265.038537,49.503720,100,32,12
3989.958516,16.372086,100,32,12
