Distance,Tx Power,Bandwidth,Subband BW,Subband Offset
3795.341656,16.651493,25,14,5
5238.755225,59.762260,25,14,5
5817.793693,17.517018,25,14,5
8335.372530,38.847761,25,14,5
2495.935137,34.800480,25,14,5
9124.727357,28.553661,25,14,5
