Distance,Tx Power,Bandwidth,Subband BW,Subband Offset
5722.331496,40.813011,75,10,41
7281.450855,59.468192,75,10,41
2543.362597,58.706059,75,10,41
7555.465341,22.432613,75,10,41
4701.318904,55.794194,75,10,41
2278.904178,50.645424,75,10,41
