Distance,Tx Power,Bandwidth,Subband BW,Subband Offset
1559.840205,26.388155,15,7,3
3229.834631,32.537075,15,7,3
9325.202969,34.090918,15,7,3
733.695629,44.422342,15,7,3
6233.556477,15.249681,15,7,3
4998.535931,38.377361,15,7,3
