Distance,Tx Power,Bandwidth,Subband BW,Subband Offset
7322.007839,28.317501,15,6,5
363.688307,44.082410,15,6,5
5285.155091,20.316505,15,6,5
3485.989476,52.263586,15,6,5
7171.154814,47.634290,15,6,5
9678.996870,15.151302,15,6,5
