Distance,Tx Power,Bandwidth,Subband BW,Subband Offset
1433.493216,34.969252,50,6,20
2051.173353,53.678644,50,6,20
2859.300437,54.520441,50,6,20
9957.132163,18.445613,50,6,20
1233.861395,35.105340,50,6,20
839.417199,33.533543,50,6,20
