Distance,Tx Power,Bandwidth,Subband BW,Subband Offset
6105.303083,56.611872,75,27,43
6772.585735,29.146346,75,27,43
2637.272798,58.764830,75,27,43
2265.852411,27.738684,75,27,43
7605.020856,55.551843,75,27,43
7624.755756,15.999099,75,27,43
