Distance,Tx Power,Bandwidth,Subband BW,Subband Offset
4515.041292,59.860117,15,6,9
2530.220246,46.043891,15,6,9
4723.457227,19.120676,15,6,9
8689.142786,29.574353,15,6,9
4292.366635,55.815364,15,6,9
1740.512438,59.201894,15,6,9
