Distance,Tx Power,Bandwidth,Subband BW,Subband Offset
1165.095247,15.210717,50,15,33
3106.704902,52.454819,50,15,33
1595.834857,28.567869,50,15,33
3790.439904,37.543754,50,15,33
2906.581345,52.024189,50,15,33
1447.717924,59.730644,50,15,33
