Distance,Tx Power,Bandwidth,Subband BW,Subband Offset
976.026512,54.936238,50,31,14
5647.877138,33.238516,50,31,14
353.102989,58.179401,50,31,14
1792.386940,56.234762,50,31,14
9396.700311,26.334022,50,31,14
2461.758137,29.307357,50,31,14
