Distance,Tx Power,Bandwidth,Subband BW,Subband Offset
3120.603960,44.273192,15,13,2
9388.526326,30.452323,15,13,2
5294.503497,16.861082,15,13,2
128.280578,51.407920,15,13,2
551.992690,48.804217,15,13,2
9061.163137,43.306677,15,13,2
