Distance,Tx Power,Bandwidth,Subband BW,Subband Offset
5748.486054,19.646019,100,35,43
7279.826387,37.208523,100,35,43
7307.975117,41.240903,100,35,43
943.274141,43.456628,100,35,43
5820.916815,27.161386,100,35,43
8940.871776,41.705037,100,35,43
