Distance,Tx Power,Bandwidth,Subband BW,Subband Offset
3679.254009,45.792846,100,60,30
8291.003239,59.217915,100,60,30
2735.754105,45.289475,100,60,30
8976.424663,40.931757,100,60,30
482.604032,28.101882,100,60,30
2858.410456,25.930989,100,60,30
