Distance,Tx Power,Bandwidth,Subband BW,Subband Offset
2121.198505,58.692005,25,6,13
7280.236887,59.412650,25,6,13
9970.278962,17.419438,25,6,13
7796.819723,47.024752,25,6,13
6422.241439,17.714660,25,6,13
991.166313,15.734312,25,6,13
