Distance,Tx Power,Bandwidth,Subband BW,Subband Offset
7449.750358,28.240120,25,12,1
2428.026052,47.210689,25,12,1
4113.227577,35.470108,25,12,1
883.300996,25.039919,25,12,1
1589.567161,16.860982,25,12,1
4168.449445,59.023836,25,12,1
