Distance,Tx Power,Bandwidth,Subband BW,Subband Offset
6284.644047,28.634523,100,49,50
2282.363175,24.355241,100,49,50
926.047292,56.413816,100,49,50
9682.704904,59.257241,100,49,50
8438.276382,48.423291,100,49,50
8281.745920,55.028084,100,49,50
