Distance,Tx Power,Bandwidth,Subband BW,Subband Offset
8944.402132,26.907592,25,9,13
8834.793848,47.740045,25,9,13
5692.414648,47.342896,25,9,13
4208.018842,50.301629,25,9,13
358.503973,20.811729,25,9,13
9779.230342,16.893544,25,9,13
