Distance,Tx Power,Bandwidth,Subband BW,Subband Offset
124.843332,24.685289,15,11,0
8510.017544,23.842473,15,11,0
3203.365584,37.696075,15,11,0
6969.333940,52.474139,15,11,0
8782.207096,25.923309,15,11,0
8236.746205,57.316042,15,11,0
