Distance,Tx Power,Bandwidth,Subband BW,Subband Offset
2854.828383,35.879940,50,9,41
3141.013648,46.362635,50,9,41
8313.057773,56.045686,50,9,41
1238.928191,59.383619,50,9,41
5166.190723,48.147995,50,9,41
3639.775722,41.361393,50,9,41
