Distance,Tx Power,Bandwidth,Subband BW,Subband Offset
1797.139193,15.854812,100,13,4
6168.219958,56.602941,100,13,4
242.650613,48.929525,100,13,4
1566.957569,19.547291,100,13,4
9725.134014,47.310353,100,13,4
358.055826,37.400705,100,13,4
