Distance,Tx Power,Bandwidth,Subband BW,Subband Offset
6936.134913,24.511196,15,8,0
5409.152680,43.945160,15,8,0
733.667034,18.873182,15,8,0
4655.179318,29.721034,15,8,0
7919.413291,30.078924,15,8,0
9566.914638,47.430807,15,8,0
