Distance,Tx Power,Bandwidth,Subband BW,Subband Offset
6129.964849,46.162038,100,10,76
8844.959262,27.013874,100,10,76
3757.017060,42.519964,100,10,76
9252.250567,54.638108,100,10,76
6138.356309,46.613812,100,10,76
3495.136878,24.117559,100,10,76
