Distance,Tx Power,Bandwidth,Subband BW,Subband Offset
494.893165,31.664086,75,27,43
1227.537165,25.301601,75,27,43
9625.365900,53.506960,75,27,43
1771.917857,44.869490,75,27,43
3603.798413,21.184338,75,27,43
9388.145269,17.973670,75,27,43
