Distance,Tx Power,Bandwidth,Subband BW,Subband Offset
8807.360908,17.175394,25,10,15
3116.594422,31.893521,25,10,15
3515.738415,16.189714,25,10,15
8232.191003,56.466000,25,10,15
7747.628753,38.489728,25,10,15
6261.872667,50.357430,25,10,15
