Distance,Tx Power,Bandwidth,Subband BW,Subband Offset
9688.659451,34.168275,50,8,16
8090.166615,31.267927,50,8,16
1121.165551,54.633838,50,8,16
9056.239011,55.988302,50,8,16
8108.791372,29.200709,50,8,16
4704.372910,24.291380,50,8,16
