Distance,Tx Power,Bandwidth,Subband BW,Subband Offset
9154.661611,55.879088,50,33,14
7503.072574,46.657839,50,33,14
4905.665150,45.856884,50,33,14
1719.929298,15.583496,50,33,14
3167.249945,24.223032,50,33,14
8929.640638,33.237792,50,33,14
