Distance,Tx Power,Bandwidth,Subband BW,Subband Offset
6503.170280,44.724741,50,22,20
4463.890566,19.759273,50,22,20
9696.477226,52.959021,50,22,20
1641.444461,28.194365,50,22,20
5196.338053,50.074502,50,22,20
4884.346460,57.531898,50,22,20
