Distance,Tx Power,Bandwidth,Subband BW,Subband Offset
9422.081968,58.478587,50,21,28
6772.576669,37.464908,50,21,28
2457.533531,45.556712,50,21,28
904.804372,50.766372,50,21,28
4244.349018,30.440417,50,21,28
2905.189917,18.755391,50,21,28
