Distance,Tx Power,Bandwidth,Subband BW,Subband Offset
2329.555622,26.761623,100,30,39
9488.709333,38.247487,100,30,39
6769.377125,40.470360,100,30,39
409.745804,24.373999,100,30,39
7930.728597,59.014740,100,30,39
624.538977,35.364295,100,30,39
