Distance,Tx Power,Bandwidth,Subband BW,Subband Offset
1940.368333,55.842834,100,48,24
4290.772578,47.387164,100,48,24
731.080012,51.340675,100,48,24
7000.611011,43.997768,100,48,24
6986.538150,17.222017,100,48,24
3619.218879,43.281755,100,48,24
