Distance,Tx Power,Bandwidth,Subband BW,Subband Offset
5933.564119,39.787935,75,8,46
8767.101618,37.388260,75,8,46
5133.084718,20.624057,75,8,46
9787.081837,53.619015,75,8,46
2804.799316,38.149941,75,8,46
5026.812621,30.252096,75,8,46
