Distance,Tx Power,Bandwidth,Subband BW,Subband Offset
2675.126198,39.266076,15,7,6
6514.148633,18.254630,15,7,6
357.231797,26.121532,15,7,6
2836.107023,41.347391,15,7,6
5068.348133,56.260389,15,7,6
7670.971216,55.978286,15,7,6
