Distance,Tx Power,Bandwidth,Subband BW,Subband Offset
1933.630293,52.357099,75,39,23
4562.376769,25.460521,75,39,23
8794.691707,54.793343,75,39,23
8123.845468,52.279263,75,39,23
1367.886288,30.212800,75,39,23
5393.487544,39.813123,75,39,23
