Distance,Tx Power,Bandwidth,Subband BW,Subband Offset
3767.683500,41.059360,100,14,33
5913.637335,31.797402,100,14,33
7836.177414,47.620286,100,14,33
4330.487140,20.960169,100,14,33
6733.508513,58.324683,100,14,33
4028.999513,34.194339,100,14,33
