Distance,Tx Power,Bandwidth,Subband BW,Subband Offset
7258.854748,40.797303,15,8,2
3019.231287,25.094060,15,8,2
3161.790241,39.081471,15,8,2
5227.900617,37.620901,15,8,2
4040.441362,38.734640,15,8,2
4498.213841,58.030598,15,8,2
