Distance,Tx Power,Bandwidth,Subband BW,Subband Offset
991.539173,39.905872,15,10,1
6247.071237,32.576996,15,10,1
3275.041979,39.440375,15,10,1
2675.404739,25.509041,15,10,1
935.683287,42.763702,15,10,1
5981.367099,40.869586,15,10,1
