Distance,Tx Power,Bandwidth,Subband BW,Subband Offset
1719.744645,15.643304,100,18,63
4982.842031,24.729912,100,18,63
6282.479206,26.648278,100,18,63
5718.223389,38.295813,100,18,63
4418.383325,21.187525,100,18,63
3926.559046,57.232408,100,18,63
