Distance,Tx Power,Bandwidth,Subband BW,Subband Offset
2810.466523,29.830585,25,19,4
3676.762413,22.090018,25,19,4
5287.727739,58.705304,25,19,4
7765.576588,22.742743,25,19,4
2552.056149,35.044347,25,19,4
4982.319008,22.275182,25,19,4
