Distance,Tx Power,Bandwidth,Subband BW,Subband Offset
1611.180676,45.161278,100,37,59
2173.949965,26.505126,100,37,59
1999.290536,27.759005,100,37,59
6602.685154,43.406035,100,37,59
4098.083479,47.617852,100,37,59
8259.082651,36.796604,100,37,59
