Distance,Tx Power,Bandwidth,Subband BW,Subband Offset
2002.948112,21.639491,100,41,53
428.294720,19.372927,100,41,53
5002.687650,56.722237,100,41,53
516.999035,30.234290,100,41,53
7336.026389,49.034712,100,41,53
1467.525282,22.989419,100,41,53
