Distance,Tx Power,Bandwidth,Subband BW,Subband Offset
2501.461751,17.336369,25,19,3
4383.744396,38.586300,25,19,3
7119.221861,56.818438,25,19,3
6681.887290,30.327303,25,19,3
3732.435958,55.532080,25,19,3
285.904516,43.656574,25,19,3
