Distance,Tx Power,Bandwidth,Subband BW,Subband Offset
3301.401134,34.039729,100,33,51
9673.324268,21.857961,100,33,51
5558.678404,39.304602,100,33,51
6197.699424,43.700153,100,33,51
7178.401317,33.157731,100,33,51
2017.464639,35.018641,100,33,51
