Distance,Tx Power,Bandwidth,Subband BW,Subband Offset
9126.162866,54.885887,100,47,30
1635.785102,59.354919,100,47,30
1973.121387,17.116452,100,47,30
9018.731066,32.751550,100,47,30
6877.671085,41.844923,100,47,30
8990.370899,19.661415,100,47,30
