Distance,Tx Power,Bandwidth,Subband BW,Subband Offset
5098.422872,31.185982,25,7,6
9185.049273,16.459871,25,7,6
8575.315936,44.120922,25,7,6
2298.998988,57.729195,25,7,6
7864.975209,50.432899,25,7,6
7462.297559,50.679251,25,7,6
