Distance,Tx Power,Bandwidth,Subband BW,Subband Offset
8942.817289,34.886440,25,6,11
6119.728852,56.730877,25,6,11
5932.653718,27.016689,25,6,11
4714.659272,24.427291,25,6,11
4961.964461,35.390469,25,6,11
5818.968139,31.829732,25,6,11
