Distance,Tx Power,Bandwidth,Subband BW,Subband Offset
7454.431729,59.235978,50,9,34
2363.556876,55.447361,50,9,34
9800.760311,19.825947,50,9,34
4937.885769,44.391110,50,9,34
6566.338701,48.483577,50,9,34
8531.515185,25.806496,50,9,34
