Distance,Tx Power,Bandwidth,Subband BW,Subband Offset
3233.698453,38.081926,100,23,64
8129.280389,36.529496,100,23,64
6210.688933,55.469682,100,23,64
2652.733083,36.034251,100,23,64
2288.936417,16.893031,100,23,64
8171.059317,36.229936,100,23,64
