Distance,Tx Power,Bandwidth,Subband BW,Subband Offset
3467.616434,39.960101,50,8,2
6773.516476,34.116320,50,8,2
8583.640500,49.104805,50,8,2
7398.658590,54.679454,50,8,2
9531.641980,34.420175,50,8,2
124.813894,29.392552,50,8,2
