Distance,Tx Power,Bandwidth,Subband BW,Subband Offset
4822.555880,33.989016,100,30,49
8369.025307,28.822916,100,30,49
4145.610167,31.747040,100,30,49
6171.977678,52.108025,100,30,49
3440.310198,43.662566,100,30,49
8190.105203,33.243246,100,30,49
