Distance,Tx Power,Bandwidth,Subband BW,Subband Offset
4360.132159,37.870550,75,13,62
4960.143900,45.282269,75,13,62
4475.035339,30.650407,75,13,62
9446.170381,39.813848,75,13,62
8322.661465,37.432416,75,13,62
9738.873591,43.192024,75,13,62
