Distance,Tx Power,Bandwidth,Subband BW,Subband Offset
1975.763537,19.947640,100,25,74
8989.323792,27.422595,100,25,74
5772.138896,36.340815,100,25,74
3042.429374,16.560570,100,25,74
7732.623062,37.227613,100,25,74
9435.145343,15.311843,100,25,74
