Distance,Tx Power,Bandwidth,Subband BW,Subband Offset
1599.028544,43.327133,15,6,7
3418.826355,43.394563,15,6,7
824.196164,25.244815,15,6,7
991.688040,44.136808,15,6,7
8731.585400,50.483388,15,6,7
7156.514748,18.109744,15,6,7
