Distance,Tx Power,Bandwidth,Subband BW,Subband Offset
3589.752729,16.969807,75,28,9
5167.150899,34.955066,75,28,9
5215.554416,30.819874,75,28,9
3039.521595,17.771831,75,28,9
8294.446564,30.058259,75,28,9
6934.700677,59.741117,75,28,9
