Distance,Tx Power,Bandwidth,Subband BW,Subband Offset
1883.633156,23.960614,75,37,13
3275.156115,27.077240,75,37,13
7046.828951,55.516238,75,37,13
9527.643672,55.979168,75,37,13
4550.025309,36.586212,75,37,13
5736.529061,51.592798,75,37,13
