Distance,Tx Power,Bandwidth,Subband BW,Subband Offset
4898.404148,32.646217,75,16,48
4853.731196,52.674455,75,16,48
8930.657692,29.824268,75,16,48
5612.327308,31.232574,75,16,48
1444.321431,26.683888,75,16,48
6593.630721,39.024375,75,16,48
