Distance,Tx Power,Bandwidth,Subband BW,Subband Offset
409.379642,34.982839,25,11,8
5349.119924,27.581792,25,11,8
7644.035517,49.036254,25,11,8
4435.801032,23.707279,25,11,8
5564.877833,36.462827,25,11,8
3574.808030,51.093356,25,11,8
