Distance,Tx Power,Bandwidth,Subband BW,Subband Offset
9860.092237,59.969809,75,66,0
9529.104478,48.304774,75,66,0
4181.933892,36.049647,75,66,0
9772.845431,54.524380,75,66,0
892.834670,53.172822,75,66,0
7065.395829,46.660637,75,66,0
