Distance,Tx Power,Bandwidth,Subband BW,Subband Offset
3411.875507,36.675997,50,45,2
5170.016457,44.631401,50,45,2
7655.893703,54.339059,50,45,2
5672.875950,21.844248,50,45,2
9548.362500,25.240766,50,45,2
353.393257,51.339952,50,45,2
