Distance,Tx Power,Bandwidth,Subband BW,Subband Offset
9412.359487,45.011287,15,12,2
5538.575987,32.589640,15,12,2
252.152806,21.296044,15,12,2
4116.276085,25.488700,15,12,2
3760.894255,58.424193,15,12,2
3537.156568,42.048104,15,12,2
