Distance,Tx Power,Bandwidth,Subband BW,Subband Offset
9833.712840,28.152340,100,80,14
2712.610991,42.044344,100,80,14
6096.746610,22.922027,100,80,14
9562.161282,21.252286,100,80,14
1684.936183,47.596011,100,80,14
3333.478173,32.895891,100,80,14
