Distance,Tx Power,Bandwidth,Subband BW,Subband Offset
9646.135709,20.971181,50,31,17
4467.874145,50.898550,50,31,17
6141.430217,35.781783,50,31,17
612.885080,24.135152,50,31,17
4875.531992,36.943528,50,31,17
6143.952868,29.724573,50,31,17
