Distance,Tx Power,Bandwidth,Subband BW,Subband Offset
4256.606268,52.646175,25,14,5
1536.972678,47.721891,25,14,5
9077.668593,39.088432,25,14,5
7101.582602,57.326227,25,14,5
4643.820583,23.382024,25,14,5
1404.514669,36.294070,25,14,5
