Distance,Tx Power,Bandwidth,Subband BW,Subband Offset
8345.319331,30.167205,15,6,2
8520.091689,52.370122,15,6,2
4708.011116,31.363989,15,6,2
2725.328975,56.612962,15,6,2
4524.229358,20.632085,15,6,2
620.637131,51.337039,15,6,2
