Distance,Tx Power,Bandwidth,Subband BW,Subband Offset
9322.423244,45.481672,25,16,1
1977.111926,39.428788,25,16,1
9058.445698,58.068444,25,16,1
9299.409101,48.632221,25,16,1
900.389710,59.380206,25,16,1
9799.286982,39.119936,25,16,1
