Distance,Tx Power,Bandwidth,Subband BW,Subband Offset
3750.838696,56.228072,25,12,4
3162.761429,38.164985,25,12,4
9412.976844,33.184847,25,12,4
2944.387289,34.927989,25,12,4
4536.812455,22.321152,25,12,4
8897.802561,57.624174,25,12,4
