Distance,Tx Power,Bandwidth,Subband BW,Subband Offset
2321.124010,37.248591,100,63,27
1284.751280,30.571172,100,63,27
9393.827112,47.878074,100,63,27
4982.748681,34.556370,100,63,27
6811.992918,41.017255,100,63,27
7727.397220,17.656687,100,63,27
