Distance,Tx Power,Bandwidth,Subband BW,Subband Offset
4429.840334,31.180717,75,51,3
9812.804449,17.114330,75,51,3
8983.509147,33.674614,75,51,3
5766.187623,27.557090,75,51,3
4154.457088,18.964798,75,51,3
3470.208866,37.710271,75,51,3
