Distance,Tx Power,Bandwidth,Subband BW,Subband Offset
6105.422704,36.517198,100,15,73
5448.597209,21.471699,100,15,73
5841.084584,55.950925,100,15,73
2575.774697,44.671898,100,15,73
3762.017991,32.570032,100,15,73
5549.040678,19.212760,100,15,73
