Distance,Tx Power,Bandwidth,Subband BW,Subband Offset
1928.344530,28.648287,100,27,41
920.856925,34.620936,100,27,41
7490.086125,47.080869,100,27,41
9170.607123,40.315935,100,27,41
6891.707495,20.831258,100,27,41
6221.339413,43.487837,100,27,41
