Distance,Tx Power,Bandwidth,Subband BW,Subband Offset
109.145094,26.924486,75,20,25
7423.934556,40.420528,75,20,25
8089.284732,59.960264,75,20,25
3541.035214,55.465954,75,20,25
8976.865893,39.576414,75,20,25
9464.099731,46.007645,75,20,25
