Distance,Tx Power,Bandwidth,Subband BW,Subband Offset
4433.240334,53.914608,25,11,9
4912.041713,29.746158,25,11,9
4042.581103,49.480622,25,11,9
2172.556317,37.244632,25,11,9
5434.138173,19.175972,25,11,9
460.404659,32.636210,25,11,9
