Distance,Tx Power,Bandwidth,Subband BW,Subband Offset
2694.849198,41.972928,50,6,9
1692.932337,59.702880,50,6,9
412.961904,15.981444,50,6,9
8118.041766,59.224362,50,6,9
4392.492308,52.303912,50,6,9
5111.210552,41.727734,50,6,9
