Distance,Tx Power,Bandwidth,Subband BW,Subband Offset
7084.797400,26.663839,50,19,2
8952.787384,17.989365,50,19,2
7940.224049,49.218443,50,19,2
4920.870517,38.520865,50,19,2
8348.297024,36.020306,50,19,2
108.294684,24.435374,50,19,2
