Distance,Tx Power,Bandwidth,Subband BW,Subband Offset
3275.564937,34.084943,50,7,25
1404.353956,57.068105,50,7,25
9919.525194,16.133647,50,7,25
7027.605720,39.246447,50,7,25
2495.338751,29.544222,50,7,25
2382.586159,53.461159,50,7,25
