Distance,Tx Power,Bandwidth,Subband BW,Subband Offset
7611.851786,37.601259,100,35,44
3817.812494,16.151984,100,35,44
7611.624599,40.845977,100,35,44
2447.028089,44.170484,100,35,44
4351.893813,34.801920,100,35,44
5495.553901,44.783624,100,35,44
