Distance,Tx Power,Bandwidth,Subband BW,Subband Offset
7890.399052,34.212958,15,8,0
4547.833758,56.664208,15,8,0
8097.580151,39.458324,15,8,0
6457.233974,35.397491,15,8,0
100.112729,36.487901,15,8,0
7406.859480,50.265202,15,8,0
