Distance,Tx Power,Bandwidth,Subband BW,Subband Offset
5958.314677,47.130501,75,11,5
6986.534526,34.213553,75,11,5
1244.489915,45.131147,75,11,5
9147.335326,29.093030,75,11,5
9951.122378,54.416210,75,11,5
1107.177569,21.295406,75,11,5
