Distance,Tx Power,Bandwidth,Subband BW,Subband Offset
7232.191942,18.298420,100,57,15
2029.528259,32.295374,100,57,15
5163.815764,51.520289,100,57,15
2163.553371,48.099792,100,57,15
1857.375770,36.265925,100,57,15
3875.080320,38.961907,100,57,15
