Distance,Tx Power,Bandwidth,Subband BW,Subband Offset
5897.827322,36.263488,50,28,9
3296.103928,47.076331,50,28,9
6599.283269,49.803822,50,28,9
1798.351884,22.381649,50,28,9
2812.461517,43.558452,50,28,9
6960.927672,46.907966,50,28,9
