Distance,Tx Power,Bandwidth,Subband BW,Subband Offset
857.287203,26.663404,25,9,11
9903.205387,15.707633,25,9,11
3460.504235,22.670826,25,9,11
807.559463,26.190873,25,9,11
1909.209151,37.294518,25,9,11
1906.061848,54.551482,25,9,11
