Distance,Tx Power,Bandwidth,Subband BW,Subband Offset
1319.762744,29.098230,50,17,16
1888.811663,34.525158,50,17,16
6573.677342,41.354361,50,17,16
4382.815580,31.319907,50,17,16
2863.359118,30.870713,50,17,16
8023.063075,58.258974,50,17,16
