Distance,Tx Power,Bandwidth,Subband BW,Subband Offset
8791.924384,43.830672,75,6,63
7860.103343,18.255755,75,6,63
4476.023229,36.943436,75,6,63
2974.388695,43.857185,75,6,63
2184.490430,34.247575,75,6,63
3960.763327,49.661918,75,6,63
