Distance,Tx Power,Bandwidth,Subband BW,Subband Offset
1774.772534,20.730954,25,8,8
1122.800069,50.028660,25,8,8
5482.952601,33.076791,25,8,8
5569.916463,37.822989,25,8,8
6184.498889,18.084951,25,8,8
1129.669710,46.776289,25,8,8
