Distance,Tx Power,Bandwidth,Subband BW,Subband Offset
4645.664778,21.750063,50,12,10
6949.156946,27.167554,50,12,10
7478.553505,35.516919,50,12,10
9664.907734,32.182742,50,12,10
1537.739336,52.049202,50,12,10
8330.740567,51.522620,50,12,10
