Distance,Tx Power,Bandwidth,Subband BW,Subband Offset
5714.938955,15.994131,50,16,22
8517.602012,22.546975,50,16,22
7414.609286,18.798679,50,16,22
3941.456269,57.733594,50,16,22
2466.488546,26.053688,50,16,22
8022.008179,38.408039,50,16,22
