Distance,Tx Power,Bandwidth,Subband BW,Subband Offset
3699.382155,37.630919,15,13,2
2167.663575,42.588994,15,13,2
5592.894872,23.499628,15,13,2
1692.968070,37.983758,15,13,2
8557.307122,38.492812,15,13,2
3761.940936,31.832481,15,13,2
