Distance,Tx Power,Bandwidth,Subband BW,Subband Offset
4085.458775,20.884235,100,52,2
6854.363401,21.759417,100,52,2
367.626448,48.383721,100,52,2
4218.726064,41.993611,100,52,2
1351.195647,56.291169,100,52,2
8678.856795,20.548625,100,52,2
