Distance,Tx Power,Bandwidth,Subband BW,Subband Offset
7866.979945,33.958933,15,7,0
8922.225781,25.599063,15,7,0
8404.217390,43.659194,15,7,0
7651.413711,35.406640,15,7,0
8635.130426,47.641147,15,7,0
6913.077968,28.571202,15,7,0
