Distance,Tx Power,Bandwidth,Subband BW,Subband Offset
588.972485,16.107111,15,10,0
6261.976853,38.265602,15,10,0
9053.381907,35.456152,15,10,0
8220.062517,47.979177,15,10,0
130.461402,42.278668,15,10,0
644.761396,41.240617,15,10,0
