Distance,Tx Power,Bandwidth,Subband BW,Subband Offset
1409.235680,47.115648,15,11,4
8456.561474,33.560103,15,11,4
5979.368136,45.851024,15,11,4
2996.014407,50.721887,15,11,4
5372.218737,58.179351,15,11,4
8841.735930,22.446562,15,11,4
