Distance,Tx Power,Bandwidth,Subband BW,Subband Offset
3667.994950,58.891346,15,6,6
3950.775925,49.516119,15,6,6
166.464169,51.474922,15,6,6
2906.168676,34.827312,15,6,6
2337.999774,46.681053,15,6,6
8680.189145,24.083955,15,6,6
