Distance,Tx Power,Bandwidth,Subband BW,Subband Offset
9697.570990,15.898605,75,31,3
7329.750905,28.887773,75,31,3
7584.864795,48.551136,75,31,3
789.899030,25.369298,75,31,3
4703.543048,53.873752,75,31,3
8780.353761,38.158523,75,31,3
