Distance,Tx Power,Bandwidth,Subband BW,Subband Offset
9444.821001,35.459390,15,15,0
2086.363199,38.578570,15,15,0
2192.938561,39.750347,15,15,0
7869.985189,52.157834,15,15,0
7033.487373,19.189198,15,15,0
1361.240231,49.983891,15,15,0
