Distance,Tx Power,Bandwidth,Subband BW,Subband Offset
2118.178586,21.836309,25,12,7
2868.675782,18.173279,25,12,7
1121.341189,20.145621,25,12,7
7376.424731,45.074533,25,12,7
8714.063918,57.446694,25,12,7
2641.141458,42.844045,25,12,7
