Distance,Tx Power,Bandwidth,Subband BW,Subband Offset
1479.586128,32.818483,100,15,68
8769.246567,15.644066,100,15,68
3668.516418,50.230039,100,15,68
9714.266057,41.201314,100,15,68
7896.782911,42.371915,100,15,68
2452.861655,57.031935,100,15,68
