Distance,Tx Power,Bandwidth,Subband BW,Subband Offset
6708.305256,18.522455,50,9,0
2555.454667,35.877990,50,9,0
7515.361066,17.819433,50,9,0
4371.327322,50.943627,50,9,0
9944.937965,32.027701,50,9,0
4324.849902,29.515870,50,9,0
