Distance,Tx Power,Bandwidth,Subband BW,Subband Offset
5052.827704,46.722332,75,31,41
5804.097056,54.733708,75,31,41
3119.496068,29.201206,75,31,41
2199.144116,31.542279,75,31,41
322.510402,55.631591,75,31,41
1356.639028,28.991514,75,31,41
