Distance,Tx Power,Bandwidth,Subband BW,Subband Offset
4767.085732,31.520718,50,13,19
4385.297824,44.924961,50,13,19
9887.295442,40.823896,50,13,19
9861.856476,48.487360,50,13,19
1250.004041,34.053958,50,13,19
8742.702520,17.355682,50,13,19
