Distance,Tx Power,Bandwidth,Subband BW,Subband Offset
8008.404740,42.568986,100,28,59
7166.447082,46.376331,100,28,59
9407.683173,51.000714,100,28,59
8828.043367,52.223645,100,28,59
5940.235671,26.757973,100,28,59
3651.994279,33.652307,100,28,59
