Distance,Tx Power,Bandwidth,Subband BW,Subband Offset
8415.378846,20.999006,25,17,6
3383.180990,41.760006,25,17,6
8245.574824,44.806661,25,17,6
9966.138472,56.622796,25,17,6
708.725304,23.793770,25,17,6
3175.603750,52.264258,25,17,6
