Distance,Tx Power,Bandwidth,Subband BW,Subband Offset
5738.395920,24.021820,100,11,63
8375.574608,54.883113,100,11,63
3278.372847,35.239904,100,11,63
3158.591281,35.983053,100,11,63
6557.843489,15.770445,100,11,63
8963.285579,45.101608,100,11,63
