Distance,Tx Power,Bandwidth,Subband BW,Subband Offset
4622.756064,25.441642,75,7,50
6760.346927,34.953534,75,7,50
7055.956735,36.514056,75,7,50
5627.559689,25.165234,75,7,50
826.096378,40.715368,75,7,50
5823.932175,35.278420,75,7,50
