Distance,Tx Power,Bandwidth,Subband BW,Subband Offset
8899.750003,44.975614,15,14,0
9800.354345,43.110578,15,14,0
2818.254946,41.769285,15,14,0
9913.034027,56.084763,15,14,0
200.124596,15.050690,15,14,0
2553.959554,47.315118,15,14,0
