Distance,Tx Power,Bandwidth,Subband BW,Subband Offset
5481.728201,24.156678,25,8,8
5658.837792,57.484870,25,8,8
6640.905763,42.219148,25,8,8
6619.693061,41.108137,25,8,8
5513.019919,35.134045,25,8,8
5341.798309,37.772927,25,8,8
