Distance,Tx Power,Bandwidth,Subband BW,Subband Offset
1838.857240,31.932355,50,10,5
3253.579730,57.767267,50,10,5
7203.718564,25.933515,50,10,5
6182.602791,44.780124,50,10,5
3321.830749,28.147845,50,10,5
5678.119589,50.070657,50,10,5
