Distance,Tx Power,Bandwidth,Subband BW,Subband Offset
3046.332586,54.283398,25,17,3
7572.884586,52.434575,25,17,3
4892.933282,23.445458,25,17,3
8261.583086,29.861886,25,17,3
4195.561561,24.337036,25,17,3
8590.557193,15.846613,25,17,3
