Distance,Tx Power,Bandwidth,Subband BW,Subband Offset
9643.084833,44.326500,15,7,6
3391.959016,46.444961,15,7,6
754.283943,36.796890,15,7,6
7727.017487,56.839520,15,7,6
4576.142493,25.374144,15,7,6
9317.606130,17.450074,15,7,6
