Distance,Tx Power,Bandwidth,Subband BW,Subband Offset
6736.778057,56.091773,100,42,47
1899.351384,59.697734,100,42,47
3084.238389,38.403575,100,42,47
8442.227237,59.501496,100,42,47
1044.545165,50.687818,100,42,47
5025.924662,18.442312,100,42,47
