Distance,Tx Power,Bandwidth,Subband BW,Subband Offset
7409.811761,25.205906,50,18,0
9474.344769,38.792412,50,18,0
4913.384230,47.910289,50,18,0
5093.376876,30.465029,50,18,0
6778.827007,57.864801,50,18,0
1341.234092,32.073213,50,18,0
