Distance,Tx Power,Bandwidth,Subband BW,Subband Offset
214.794525,55.319486,25,9,9
7956.239527,58.911056,25,9,9
7292.056158,30.566927,25,9,9
9546.073469,40.319566,25,9,9
2730.617245,55.034803,25,9,9
7323.499170,25.138967,25,9,9
