Distance,Tx Power,Bandwidth,Subband BW,Subband Offset
4197.169808,40.109373,100,30,58
3441.123831,46.837244,100,30,58
9209.695173,19.807847,100,30,58
6693.374693,42.103729,100,30,58
6464.240890,55.118352,100,30,58
7656.045451,30.915092,100,30,58
