Distance,Tx Power,Bandwidth,Subband BW,Subband Offset
8854.608565,18.302744,75,58,2
8140.281609,58.453106,75,58,2
6037.017537,17.398673,75,58,2
1619.462529,31.315815,75,58,2
1553.773287,19.451816,75,58,2
3140.814123,22.071551,75,58,2
