Distance,Tx Power,Bandwidth,Subband BW,Subband Offset
9245.126201,15.822853,75,8,41
3316.650836,39.526343,75,8,41
9131.366462,44.853244,75,8,41
6050.800148,52.579271,75,8,41
9119.463700,37.466770,75,8,41
8214.078161,15.132370,75,8,41
