Distance,Tx Power,Bandwidth,Subband BW,Subband Offset
6102.016263,18.652766,25,18,1
6209.675225,52.712812,25,18,1
5245.319833,44.710868,25,18,1
312.971731,32.905037,25,18,1
4446.348954,49.734488,25,18,1
4008.239544,59.985922,25,18,1
