Distance,Tx Power,Bandwidth,Subband BW,Subband Offset
9874.742628,42.813936,75,44,28
2925.733749,33.340568,75,44,28
6087.010093,16.757368,75,44,28
9818.689264,50.216377,75,44,28
2763.849681,24.549755,75,44,28
6678.101197,53.313565,75,44,28
