Distance,Tx Power,Bandwidth,Subband BW,Subband Offset
4620.277664,19.281785,15,7,6
9940.997729,33.700192,15,7,6
5519.079218,22.188129,15,7,6
7186.939504,56.488793,15,7,6
1089.401605,47.214562,15,7,6
8213.919621,22.908795,15,7,6
