Distance,Tx Power,Bandwidth,Subband BW,Subband Offset
3795.622935,25.483383,75,55,8
6884.111957,36.469992,75,55,8
9197.159826,43.327277,75,55,8
295.664587,28.827060,75,55,8
8048.189184,20.483194,75,55,8
7818.826316,35.087080,75,55,8
