Distance,Tx Power,Bandwidth,Subband BW,Subband Offset
9581.637246,30.108331,15,12,0
4580.704668,28.412351,15,12,0
3539.042710,41.630889,15,12,0
7752.279247,45.224255,15,12,0
8173.073323,27.288048,15,12,0
4690.024935,27.080722,15,12,0
