Distance,Tx Power,Bandwidth,Subband BW,Subband Offset
482.974276,21.803262,100,58,9
5212.171002,35.382236,100,58,9
6412.499495,33.097352,100,58,9
5955.352999,42.931078,100,58,9
6181.935457,35.777586,100,58,9
6604.091873,47.637025,100,58,9
