Distance,Tx Power,Bandwidth,Subband BW,Subband Offset
4213.051444,36.346605,15,6,1
2555.755825,51.224606,15,6,1
4994.297433,15.740807,15,6,1
8458.531094,41.513062,15,6,1
3457.273873,47.970191,15,6,1
699.762737,21.191592,15,6,1
