Distance,Tx Power,Bandwidth,Subband BW,Subband Offset
8282.315479,53.039638,25,14,3
5168.379743,44.460416,25,14,3
5290.609453,16.050968,25,14,3
9023.757465,16.751021,25,14,3
6626.989786,49.271810,25,14,3
2177.075060,49.504276,25,14,3
