Distance,Tx Power,Bandwidth,Subband BW,Subband Offset
4546.245125,39.035108,25,9,9
7813.980941,16.323123,25,9,9
1292.635987,27.821489,25,9,9
4303.694199,28.229519,25,9,9
7295.564747,17.823603,25,9,9
677.562320,50.502610,25,9,9
