Distance,Tx Power,Bandwidth,Subband BW,Subband Offset
9777.576703,24.822171,15,7,8
8056.811235,52.344050,15,7,8
9717.568185,25.756474,15,7,8
3680.298642,44.946901,15,7,8
8147.182289,35.668462,15,7,8
3452.718352,54.319528,15,7,8
