Distance,Tx Power,Bandwidth,Subband BW,Subband Offset
5401.137233,46.320287,50,7,36
290.344885,45.091062,50,7,36
4254.758773,29.132376,50,7,36
384.239759,28.525909,50,7,36
5695.004862,50.966841,50,7,36
1773.356191,58.016469,50,7,36
