Distance,Tx Power,Bandwidth,Subband BW,Subband Offset
887.560637,25.810305,50,43,6
7590.385854,58.715394,50,43,6
117.737879,40.986979,50,43,6
7023.453266,35.243527,50,43,6
2343.316714,41.494791,50,43,6
4413.307958,21.400537,50,43,6
