Distance,Tx Power,Bandwidth,Subband BW,Subband Offset
9480.821089,41.070057,75,21,20
1399.729059,35.483097,75,21,20
119.762712,15.142295,75,21,20
3036.288843,49.720612,75,21,20
6084.259058,56.655678,75,21,20
3178.677354,16.188770,75,21,20
