Distance,Tx Power,Bandwidth,Subband BW,Subband Offset
8045.968049,37.071709,15,6,4
3341.576700,44.367484,15,6,4
9788.117640,20.118273,15,6,4
7374.036471,18.814944,15,6,4
2250.935108,29.027391,15,6,4
6595.383064,25.351161,15,6,4
