Distance,Tx Power,Bandwidth,Subband BW,Subband Offset
1419.554620,48.368321,15,10,1
7398.861006,16.588844,15,10,1
7691.070516,32.927677,15,10,1
4105.833767,38.807371,15,10,1
2054.446554,18.653715,15,10,1
2393.773360,48.217253,15,10,1
