Distance,Tx Power,Bandwidth,Subband BW,Subband Offset
6744.440809,33.542088,50,36,14
5311.186401,21.687218,50,36,14
730.442295,43.094035,50,36,14
1353.877025,18.554454,50,36,14
3058.875958,40.593549,50,36,14
2599.020910,50.804813,50,36,14
