Distance,Tx Power,Bandwidth,Subband BW,Subband Offset
2063.964615,52.795495,100,33,58
6317.835313,55.543751,100,33,58
270.205413,20.510167,100,33,58
8867.473925,29.436780,100,33,58
2886.855010,46.678109,100,33,58
1967.013746,20.402024,100,33,58
