Distance,Tx Power,Bandwidth,Subband BW,Subband Offset
2523.477261,16.754299,100,10,87
718.896826,27.474615,100,10,87
2978.719018,29.995606,100,10,87
1552.787473,45.320483,100,10,87
5313.499708,58.703129,100,10,87
5863.367897,41.006217,100,10,87
