Distance,Tx Power,Bandwidth,Subband BW,Subband Offset
1246.725491,49.891845,75,7,35
8687.326516,28.310315,75,7,35
2549.301016,56.093164,75,7,35
1266.927383,41.680231,75,7,35
1111.941489,31.890562,75,7,35
2895.401815,15.987310,75,7,35
