Distance,Tx Power,Bandwidth,Subband BW,Subband Offset
2409.250630,58.232111,15,7,5
2764.135672,16.838544,15,7,5
2592.895253,48.148523,15,7,5
1712.705498,33.187338,15,7,5
984.191863,21.750349,15,7,5
7946.399464,51.143502,15,7,5
