Distance,Tx Power,Bandwidth,Subband BW,Subband Offset
7261.831260,45.983961,100,27,29
2203.951465,34.484711,100,27,29
8887.763920,16.382097,100,27,29
6220.138716,50.130175,100,27,29
8760.574174,29.960102,100,27,29
3634.567744,43.120186,100,27,29
