Distance,Tx Power,Bandwidth,Subband BW,Subband Offset
9942.354952,48.981929,25,14,7
3895.657890,34.635592,25,14,7
2760.725314,39.526921,25,14,7
2639.038850,38.408671,25,14,7
6351.496805,26.278750,25,14,7
2802.743295,42.835888,25,14,7
