Distance,Tx Power,Bandwidth,Subband BW,Subband Offset
3728.743403,54.462620,100,39,25
8179.167109,31.989864,100,39,25
2917.814103,27.002241,100,39,25
4297.878608,42.617312,100,39,25
6911.995524,18.709488,100,39,25
630.996088,50.270355,100,39,25
