Distance,Tx Power,Bandwidth,Subband BW,Subband Offset
8894.976503,54.213062,25,12,0
8932.997463,36.960819,25,12,0
5039.955538,48.353971,25,12,0
8466.180615,44.086275,25,12,0
4228.881022,19.787909,25,12,0
3387.310338,45.664928,25,12,0
