Distance,Tx Power,Bandwidth,Subband BW,Subband Offset
6512.926424,43.902253,50,20,7
5674.826497,20.941287,50,20,7
5311.385167,30.420063,50,20,7
2940.580805,21.146883,50,20,7
7317.667358,48.305162,50,20,7
1893.144395,59.439951,50,20,7
