Distance,Tx Power,Bandwidth,Subband BW,Subband Offset
1466.090843,38.820706,50,32,1
9046.330545,21.221860,50,32,1
5219.124255,15.421387,50,32,1
5670.622077,40.152656,50,32,1
8426.873257,42.163726,50,32,1
1503.088759,50.628414,50,32,1
