Distance,Tx Power,Bandwidth,Subband BW,Subband Offset
7570.681251,30.846078,50,22,20
1507.302216,58.340979,50,22,20
200.095911,35.577182,50,22,20
9076.890755,54.618499,50,22,20
2720.265073,39.394435,50,22,20
3635.969315,47.724860,50,22,20
