Distance,Tx Power,Bandwidth,Subband BW,Subband Offset
8525.056201,31.983644,15,6,2
6682.640004,40.296796,15,6,2
2820.900420,32.114486,15,6,2
9168.347355,43.087891,15,6,2
5250.439778,46.396813,15,6,2
6652.860514,42.166461,15,6,2
