Distance,Tx Power,Bandwidth,Subband BW,Subband Offset
4183.802660,24.488692,75,20,45
3206.837986,19.250011,75,20,45
6688.372339,16.368962,75,20,45
8533.543811,21.641020,75,20,45
2253.694929,34.357257,75,20,45
5474.768333,46.210754,75,20,45
