Distance,Tx Power,Bandwidth,Subband BW,Subband Offset
6281.550710,54.015928,50,35,11
9515.709056,52.681160,50,35,11
4901.858985,29.111109,50,35,11
7346.784666,26.319608,50,35,11
870.851379,44.048291,50,35,11
3868.754428,40.858914,50,35,11
