Distance,Tx Power,Bandwidth,Subband BW,Subband Offset
1533.359837,59.509703,75,56,5
4682.026718,38.573257,75,56,5
8094.028160,31.877554,75,56,5
1459.455658,44.092489,75,56,5
8299.647283,30.617467,75,56,5
274.374943,35.973769,75,56,5
