Distance,Tx Power,Bandwidth,Subband BW,Subband Offset
9023.614007,57.139246,15,6,2
4880.970730,53.273427,15,6,2
9762.274718,50.454334,15,6,2
2135.422189,20.083557,15,6,2
3242.154723,59.758386,15,6,2
399.499926,19.929690,15,6,2
