Distance,Tx Power,Bandwidth,Subband BW,Subband Offset
6533.157113,58.486625,25,16,7
3728.049838,19.779989,25,16,7
9236.582733,25.446787,25,16,7
4246.442053,17.049807,25,16,7
6869.246516,27.623265,25,16,7
7346.807712,37.356159,25,16,7
