Distance,Tx Power,Bandwidth,Subband BW,Subband Offset
2384.018238,57.459409,50,7,38
3532.275823,29.863125,50,7,38
7653.737458,29.923387,50,7,38
906.025991,29.998854,50,7,38
7806.080726,42.730223,50,7,38
6784.388996,17.142590,50,7,38
