Distance,Tx Power,Bandwidth,Subband BW,Subband Offset
1638.294800,55.449044,25,16,8
5167.313221,56.481928,25,16,8
9075.486132,22.715285,25,16,8
6808.737407,37.471766,25,16,8
6010.345170,23.486843,25,16,8
4824.320851,35.202156,25,16,8
