Distance,Tx Power,Bandwidth,Subband BW,Subband Offset
5742.393671,29.365044,50,20,27
695.971912,23.196159,50,20,27
537.665710,16.486793,50,20,27
1464.024847,23.470343,50,20,27
6419.365921,37.862083,50,20,27
7763.260993,25.009124,50,20,27
