Distance,Tx Power,Bandwidth,Subband BW,Subband Offset
2239.733576,25.414600,100,37,24
9512.593243,34.377684,100,37,24
7557.412242,24.296666,100,37,24
259.739018,31.408604,100,37,24
4515.748295,54.191757,100,37,24
2141.470936,23.715032,100,37,24
