Distance,Tx Power,Bandwidth,Subband BW,Subband Offset
9153.169421,51.067031,75,53,14
5907.587171,44.719695,75,53,14
7946.844637,20.512357,75,53,14
9877.537668,30.887911,75,53,14
9590.789219,53.972291,75,53,14
1169.399547,49.869556,75,53,14
