Distance,Tx Power,Bandwidth,Subband BW,Subband Offset
1864.820283,17.133632,15,11,4
4266.367242,24.970119,15,11,4
5397.491488,29.066464,15,11,4
2869.831676,59.065242,15,11,4
1164.095940,26.558718,15,11,4
6771.244017,26.667133,15,11,4
