Distance,Tx Power,Bandwidth,Subband BW,Subband Offset
9693.283508,46.971284,75,33,8
8219.123578,40.604115,75,33,8
174.988901,23.566299,75,33,8
2066.655183,15.549748,75,33,8
8835.960787,40.754579,75,33,8
1552.359700,27.953136,75,33,8
