Distance,Tx Power,Bandwidth,Subband BW,Subband Offset
9684.059912,17.366389,15,8,6
7459.028136,56.020317,15,8,6
6144.922368,21.759710,15,8,6
2991.220842,29.794843,15,8,6
362.027810,31.339411,15,8,6
6990.454371,19.571905,15,8,6
