Distance,Tx Power,Bandwidth,Subband BW,Subband Offset
4110.993776,38.989340,50,13,2
4529.020256,53.092239,50,13,2
5806.963531,55.249141,50,13,2
7255.047008,23.879078,50,13,2
5704.683518,41.568073,50,13,2
2519.048327,16.594969,50,13,2
