Distance,Tx Power,Bandwidth,Subband BW,Subband Offset
8696.661498,15.487269,25,6,17
4559.295672,15.478001,25,6,17
731.822355,59.874696,25,6,17
2627.309882,51.686230,25,6,17
2206.586452,53.410460,25,6,17
1623.705100,53.861950,25,6,17
