Distance,Tx Power,Bandwidth,Subband BW,Subband Offset
2768.689242,17.322897,50,22,23
7983.158295,47.126458,50,22,23
8453.767288,43.157518,50,22,23
2659.884475,49.036252,50,22,23
2498.383978,48.911526,50,22,23
1315.793988,53.661440,50,22,23
