Distance,Tx Power,Bandwidth,Subband BW,Subband Offset
9978.871451,56.145416,100,14,1
7572.164891,59.719307,100,14,1
2493.517698,26.344554,100,14,1
4445.297433,22.561972,100,14,1
1411.094014,37.598677,100,14,1
9760.735612,40.554836,100,14,1
