Distance,Tx Power,Bandwidth,Subband BW,Subband Offset
856.212051,39.480423,25,14,10
1320.028562,31.804905,25,14,10
1870.193235,34.068403,25,14,10
3545.824767,16.881341,25,14,10
277.525088,36.613604,25,14,10
1594.706391,59.832518,25,14,10
