Distance,Tx Power,Bandwidth,Subband BW,Subband Offset
7526.307973,27.143192,100,55,5
1595.198603,52.255929,100,55,5
3206.007150,36.443070,100,55,5
1802.441129,51.015441,100,55,5
5670.657892,51.488169,100,55,5
5179.603166,21.212347,100,55,5
