Distance,Tx Power,Bandwidth,Subband BW,Subband Offset
1668.508416,17.201049,50,11,0
4986.525016,59.192384,50,11,0
9079.901426,48.486905,50,11,0
9848.166703,31.188894,50,11,0
7876.520700,56.410206,50,11,0
9147.216257,37.950272,50,11,0
