Distance,Tx Power,Bandwidth,Subband BW,Subband Offset
1007.806450,32.195737,15,10,3
5005.390021,20.304739,15,10,3
4499.297123,31.522231,15,10,3
2381.206811,43.548608,15,10,3
9678.722027,59.230563,15,10,3
8409.275949,57.921437,15,10,3
