Distance,Tx Power,Bandwidth,Subband BW,Subband Offset
9141.849500,29.125632,25,15,4
6529.708380,53.760443,25,15,4
135.779073,22.470797,25,15,4
2564.035485,23.596686,25,15,4
798.098307,47.461186,25,15,4
867.815928,17.535305,25,15,4
