Distance,Tx Power,Bandwidth,Subband BW,Subband Offset
9848.914969,52.687694,25,10,9
4818.088472,56.506123,25,10,9
9194.720629,32.489180,25,10,9
9661.116559,37.520125,25,10,9
7763.323770,46.170574,25,10,9
3001.264334,46.802153,25,10,9
