Distance,Tx Power,Bandwidth,Subband BW,Subband Offset
3941.005699,41.032980,50,8,32
3945.354750,52.913092,50,8,32
1979.839428,30.411016,50,8,32
3169.625228,50.461181,50,8,32
9725.558373,56.917028,50,8,32
2273.259210,53.024789,50,8,32
