Distance,Tx Power,Bandwidth,Subband BW,Subband Offset
9685.079834,25.472266,100,34,53
6705.477270,23.507981,100,34,53
7445.779309,46.984176,100,34,53
7437.806787,31.715929,100,34,53
715.785777,23.304290,100,34,53
6173.074858,21.383285,100,34,53
