Distance,Tx Power,Bandwidth,Subband BW,Subband Offset
6392.218447,43.149027,15,7,6
4783.248290,33.160398,15,7,6
5567.084840,47.601540,15,7,6
9271.170543,54.859027,15,7,6
2325.151022,26.809255,15,7,6
4010.092612,37.969628,15,7,6
