Distance,Tx Power,Bandwidth,Subband BW,Subband Offset
3637.067379,41.922659,25,8,9
7371.877020,28.926449,25,8,9
5910.980493,33.550617,25,8,9
5475.314440,48.409379,25,8,9
218.082333,30.971354,25,8,9
4404.044658,44.912396,25,8,9
