Distance,Tx Power,Bandwidth,Subband BW,Subband Offset
8063.609405,42.328075,75,29,20
9889.541507,21.548678,75,29,20
5453.454959,57.445741,75,29,20
112.218166,42.786359,75,29,20
9567.546514,25.490333,75,29,20
3927.444528,29.211734,75,29,20
