Distance,Tx Power,Bandwidth,Subband BW,Subband Offset
4979.519609,46.674266,75,27,13
3665.897400,53.002380,75,27,13
679.244813,51.268128,75,27,13
7230.520677,21.365956,75,27,13
8542.181953,18.337995,75,27,13
3684.146081,42.889555,75,27,13
