Distance,Tx Power,Bandwidth,Subband BW,Subband Offset
3213.440521,15.932029,75,12,52
7603.198400,38.171517,75,12,52
5372.817498,32.889368,75,12,52
7408.296040,52.518266,75,12,52
7183.775584,23.860448,75,12,52
4048.370773,58.744567,75,12,52
