Distance,Tx Power,Bandwidth,Subband BW,Subband Offset
7712.229089,43.326174,25,9,6
3383.367385,57.197787,25,9,6
5312.919313,41.921904,25,9,6
162.930960,58.000514,25,9,6
1042.747699,57.493083,25,9,6
4123.453999,58.783316,25,9,6
