Distance,Tx Power,Bandwidth,Subband BW,Subband Offset
5823.399061,53.703242,75,52,5
1258.697652,33.658318,75,52,5
6053.553066,59.314997,75,52,5
1777.548131,49.046633,75,52,5
7422.778606,18.668795,75,52,5
1098.921798,28.006779,75,52,5
