Distance,Tx Power,Bandwidth,Subband BW,Subband Offset
6067.613122,49.360709,50,24,0
2437.691499,54.230428,50,24,0
518.884045,53.815840,50,24,0
9510.808397,42.381535,50,24,0
8128.871387,40.810398,50,24,0
8879.344831,23.301555,50,24,0
