Distance,Tx Power,Bandwidth,Subband BW,Subband Offset
6892.218401,24.478466,50,8,26
591.195282,38.693961,50,8,26
9397.662634,47.748198,50,8,26
9448.527063,30.956821,50,8,26
3833.521962,16.573799,50,8,26
8601.083741,32.580611,50,8,26
