Distance,Tx Power,Bandwidth,Subband BW,Subband Offset
9528.846993,28.675493,50,8,25
2576.064892,23.857430,50,8,25
4806.640231,48.718857,50,8,25
712.877860,32.714503,50,8,25
5666.968221,47.105755,50,8,25
3378.962505,54.068582,50,8,25
