Distance,Tx Power,Bandwidth,Subband BW,Subband Offset
8814.004160,59.648573,50,18,4
1082.953595,31.912523,50,18,4
6240.510191,16.902081,50,18,4
7916.808419,36.087649,50,18,4
3589.239099,57.919193,50,18,4
4081.196106,58.860752,50,18,4
