Distance,Tx Power,Bandwidth,Subband BW,Subband Offset
9455.261119,19.942052,15,8,1
1798.983367,20.171351,15,8,1
6439.999186,59.797133,15,8,1
4265.224902,41.837966,15,8,1
3074.756253,28.107620,15,8,1
5885.731148,28.794591,15,8,1
