Distance,Tx Power,Bandwidth,Subband BW,Subband Offset
9780.669743,39.177616,75,28,5
1906.048933,48.080082,75,28,5
4317.612874,39.309126,75,28,5
6917.675507,25.642769,75,28,5
7844.232893,55.571116,75,28,5
4511.014593,54.289375,75,28,5
