Distance,Tx Power,Bandwidth,Subband BW,Subband Offset
6556.523182,32.625619,50,14,3
9067.509072,25.372406,50,14,3
8673.982075,43.869370,50,14,3
1314.154426,53.304277,50,14,3
2969.443757,29.986915,50,14,3
2143.322992,28.938879,50,14,3
