Distance,Tx Power,Bandwidth,Subband BW,Subband Offset
8125.099260,27.984166,15,9,1
8257.575868,42.206363,15,9,1
8963.387762,37.425498,15,9,1
8667.895051,41.637236,15,9,1
1951.004922,39.157017,15,9,1
439.150577,30.311287,15,9,1
