Distance,Tx Power,Bandwidth,Subband BW,Subband Offset
4852.640213,26.620129,100,44,9
299.564656,24.162785,100,44,9
5899.130864,59.607600,100,44,9
4551.211776,41.458053,100,44,9
6925.842615,45.906423,100,44,9
4283.161878,48.427159,100,44,9
