Distance,Tx Power,Bandwidth,Subband BW,Subband Offset
8136.748175,37.586610,25,7,1
5167.900526,48.872562,25,7,1
2840.897218,36.364800,25,7,1
9667.744285,46.914289,25,7,1
9160.827543,53.987228,25,7,1
2703.484321,43.224768,25,7,1
