Distance,Tx Power,Bandwidth,Subband BW,Subband Offset
7230.538084,23.239348,100,59,35
1052.061432,26.641381,100,59,35
534.899899,22.236431,100,59,35
2697.658810,19.798518,100,59,35
8261.472102,48.302822,100,59,35
1195.029290,53.443755,100,59,35
