Distance,Tx Power,Bandwidth,Subband BW,Subband Offset
2487.211501,25.099354,15,6,7
5520.118057,34.959582,15,6,7
7631.932998,34.315236,15,6,7
857.483537,29.997400,15,6,7
2987.386951,27.325765,15,6,7
3686.930506,33.452732,15,6,7
