Distance,Tx Power,Bandwidth,Subband BW,Subband Offset
2303.867437,46.788655,25,14,1
6748.620860,38.851794,25,14,1
5620.439061,22.218271,25,14,1
9342.201998,41.042726,25,14,1
531.100785,35.260130,25,14,1
6974.451447,57.326636,25,14,1
