Distance,Tx Power,Bandwidth,Subband BW,Subband Offset
1414.739732,47.626460,100,38,52
7031.994222,56.308224,100,38,52
5962.164720,50.683486,100,38,52
6141.206781,32.398284,100,38,52
9489.848934,35.130163,100,38,52
768.156334,53.642088,100,38,52
