Distance,Tx Power,Bandwidth,Subband BW,Subband Offset
8355.540462,42.403942,100,76,5
357.494103,28.061011,100,76,5
7703.238326,46.620270,100,76,5
8618.320757,37.749048,100,76,5
1742.272176,29.708475,100,76,5
9769.718251,33.553833,100,76,5
