Distance,Tx Power,Bandwidth,Subband BW,Subband Offset
6582.310459,27.905113,75,47,3
8838.757256,44.870138,75,47,3
7763.296128,42.019233,75,47,3
1598.968144,57.965295,75,47,3
2673.029556,15.017264,75,47,3
9167.765713,55.111313,75,47,3
