Distance,Tx Power,Bandwidth,Subband BW,Subband Offset
460.527224,48.703825,75,31,10
160.467049,29.360159,75,31,10
1825.447410,43.825522,75,31,10
5179.786681,15.029255,75,31,10
5918.396824,55.641973,75,31,10
9333.365787,21.504584,75,31,10
