Distance,Tx Power,Bandwidth,Subband BW,Subband Offset
7157.112783,22.827690,100,11,37
2580.086346,22.243368,100,11,37
4897.164928,37.276934,100,11,37
1506.287730,23.230111,100,11,37
4835.371274,23.895538,100,11,37
4508.999050,23.522039,100,11,37
