Distance,Tx Power,Bandwidth,Subband BW,Subband Offset
7420.746755,41.085221,100,26,59
7908.466988,48.895827,100,26,59
1252.229707,15.640517,100,26,59
4139.004822,26.891895,100,26,59
7261.928918,32.066911,100,26,59
9601.385628,16.072289,100,26,59
