Distance,Tx Power,Bandwidth,Subband BW,Subband Offset
1870.284793,55.239096,15,11,0
9303.491584,56.483777,15,11,0
1125.976298,50.378461,15,11,0
9545.268711,41.814753,15,11,0
5754.714389,57.380443,15,11,0
4117.326814,20.098487,15,11,0
