Distance,Tx Power,Bandwidth,Subband BW,Subband Offset
6225.140767,51.511795,25,19,3
1606.612321,35.996913,25,19,3
9034.620658,42.366568,25,19,3
3017.759463,58.929700,25,19,3
4037.511001,39.588099,25,19,3
2594.603881,37.965790,25,19,3
