Distance,Tx Power,Bandwidth,Subband BW,Subband Offset
1140.241311,15.707072,25,9,1
4817.296748,44.495720,25,9,1
5850.776179,47.801418,25,9,1
7272.942574,45.854196,25,9,1
8634.609279,26.017122,25,9,1
4938.213463,18.966664,25,9,1
