Distance,Tx Power,Bandwidth,Subband BW,Subband Offset
7314.292729,57.759245,15,10,0
5276.310400,22.168410,15,10,0
6415.012511,17.749553,15,10,0
9940.079272,25.989832,15,10,0
8364.532806,40.075441,15,10,0
9711.525140,55.066128,15,10,0
