Distance,Tx Power,Bandwidth,Subband BW,Subband Offset
7615.231909,18.164087,75,56,11
8362.755990,41.103940,75,56,11
1038.058318,15.589813,75,56,11
6449.445443,49.861620,75,56,11
2252.056198,47.859121,75,56,11
8064.141382,57.649335,75,56,11
