Distance,Tx Power,Bandwidth,Subband BW,Subband Offset
2626.010949,52.818153,75,27,20
4448.874022,30.207571,75,27,20
8876.797591,43.754452,75,27,20
5007.020287,30.505869,75,27,20
9138.248811,53.354783,75,27,20
7799.887154,34.721282,75,27,20
