Distance,Tx Power,Bandwidth,Subband BW,Subband Offset
326.372283,31.331393,25,22,3
828.507530,15.893636,25,22,3
1875.692469,22.621310,25,22,3
743.031597,46.635550,25,22,3
9207.731568,47.408119,25,22,3
9960.590426,18.468695,25,22,3
