Distance,Tx Power,Bandwidth,Subband BW,Subband Offset
8336.311733,53.417406,75,16,8
9763.482490,56.564332,75,16,8
6508.683782,48.065484,75,16,8
4698.897124,55.623413,75,16,8
2630.832288,24.401173,75,16,8
2723.876336,53.782275,75,16,8
