Distance,Tx Power,Bandwidth,Subband BW,Subband Offset
5812.289356,23.008504,75,60,0
5607.444113,54.500225,75,60,0
9728.509953,34.298016,75,60,0
945.551635,16.975542,75,60,0
9186.441488,23.649642,75,60,0
8831.941611,19.450676,75,60,0
