Distance,Tx Power,Bandwidth,Subband BW,Subband Offset
8630.409937,15.197706,75,13,6
4830.191182,18.684250,75,13,6
6129.154648,48.493745,75,13,6
7502.611780,36.574647,75,13,6
6000.802780,19.927233,75,13,6
2537.110928,45.515956,75,13,6
