Distance,Tx Power,Bandwidth,Subband BW,Subband Offset
3754.859623,32.749012,25,6,19
4379.507975,44.864945,25,6,19
8305.111904,44.091020,25,6,19
5114.564138,24.193606,25,6,19
1951.159326,25.611046,25,6,19
3544.574268,40.001638,25,6,19
