Distance,Tx Power,Bandwidth,Subband BW,Subband Offset
842.724271,24.858622,100,19,47
9440.256973,34.968171,100,19,47
4814.889411,32.480345,100,19,47
8421.062615,21.785076,100,19,47
6418.585066,48.182830,100,19,47
8414.462835,33.051818,100,19,47
