Distance,Tx Power,Bandwidth,Subband BW,Subband Offset
3117.190913,16.919918,75,13,59
6818.889609,45.697492,75,13,59
2698.821625,33.831964,75,13,59
4524.313648,24.924213,75,13,59
320.752248,41.021178,75,13,59
477.599235,27.883190,75,13,59
