Distance,Tx Power,Bandwidth,Subband BW,Subband Offset
8280.684231,20.749618,50,9,34
274.467207,26.448981,50,9,34
7289.688006,28.773365,50,9,34
7101.920242,37.222153,50,9,34
2251.481711,52.709661,50,9,34
7451.446376,22.029380,50,9,34
