Distance,Tx Power,Bandwidth,Subband BW,Subband Offset
2517.408794,51.164964,75,37,32
8654.656936,17.147348,75,37,32
4567.817127,37.558086,75,37,32
862.239485,33.323420,75,37,32
3432.335998,52.947119,75,37,32
8471.083693,21.752986,75,37,32
