Distance,Tx Power,Bandwidth,Subband BW,Subband Offset
1144.800462,32.785598,50,19,17
7156.454065,28.182284,50,19,17
9477.991391,23.848815,50,19,17
3092.155431,42.058529,50,19,17
8605.642604,38.401196,50,19,17
4632.818406,55.682291,50,19,17
