Distance,Tx Power,Bandwidth,Subband BW,Subband Offset
8069.277251,15.630533,25,8,8
5038.282489,24.996576,25,8,8
2166.539006,28.941652,25,8,8
2851.613214,20.585197,25,8,8
226.571254,33.632360,25,8,8
4390.307809,26.152664,25,8,8
