Distance,Tx Power,Bandwidth,Subband BW,Subband Offset
8483.010499,55.681634,50,39,6
1175.905962,18.812388,50,39,6
2586.640458,50.788294,50,39,6
9906.294368,54.722064,50,39,6
9685.748899,51.282868,50,39,6
1794.572231,15.802038,50,39,6
