Distance,Tx Power,Bandwidth,Subband BW,Subband Offset
5344.994814,26.033238,15,8,5
1514.878466,52.868848,15,8,5
9808.548609,16.561893,15,8,5
7173.367060,30.744205,15,8,5
6534.624723,57.803197,15,8,5
6126.470040,52.381251,15,8,5
