Distance,Tx Power,Bandwidth,Subband BW,Subband Offset
3627.613448,49.861092,100,26,20
7865.450236,22.748994,100,26,20
574.346488,39.162668,100,26,20
3981.889506,50.631381,100,26,20
7510.383833,17.502314,100,26,20
9314.819127,19.878998,100,26,20
