Distance,Tx Power,Bandwidth,Subband BW,Subband Offset
8740.557841,39.288321,15,8,5
1219.327349,56.590942,15,8,5
9126.368685,21.249981,15,8,5
4580.905638,56.846474,15,8,5
8835.552101,34.240436,15,8,5
6691.776948,17.384132,15,8,5
