Distance,Tx Power,Bandwidth,Subband BW,Subband Offset
7859.132645,54.570166,75,25,20
5705.953408,15.337466,75,25,20
4684.362047,39.055355,75,25,20
9769.788851,24.884713,75,25,20
6895.497162,47.888297,75,25,20
1382.842806,34.048764,75,25,20
