Distance,Tx Power,Bandwidth,Subband BW,Subband Offset
5526.996848,43.933749,75,41,1
5979.432986,51.873746,75,41,1
9012.376679,20.592717,75,41,1
5503.446079,30.096679,75,41,1
359.918506,42.789901,75,41,1
1236.028361,29.491101,75,41,1
