Distance,Tx Power,Bandwidth,Subband BW,Subband Offset
6930.218155,55.628816,75,52,4
6911.884183,50.295006,75,52,4
3027.658073,35.238229,75,52,4
6977.778019,25.417956,75,52,4
1650.084551,59.118961,75,52,4
3208.196061,15.931044,75,52,4
