Distance,Tx Power,Bandwidth,Subband BW,Subband Offset
6696.250009,49.208778,100,13,63
4611.959570,16.060014,100,13,63
1164.051780,42.920403,100,13,63
8507.489258,17.899815,100,13,63
4815.600015,58.797392,100,13,63
7352.642183,38.981240,100,13,63
