Distance,Tx Power,Bandwidth,Subband BW,Subband Offset
9905.041211,48.662578,75,35,15
458.335461,34.941055,75,35,15
1655.777845,32.899587,75,35,15
5309.795171,47.445281,75,35,15
3971.937962,21.696584,75,35,15
9773.093667,19.701784,75,35,15
