Distance,Tx Power,Bandwidth,Subband BW,Subband Offset
5257.446536,24.633012,15,8,4
2276.917546,15.071128,15,8,4
2230.727409,26.056905,15,8,4
9139.474565,46.459577,15,8,4
5200.871731,17.825945,15,8,4
2167.845278,28.122336,15,8,4
