Distance,Tx Power,Bandwidth,Subband BW,Subband Offset
1611.530503,43.317458,25,18,3
9326.482408,44.648264,25,18,3
8579.541311,16.980474,25,18,3
2888.240972,38.611797,25,18,3
1814.352291,26.704078,25,18,3
5020.457389,21.360782,25,18,3
