Distance,Tx Power,Bandwidth,Subband BW,Subband Offset
5452.045949,25.027441,75,8,11
7960.284559,24.793500,75,8,11
7216.222908,50.326141,75,8,11
7622.715666,27.199820,75,8,11
8718.660086,56.603971,75,8,11
7810.438491,39.478178,75,8,11
