Distance,Tx Power,Bandwidth,Subband BW,Subband Offset
5630.690859,59.169682,100,15,44
9204.112925,55.451926,100,15,44
4084.743924,30.637413,100,15,44
6372.320908,49.259709,100,15,44
8382.131831,20.630863,100,15,44
6689.721077,31.318308,100,15,44
