Distance,Tx Power,Bandwidth,Subband BW,Subband Offset
3958.188131,19.628276,15,8,4
2943.785879,25.908950,15,8,4
4132.846883,51.854235,15,8,4
5694.076113,44.932670,15,8,4
9845.344382,44.793806,15,8,4
3097.217275,33.888443,15,8,4
