Distance,Tx Power,Bandwidth,Subband BW,Subband Offset
9607.346519,37.888084,15,6,6
8770.866182,16.186958,15,6,6
845.171625,55.845033,15,6,6
8726.854515,49.306392,15,6,6
3457.951246,48.004272,15,6,6
2298.115258,50.138362,15,6,6
