Distance,Tx Power,Bandwidth,Subband BW,Subband Offset
2231.045096,18.839857,50,35,1
6898.991805,22.937665,50,35,1
3848.236808,58.725032,50,35,1
6070.293392,48.801275,50,35,1
2289.408958,31.685116,50,35,1
4480.240017,23.295265,50,35,1
