Distance,Tx Power,Bandwidth,Subband BW,Subband Offset
2236.627418,44.038178,15,10,3
7258.180402,40.267888,15,10,3
8201.919697,41.678728,15,10,3
4119.743949,29.981790,15,10,3
2885.489655,56.463452,15,10,3
3672.051359,59.407623,15,10,3
