Distance,Tx Power,Bandwidth,Subband BW,Subband Offset
7794.466353,29.582035,75,7,45
6681.058053,19.009570,75,7,45
930.050905,57.316255,75,7,45
1439.822121,46.187538,75,7,45
8993.684353,58.877404,75,7,45
723.367949,29.115897,75,7,45
