Distance,Tx Power,Bandwidth,Subband BW,Subband Offset
7420.565515,27.060505,100,32,9
5720.074445,49.910142,100,32,9
9296.384834,47.203199,100,32,9
3810.241983,23.600793,100,32,9
7748.665033,23.535626,100,32,9
8074.108262,34.645299,100,32,9
