Distance,Tx Power,Bandwidth,Subband BW,Subband Offset
5486.665416,54.355062,100,82,9
6216.879320,44.251676,100,82,9
3843.859269,37.079027,100,82,9
3053.736550,28.249340,100,82,9
4648.748453,52.493026,100,82,9
9623.613726,48.946831,100,82,9
