Distance,Tx Power,Bandwidth,Subband BW,Subband Offset
2755.342727,51.627774,75,14,13
6248.845546,45.350600,75,14,13
2022.018948,31.828236,75,14,13
5853.411228,18.816761,75,14,13
4902.337741,27.598838,75,14,13
4431.706435,32.114189,75,14,13
