Distance,Tx Power,Bandwidth,Subband BW,Subband Offset
1372.144546,43.518605,75,32,24
9273.694928,40.904002,75,32,24
3286.225574,38.490727,75,32,24
1999.420063,51.029648,75,32,24
7814.510037,42.344576,75,32,24
933.280247,56.582155,75,32,24
