Distance,Tx Power,Bandwidth,Subband BW,Subband Offset
5573.096038,26.164623,100,96,4
3681.965462,44.076817,100,96,4
2427.196596,17.258469,100,96,4
9763.518462,16.582721,100,96,4
6409.986442,51.618216,100,96,4
3923.814599,40.595973,100,96,4
