Distance,Tx Power,Bandwidth,Subband BW,Subband Offset
6861.070749,57.400755,75,12,3
4119.903921,39.884905,75,12,3
8750.772171,38.101302,75,12,3
2580.830046,48.028261,75,12,3
5470.203634,42.802505,75,12,3
3008.720571,56.950858,75,12,3
