Distance,Tx Power,Bandwidth,Subband BW,Subband Offset
3429.457724,43.627896,25,14,0
7814.081239,31.085838,25,14,0
3118.402470,16.683974,25,14,0
903.132470,36.500141,25,14,0
7986.858031,17.363728,25,14,0
6270.175532,18.631383,25,14,0
