Distance,Tx Power,Bandwidth,Subband BW,Subband Offset
4226.152935,31.140547,75,30,6
8308.956749,22.127127,75,30,6
8522.580228,53.208421,75,30,6
6220.544874,42.747329,75,30,6
1225.890065,32.138751,75,30,6
2633.342712,24.118723,75,30,6
