Distance,Tx Power,Bandwidth,Subband BW,Subband Offset
7107.966778,24.438955,75,7,56
3407.526695,31.440634,75,7,56
7407.878423,56.695261,75,7,56
112.929946,19.608451,75,7,56
7775.674151,37.181037,75,7,56
8428.604680,26.151766,75,7,56
