Distance,Tx Power,Bandwidth,Subband BW,Subband Offset
6038.318441,21.327039,100,50,48
6262.037916,28.551334,100,50,48
1558.509636,48.646984,100,50,48
8304.475971,44.759229,100,50,48
7572.469594,36.580533,100,50,48
7247.982638,27.252271,100,50,48
