Distance,Tx Power,Bandwidth,Subband BW,Subband Offset
7702.074850,58.989886,25,6,18
6684.790023,38.701064,25,6,18
2178.138517,30.866611,25,6,18
9844.324308,17.342112,25,6,18
7516.709442,17.186029,25,6,18
2217.217437,55.161348,25,6,18
