Distance,Tx Power,Bandwidth,Subband BW,Subband Offset
8254.456265,35.603802,15,12,1
2360.555719,23.843238,15,12,1
2786.838062,44.203713,15,12,1
2350.549634,36.209142,15,12,1
8374.031223,59.166666,15,12,1
1579.770061,26.158096,15,12,1
