Distance,Tx Power,Bandwidth,Subband BW,Subband Offset
3978.615702,39.487001,100,27,45
1347.192175,33.821387,100,27,45
2997.575123,16.206700,100,27,45
9638.830042,48.705622,100,27,45
8973.121180,32.671747,100,27,45
9985.763403,29.505518,100,27,45
