Distance,Tx Power,Bandwidth,Subband BW,Subband Offset
9445.848077,34.482537,15,6,6
7102.088621,54.472223,15,6,6
1148.289613,21.083628,15,6,6
2814.529235,16.987922,15,6,6
8533.834621,49.222339,15,6,6
5834.529562,58.608603,15,6,6
