Distance,Tx Power,Bandwidth,Subband BW,Subband Offset
2628.491217,29.740760,100,33,49
7021.617383,25.453223,100,33,49
9070.084424,50.356324,100,33,49
2175.773135,24.555995,100,33,49
7101.604815,34.332462,100,33,49
948.915748,34.696911,100,33,49
