Distance,Tx Power,Bandwidth,Subband BW,Subband Offset
753.356987,17.612723,100,17,64
620.986959,41.927166,100,17,64
6726.852336,20.606715,100,17,64
1082.781442,41.648470,100,17,64
4300.857394,50.381343,100,17,64
3609.150736,54.203690,100,17,64
