Distance,Tx Power,Bandwidth,Subband BW,Subband Offset
7142.832356,54.495218,50,9,32
7988.108281,44.108872,50,9,32
9005.568864,22.489682,50,9,32
690.191311,24.666597,50,9,32
3793.150719,38.947350,50,9,32
5823.024421,56.660020,50,9,32
