Distance,Tx Power,Bandwidth,Subband BW,Subband Offset
3900.593933,35.740361,25,8,15
9622.745298,22.949055,25,8,15
2603.782116,38.184242,25,8,15
1745.200682,45.328350,25,8,15
3602.297269,45.203007,25,8,15
9000.694543,56.215836,25,8,15
