Distance,Tx Power,Bandwidth,Subband BW,Subband Offset
5425.014176,19.214420,100,9,38
5482.219720,43.660162,100,9,38
6487.944904,39.160287,100,9,38
1870.184547,24.215060,100,9,38
1151.028536,21.914321,100,9,38
4725.840724,21.573084,100,9,38
