Distance,Tx Power,Bandwidth,Subband BW,Subband Offset
2319.910109,30.861862,15,15,0
5918.145282,27.590377,15,15,0
1023.934869,45.823002,15,15,0
8257.309742,58.159382,15,15,0
354.559973,32.120745,15,15,0
5846.121401,40.036139,15,15,0
