Distance,Tx Power,Bandwidth,Subband BW,Subband Offset
9501.911720,20.478326,25,9,6
602.631266,53.252560,25,9,6
3038.481931,56.416238,25,9,6
3646.429297,30.586932,25,9,6
4043.928947,19.148946,25,9,6
1489.829823,43.889017,25,9,6
