Distance,Tx Power,Bandwidth,Subband BW,Subband Offset
6968.490709,20.216392,100,14,82
5642.405204,15.559404,100,14,82
7496.549866,54.467861,100,14,82
6725.363219,20.585922,100,14,82
3362.509532,37.871468,100,14,82
7358.727621,48.505454,100,14,82
