Distance,Tx Power,Bandwidth,Subband BW,Subband Offset
7240.063394,32.180362,50,13,9
6424.760193,50.894321,50,13,9
2148.625607,33.793167,50,13,9
5548.545133,30.742152,50,13,9
4509.643780,43.214633,50,13,9
8357.706320,30.316196,50,13,9
