Distance,Tx Power,Bandwidth,Subband BW,Subband Offset
5745.877837,31.007312,75,8,0
2489.985970,33.813191,75,8,0
5618.785135,52.061915,75,8,0
7827.732860,40.211164,75,8,0
4258.926472,57.958163,75,8,0
2741.427664,44.660595,75,8,0
