Distance,Tx Power,Bandwidth,Subband BW,Subband Offset
3345.225337,45.143991,50,23,6
9417.221275,30.290169,50,23,6
668.618090,46.800892,50,23,6
9568.405938,40.455439,50,23,6
660.324525,24.902786,50,23,6
2739.538826,48.514237,50,23,6
