Distance,Tx Power,Bandwidth,Subband BW,Subband Offset
2073.145891,18.904208,25,17,5
8849.811633,49.082119,25,17,5
5948.354747,36.658186,25,17,5
5860.765885,45.340315,25,17,5
5188.526652,38.889469,25,17,5
9918.295278,26.670942,25,17,5
