Distance,Tx Power,Bandwidth,Subband BW,Subband Offset
6538.363984,25.267147,100,16,15
565.008626,30.948833,100,16,15
6197.676041,46.450388,100,16,15
5190.270359,29.641094,100,16,15
234.578547,31.784652,100,16,15
1681.927024,33.889383,100,16,15
