Distance,Tx Power,Bandwidth,Subband BW,Subband Offset
9818.895855,40.483500,15,11,2
117.391071,50.410570,15,11,2
2920.419157,57.547734,15,11,2
6604.205858,29.769855,15,11,2
6630.561803,19.425179,15,11,2
7454.568290,45.784684,15,11,2
