Distance,Tx Power,Bandwidth,Subband BW,Subband Offset
2572.637441,30.875265,15,9,6
6909.969411,52.403833,15,9,6
2469.885166,54.579178,15,9,6
1929.644887,29.899192,15,9,6
3076.702098,59.736565,15,9,6
5890.226633,43.901166,15,9,6
