Distance,Tx Power,Bandwidth,Subband BW,Subband Offset
6095.125843,47.648156,100,32,46
7810.595135,50.300082,100,32,46
9975.847707,35.442496,100,32,46
2066.692252,58.449161,100,32,46
6174.706837,27.172569,100,32,46
8728.541449,24.877427,100,32,46
