Distance,Tx Power,Bandwidth,Subband BW,Subband Offset
1227.239059,32.434277,100,48,39
5435.617747,24.311495,100,48,39
7138.255225,50.422441,100,48,39
3671.182508,58.275458,100,48,39
2269.930035,53.829744,100,48,39
6230.015091,27.967675,100,48,39
