Distance,Tx Power,Bandwidth,Subband BW,Subband Offset
574.730701,19.696318,25,13,10
6422.960321,58.038737,25,13,10
871.978754,54.621458,25,13,10
7230.465974,30.441021,25,13,10
7316.998807,33.376532,25,13,10
6967.776418,53.250275,25,13,10
