Distance,Tx Power,Bandwidth,Subband BW,Subband Offset
5442.339473,28.435631,15,12,3
9566.909596,26.560560,15,12,3
8342.112118,24.571040,15,12,3
5323.708368,24.935517,15,12,3
495.025749,39.742580,15,12,3
2661.950501,23.111935,15,12,3
