Distance,Tx Power,Bandwidth,Subband BW,Subband Offset
6746.038424,24.795756,25,14,3
6174.498588,57.305048,25,14,3
4733.624059,26.529368,25,14,3
5458.938939,45.596363,25,14,3
1980.149526,28.465166,25,14,3
3664.880227,30.634873,25,14,3
