Distance,Tx Power,Bandwidth,Subband BW,Subband Offset
198.148721,39.911542,100,6,47
8167.042182,41.455198,100,6,47
8647.010499,44.327899,100,6,47
9730.351192,17.505749,100,6,47
7626.032065,26.641481,100,6,47
224.256071,57.958359,100,6,47
