Distance,Tx Power,Bandwidth,Subband BW,Subband Offset
8247.681109,23.103899,25,7,11
3642.485064,42.251306,25,7,11
6545.795922,15.259181,25,7,11
2553.637090,36.666751,25,7,11
6784.549573,43.196899,25,7,11
8089.648638,31.192016,25,7,11
