Distance,Tx Power,Bandwidth,Subband BW,Subband Offset
5137.999526,50.993942,25,14,10
1361.261380,54.866682,25,14,10
2415.695092,40.737797,25,14,10
8746.589541,23.904544,25,14,10
4096.560703,29.418077,25,14,10
1263.353841,33.615003,25,14,10
