Distance,Tx Power,Bandwidth,Subband BW,Subband Offset
6861.336673,38.523372,25,6,10
2403.842161,46.380574,25,6,10
3234.315870,27.937603,25,6,10
9782.995346,18.902039,25,6,10
9835.633983,33.126464,25,6,10
8185.619689,33.528323,25,6,10
