Distance,Tx Power,Bandwidth,Subband BW,Subband Offset
7627.725901,22.827982,100,8,11
8076.538007,40.449637,100,8,11
8502.952427,40.648306,100,8,11
5973.353379,30.860501,100,8,11
2033.326784,19.565618,100,8,11
4380.487272,41.830211,100,8,11
