Distance,Tx Power,Bandwidth,Subband BW,Subband Offset
6986.803269,28.255248,50,6,3
6340.455941,46.311167,50,6,3
4848.438919,45.795842,50,6,3
3313.215809,42.488952,50,6,3
5978.569657,53.741550,50,6,3
358.882971,42.020334,50,6,3
