Distance,Tx Power,Bandwidth,Subband BW,Subband Offset
1300.465986,21.054469,75,40,20
6995.807354,44.195045,75,40,20
3385.270930,27.615837,75,40,20
8101.247951,40.879435,75,40,20
1061.277595,55.164941,75,40,20
7676.386626,29.620990,75,40,20
