Distance,Tx Power,Bandwidth,Subband BW,Subband Offset
7952.872654,33.047101,75,67,7
3301.985340,25.545606,75,67,7
3727.561517,31.335056,75,67,7
9848.779345,27.499929,75,67,7
9337.150331,42.635267,75,67,7
9743.858693,30.510763,75,67,7
