Distance,Tx Power,Bandwidth,Subband BW,Subband Offset
1195.680049,19.758908,100,56,3
6086.723972,27.083497,100,56,3
4224.037041,28.369286,100,56,3
3089.674896,56.469801,100,56,3
996.041931,59.217018,100,56,3
9266.772854,34.668179,100,56,3
