Distance,Tx Power,Bandwidth,Subband BW,Subband Offset
9109.815680,57.872311,15,7,6
5238.043485,42.143926,15,7,6
8389.990677,47.088609,15,7,6
5188.056638,50.245264,15,7,6
1959.884117,50.462982,15,7,6
2975.518529,55.377485,15,7,6
