Distance,Tx Power,Bandwidth,Subband BW,Subband Offset
603.818412,19.636276,50,12,26
1892.316927,56.456360,50,12,26
3067.877168,38.660211,50,12,26
4728.731121,56.823895,50,12,26
8062.979625,44.514286,50,12,26
4091.057229,27.287826,50,12,26
