Distance,Tx Power,Bandwidth,Subband BW,Subband Offset
4114.144835,15.908705,100,50,13
969.665597,32.753828,100,50,13
8359.100094,43.783397,100,50,13
4954.959808,53.497111,100,50,13
7370.815588,39.729774,100,50,13
7875.441115,20.721805,100,50,13
