Distance,Tx Power,Bandwidth,Subband BW,Subband Offset
6367.938243,28.066463,15,7,6
6748.147514,25.225462,15,7,6
1205.888629,43.549604,15,7,6
2457.512918,18.750142,15,7,6
6019.426440,33.360831,15,7,6
465.307301,37.873315,15,7,6
