Distance,Tx Power,Bandwidth,Subband BW,Subband Offset
7315.628672,58.093378,50,8,33
263.147036,28.727498,50,8,33
7847.333287,57.117810,50,8,33
9483.890253,36.681887,50,8,33
6499.274592,30.386981,50,8,33
242.403577,48.684321,50,8,33
