Distance,Tx Power,Bandwidth,Subband BW,Subband Offset
4252.524445,48.268955,15,6,6
9326.196647,32.323312,15,6,6
3346.077848,29.934909,15,6,6
7598.177750,50.876823,15,6,6
2479.204958,53.973142,15,6,6
6062.408764,23.368756,15,6,6
