Distance,Tx Power,Bandwidth,Subband BW,Subband Offset
1324.845312,30.020980,100,27,20
2247.050115,15.613147,100,27,20
2524.897527,51.308158,100,27,20
8253.285172,16.134329,100,27,20
1636.447319,30.821320,100,27,20
354.575189,36.003275,100,27,20
