Distance,Tx Power,Bandwidth,Subband BW,Subband Offset
5207.825063,15.277636,25,13,11
1336.425879,44.879680,25,13,11
789.295059,18.779961,25,13,11
4566.682445,36.276695,25,13,11
3627.208255,20.205482,25,13,11
7207.425307,58.879730,25,13,11
