Distance,Tx Power,Bandwidth,Subband BW,Subband Offset
7423.924724,51.215086,75,33,6
1557.983503,19.630475,75,33,6
4090.485018,46.392276,75,33,6
474.819047,41.763807,75,33,6
3951.113399,23.601191,75,33,6
6135.061362,33.189547,75,33,6
