Distance,Tx Power,Bandwidth,Subband BW,Subband Offset
2208.589700,25.956908,100,35,65
1194.505966,42.119892,100,35,65
7364.587397,52.296782,100,35,65
6621.226668,22.690871,100,35,65
2328.907166,29.482360,100,35,65
3017.012381,39.198924,100,35,65
