Distance,Tx Power,Bandwidth,Subband BW,Subband Offset
9729.987243,18.516490,15,10,1
8854.152779,50.622444,15,10,1
1965.249832,53.310178,15,10,1
8112.953195,36.757397,15,10,1
6320.556383,51.115395,15,10,1
8912.805216,59.745654,15,10,1
