Distance,Tx Power,Bandwidth,Subband BW,Subband Offset
3552.567458,25.683667,75,15,10
9954.114870,20.941438,75,15,10
3605.415261,43.660957,75,15,10
2730.662201,26.340491,75,15,10
3917.828214,18.487229,75,15,10
3738.764826,17.321406,75,15,10
