Distance,Tx Power,Bandwidth,Subband BW,Subband Offset
6747.685319,15.259670,25,10,12
8465.179958,18.637284,25,10,12
1061.124505,29.082562,25,10,12
9261.853657,34.912304,25,10,12
3742.096563,42.133053,25,10,12
8883.973877,56.204347,25,10,12
