Distance,Tx Power,Bandwidth,Subband BW,Subband Offset
5680.803127,19.982300,15,7,5
1154.874078,55.004884,15,7,5
1944.547811,38.038201,15,7,5
5502.259129,23.441801,15,7,5
6910.301175,51.207156,15,7,5
4559.497486,47.512712,15,7,5
