Distance,Tx Power,Bandwidth,Subband BW,Subband Offset
3483.446394,51.083715,100,46,37
7964.668941,33.692275,100,46,37
5598.589106,47.342559,100,46,37
3099.297033,58.869668,100,46,37
3125.060927,19.199667,100,46,37
4308.470184,50.651697,100,46,37
