Distance,Tx Power,Bandwidth,Subband BW,Subband Offset
9179.368217,58.295909,15,6,7
8122.927881,21.814439,15,6,7
3599.412155,34.247398,15,6,7
8766.051582,15.755886,15,6,7
4273.593160,47.767362,15,6,7
3611.463105,20.962075,15,6,7
