Distance,Tx Power,Bandwidth,Subband BW,Subband Offset
5522.070531,59.043832,25,15,5
2484.569110,26.853770,25,15,5
7009.858460,39.188696,25,15,5
1145.597061,56.378605,25,15,5
4397.087147,29.558363,25,15,5
8419.786947,16.205848,25,15,5
