Distance,Tx Power,Bandwidth,Subband BW,Subband Offset
2908.319802,48.522221,15,6,0
1645.192722,19.349623,15,6,0
2871.913321,30.316497,15,6,0
2332.737204,21.786912,15,6,0
2221.257915,35.130975,15,6,0
3015.791188,38.222923,15,6,0
