Distance,Tx Power,Bandwidth,Subband BW,Subband Offset
6839.029342,47.496412,100,8,91
8567.883238,21.735814,100,8,91
3160.109190,36.920744,100,8,91
5693.569092,41.333485,100,8,91
2546.622203,50.698058,100,8,91
9480.317120,52.331360,100,8,91
