Distance,Tx Power,Bandwidth,Subband BW,Subband Offset
1666.647258,20.603746,75,34,17
235.462640,22.882439,75,34,17
3363.358286,55.232468,75,34,17
920.783101,52.119376,75,34,17
9927.908948,21.072819,75,34,17
8752.165682,17.373826,75,34,17
