Distance,Tx Power,Bandwidth,Subband BW,Subband Offset
6897.813213,21.391191,75,27,38
7612.306756,22.616303,75,27,38
1880.953452,42.577219,75,27,38
4533.383735,49.845358,75,27,38
9363.230882,41.696280,75,27,38
7510.788496,54.366581,75,27,38
