Distance,Tx Power,Bandwidth,Subband BW,Subband Offset
334.106406,23.481009,25,9,13
337.858482,40.692643,25,9,13
9042.380907,31.435731,25,9,13
7121.699157,26.723812,25,9,13
6643.498282,34.207549,25,9,13
9381.768985,15.097865,25,9,13
