Distance,Tx Power,Bandwidth,Subband BW,Subband Offset
1374.330248,26.455243,25,18,1
8441.848395,34.748012,25,18,1
2927.095553,25.809178,25,18,1
6106.669157,26.363514,25,18,1
8836.912304,45.503457,25,18,1
7014.288428,38.538413,25,18,1
