Distance,Tx Power,Bandwidth,Subband BW,Subband Offset
2340.322236,34.656114,50,12,18
4362.573325,57.418412,50,12,18
8541.630860,32.429118,50,12,18
6828.286951,32.928337,50,12,18
3865.455722,34.453045,50,12,18
1904.763862,20.944875,50,12,18
