Distance,Tx Power,Bandwidth,Subband BW,Subband Offset
1739.521488,48.359035,75,33,34
9406.769227,39.127584,75,33,34
3410.772005,44.328199,75,33,34
9648.007217,45.758632,75,33,34
4863.419105,38.287652,75,33,34
6435.825340,27.600083,75,33,34
