Distance,Tx Power,Bandwidth,Subband BW,Subband Offset
881.293889,18.762136,50,7,1
4444.506854,28.405010,50,7,1
9701.822883,15.540561,50,7,1
3233.743601,43.048451,50,7,1
5462.421221,32.810557,50,7,1
6457.106222,18.260552,50,7,1
