Distance,Tx Power,Bandwidth,Subband BW,Subband Offset
7968.215085,51.699898,75,7,29
5641.133764,19.053425,75,7,29
5809.717962,17.349565,75,7,29
666.197678,40.758899,75,7,29
6490.468286,21.630705,75,7,29
6988.852415,26.955930,75,7,29
