Distance,Tx Power,Bandwidth,Subband BW,Subband Offset
1820.791362,47.488152,75,18,23
3926.044219,33.648098,75,18,23
7943.930480,34.474252,75,18,23
4682.015676,39.820890,75,18,23
9221.595925,55.967927,75,18,23
4080.886059,28.602054,75,18,23
