Distance,Tx Power,Bandwidth,Subband BW,Subband Offset
1868.457292,49.340268,25,19,3
7495.630054,28.568505,25,19,3
1190.113720,35.631642,25,19,3
528.200200,26.203530,25,19,3
5099.981452,25.911010,25,19,3
6543.071750,48.868702,25,19,3
