Distance,Tx Power,Bandwidth,Subband BW,Subband Offset
2026.970981,28.326973,25,10,5
7057.388278,24.864301,25,10,5
101.072271,17.331816,25,10,5
502.725023,16.243816,25,10,5
9611.462934,37.146650,25,10,5
7921.392564,53.692549,25,10,5
