Distance,Tx Power,Bandwidth,Subband BW,Subband Offset
124.094152,36.750298,50,25,19
812.659336,44.242046,50,25,19
7331.138448,44.731603,50,25,19
2124.988542,15.193664,50,25,19
7790.642395,41.888885,50,25,19
6619.574335,23.905035,50,25,19
