Distance,Tx Power,Bandwidth,Subband BW,Subband Offset
5443.057314,55.821287,50,33,1
6472.570228,18.907693,50,33,1
8398.554415,15.494686,50,33,1
7617.783552,23.650915,50,33,1
5316.530308,40.478642,50,33,1
6443.547726,38.580478,50,33,1
