Distance,Tx Power,Bandwidth,Subband BW,Subband Offset
221.416620,33.131420,25,8,17
3912.098250,38.843065,25,8,17
2708.621877,34.051538,25,8,17
6041.777885,56.307837,25,8,17
1950.860634,25.254077,25,8,17
441.729667,35.579606,25,8,17
