Distance,Tx Power,Bandwidth,Subband BW,Subband Offset
9567.164257,51.921626,75,61,6
9862.905899,52.340867,75,61,6
2177.974866,50.170838,75,61,6
8544.476011,59.700463,75,61,6
9219.158474,22.707782,75,61,6
5585.259984,20.773209,75,61,6
