Distance,Tx Power,Bandwidth,Subband BW,Subband Offset
6583.588731,47.001013,15,12,0
547.328098,51.571781,15,12,0
7216.694418,15.624748,15,12,0
3342.668259,33.501671,15,12,0
4969.373017,53.672448,15,12,0
3808.191279,36.536729,15,12,0
