Distance,Tx Power,Bandwidth,Subband BW,Subband Offset
2260.862308,26.950767,75,15,38
1332.157660,50.683201,75,15,38
4902.738017,22.492691,75,15,38
412.389053,41.857364,75,15,38
3205.789787,38.334431,75,15,38
1167.930621,27.139294,75,15,38
