Distance,Tx Power,Bandwidth,Subband BW,Subband Offset
2051.989380,48.146497,75,8,11
6757.724740,17.694697,75,8,11
7816.413334,15.275974,75,8,11
2337.840822,58.658163,75,8,11
5804.489125,45.359438,75,8,11
5467.289909,44.968861,75,8,11
