Distance,Tx Power,Bandwidth,Subband BW,Subband Offset
8838.782607,16.165024,25,15,2
7357.724381,39.015400,25,15,2
8487.544743,35.372734,25,15,2
5451.197811,36.559354,25,15,2
4751.795085,33.204252,25,15,2
6529.096458,30.065934,25,15,2
