Distance,Tx Power,Bandwidth,Subband BW,Subband Offset
7620.181701,16.480263,25,19,4
4029.970181,50.001300,25,19,4
6360.132100,44.936989,25,19,4
1144.424936,42.412781,25,19,4
3086.367366,50.467715,25,19,4
9307.781563,47.290872,25,19,4
