Distance,Tx Power,Bandwidth,Subband BW,Subband Offset
9093.592562,59.070408,75,52,15
6517.397315,17.385923,75,52,15
7832.895116,51.091365,75,52,15
4065.687444,47.305157,75,52,15
5103.648680,18.612496,75,52,15
2345.964534,54.540136,75,52,15
