Distance,Tx Power,Bandwidth,Subband BW,Subband Offset
4383.244733,55.587929,15,11,4
4306.435951,24.632255,15,11,4
8257.456041,26.373318,15,11,4
8987.023232,52.752553,15,11,4
8069.039915,40.749933,15,11,4
8050.622913,51.717849,15,11,4
