Distance,Tx Power,Bandwidth,Subband BW,Subband Offset
5092.764936,17.160440,50,29,11
8702.437418,30.839133,50,29,11
6667.005261,42.487005,50,29,11
3393.156889,55.246210,50,29,11
989.384189,51.371919,50,29,11
6904.248342,41.893939,50,29,11
