Distance,Tx Power,Bandwidth,Subband BW,Subband Offset
790.632755,53.782576,100,15,52
7250.667791,24.240730,100,15,52
9350.352006,40.487768,100,15,52
4002.377764,57.656561,100,15,52
1546.273090,25.240716,100,15,52
1392.377006,22.515476,100,15,52
