Distance,Tx Power,Bandwidth,Subband BW,Subband Offset
5762.530021,22.368733,15,10,1
220.220084,50.762952,15,10,1
2071.252172,34.449582,15,10,1
3739.688768,55.424251,15,10,1
6470.979799,38.970631,15,10,1
9578.776034,53.720585,15,10,1
