Distance,Tx Power,Bandwidth,Subband BW,Subband Offset
6475.559954,53.826062,75,9,33
2091.203777,25.058305,75,9,33
1370.144153,27.735991,75,9,33
3508.231470,31.715346,75,9,33
8497.447425,55.417644,75,9,33
6258.213356,23.891245,75,9,33
