Distance,Tx Power,Bandwidth,Subband BW,Subband Offset
7361.324025,27.978724,100,65,5
1805.442787,59.651170,100,65,5
7102.524211,41.706307,100,65,5
7074.349764,17.649793,100,65,5
7710.963496,44.297729,100,65,5
6053.343690,55.379974,100,65,5
