Distance,Tx Power,Bandwidth,Subband BW,Subband Offset
2707.819469,25.050559,75,58,9
7240.256981,49.487611,75,58,9
2547.515990,23.913502,75,58,9
4674.053926,59.690693,75,58,9
9729.695733,38.318680,75,58,9
8260.098236,31.052333,75,58,9
