Distance,Tx Power,Bandwidth,Subband BW,Subband Offset
1276.900150,41.508693,25,10,10
8611.876060,34.070757,25,10,10
2088.735284,48.145172,25,10,10
2386.003786,52.453608,25,10,10
5184.092325,26.795714,25,10,10
1587.342710,43.050570,25,10,10
