Distance,Tx Power,Bandwidth,Subband BW,Subband Offset
2529.899867,21.288758,15,14,0
1925.771105,32.108497,15,14,0
6407.980990,51.778380,15,14,0
7236.558311,23.694533,15,14,0
2893.389436,22.957930,15,14,0
9888.987078,39.251742,15,14,0
