Distance,Tx Power,Bandwidth,Subband BW,Subband Offset
512.695425,29.688318,75,11,27
2310.241707,46.775934,75,11,27
2306.465152,45.896423,75,11,27
4566.885371,15.343728,75,11,27
2141.067903,23.550856,75,11,27
8273.889340,30.038622,75,11,27
