Distance,Tx Power,Bandwidth,Subband BW,Subband Offset
9551.232380,44.250492,75,60,2
2143.799936,51.411698,75,60,2
2771.154852,50.414718,75,60,2
9040.595384,19.907265,75,60,2
865.408194,59.460351,75,60,2
6360.794089,27.423826,75,60,2
