Distance,Tx Power,Bandwidth,Subband BW,Subband Offset
6514.496152,54.891724,100,48,6
6956.362050,59.800587,100,48,6
358.199700,48.169840,100,48,6
9616.800807,26.030227,100,48,6
6330.101974,54.650596,100,48,6
8914.420298,47.809671,100,48,6
