Distance,Tx Power,Bandwidth,Subband BW,Subband Offset
505.903875,59.083846,15,12,2
7189.070485,57.234153,15,12,2
7993.780926,34.638357,15,12,2
1861.444044,19.865651,15,12,2
2709.956853,29.631462,15,12,2
644.360048,45.583498,15,12,2
