Distance,Tx Power,Bandwidth,Subband BW,Subband Offset
5506.727379,28.120662,25,20,4
9672.490767,34.310638,25,20,4
204.359768,54.009656,25,20,4
9430.781143,26.566836,25,20,4
2955.555835,34.143080,25,20,4
9084.841947,48.544710,25,20,4
