Distance,Tx Power,Bandwidth,Subband BW,Subband Offset
8734.415512,59.290718,100,24,18
5844.437533,37.950585,100,24,18
9885.631553,37.662518,100,24,18
4118.397531,54.548270,100,24,18
6192.909334,32.532945,100,24,18
3499.009870,39.914239,100,24,18
