Distance,Tx Power,Bandwidth,Subband BW,Subband Offset
7063.668537,58.558719,15,12,2
1825.507968,53.864375,15,12,2
5652.954422,48.324296,15,12,2
1392.921237,24.763515,15,12,2
829.313981,28.814564,15,12,2
934.344659,21.256509,15,12,2
