Distance,Tx Power,Bandwidth,Subband BW,Subband Offset
985.286005,28.203876,50,28,17
5706.154383,53.489521,50,28,17
7564.035640,23.089995,50,28,17
9374.183732,37.267543,50,28,17
6977.094456,33.217480,50,28,17
3951.878879,17.119322,50,28,17
