Distance,Tx Power,Bandwidth,Subband BW,Subband Offset
3953.337641,50.582428,50,34,0
8864.167224,58.114690,50,34,0
5505.519299,25.783168,50,34,0
8137.533363,26.887778,50,34,0
216.747189,38.521272,50,34,0
4013.976517,17.640389,50,34,0
