Distance,Tx Power,Bandwidth,Subband BW,Subband Offset
7608.480778,43.956201,75,15,2
1717.844722,52.554528,75,15,2
3878.919688,56.430307,75,15,2
262.029799,51.345139,75,15,2
9182.385885,30.286150,75,15,2
1699.492191,28.624893,75,15,2
