Distance,Tx Power,Bandwidth,Subband BW,Subband Offset
1452.154096,36.459466,75,46,29
5142.776552,48.831488,75,46,29
939.854072,57.380557,75,46,29
7633.659629,39.117356,75,46,29
4322.925000,58.302562,75,46,29
1026.534906,37.480254,75,46,29
