Distance,Tx Power,Bandwidth,Subband BW,Subband Offset
4532.849940,22.055472,75,43,11
6210.829402,56.567144,75,43,11
322.509391,48.887075,75,43,11
8026.302582,22.901251,75,43,11
6232.671989,54.659128,75,43,11
4300.796664,27.203451,75,43,11
