Distance,Tx Power,Bandwidth,Subband BW,Subband Offset
8215.932227,39.688490,15,10,5
6190.204400,53.103749,15,10,5
7022.399513,52.992059,15,10,5
8196.012936,53.557823,15,10,5
1351.349743,30.004967,15,10,5
9751.663166,29.063227,15,10,5
