Distance,Tx Power,Bandwidth,Subband BW,Subband Offset
8499.957730,20.889647,75,7,44
962.445437,24.407401,75,7,44
6024.519401,51.732845,75,7,44
5650.355595,42.139870,75,7,44
7172.747520,43.676536,75,7,44
679.045555,41.657578,75,7,44
