Distance,Tx Power,Bandwidth,Subband BW,Subband Offset
5066.386197,22.277487,50,46,3
3872.201187,30.182146,50,46,3
1793.285179,29.634969,50,46,3
1058.868415,15.476414,50,46,3
3826.769707,32.472686,50,46,3
9508.648123,54.392228,50,46,3
