Distance,Tx Power,Bandwidth,Subband BW,Subband Offset
4259.323476,39.117944,50,8,20
8644.824986,24.937988,50,8,20
3384.663672,57.723987,50,8,20
6429.275446,33.339272,50,8,20
3879.376746,58.562820,50,8,20
6178.364906,36.129192,50,8,20
