Distance,Tx Power,Bandwidth,Subband BW,Subband Offset
264.327433,41.872204,50,13,13
1924.420842,21.642290,50,13,13
1087.371928,52.993994,50,13,13
6105.192342,31.533717,50,13,13
6968.892941,56.524772,50,13,13
4824.201273,31.037660,50,13,13
