Distance,Tx Power,Bandwidth,Subband BW,Subband Offset
254.147387,47.989239,100,17,42
9167.291847,38.462914,100,17,42
1392.458387,25.328346,100,17,42
2504.409569,23.602637,100,17,42
843.803658,38.565797,100,17,42
3102.717779,17.599580,100,17,42
