Distance,Tx Power,Bandwidth,Subband BW,Subband Offset
2718.305363,54.756036,15,7,5
1994.649824,57.538772,15,7,5
1918.917286,50.017284,15,7,5
4878.050751,32.473545,15,7,5
6555.973306,33.180411,15,7,5
6388.426643,55.742481,15,7,5
