Distance,Tx Power,Bandwidth,Subband BW,Subband Offset
9420.936290,33.133281,100,41,49
5204.634017,41.144035,100,41,49
3072.645479,50.371518,100,41,49
5896.748520,19.929548,100,41,49
5742.120152,52.870386,100,41,49
9592.725844,27.262338,100,41,49
