Distance,Tx Power,Bandwidth,Subband BW,Subband Offset
3793.452385,18.869696,100,24,25
1353.132195,44.322625,100,24,25
5153.730496,37.101496,100,24,25
1736.810452,34.622611,100,24,25
3560.332841,44.630982,100,24,25
2774.293518,43.086700,100,24,25
