Distance,Tx Power,Bandwidth,Subband BW,Subband Offset
6293.111335,25.265379,15,6,9
8835.682659,58.289792,15,6,9
7637.298374,42.124093,15,6,9
8541.735957,30.108727,15,6,9
8955.734558,38.667302,15,6,9
940.296813,45.325744,15,6,9
