Distance,Tx Power,Bandwidth,Subband BW,Subband Offset
6632.308898,52.303568,75,19,22
2167.797094,28.446725,75,19,22
4837.917490,22.955329,75,19,22
8119.224627,26.766333,75,19,22
8168.506327,25.596848,75,19,22
6602.088399,35.842730,75,19,22
