Distance,Tx Power,Bandwidth,Subband BW,Subband Offset
8514.862150,31.947454,25,10,12
3808.473717,43.093455,25,10,12
1476.058117,28.558512,25,10,12
1977.219434,32.572344,25,10,12
2695.450130,58.350769,25,10,12
5414.751271,21.817500,25,10,12
