Distance,Tx Power,Bandwidth,Subband BW,Subband Offset
6584.147541,35.277895,50,11,29
9197.396438,27.152251,50,11,29
6906.588189,54.875471,50,11,29
2575.307511,44.037810,50,11,29
5107.236494,49.493546,50,11,29
7725.553649,54.709323,50,11,29
