Distance,Tx Power,Bandwidth,Subband BW,Subband Offset
9070.923242,38.470092,15,12,0
5311.762702,45.328936,15,12,0
2206.378071,51.572723,15,12,0
5043.749785,54.617066,15,12,0
1201.892506,34.255185,15,12,0
230.987952,49.101328,15,12,0
