Distance,Tx Power,Bandwidth,Subband BW,Subband Offset
2679.877897,44.958291,100,42,27
2162.313376,59.718997,100,42,27
1636.012785,28.347807,100,42,27
5862.606010,59.837575,100,42,27
2168.215737,51.853367,100,42,27
7899.144939,42.239707,100,42,27
