Distance,Tx Power,Bandwidth,Subband BW,Subband Offset
1629.840413,59.658109,15,10,2
8326.474795,24.564703,15,10,2
4192.430706,26.826122,15,10,2
6795.422951,19.646244,15,10,2
5313.777836,53.029892,15,10,2
6335.858335,44.511104,15,10,2
