Distance,Tx Power,Bandwidth,Subband BW,Subband Offset
4430.973770,37.922553,15,6,7
3103.520358,47.218907,15,6,7
9173.186177,38.748188,15,6,7
2055.272550,27.188706,15,6,7
8720.950564,51.292987,15,6,7
8357.819061,58.923013,15,6,7
