Distance,Tx Power,Bandwidth,Subband BW,Subband Offset
6905.274564,42.009686,15,14,1
8336.312681,40.208134,15,14,1
5794.618695,53.120060,15,14,1
7263.205008,33.490962,15,14,1
5080.480122,55.057951,15,14,1
2554.104776,27.715066,15,14,1
