Distance,Tx Power,Bandwidth,Subband BW,Subband Offset
9344.318890,25.104590,15,7,2
4482.885791,34.665279,15,7,2
5331.923016,32.611222,15,7,2
3080.844046,45.981080,15,7,2
5514.022927,38.096918,15,7,2
5977.949592,38.740709,15,7,2
