Distance,Tx Power,Bandwidth,Subband BW,Subband Offset
6706.575163,36.802754,100,40,48
6305.328056,27.033492,100,40,48
1162.489446,38.507973,100,40,48
2968.415676,25.363524,100,40,48
9427.397140,37.598719,100,40,48
7499.520375,50.603274,100,40,48
