Distance,Tx Power,Bandwidth,Subband BW,Subband Offset
7883.516784,37.086269,15,6,8
3484.919461,59.162557,15,6,8
7065.040906,54.924673,15,6,8
3136.437553,39.657554,15,6,8
9414.827773,57.773466,15,6,8
2661.373722,18.639083,15,6,8
