Distance,Tx Power,Bandwidth,Subband BW,Subband Offset
5388.692828,50.215883,25,14,7
146.816129,31.860016,25,14,7
1643.716014,58.186811,25,14,7
2495.279121,39.202619,25,14,7
251.439510,39.076957,25,14,7
5331.695661,21.344596,25,14,7
