Distance,Tx Power,Bandwidth,Subband BW,Subband Offset
4234.797966,16.650668,15,9,4
1002.485705,19.874136,15,9,4
6068.114702,27.930688,15,9,4
9784.463078,54.658549,15,9,4
2051.245612,41.949843,15,9,4
5147.649940,18.206730,15,9,4
