Distance,Tx Power,Bandwidth,Subband BW,Subband Offset
5622.614854,59.300846,15,11,3
8051.560900,54.773931,15,11,3
3037.272068,15.943750,15,11,3
3276.770940,47.286254,15,11,3
4336.081317,24.650496,15,11,3
689.681244,43.907544,15,11,3
