Distance,Tx Power,Bandwidth,Subband BW,Subband Offset
556.610564,53.455241,50,24,12
9892.344982,17.034462,50,24,12
5996.691324,50.563027,50,24,12
499.489908,20.109791,50,24,12
3920.400334,49.594012,50,24,12
1247.760235,41.645530,50,24,12
