Distance,Tx Power,Bandwidth,Subband BW,Subband Offset
8926.717809,59.710118,75,17,46
5048.638572,42.165884,75,17,46
2836.167665,38.129648,75,17,46
9130.499818,33.982568,75,17,46
4509.754125,21.692001,75,17,46
8623.535241,58.047851,75,17,46
