Distance,Tx Power,Bandwidth,Subband BW,Subband Offset
1381.865840,53.408797,100,21,51
1108.610301,52.184039,100,21,51
334.072921,55.211550,100,21,51
4969.772089,57.707365,100,21,51
9102.836386,46.501865,100,21,51
2267.515011,24.619835,100,21,51
