Distance,Tx Power,Bandwidth,Subband BW,Subband Offset
1522.232393,32.873491,25,14,7
3012.602880,27.284485,25,14,7
5504.450835,25.234010,25,14,7
126.690854,29.375224,25,14,7
7760.005683,52.725456,25,14,7
6819.136421,25.184333,25,14,7
