Distance,Tx Power,Bandwidth,Subband BW,Subband Offset
9841.134319,49.465537,100,21,31
4646.481161,38.970276,100,21,31
228.225433,22.649201,100,21,31
5910.768295,59.991282,100,21,31
6133.316270,34.105581,100,21,31
3141.436860,30.664408,100,21,31
