Distance,Tx Power,Bandwidth,Subband BW,Subband Offset
8941.086596,31.234745,75,15,29
3155.186288,41.238740,75,15,29
6774.861583,51.960900,75,15,29
1894.265432,22.827020,75,15,29
3323.306003,41.757369,75,15,29
5798.857565,43.192688,75,15,29
