Distance,Tx Power,Bandwidth,Subband BW,Subband Offset
2743.065443,18.434535,25,14,2
6224.017488,23.110758,25,14,2
8907.433950,34.848516,25,14,2
8342.200346,28.270826,25,14,2
8202.025294,38.498725,25,14,2
4274.802799,59.636785,25,14,2
