Distance,Tx Power,Bandwidth,Subband BW,Subband Offset
3374.339213,23.310097,100,71,13
7595.469303,42.188770,100,71,13
6545.199451,30.582590,100,71,13
2392.996252,35.782226,100,71,13
2214.782557,51.365075,100,71,13
7066.931143,48.681277,100,71,13
