Distance,Tx Power,Bandwidth,Subband BW,Subband Offset
4906.517180,58.752451,75,8,31
360.210400,28.664291,75,8,31
8104.702881,53.929041,75,8,31
7213.634135,55.050022,75,8,31
9789.468957,53.990242,75,8,31
3367.164919,24.439442,75,8,31
