Distance,Tx Power,Bandwidth,Subband BW,Subband Offset
9755.281218,56.921047,15,8,6
895.713453,37.475721,15,8,6
1908.595222,50.722028,15,8,6
3454.999074,45.905379,15,8,6
6130.087688,18.452756,15,8,6
6113.840887,41.365272,15,8,6
