Distance,Tx Power,Bandwidth,Subband BW,Subband Offset
7337.517951,59.784887,75,14,46
5204.162535,28.217636,75,14,46
9016.355286,17.486072,75,14,46
6791.173910,17.586683,75,14,46
6911.498135,27.460424,75,14,46
5292.823834,42.410333,75,14,46
