Distance,Tx Power,Bandwidth,Subband BW,Subband Offset
6553.798896,49.519246,25,14,11
7154.152352,52.816669,25,14,11
6645.699510,54.868697,25,14,11
9699.493291,19.948221,25,14,11
771.896709,18.881779,25,14,11
6828.938322,35.455431,25,14,11
