Distance,Tx Power,Bandwidth,Subband BW,Subband Offset
4911.305684,37.013404,50,31,3
6810.158956,39.371475,50,31,3
5966.030872,23.663077,50,31,3
3453.796023,33.819638,50,31,3
7525.168195,44.550157,50,31,3
9613.206719,19.110753,50,31,3
