Distance,Tx Power,Bandwidth,Subband BW,Subband Offset
9404.483644,16.667339,75,15,15
1357.473345,15.195216,75,15,15
4197.144518,38.158688,75,15,15
4102.657302,22.592018,75,15,15
4907.342813,34.009503,75,15,15
6334.918088,52.088509,75,15,15
