Distance,Tx Power,Bandwidth,Subband BW,Subband Offset
8885.825905,47.613424,15,8,6
7308.015511,28.890223,15,8,6
3707.558539,54.669411,15,8,6
7629.795842,35.833051,15,8,6
9647.063772,54.860763,15,8,6
7675.371077,47.367373,15,8,6
