Distance,Tx Power,Bandwidth,Subband BW,Subband Offset
8226.855710,43.430316,50,32,10
4987.221197,51.615438,50,32,10
8440.456891,35.029297,50,32,10
6238.780152,20.713994,50,32,10
6426.545236,52.832590,50,32,10
9837.958037,18.136024,50,32,10
