Distance,Tx Power,Bandwidth,Subband BW,Subband Offset
2301.794803,41.917857,75,16,51
6759.031090,36.518170,75,16,51
9919.722389,50.397269,75,16,51
3967.856989,52.879265,75,16,51
3648.596870,49.089107,75,16,51
4361.933805,33.880371,75,16,51
