Distance,Tx Power,Bandwidth,Subband BW,Subband Offset
3394.338680,51.398158,100,28,47
4372.543653,42.546431,100,28,47
3857.361442,46.518269,100,28,47
1604.350039,38.602566,100,28,47
918.559891,35.795706,100,28,47
5979.252888,17.347230,100,28,47
