Distance,Tx Power,Bandwidth,Subband BW,Subband Offset
6036.080811,48.936016,50,30,20
5921.123949,23.596978,50,30,20
9815.756698,31.104357,50,30,20
2714.995232,53.672555,50,30,20
5400.932820,43.416861,50,30,20
6515.433922,31.203827,50,30,20
