Distance,Tx Power,Bandwidth,Subband BW,Subband Offset
258.429821,47.077364,50,7,24
9442.070015,48.873447,50,7,24
7441.654303,51.045088,50,7,24
6647.975361,41.553229,50,7,24
6746.147841,41.890532,50,7,24
861.655353,21.641215,50,7,24
