Distance,Tx Power,Bandwidth,Subband BW,Subband Offset
5752.404684,26.837337,100,25,11
3670.062813,39.109705,100,25,11
5174.714168,51.670536,100,25,11
7550.409413,53.884927,100,25,11
951.211361,20.174821,100,25,11
9392.094898,40.601108,100,25,11
