Distance,Tx Power,Bandwidth,Subband BW,Subband Offset
6658.759547,25.193814,75,50,6
2239.278055,19.158271,75,50,6
3643.595018,50.966213,75,50,6
8418.014590,42.737562,75,50,6
8137.270688,42.252442,75,50,6
428.225125,55.384627,75,50,6
