Distance,Tx Power,Bandwidth,Subband BW,Subband Offset
4954.107435,45.067112,50,32,13
3566.628942,26.484765,50,32,13
1878.997415,48.856059,50,32,13
6727.929782,25.804915,50,32,13
2724.815862,30.847450,50,32,13
2992.258105,31.935655,50,32,13
