Distance,Tx Power,Bandwidth,Subband BW,Subband Offset
9100.043677,34.659118,100,93,5
7700.434382,50.164445,100,93,5
4571.263852,19.822238,100,93,5
2634.350680,52.320740,100,93,5
9194.892826,28.728895,100,93,5
7371.088298,51.014193,100,93,5
