Distance,Tx Power,Bandwidth,Subband BW,Subband Offset
6761.495386,19.248107,15,9,2
2923.373973,26.934519,15,9,2
1042.140898,56.197168,15,9,2
5514.849053,45.398886,15,9,2
7645.466856,40.385298,15,9,2
9657.069859,39.807098,15,9,2
