Distance,Tx Power,Bandwidth,Subband BW,Subband Offset
1096.012002,21.666356,50,7,15
165.370216,28.607145,50,7,15
9725.716234,23.415475,50,7,15
7012.794415,56.779745,50,7,15
6935.730762,52.884725,50,7,15
1926.291632,42.680388,50,7,15
