Distance,Tx Power,Bandwidth,Subband BW,Subband Offset
549.070103,26.547965,25,11,1
3497.213917,38.436563,25,11,1
9366.260143,56.120140,25,11,1
8203.817026,24.656690,25,11,1
1057.208817,46.545471,25,11,1
6092.225752,37.894236,25,11,1
