Distance,Tx Power,Bandwidth,Subband BW,Subband Offset
6395.883479,45.771343,50,7,26
6947.292816,39.899590,50,7,26
2738.784135,32.369596,50,7,26
9398.865460,55.802171,50,7,26
2298.725632,18.798688,50,7,26
8701.842802,59.089417,50,7,26
