Distance,Tx Power,Bandwidth,Subband BW,Subband Offset
7262.778157,22.384451,25,6,10
9279.209835,45.168013,25,6,10
1677.597816,16.937142,25,6,10
3318.912745,35.153374,25,6,10
4377.146203,51.752819,25,6,10
7225.251988,21.472809,25,6,10
