Distance,Tx Power,Bandwidth,Subband BW,Subband Offset
2178.023942,40.657562,15,10,4
8552.073460,22.326463,15,10,4
6918.479169,47.720082,15,10,4
9045.950748,54.019470,15,10,4
5961.627873,33.035888,15,10,4
7966.192564,51.870657,15,10,4
