Distance,Tx Power,Bandwidth,Subband BW,Subband Offset
2750.607752,19.792005,50,15,28
7972.505599,22.993444,50,15,28
7635.410290,46.971322,50,15,28
5631.367691,42.313060,50,15,28
6066.562443,17.052358,50,15,28
3469.280613,23.154816,50,15,28
