Distance,Tx Power,Bandwidth,Subband BW,Subband Offset
472.636091,38.215522,25,14,7
4452.617955,46.606184,25,14,7
324.784791,51.258807,25,14,7
5001.737165,55.123010,25,14,7
7857.950830,22.661612,25,14,7
1685.528455,55.207735,25,14,7
