Distance,Tx Power,Bandwidth,Subband BW,Subband Offset
6255.490947,51.481591,100,81,17
4258.625762,33.712919,100,81,17
4740.780034,26.905131,100,81,17
8241.270473,34.197700,100,81,17
1109.041398,46.247088,100,81,17
3465.125862,26.512529,100,81,17
