Distance,Tx Power,Bandwidth,Subband BW,Subband Offset
3127.832703,33.008181,25,6,16
923.813467,16.878172,25,6,16
9446.335857,21.325861,25,6,16
6285.500005,59.086971,25,6,16
9868.834927,54.729356,25,6,16
8847.588504,54.465577,25,6,16
