Distance,Tx Power,Bandwidth,Subband BW,Subband Offset
6216.287961,26.160648,50,6,13
4087.935939,21.120125,50,6,13
8664.214346,44.824207,50,6,13
2247.323337,24.084059,50,6,13
2115.867802,55.790299,50,6,13
1967.775259,31.753615,50,6,13
