Distance,Tx Power,Bandwidth,Subband BW,Subband Offset
7259.589462,35.214455,50,38,4
5811.270197,59.223674,50,38,4
386.068035,55.578788,50,38,4
8395.880765,20.564631,50,38,4
1739.911268,44.600104,50,38,4
391.517320,19.905552,50,38,4
