Distance,Tx Power,Bandwidth,Subband BW,Subband Offset
3998.211523,17.629409,100,48,23
4319.058875,57.600716,100,48,23
6231.406443,38.690498,100,48,23
7274.400512,37.310132,100,48,23
4424.543204,40.926788,100,48,23
3991.781940,46.679153,100,48,23
