Distance,Tx Power,Bandwidth,Subband BW,Subband Offset
5872.506120,46.546545,100,56,17
434.626321,49.829606,100,56,17
4052.241476,48.642111,100,56,17
7880.430699,34.204854,100,56,17
7020.488228,54.244942,100,56,17
8098.415938,56.329644,100,56,17
