Distance,Tx Power,Bandwidth,Subband BW,Subband Offset
1061.549426,50.912557,50,19,24
9954.481348,36.699823,50,19,24
4810.079612,26.496896,50,19,24
5871.900656,33.872897,50,19,24
9930.283642,16.344094,50,19,24
6310.081982,24.250325,50,19,24
