Distance,Tx Power,Bandwidth,Subband BW,Subband Offset
1343.934348,41.575827,75,39,22
1584.251272,47.565008,75,39,22
8371.473427,29.756343,75,39,22
9637.360766,15.608375,75,39,22
9884.208835,46.661699,75,39,22
4050.122683,29.502299,75,39,22
