Distance,Tx Power,Bandwidth,Subband BW,Subband Offset
720.164910,24.670041,100,74,25
4025.626526,37.392576,100,74,25
9153.517293,32.743099,100,74,25
240.373903,37.874659,100,74,25
9141.182823,41.981499,100,74,25
7153.010959,54.675337,100,74,25
