Distance,Tx Power,Bandwidth,Subband BW,Subband Offset
677.819623,16.367568,25,12,1
3391.162154,40.965637,25,12,1
2939.840932,47.413536,25,12,1
1446.490853,32.102861,25,12,1
4356.426280,43.513556,25,12,1
7226.096670,15.930336,25,12,1
