Distance,Tx Power,Bandwidth,Subband BW,Subband Offset
6953.020737,40.153937,50,39,7
7717.460095,43.694007,50,39,7
3564.423439,23.437592,50,39,7
4833.590899,18.146797,50,39,7
622.420274,40.697808,50,39,7
3698.000555,48.825136,50,39,7
