Distance,Tx Power,Bandwidth,Subband BW,Subband Offset
1786.860153,31.709498,15,11,4
4234.207096,33.590604,15,11,4
294.208867,37.351229,15,11,4
5719.929658,59.265213,15,11,4
6617.050385,17.125006,15,11,4
1030.799744,59.622780,15,11,4
