Distance,Tx Power,Bandwidth,Subband BW,Subband Offset
7417.999527,19.112110,100,24,50
7425.818385,20.782698,100,24,50
3462.243726,35.742137,100,24,50
104.784703,33.159693,100,24,50
5536.062701,35.454065,100,24,50
1172.792646,45.310260,100,24,50
