Distance,Tx Power,Bandwidth,Subband BW,Subband Offset
455.582187,54.335514,75,9,4
1766.188999,45.725596,75,9,4
4762.406849,33.494217,75,9,4
9365.881215,42.161997,75,9,4
5116.056105,46.209629,75,9,4
4414.443190,33.523693,75,9,4
