Distance,Tx Power,Bandwidth,Subband BW,Subband Offset
3084.531320,47.000835,50,28,15
8892.698194,43.751182,50,28,15
9476.628706,46.356304,50,28,15
5837.558355,17.542295,50,28,15
8067.014939,50.581514,50,28,15
9514.873641,37.498087,50,28,15
