Distance,Tx Power,Bandwidth,Subband BW,Subband Offset
369.752954,28.459520,15,10,4
2966.011609,29.288289,15,10,4
1116.657374,25.091550,15,10,4
1101.867774,41.387750,15,10,4
6232.229359,43.232285,15,10,4
5750.657784,42.579737,15,10,4
