Distance,Tx Power,Bandwidth,Subband BW,Subband Offset
3789.372783,58.351432,75,26,2
8221.967548,31.021091,75,26,2
4628.183931,24.307319,75,26,2
909.790870,32.109662,75,26,2
3033.367224,19.634537,75,26,2
3831.902786,53.189878,75,26,2
