Distance,Tx Power,Bandwidth,Subband BW,Subband Offset
605.076385,55.963776,100,71,12
725.168237,20.475294,100,71,12
7759.505507,57.035574,100,71,12
2350.346370,56.262724,100,71,12
1340.315866,15.488846,100,71,12
9391.774193,25.968016,100,71,12
