Distance,Tx Power,Bandwidth,Subband BW,Subband Offset
5887.888219,46.078873,50,29,1
942.056105,33.369816,50,29,1
9634.994084,53.066076,50,29,1
5131.483474,32.850266,50,29,1
4160.905119,15.562906,50,29,1
1251.203392,43.028604,50,29,1
