Distance,Tx Power,Bandwidth,Subband BW,Subband Offset
7735.085837,54.349005,15,11,0
9060.820068,28.532420,15,11,0
8798.905465,34.844899,15,11,0
6933.353116,55.509919,15,11,0
7425.648088,32.592497,15,11,0
6510.392526,30.086877,15,11,0
