Distance,Tx Power,Bandwidth,Subband BW,Subband Offset
9793.471551,38.612106,100,84,2
6550.824062,42.255375,100,84,2
9117.943268,48.008466,100,84,2
2646.975961,35.540563,100,84,2
9242.018424,36.162614,100,84,2
9200.995253,41.476450,100,84,2
