Distance,Tx Power,Bandwidth,Subband BW,Subband Offset
9439.226782,23.657536,75,17,41
9829.408810,42.487223,75,17,41
9801.827017,27.054498,75,17,41
1887.863975,27.593506,75,17,41
400.336939,39.527975,75,17,41
7323.550828,33.884281,75,17,41
