Distance,Tx Power,Bandwidth,Subband BW,Subband Offset
7195.609516,34.113207,75,8,25
7716.579318,22.607908,75,8,25
5569.323665,16.474434,75,8,25
9875.376209,34.529702,75,8,25
1345.053526,55.035177,75,8,25
9648.060429,56.997824,75,8,25
