Distance,Tx Power,Bandwidth,Subband BW,Subband Offset
947.037925,44.203261,15,7,8
7664.517679,51.503811,15,7,8
8718.817802,17.871806,15,7,8
9328.732880,42.503388,15,7,8
9261.958523,54.048524,15,7,8
6746.618878,34.770778,15,7,8
