Distance,Tx Power,Bandwidth,Subband BW,Subband Offset
8808.853877,15.898393,50,21,9
1858.404612,43.271181,50,21,9
2097.389501,47.110183,50,21,9
6645.812884,29.781026,50,21,9
7408.451518,26.049125,50,21,9
9910.732957,44.285777,50,21,9
