Distance,Tx Power,Bandwidth,Subband BW,Subband Offset
886.779975,38.184593,15,6,7
6762.747030,42.410780,15,6,7
872.401480,49.509243,15,6,7
6354.347359,27.804353,15,6,7
5135.500952,24.292508,15,6,7
4552.833918,47.135591,15,6,7
