Distance,Tx Power,Bandwidth,Subband BW,Subband Offset
1813.732467,32.068958,50,12,9
9284.680152,34.420380,50,12,9
3095.527992,26.105374,50,12,9
9850.181436,54.319664,50,12,9
4497.939644,50.619071,50,12,9
220.931950,18.410138,50,12,9
