Distance,Tx Power,Bandwidth,Subband BW,Subband Offset
4971.279109,48.772745,25,9,3
6988.195219,40.606723,25,9,3
1427.779125,55.232562,25,9,3
3510.560999,45.096443,25,9,3
4508.782486,46.975087,25,9,3
2676.847711,52.770153,25,9,3
