Distance,Tx Power,Bandwidth,Subband BW,Subband Offset
970.557561,16.590191,50,9,29
516.416467,26.802529,50,9,29
4035.912114,22.009855,50,9,29
6625.796150,44.727414,50,9,29
9219.804788,54.390428,50,9,29
3249.397895,25.777504,50,9,29
