Distance,Tx Power,Bandwidth,Subband BW,Subband Offset
3761.569327,58.298914,15,14,0
340.828885,32.495835,15,14,0
3361.594878,39.511315,15,14,0
2586.154616,57.731974,15,14,0
7588.417131,30.410741,15,14,0
999.220978,22.827435,15,14,0
