Distance,Tx Power,Bandwidth,Subband BW,Subband Offset
8388.076657,43.109017,75,58,14
5583.747071,21.357699,75,58,14
1773.363179,25.321611,75,58,14
4526.281284,32.416051,75,58,14
3163.483428,52.961831,75,58,14
9116.611273,28.162014,75,58,14
