Distance,Tx Power,Bandwidth,Subband BW,Subband Offset
3448.599214,19.209476,50,19,11
7845.676780,16.247438,50,19,11
6028.364194,52.445496,50,19,11
9273.952645,56.091612,50,19,11
1524.275885,37.829069,50,19,11
1430.137496,18.257540,50,19,11
