Distance,Tx Power,Bandwidth,Subband BW,Subband Offset
8576.170729,17.199128,100,35,41
4067.874430,24.372764,100,35,41
3813.392905,39.841609,100,35,41
4257.049834,32.809736,100,35,41
6869.428558,25.836747,100,35,41
1015.875800,52.083065,100,35,41
