Distance,Tx Power,Bandwidth,Subband BW,Subband Offset
5024.012764,44.235774,100,25,54
3324.187865,41.567241,100,25,54
7185.761695,51.508790,100,25,54
2084.612733,17.531597,100,25,54
5113.130209,18.804979,100,25,54
7583.522720,36.066139,100,25,54
