Distance,Tx Power,Bandwidth,Subband BW,Subband Offset
3218.476284,38.371260,75,16,52
6846.292401,53.658459,75,16,52
6935.385708,22.003020,75,16,52
411.361151,22.736077,75,16,52
6600.996502,45.151811,75,16,52
5705.351100,34.765447,75,16,52
