Distance,Tx Power,Bandwidth,Subband BW,Subband Offset
9831.245773,16.854711,100,18,45
5319.553374,25.525957,100,18,45
3313.107735,24.761229,100,18,45
6132.793145,34.242295,100,18,45
5497.160483,27.217554,100,18,45
261.428110,34.636313,100,18,45
