Distance,Tx Power,Bandwidth,Subband BW,Subband Offset
3957.795178,58.808004,100,45,50
8353.145177,39.391441,100,45,50
9542.911613,43.393745,100,45,50
6730.043853,55.657186,100,45,50
6352.285273,50.907241,100,45,50
7198.388035,28.005102,100,45,50
