Distance,Tx Power,Bandwidth,Subband BW,Subband Offset
7643.381754,54.701658,50,17,6
2049.679506,18.291146,50,17,6
3705.196839,47.421458,50,17,6
126.448966,15.743401,50,17,6
925.381994,39.002502,50,17,6
6258.239819,27.238825,50,17,6
