Distance,Tx Power,Bandwidth,Subband BW,Subband Offset
7904.606736,46.325948,50,27,9
6220.812322,55.677424,50,27,9
9432.643065,31.418126,50,27,9
3920.839592,39.372064,50,27,9
7666.188187,40.793582,50,27,9
1287.295990,28.047956,50,27,9
