Distance,Tx Power,Bandwidth,Subband BW,Subband Offset
8997.956761,16.123812,50,13,16
3300.397188,59.108579,50,13,16
5200.820926,38.048349,50,13,16
5580.191339,43.865915,50,13,16
799.321069,19.474529,50,13,16
1002.542710,30.832204,50,13,16
