Distance,Tx Power,Bandwidth,Subband BW,Subband Offset
9590.538033,15.493595,50,20,19
3968.348278,56.742144,50,20,19
2129.529283,58.978047,50,20,19
3058.051614,57.710481,50,20,19
9178.915704,19.719143,50,20,19
4140.252736,18.596410,50,20,19
