Distance,Tx Power,Bandwidth,Subband BW,Subband Offset
3024.229466,50.090861,15,7,4
9534.155531,23.521184,15,7,4
2363.694499,50.971605,15,7,4
3092.556355,56.040584,15,7,4
7995.448888,51.514067,15,7,4
3322.240760,49.813075,15,7,4
