Distance,Tx Power,Bandwidth,Subband BW,Subband Offset
3601.661338,26.897838,25,7,7
9584.478911,27.479131,25,7,7
6915.800195,49.439683,25,7,7
5978.912111,39.113859,25,7,7
1298.659275,50.386528,25,7,7
3419.911612,29.316538,25,7,7
