Distance,Tx Power,Bandwidth,Subband BW,Subband Offset
8813.625885,51.340974,100,28,21
6454.914737,43.579235,100,28,21
168.912762,54.594419,100,28,21
7690.579379,18.571366,100,28,21
864.477309,52.301891,100,28,21
8511.188039,25.773440,100,28,21
