Distance,Tx Power,Bandwidth,Subband BW,Subband Offset
696.497522,43.057454,15,7,5
8630.713133,27.088667,15,7,5
2221.879063,48.844739,15,7,5
5408.091479,38.016065,15,7,5
4070.070701,38.275174,15,7,5
3527.709908,38.692963,15,7,5
