Distance,Tx Power,Bandwidth,Subband BW,Subband Offset
5963.404415,53.347795,100,22,31
3972.185585,47.088443,100,22,31
1972.159546,51.239376,100,22,31
8553.618674,59.943538,100,22,31
6297.684202,18.761630,100,22,31
4320.359946,47.537366,100,22,31
