Distance,Tx Power,Bandwidth,Subband BW,Subband Offset
4376.412813,19.198889,100,11,72
5471.711920,23.684692,100,11,72
9701.425716,51.961273,100,11,72
1868.027492,56.412122,100,11,72
7101.405646,21.737342,100,11,72
7619.553838,41.593383,100,11,72
