Distance,Tx Power,Bandwidth,Subband BW,Subband Offset
4560.370487,40.642312,15,6,9
8468.225223,27.336658,15,6,9
5802.388442,48.886181,15,6,9
8609.750115,55.815478,15,6,9
7783.428094,47.652319,15,6,9
616.215032,35.821505,15,6,9
