Distance,Tx Power,Bandwidth,Subband BW,Subband Offset
6269.418367,16.063109,25,9,8
7618.359976,29.226583,25,9,8
7630.634274,24.801877,25,9,8
9857.176920,45.850789,25,9,8
2354.048530,38.114791,25,9,8
4628.408319,52.425112,25,9,8
