Distance,Tx Power,Bandwidth,Subband BW,Subband Offset
3467.960385,22.193008,75,39,2
6729.489032,22.055569,75,39,2
4013.029150,32.894960,75,39,2
4628.455851,52.708496,75,39,2
8960.400120,55.969514,75,39,2
894.475577,55.886974,75,39,2
