Distance,Tx Power,Bandwidth,Subband BW,Subband Offset
739.013253,48.012922,75,59,7
9270.523708,44.921814,75,59,7
6471.419153,17.458459,75,59,7
5568.728249,37.198997,75,59,7
7346.985164,21.599572,75,59,7
8427.377058,17.817643,75,59,7
