Distance,Tx Power,Bandwidth,Subband BW,Subband Offset
3213.896564,34.591377,75,24,31
8786.138139,21.284226,75,24,31
1323.197314,42.382124,75,24,31
8298.632038,41.379810,75,24,31
3438.058013,38.640339,75,24,31
1092.853746,45.900341,75,24,31
