Distance,Tx Power,Bandwidth,Subband BW,Subband Offset
3448.143968,49.826550,75,8,67
786.921578,21.946840,75,8,67
6104.570802,57.561231,75,8,67
9725.572435,16.228740,75,8,67
1951.742056,24.942350,75,8,67
7559.412573,19.815219,75,8,67
