Distance,Tx Power,Bandwidth,Subband BW,Subband Offset
9094.896399,46.100477,25,8,14
4278.870266,49.503070,25,8,14
2367.621031,30.542941,25,8,14
1209.044992,56.492551,25,8,14
4474.465209,43.174799,25,8,14
1857.078056,49.065745,25,8,14
