Distance,Tx Power,Bandwidth,Subband BW,Subband Offset
6150.596592,26.044381,75,41,22
7472.693008,25.462743,75,41,22
9933.766475,50.329522,75,41,22
6461.741741,51.029552,75,41,22
1542.724913,15.304351,75,41,22
7889.480778,44.420988,75,41,22
