Distance,Tx Power,Bandwidth,Subband BW,Subband Offset
8799.086407,23.326620,75,27,7
7597.010734,50.208950,75,27,7
3527.237456,27.010782,75,27,7
7923.197624,49.648838,75,27,7
2596.376425,23.713232,75,27,7
3566.973496,56.678871,75,27,7
