Distance,Tx Power,Bandwidth,Subband BW,Subband Offset
1082.273295,23.070130,75,40,3
5810.012835,48.689761,75,40,3
4288.600401,25.939541,75,40,3
1287.998807,58.724920,75,40,3
5437.678315,35.256584,75,40,3
2796.921573,38.655423,75,40,3
