Distance,Tx Power,Bandwidth,Subband BW,Subband Offset
9066.227869,31.137942,100,16,77
9537.449811,23.588147,100,16,77
1306.866727,48.311894,100,16,77
1565.462056,47.105730,100,16,77
2229.289988,17.653739,100,16,77
2097.828006,47.045897,100,16,77
