Distance,Tx Power,Bandwidth,Subband BW,Subband Offset
4666.177126,19.608522,75,7,66
615.317537,55.510223,75,7,66
5687.802678,59.910319,75,7,66
7589.174857,59.912084,75,7,66
584.088887,39.230402,75,7,66
8131.042771,15.114082,75,7,66
