Distance,Tx Power,Bandwidth,Subband BW,Subband Offset
5474.354878,46.766182,75,24,25
7377.559493,20.539375,75,24,25
4080.322389,32.248356,75,24,25
5256.278915,52.129791,75,24,25
6116.402867,41.618857,75,24,25
6656.517217,15.540180,75,24,25
