Distance,Tx Power,Bandwidth,Subband BW,Subband Offset
7505.134040,43.251743,25,24,1
6095.462165,23.685969,25,24,1
4921.881723,40.552128,25,24,1
2575.343117,25.085440,25,24,1
1810.061385,47.105059,25,24,1
1222.282503,20.178845,25,24,1
