Distance,Tx Power,Bandwidth,Subband BW,Subband Offset
7847.927795,39.004131,50,20,13
6702.689711,25.615015,50,20,13
9923.690387,32.968583,50,20,13
9274.924789,51.327737,50,20,13
8629.943538,18.857203,50,20,13
5754.805144,27.163434,50,20,13
