Distance,Tx Power,Bandwidth,Subband BW,Subband Offset
3223.705495,38.670349,100,42,34
1182.247301,34.284248,100,42,34
7118.506674,45.345991,100,42,34
5730.941358,40.393589,100,42,34
5902.712543,25.007458,100,42,34
470.398520,33.567417,100,42,34
