Distance,Tx Power,Bandwidth,Subband BW,Subband Offset
1837.047945,54.077068,25,14,0
1234.850788,24.917598,25,14,0
6247.745623,21.288462,25,14,0
8903.756396,45.656159,25,14,0
750.439439,59.040605,25,14,0
6231.191186,17.549527,25,14,0
