Distance,Tx Power,Bandwidth,Subband BW,Subband Offset
3803.277489,30.340827,50,23,11
7010.378037,53.786760,50,23,11
7751.898195,27.852269,50,23,11
5686.747755,35.808323,50,23,11
4971.792368,35.791003,50,23,11
4072.537291,31.670955,50,23,11
