Distance,Tx Power,Bandwidth,Subband BW,Subband Offset
4045.941283,59.056460,75,8,29
6066.518111,18.688509,75,8,29
8276.574174,35.977074,75,8,29
6011.471655,51.051994,75,8,29
7819.598780,34.801534,75,8,29
9760.912704,20.686279,75,8,29
