Distance,Tx Power,Bandwidth,Subband BW,Subband Offset
8804.138416,19.195169,100,45,21
8155.893439,43.168218,100,45,21
3426.427630,15.701174,100,45,21
2649.479271,56.659431,100,45,21
6071.686322,18.851383,100,45,21
7371.373020,47.437249,100,45,21
