Distance,Tx Power,Bandwidth,Subband BW,Subband Offset
6606.708186,15.498001,15,10,5
1086.627926,37.170683,15,10,5
5372.704541,44.451911,15,10,5
6225.769524,21.634536,15,10,5
9611.159487,43.259228,15,10,5
8002.078662,39.776208,15,10,5
