Distance,Tx Power,Bandwidth,Subband BW,Subband Offset
418.953624,46.473729,100,33,59
5835.011730,27.842661,100,33,59
730.437330,19.992859,100,33,59
4375.425795,39.539954,100,33,59
2523.526177,29.742047,100,33,59
7635.793904,27.027352,100,33,59
