Distance,Tx Power,Bandwidth,Subband BW,Subband Offset
9447.721821,30.210074,75,9,55
6968.148317,42.763699,75,9,55
8328.126877,32.979184,75,9,55
1365.228357,57.019311,75,9,55
1697.849489,40.856124,75,9,55
3570.879368,55.293620,75,9,55
