Distance,Tx Power,Bandwidth,Subband BW,Subband Offset
5004.547269,58.397191,15,11,1
8477.624070,18.136268,15,11,1
5355.012037,55.595590,15,11,1
6516.848681,33.811229,15,11,1
4435.381013,40.529965,15,11,1
2373.079682,56.161453,15,11,1
