Distance,Tx Power,Bandwidth,Subband BW,Subband Offset
4964.142988,53.173557,100,40,33
9589.596363,50.874750,100,40,33
4244.392595,42.177869,100,40,33
6359.187157,33.484727,100,40,33
8692.392102,40.369898,100,40,33
5107.940627,51.530094,100,40,33
