Distance,Tx Power,Bandwidth,Subband BW,Subband Offset
7584.819639,25.658120,100,75,15
171.787860,30.242760,100,75,15
5259.403517,17.302266,100,75,15
9925.148258,36.190617,100,75,15
5558.828034,56.850075,100,75,15
4513.738259,41.240523,100,75,15
