Distance,Tx Power,Bandwidth,Subband BW,Subband Offset
9525.818691,52.394931,75,14,54
8924.563915,38.256393,75,14,54
4963.667819,49.600119,75,14,54
574.892579,53.726199,75,14,54
8476.051856,55.945549,75,14,54
6506.338184,30.337548,75,14,54
