Distance,Tx Power,Bandwidth,Subband BW,Subband Offset
6071.015756,49.378668,25,10,8
8653.841669,41.998710,25,10,8
7438.868291,16.775597,25,10,8
8299.280798,30.255725,25,10,8
8495.145455,35.048069,25,10,8
3384.402638,16.977076,25,10,8
