Distance,Tx Power,Bandwidth,Subband BW,Subband Offset
1561.266492,20.819495,100,61,9
6342.432978,41.688680,100,61,9
9227.223797,52.957288,100,61,9
578.159627,55.452514,100,61,9
3762.720812,53.084344,100,61,9
1915.406666,22.579465,100,61,9
