Distance,Tx Power,Bandwidth,Subband BW,Subband Offset
4203.373505,50.774323,100,21,34
1645.059606,41.974877,100,21,34
6491.194171,35.275155,100,21,34
3209.844068,31.088126,100,21,34
2824.660862,20.317591,100,21,34
4362.556212,41.130063,100,21,34
