Distance,Tx Power,Bandwidth,Subband BW,Subband Offset
8703.922166,43.314098,15,8,2
5528.215380,18.729224,15,8,2
464.974162,45.896096,15,8,2
5892.791156,46.541845,15,8,2
8441.593674,37.119142,15,8,2
9801.101093,54.339244,15,8,2
