Distance,Tx Power,Bandwidth,Subband BW,Subband Offset
1881.148273,30.701491,25,8,10
6519.710246,57.797378,25,8,10
8511.677449,27.961238,25,8,10
7620.672000,25.153757,25,8,10
7995.806555,44.387720,25,8,10
4679.550918,29.643359,25,8,10
