Distance,Tx Power,Bandwidth,Subband BW,Subband Offset
2463.780037,28.221720,100,13,4
9952.717863,52.572168,100,13,4
2649.214351,24.633338,100,13,4
5012.430638,29.017969,100,13,4
4818.315550,21.415703,100,13,4
3544.340315,17.574668,100,13,4
