Distance,Tx Power,Bandwidth,Subband BW,Subband Offset
9847.337399,23.606823,50,14,30
8855.821730,49.179730,50,14,30
1772.910960,53.153821,50,14,30
3701.446765,18.394094,50,14,30
4520.011960,26.043849,50,14,30
9889.254174,23.100530,50,14,30
