Distance,Tx Power,Bandwidth,Subband BW,Subband Offset
6258.130500,44.144031,25,7,0
4015.350535,45.299311,25,7,0
8287.090058,32.758284,25,7,0
8368.211323,57.735841,25,7,0
2303.982903,36.434837,25,7,0
7846.241898,35.844896,25,7,0
