Distance,Tx Power,Bandwidth,Subband BW,Subband Offset
2689.603629,22.957785,75,29,32
1166.958766,42.772003,75,29,32
5099.333807,30.151495,75,29,32
4337.727371,33.947624,75,29,32
4007.306717,21.350448,75,29,32
398.122147,55.510706,75,29,32
