Distance,Tx Power,Bandwidth,Subband BW,Subband Offset
2755.460626,28.936095,25,10,8
2818.894007,23.657027,25,10,8
5931.158502,20.200041,25,10,8
5383.108399,39.905776,25,10,8
5011.269712,18.333973,25,10,8
2254.610532,48.532776,25,10,8
