Distance,Tx Power,Bandwidth,Subband BW,Subband Offset
7947.362119,48.220266,100,39,30
1401.922484,15.287658,100,39,30
3948.823199,35.683791,100,39,30
5360.558675,43.940797,100,39,30
5862.163219,48.608341,100,39,30
2446.701193,43.777571,100,39,30
