Distance,Tx Power,Bandwidth,Subband BW,Subband Offset
870.776593,44.301147,25,11,11
8411.781628,54.073898,25,11,11
9629.302389,29.009729,25,11,11
1569.637690,19.518270,25,11,11
8247.481839,47.540619,25,11,11
2276.926356,49.523508,25,11,11
