Distance,Tx Power,Bandwidth,Subband BW,Subband Offset
3979.384544,36.603762,75,58,15
5980.441549,31.180102,75,58,15
821.498457,21.300246,75,58,15
385.990101,20.605479,75,58,15
8171.866860,36.300055,75,58,15
9338.693635,59.219960,75,58,15
