Distance,Tx Power,Bandwidth,Subband BW,Subband Offset
8241.926823,58.174721,75,35,13
359.481612,51.980401,75,35,13
8132.680596,55.396940,75,35,13
634.905794,41.141384,75,35,13
5108.185874,37.104075,75,35,13
5716.252930,33.141181,75,35,13
