Distance,Tx Power,Bandwidth,Subband BW,Subband Offset
3406.990728,21.599037,100,50,15
9409.322051,39.772186,100,50,15
1918.239865,32.303071,100,50,15
7731.141977,44.775603,100,50,15
4388.940114,39.082068,100,50,15
688.540020,58.106813,100,50,15
