Distance,Tx Power,Bandwidth,Subband BW,Subband Offset
5705.072558,31.324322,100,26,49
1489.659855,34.382677,100,26,49
6085.898723,48.284953,100,26,49
4762.546187,22.187885,100,26,49
1510.544535,31.258674,100,26,49
7139.558905,59.442527,100,26,49
