Distance,Tx Power,Bandwidth,Subband BW,Subband Offset
6749.316332,43.199291,100,90,6
4626.802560,58.853669,100,90,6
7360.015538,59.043988,100,90,6
8490.638459,49.610266,100,90,6
1513.513214,30.190739,100,90,6
3608.875377,46.490895,100,90,6
