Distance,Tx Power,Bandwidth,Subband BW,Subband Offset
9292.792143,18.111772,25,17,8
3975.288448,49.142445,25,17,8
5631.196065,21.271662,25,17,8
6554.874007,35.486542,25,17,8
732.888471,30.514234,25,17,8
5093.996840,40.063368,25,17,8
