Distance,Tx Power,Bandwidth,Subband BW,Subband Offset
221.559511,26.728853,50,31,11
8522.101351,37.986723,50,31,11
3461.886169,16.394314,50,31,11
3328.874675,58.006904,50,31,11
7587.291807,30.494848,50,31,11
5286.489340,29.166061,50,31,11
