Distance,Tx Power,Bandwidth,Subband BW,Subband Offset
3520.413935,53.997016,15,9,2
3417.326097,41.762998,15,9,2
3209.744160,52.508043,15,9,2
6494.456030,28.060260,15,9,2
9324.459562,48.164783,15,9,2
2907.492069,55.014482,15,9,2
