Distance,Tx Power,Bandwidth,Subband BW,Subband Offset
8917.628140,50.404482,75,18,16
9604.104750,41.374919,75,18,16
1657.612411,59.761153,75,18,16
3203.323613,57.057345,75,18,16
3355.585936,52.762925,75,18,16
4049.021502,49.263276,75,18,16
