Distance,Tx Power,Bandwidth,Subband BW,Subband Offset
7705.193592,32.864560,50,20,30
3233.821901,40.524282,50,20,30
3367.815312,25.287634,50,20,30
185.057463,33.637611,50,20,30
889.962404,46.005188,50,20,30
2341.637919,38.304895,50,20,30
