Distance,Tx Power,Bandwidth,Subband BW,Subband Offset
7497.610903,40.747873,50,10,39
3027.046726,36.836117,50,10,39
9496.338371,24.704218,50,10,39
6171.238291,52.865168,50,10,39
393.443158,46.174273,50,10,39
3454.984115,42.041286,50,10,39
