Distance,Tx Power,Bandwidth,Subband BW,Subband Offset
6373.118447,38.518049,25,18,1
776.494045,33.489972,25,18,1
2377.828175,16.006581,25,18,1
2506.854046,57.181434,25,18,1
8987.519070,49.973332,25,18,1
7154.724330,44.673202,25,18,1
