Distance,Tx Power,Bandwidth,Subband BW,Subband Offset
813.983305,39.951634,50,9,21
3629.623487,22.267327,50,9,21
2252.977124,54.473977,50,9,21
6167.640674,30.713582,50,9,21
9356.300827,34.571314,50,9,21
8403.749575,48.889172,50,9,21
