Distance,Tx Power,Bandwidth,Subband BW,Subband Offset
7022.574454,29.833692,50,25,3
8073.760412,24.857696,50,25,3
7433.599218,54.307808,50,25,3
408.476353,58.843138,50,25,3
9835.077348,15.251885,50,25,3
7052.466349,24.789758,50,25,3
