Distance,Tx Power,Bandwidth,Subband BW,Subband Offset
1087.567975,16.942763,50,37,1
6862.629122,51.283434,50,37,1
1853.392555,56.935495,50,37,1
1363.333524,43.116970,50,37,1
2576.365534,20.017215,50,37,1
5083.553447,40.925054,50,37,1
