Distance,Tx Power,Bandwidth,Subband BW,Subband Offset
9105.017375,52.546818,25,13,12
1889.035661,19.727157,25,13,12
925.515181,51.689552,25,13,12
7571.634971,32.094714,25,13,12
6690.014871,54.992808,25,13,12
9302.582127,18.333661,25,13,12
