Distance,Tx Power,Bandwidth,Subband BW,Subband Offset
2705.059684,52.202430,50,23,9
9003.637233,24.632202,50,23,9
7260.948147,23.683619,50,23,9
8884.686735,34.474181,50,23,9
5147.420292,34.992640,50,23,9
7319.715731,47.117277,50,23,9
