Distance,Tx Power,Bandwidth,Subband BW,Subband Offset
4060.315234,27.824418,25,9,8
5819.914854,34.376147,25,9,8
9575.332810,44.917081,25,9,8
8675.389727,32.034424,25,9,8
974.201258,29.304012,25,9,8
2086.668210,47.575580,25,9,8
