Distance,Tx Power,Bandwidth,Subband BW,Subband Offset
4989.464206,17.285869,75,58,9
1500.223899,34.914188,75,58,9
2292.991315,24.616684,75,58,9
4616.588677,30.757603,75,58,9
4450.254075,21.603665,75,58,9
9442.986965,56.056647,75,58,9
