Distance,Tx Power,Bandwidth,Subband BW,Subband Offset
2034.555771,47.649188,15,14,0
9967.033724,28.080018,15,14,0
7373.697763,36.160164,15,14,0
2540.683388,48.155461,15,14,0
960.151355,25.060298,15,14,0
5256.856621,59.662994,15,14,0
