Distance,Tx Power,Bandwidth,Subband BW,Subband Offset
5450.943965,37.827613,25,8,10
939.820158,17.600490,25,8,10
4730.076925,47.905551,25,8,10
3620.760201,16.742659,25,8,10
4765.006471,18.432173,25,8,10
352.852423,33.897281,25,8,10
