Distance,Tx Power,Bandwidth,Subband BW,Subband Offset
5218.822010,44.283012,50,16,1
1575.489302,20.143354,50,16,1
8811.905741,48.550210,50,16,1
5028.129723,51.939757,50,16,1
4266.914190,43.846114,50,16,1
3335.034182,45.234929,50,16,1
