Distance,Tx Power,Bandwidth,Subband BW,Subband Offset
415.225478,59.960185,25,9,3
2640.759487,41.978286,25,9,3
9845.880592,39.010258,25,9,3
1789.720344,53.195588,25,9,3
3596.284001,30.012872,25,9,3
3812.103219,22.257361,25,9,3
