Distance,Tx Power,Bandwidth,Subband BW,Subband Offset
540.728167,39.565773,50,15,14
766.857557,18.714385,50,15,14
9062.229491,18.926877,50,15,14
8315.291626,49.165864,50,15,14
8047.793923,22.191963,50,15,14
626.233753,34.702719,50,15,14
