Distance,Tx Power,Bandwidth,Subband BW,Subband Offset
9070.408426,36.345088,15,13,1
4640.414231,17.150714,15,13,1
6845.445043,33.199941,15,13,1
2557.820716,54.461106,15,13,1
6940.817115,17.831452,15,13,1
1053.212782,48.340080,15,13,1
