Distance,Tx Power,Bandwidth,Subband BW,Subband Offset
5000.195705,52.705913,25,22,2
5318.826451,53.220311,25,22,2
3803.954594,39.468061,25,22,2
4897.810938,16.485883,25,22,2
6365.846359,45.233412,25,22,2
9282.178350,41.892943,25,22,2
