Distance,Tx Power,Bandwidth,Subband BW,Subband Offset
7161.122737,21.286047,75,15,15
2331.988922,44.820685,75,15,15
2779.763199,32.109293,75,15,15
2797.229287,16.489519,75,15,15
8663.887098,38.680861,75,15,15
5484.310764,24.228088,75,15,15
