Distance,Tx Power,Bandwidth,Subband BW,Subband Offset
7648.107250,24.121212,100,16,33
2108.454658,45.064156,100,16,33
7027.436788,30.987768,100,16,33
895.173595,26.354919,100,16,33
8297.239720,46.791327,100,16,33
8915.918035,49.646186,100,16,33
