Distance,Tx Power,Bandwidth,Subband BW,Subband Offset
1593.072746,41.279917,75,24,42
1510.687802,48.171714,75,24,42
5480.665805,47.170660,75,24,42
3144.929832,45.524081,75,24,42
868.494777,51.563592,75,24,42
2924.983640,52.294286,75,24,42
