Distance,Tx Power,Bandwidth,Subband BW,Subband Offset
2560.547979,59.959346,75,7,46
9195.154287,20.064669,75,7,46
1918.609815,57.658077,75,7,46
7926.546632,52.609468,75,7,46
585.673983,44.268120,75,7,46
2402.411793,56.389533,75,7,46
