Distance,Tx Power,Bandwidth,Subband BW,Subband Offset
4121.534273,56.660668,25,6,0
6835.757915,25.802823,25,6,0
8704.476984,57.114515,25,6,0
7411.645973,17.338047,25,6,0
381.279066,34.368055,25,6,0
4753.343556,37.754972,25,6,0
