Distance,Tx Power,Bandwidth,Subband BW,Subband Offset
9698.177132,55.322806,15,7,8
3593.885138,57.450304,15,7,8
9627.693568,22.903040,15,7,8
5424.806086,39.051254,15,7,8
6361.283132,59.629880,15,7,8
1468.988315,55.872642,15,7,8
