Distance,Tx Power,Bandwidth,Subband BW,Subband Offset
884.077733,54.588395,50,23,20
770.222729,45.842684,50,23,20
9083.896927,21.589548,50,23,20
6066.421169,58.419769,50,23,20
9309.368589,51.476447,50,23,20
7931.839499,44.810324,50,23,20
