Distance,Tx Power,Bandwidth,Subband BW,Subband Offset
6520.765106,20.352139,25,17,4
3850.691142,30.515294,25,17,4
495.685763,28.701801,25,17,4
6786.989051,24.446279,25,17,4
9731.118535,46.175992,25,17,4
3387.021696,51.321776,25,17,4
