Distance,Tx Power,Bandwidth,Subband BW,Subband Offset
3881.554175,42.426009,50,25,8
5242.538121,42.477777,50,25,8
2030.296974,58.615806,50,25,8
7888.097607,57.392525,50,25,8
2113.027667,16.745630,50,25,8
3267.158666,59.180766,50,25,8
