Distance,Tx Power,Bandwidth,Subband BW,Subband Offset
5726.791582,58.791523,15,8,7
3017.424779,41.693950,15,8,7
6387.292671,46.251135,15,8,7
118.868373,37.430533,15,8,7
2862.909561,50.531439,15,8,7
6710.171679,45.989370,15,8,7
