Distance,Tx Power,Bandwidth,Subband BW,Subband Offset
3847.276801,44.882687,100,27,73
9550.618040,58.093803,100,27,73
5689.841708,35.180067,100,27,73
9899.403064,37.515047,100,27,73
3307.526902,19.888561,100,27,73
3537.651549,50.454946,100,27,73
