Distance,Tx Power,Bandwidth,Subband BW,Subband Offset
5890.307300,31.387110,15,10,2
5986.517842,18.257951,15,10,2
5726.231832,33.633983,15,10,2
3054.759855,34.122076,15,10,2
5474.678101,34.331133,15,10,2
2261.363405,35.518131,15,10,2
