Distance,Tx Power,Bandwidth,Subband BW,Subband Offset
7677.329621,54.396373,75,11,46
7325.220389,58.759795,75,11,46
9460.248796,47.764883,75,11,46
8161.093353,23.681410,75,11,46
4444.485665,56.415904,75,11,46
3419.813590,45.185851,75,11,46
