Distance,Tx Power,Bandwidth,Subband BW,Subband Offset
6476.423685,59.026558,15,10,5
6692.376371,36.684598,15,10,5
5383.570732,23.888800,15,10,5
231.974734,35.124365,15,10,5
4773.791735,41.175711,15,10,5
5721.710348,41.423228,15,10,5
