Distance,Tx Power,Bandwidth,Subband BW,Subband Offset
6801.536635,41.302205,15,6,4
9281.043012,15.336516,15,6,4
6007.487622,39.274593,15,6,4
8934.077442,37.385603,15,6,4
5645.879827,28.147218,15,6,4
5715.662150,22.823094,15,6,4
