Distance,Tx Power,Bandwidth,Subband BW,Subband Offset
5973.220187,40.005642,100,37,14
9489.010345,54.108087,100,37,14
4421.982446,57.654994,100,37,14
3517.106178,28.049355,100,37,14
1267.744350,20.548741,100,37,14
123.296473,28.672730,100,37,14
