Distance,Tx Power,Bandwidth,Subband BW,Subband Offset
9911.260926,49.073576,50,9,40
239.364662,22.096806,50,9,40
2311.673111,21.920303,50,9,40
4462.912709,50.569319,50,9,40
1640.524041,26.351453,50,9,40
235.481661,24.006207,50,9,40
