Distance,Tx Power,Bandwidth,Subband BW,Subband Offset
694.224505,40.089927,75,27,6
2719.037803,16.190905,75,27,6
4270.506725,19.260166,75,27,6
5155.418463,20.593158,75,27,6
7351.450084,26.865365,75,27,6
2082.645336,53.799435,75,27,6
