Distance,Tx Power,Bandwidth,Subband BW,Subband Offset
1586.341188,38.495923,75,33,32
4009.114715,32.028426,75,33,32
4262.097320,53.220767,75,33,32
5115.233559,47.351808,75,33,32
6813.056148,28.831883,75,33,32
8452.425957,21.714481,75,33,32
