Distance,Tx Power,Bandwidth,Subband BW,Subband Offset
8496.679574,47.383249,25,8,7
2058.050354,35.178463,25,8,7
3300.279106,53.966759,25,8,7
9732.622531,56.316602,25,8,7
6032.396278,44.311686,25,8,7
1149.697061,33.752578,25,8,7
