Distance,Tx Power,Bandwidth,Subband BW,Subband Offset
6154.374047,58.910760,25,12,2
5496.954459,52.468148,25,12,2
2149.921989,51.196043,25,12,2
5422.879965,45.000517,25,12,2
1462.255269,30.770771,25,12,2
5110.599264,45.727644,25,12,2
