Distance,Tx Power,Bandwidth,Subband BW,Subband Offset
2634.334938,26.428098,50,24,0
1148.071415,39.577312,50,24,0
7758.895178,17.432150,50,24,0
3220.669218,56.667428,50,24,0
4189.157059,32.481588,50,24,0
9020.556934,20.510832,50,24,0
