Distance,Tx Power,Bandwidth,Subband BW,Subband Offset
1714.111963,20.899062,15,6,4
376.635074,37.227081,15,6,4
5406.169474,48.328302,15,6,4
6480.946647,30.209244,15,6,4
8763.317647,25.201172,15,6,4
3968.358873,39.810872,15,6,4
