Distance,Tx Power,Bandwidth,Subband BW,Subband Offset
6429.925003,45.646943,75,10,53
2787.931047,30.711420,75,10,53
2428.152303,21.230078,75,10,53
4996.221219,16.005850,75,10,53
4914.483064,40.936564,75,10,53
9764.567935,48.230262,75,10,53
