Distance,Tx Power,Bandwidth,Subband BW,Subband Offset
1081.220229,22.007125,25,9,7
2059.076812,30.130756,25,9,7
3698.032936,17.696054,25,9,7
4302.902555,20.555062,25,9,7
8271.961323,51.765804,25,9,7
4012.167680,17.401279,25,9,7
