Distance,Tx Power,Bandwidth,Subband BW,Subband Offset
1055.675007,48.951029,100,6,57
6839.540187,28.992635,100,6,57
7735.404133,29.415893,100,6,57
9555.420537,18.429392,100,6,57
3623.053884,43.229960,100,6,57
1281.168870,56.197722,100,6,57
