Distance,Tx Power,Bandwidth,Subband BW,Subband Offset
2523.639912,52.376206,100,43,10
9399.951755,51.209274,100,43,10
2956.716508,26.294575,100,43,10
9338.628938,56.058500,100,43,10
1212.514587,28.107765,100,43,10
4030.374873,41.163948,100,43,10
