Distance,Tx Power,Bandwidth,Subband BW,Subband Offset
7967.300475,46.048199,50,11,16
6953.730298,30.873051,50,11,16
945.430405,46.899591,50,11,16
8989.854574,45.561583,50,11,16
457.961972,32.113336,50,11,16
9711.324246,40.280346,50,11,16
