Distance,Tx Power,Bandwidth,Subband BW,Subband Offset
4469.812105,20.383804,15,6,1
5664.181221,20.794808,15,6,1
5075.754616,36.601024,15,6,1
1284.493075,39.362918,15,6,1
9495.101565,17.649754,15,6,1
8106.139464,40.122777,15,6,1
