Distance,Tx Power,Bandwidth,Subband BW,Subband Offset
7852.111988,15.509926,100,78,4
1862.191020,21.351606,100,78,4
2519.854089,58.671606,100,78,4
909.418779,40.065304,100,78,4
4350.551302,37.136252,100,78,4
3849.267505,54.930610,100,78,4
