Distance,Tx Power,Bandwidth,Subband BW,Subband Offset
3361.682568,21.329535,100,24,65
2312.908764,27.274538,100,24,65
8322.260463,48.071662,100,24,65
7291.885589,53.420008,100,24,65
2647.672455,30.654370,100,24,65
9747.344697,42.343989,100,24,65
