Distance,Tx Power,Bandwidth,Subband BW,Subband Offset
4289.538681,23.701139,50,10,3
6932.556820,16.273760,50,10,3
1331.345680,41.038262,50,10,3
8353.599620,20.225483,50,10,3
6830.206397,37.568536,50,10,3
3576.448692,57.330008,50,10,3
