Distance,Tx Power,Bandwidth,Subband BW,Subband Offset
5186.107809,32.422697,15,7,2
5002.910598,34.081803,15,7,2
7757.069442,26.244543,15,7,2
534.528019,48.697107,15,7,2
7172.618931,15.532623,15,7,2
2335.719630,37.581398,15,7,2
