Distance,Tx Power,Bandwidth,Subband BW,Subband Offset
9400.858019,53.188201,75,24,32
7774.792524,33.739669,75,24,32
5760.079785,25.053204,75,24,32
5079.316086,33.958107,75,24,32
7044.665527,59.889726,75,24,32
556.722259,52.392016,75,24,32
