Distance,Tx Power,Bandwidth,Subband BW,Subband Offset
1773.648206,30.495981,75,70,4
677.056482,32.615785,75,70,4
3595.759962,50.686704,75,70,4
9285.994710,35.204331,75,70,4
1527.210141,55.008984,75,70,4
5799.716623,46.746836,75,70,4
