Distance,Tx Power,Bandwidth,Subband BW,Subband Offset
9973.125556,31.358309,25,6,19
9367.220348,26.496624,25,6,19
1934.954230,47.344447,25,6,19
7400.059015,18.010484,25,6,19
4529.713672,46.529189,25,6,19
6095.285835,37.322847,25,6,19
