Distance,Tx Power,Bandwidth,Subband BW,Subband Offset
3566.774731,45.582831,50,14,1
9084.997200,44.991996,50,14,1
9571.851141,56.754433,50,14,1
4585.514133,59.317940,50,14,1
5888.694912,54.567415,50,14,1
8149.380092,22.580104,50,14,1
