Distance,Tx Power,Bandwidth,Subband BW,Subband Offset
7451.398076,54.984167,100,7,68
3027.188980,49.713412,100,7,68
1268.767467,39.524161,100,7,68
7509.723990,50.253989,100,7,68
4026.600781,56.024941,100,7,68
5684.685094,28.511224,100,7,68
