Distance,Tx Power,Bandwidth,Subband BW,Subband Offset
8850.882090,43.947191,100,32,40
9765.266665,54.176404,100,32,40
3284.538514,35.524778,100,32,40
509.105814,18.166983,100,32,40
6743.698242,38.191931,100,32,40
6443.103607,27.991317,100,32,40
