Distance,Tx Power,Bandwidth,Subband BW,Subband Offset
9222.251597,39.353064,100,31,68
1213.198738,48.105585,100,31,68
2149.904771,26.691394,100,31,68
2392.549661,18.239766,100,31,68
2795.932788,25.640926,100,31,68
9894.947145,25.038452,100,31,68
