Distance,Tx Power,Bandwidth,Subband BW,Subband Offset
1248.572617,47.429274,25,7,12
2798.641889,33.474399,25,7,12
4767.406459,30.104761,25,7,12
5544.467441,59.250995,25,7,12
7758.677405,59.351068,25,7,12
8967.022465,43.416703,25,7,12
