Distance,Tx Power,Bandwidth,Subband BW,Subband Offset
4819.274220,20.679527,15,6,3
7481.713397,49.517776,15,6,3
4564.092036,58.738309,15,6,3
8893.359706,28.947284,15,6,3
9805.352913,52.170153,15,6,3
6278.486597,50.101769,15,6,3
