Distance,Tx Power,Bandwidth,Subband BW,Subband Offset
6913.703369,17.744706,25,9,11
7195.717419,32.182805,25,9,11
9321.425900,47.358052,25,9,11
5589.588831,21.963062,25,9,11
3373.686397,56.520505,25,9,11
7277.169687,48.837500,25,9,11
