Distance,Tx Power,Bandwidth,Subband BW,Subband Offset
3706.766016,25.783352,50,18,15
1751.271082,22.664118,50,18,15
615.096181,59.145361,50,18,15
5996.396331,28.484891,50,18,15
1252.896596,38.117565,50,18,15
6010.572651,48.581332,50,18,15
