Distance,Tx Power,Bandwidth,Subband BW,Subband Offset
8446.834566,36.031244,100,85,1
1492.826671,40.782147,100,85,1
9130.508586,36.352149,100,85,1
912.944236,53.553860,100,85,1
5877.773861,32.578620,100,85,1
8849.375601,19.111022,100,85,1
