Distance,Tx Power,Bandwidth,Subband BW,Subband Offset
7718.270937,47.542040,50,31,15
8206.455711,54.784384,50,31,15
8363.657621,41.950146,50,31,15
8151.067152,32.352111,50,31,15
6810.181167,22.827036,50,31,15
5337.010362,40.080018,50,31,15
