Distance,Tx Power,Bandwidth,Subband BW,Subband Offset
7864.307511,46.010837,25,11,14
4029.112323,28.313006,25,11,14
6373.287002,57.812735,25,11,14
6168.679281,48.483442,25,11,14
6081.860919,42.720218,25,11,14
2202.690847,37.727429,25,11,14
