Distance,Tx Power,Bandwidth,Subband BW,Subband Offset
2531.047231,24.204608,50,22,11
8456.070218,29.758028,50,22,11
3507.019811,53.767458,50,22,11
9898.800589,58.361067,50,22,11
251.757145,48.837707,50,22,11
7464.172080,20.281326,50,22,11
