Distance,Tx Power,Bandwidth,Subband BW,Subband Offset
682.044785,26.739874,50,28,19
6106.176279,20.478082,50,28,19
6629.261866,34.215564,50,28,19
5922.057602,56.609582,50,28,19
1475.422381,59.866415,50,28,19
985.333034,46.568774,50,28,19
