Distance,Tx Power,Bandwidth,Subband BW,Subband Offset
5744.177626,28.649439,50,10,8
7613.390009,33.755111,50,10,8
3418.066301,21.318404,50,10,8
864.060961,59.395300,50,10,8
2799.381188,27.882716,50,10,8
8996.649491,38.604666,50,10,8
