Distance,Tx Power,Bandwidth,Subband BW,Subband Offset
3685.806764,36.876602,15,8,6
1774.825937,51.995305,15,8,6
5538.504591,22.640343,15,8,6
1588.519685,50.416613,15,8,6
106.618642,40.714997,15,8,6
5024.321532,28.099218,15,8,6
