Distance,Tx Power,Bandwidth,Subband BW,Subband Offset
5404.251332,16.485257,100,20,69
761.138178,36.889491,100,20,69
4455.763618,27.914763,100,20,69
7757.665572,41.554207,100,20,69
8129.885484,28.384670,100,20,69
8736.695963,20.402156,100,20,69
