Distance,Tx Power,Bandwidth,Subband BW,Subband Offset
1027.774362,22.200252,100,47,52
6959.548181,32.235076,100,47,52
833.709306,22.409674,100,47,52
5839.398801,35.900234,100,47,52
5611.782727,26.883229,100,47,52
5468.190592,37.174429,100,47,52
