Distance,Tx Power,Bandwidth,Subband BW,Subband Offset
179.256763,49.253133,75,15,40
9058.730256,24.403822,75,15,40
8682.632513,43.114147,75,15,40
2824.353137,57.648806,75,15,40
9869.026916,53.742919,75,15,40
5886.393616,44.807304,75,15,40
