Distance,Tx Power,Bandwidth,Subband BW,Subband Offset
469.164090,16.799653,75,34,10
5548.268331,33.840186,75,34,10
152.872310,37.206741,75,34,10
2629.778934,56.181867,75,34,10
7150.118705,22.418302,75,34,10
9893.291924,35.433555,75,34,10
