Distance,Tx Power,Bandwidth,Subband BW,Subband Offset
2032.013198,17.117838,50,36,1
4123.305648,21.864307,50,36,1
1603.321471,52.258659,50,36,1
3259.321537,47.169777,50,36,1
9824.709933,20.282322,50,36,1
299.676800,25.294948,50,36,1
