Distance,Tx Power,Bandwidth,Subband BW,Subband Offset
4657.007913,53.069384,25,10,13
2125.972349,20.549520,25,10,13
9924.069624,25.892163,25,10,13
4676.811664,57.957420,25,10,13
4286.851594,18.945834,25,10,13
4952.609309,58.888198,25,10,13
