Distance,Tx Power,Bandwidth,Subband BW,Subband Offset
5828.859711,38.213852,50,17,8
6203.341267,54.693901,50,17,8
5676.340351,39.690079,50,17,8
2060.316681,38.803084,50,17,8
4551.696219,21.773015,50,17,8
4508.027772,50.320899,50,17,8
