Distance,Tx Power,Bandwidth,Subband BW,Subband Offset
5722.452070,56.874567,50,26,13
2671.357301,33.458637,50,26,13
2966.803694,25.464918,50,26,13
9109.265565,59.817196,50,26,13
6244.984222,15.591495,50,26,13
7476.288769,24.876155,50,26,13
