Distance,Tx Power,Bandwidth,Subband BW,Subband Offset
5559.409343,54.508215,75,23,26
1553.561014,46.678363,75,23,26
6958.239292,30.319928,75,23,26
4372.573493,47.160607,75,23,26
6205.391754,37.050191,75,23,26
8549.511369,55.442092,75,23,26
