Distance,Tx Power,Bandwidth,Subband BW,Subband Offset
1978.633442,22.292373,50,17,10
4611.593523,48.639181,50,17,10
2973.463710,52.097239,50,17,10
656.280587,40.839265,50,17,10
6040.321325,51.523551,50,17,10
8599.627554,49.819317,50,17,10
