Distance,Tx Power,Bandwidth,Subband BW,Subband Offset
1497.290472,43.387718,25,10,14
5444.304849,58.281964,25,10,14
7737.347218,16.881357,25,10,14
9142.183873,45.365982,25,10,14
2922.582408,27.249871,25,10,14
5835.301480,48.419627,25,10,14
