Distance,Tx Power,Bandwidth,Subband BW,Subband Offset
5904.586094,32.268920,50,20,7
1395.911872,41.397656,50,20,7
1989.228199,17.616626,50,20,7
678.274040,41.718673,50,20,7
408.469951,56.306967,50,20,7
708.906193,50.576069,50,20,7
