Distance,Tx Power,Bandwidth,Subband BW,Subband Offset
7162.805954,24.340420,15,15,0
1623.892103,15.810985,15,15,0
5770.235840,52.392746,15,15,0
5912.718283,58.684432,15,15,0
6706.578891,44.196930,15,15,0
1866.181910,43.132136,15,15,0
