Distance,Tx Power,Bandwidth,Subband BW,Subband Offset
6056.418623,41.249118,75,51,15
7469.419737,54.237884,75,51,15
2240.895102,40.430421,75,51,15
9527.298662,20.362040,75,51,15
9966.868370,16.585153,75,51,15
3845.656134,19.695484,75,51,15
