Distance,Tx Power,Bandwidth,Subband BW,Subband Offset
8073.911305,27.208250,100,36,59
1970.961398,43.751929,100,36,59
8822.967166,32.328492,100,36,59
8682.080214,29.026526,100,36,59
6106.655573,57.874016,100,36,59
9746.040060,42.815902,100,36,59
