Distance,Tx Power,Bandwidth,Subband BW,Subband Offset
6963.115054,55.625737,100,44,36
2525.487311,53.656293,100,44,36
1094.678622,39.461165,100,44,36
5028.233548,24.170137,100,44,36
491.739380,18.292107,100,44,36
4128.587055,46.745114,100,44,36
