Distance,Tx Power,Bandwidth,Subband BW,Subband Offset
2936.477056,29.888512,25,13,11
5293.040142,51.824435,25,13,11
6064.935213,44.031451,25,13,11
8032.726327,56.628831,25,13,11
5645.939951,45.955028,25,13,11
5237.252751,27.393311,25,13,11
