Distance,Tx Power,Bandwidth,Subband BW,Subband Offset
458.650770,53.249704,75,58,1
8095.315334,54.430299,75,58,1
8078.963026,44.683676,75,58,1
3546.548989,47.856889,75,58,1
4873.291781,25.807115,75,58,1
6711.673481,21.201332,75,58,1
