Distance,Tx Power,Bandwidth,Subband BW,Subband Offset
2910.700436,29.911206,75,47,19
5425.733147,27.555205,75,47,19
4792.871120,56.758916,75,47,19
5612.305487,28.248376,75,47,19
6824.364970,52.962091,75,47,19
8710.154196,44.977168,75,47,19
