Distance,Tx Power,Bandwidth,Subband BW,Subband Offset
469.836482,43.710055,25,6,19
9870.386817,38.296290,25,6,19
6755.179343,32.150884,25,6,19
5356.065789,37.654021,25,6,19
1531.165553,58.154382,25,6,19
5774.424982,51.979601,25,6,19
