Distance,Tx Power,Bandwidth,Subband BW,Subband Offset
7728.823986,24.328467,15,15,0
2653.944290,22.117507,15,15,0
4145.525463,18.860817,15,15,0
3150.883090,56.449313,15,15,0
835.086751,46.436650,15,15,0
9519.447444,29.049549,15,15,0
