Distance,Tx Power,Bandwidth,Subband BW,Subband Offset
811.379673,58.364703,25,6,7
7190.615458,57.187099,25,6,7
2031.801136,35.851671,25,6,7
5904.065508,39.635919,25,6,7
8851.359016,56.237799,25,6,7
2473.061050,32.894588,25,6,7
