Distance,Tx Power,Bandwidth,Subband BW,Subband Offset
1481.323080,38.920671,15,6,7
2159.905799,24.973462,15,6,7
7297.334082,52.874807,15,6,7
3708.295047,23.800818,15,6,7
6038.791077,41.957954,15,6,7
5250.462948,29.142020,15,6,7
