Distance,Tx Power,Bandwidth,Subband BW,Subband Offset
3357.417125,27.902846,100,60,3
1700.438637,58.192857,100,60,3
3283.828761,49.683320,100,60,3
4068.280765,40.056915,100,60,3
8413.290679,37.607262,100,60,3
6407.511727,57.143379,100,60,3
