Distance,Tx Power,Bandwidth,Subband BW,Subband Offset
3848.766593,34.079603,15,11,3
989.505853,39.437535,15,11,3
1912.818533,52.162858,15,11,3
1361.054234,57.205862,15,11,3
5369.712259,32.640827,15,11,3
5345.015526,29.591966,15,11,3
