Distance,Tx Power,Bandwidth,Subband BW,Subband Offset
8546.400037,36.772313,15,8,2
1413.956536,43.073769,15,8,2
8051.993498,45.114411,15,8,2
3318.622611,44.259779,15,8,2
5693.254297,45.153003,15,8,2
6520.228773,54.010106,15,8,2
