Distance,Tx Power,Bandwidth,Subband BW,Subband Offset
5485.116153,35.337530,50,14,2
9547.382270,35.005482,50,14,2
4141.467661,38.245286,50,14,2
3729.476457,49.792999,50,14,2
1335.330368,55.936913,50,14,2
8914.356124,44.114545,50,14,2
