Distance,Tx Power,Bandwidth,Subband BW,Subband Offset
6094.260389,28.059209,50,7,38
4933.268903,56.125855,50,7,38
4389.422901,50.790903,50,7,38
3921.485367,26.778901,50,7,38
1102.200836,24.875309,50,7,38
5155.191043,59.782103,50,7,38
