Distance,Tx Power,Bandwidth,Subband BW,Subband Offset
314.784097,24.484600,100,11,83
3312.530413,16.689814,100,11,83
4173.219583,15.224190,100,11,83
6876.869772,57.091509,100,11,83
3395.717477,25.428573,100,11,83
3153.572818,48.725773,100,11,83
