Distance,Tx Power,Bandwidth,Subband BW,Subband Offset
1209.955089,31.660730,75,58,4
4782.744980,50.793344,75,58,4
4562.595172,53.497898,75,58,4
5824.519363,36.000239,75,58,4
9380.082476,32.474516,75,58,4
6096.839724,32.674038,75,58,4
