Distance,Tx Power,Bandwidth,Subband BW,Subband Offset
9820.819267,56.025365,50,25,0
7037.590219,48.137453,50,25,0
2645.975524,35.597390,50,25,0
6379.389924,21.268641,50,25,0
7873.647187,42.773159,50,25,0
8884.293979,18.446296,50,25,0
