Distance,Tx Power,Bandwidth,Subband BW,Subband Offset
9174.209859,40.098806,25,10,14
8984.351013,42.098807,25,10,14
5766.661354,36.451202,25,10,14
8532.356844,22.065163,25,10,14
944.569926,33.823620,25,10,14
123.384299,58.683063,25,10,14
