Distance,Tx Power,Bandwidth,Subband BW,Subband Offset
2111.290311,50.046884,25,15,2
401.805067,53.064734,25,15,2
3519.484457,47.491834,25,15,2
3150.944333,21.401633,25,15,2
277.677116,17.603676,25,15,2
2435.152385,40.094912,25,15,2
