Distance,Tx Power,Bandwidth,Subband BW,Subband Offset
5527.801025,39.855364,15,8,7
3026.426951,28.264641,15,8,7
4636.777868,57.562931,15,8,7
1926.745279,45.553442,15,8,7
3181.878158,43.455537,15,8,7
8088.964836,18.774997,15,8,7
