Distance,Tx Power,Bandwidth,Subband BW,Subband Offset
4666.170783,23.557631,15,8,2
9014.531304,29.715175,15,8,2
954.005105,55.415319,15,8,2
5659.347295,41.764834,15,8,2
1352.980556,18.327456,15,8,2
7980.821692,54.596394,15,8,2
