Distance,Tx Power,Bandwidth,Subband BW,Subband Offset
662.527644,46.917420,50,23,14
7845.339471,37.014782,50,23,14
473.257564,49.417143,50,23,14
8648.892410,33.347337,50,23,14
7452.583775,20.871455,50,23,14
4893.983901,52.718736,50,23,14
