Distance,Tx Power,Bandwidth,Subband BW,Subband Offset
8018.402459,39.049272,50,29,11
5687.133745,20.831762,50,29,11
5652.001885,22.594324,50,29,11
7569.169643,20.743357,50,29,11
1533.371257,19.329935,50,29,11
7132.485617,42.118103,50,29,11
