Distance,Tx Power,Bandwidth,Subband BW,Subband Offset
2945.650366,27.621601,25,14,6
8634.251317,34.827755,25,14,6
8905.948845,43.619942,25,14,6
6325.898252,50.886513,25,14,6
9913.266336,21.569550,25,14,6
543.857375,58.410946,25,14,6
