Distance,Tx Power,Bandwidth,Subband BW,Subband Offset
3861.459503,15.827230,75,20,54
1894.822242,20.205964,75,20,54
9101.113032,50.003125,75,20,54
7119.930982,32.274691,75,20,54
3798.973781,57.141357,75,20,54
7901.453050,31.385721,75,20,54
