Distance,Tx Power,Bandwidth,Subband BW,Subband Offset
8659.686642,51.169905,25,13,6
6469.244999,29.918484,25,13,6
7692.644507,35.221290,25,13,6
4559.631259,22.990249,25,13,6
2113.831862,55.882974,25,13,6
7941.868706,35.239128,25,13,6
