Distance,Tx Power,Bandwidth,Subband BW,Subband Offset
6327.067736,17.607469,25,11,8
1264.269112,53.658523,25,11,8
2337.912100,18.470529,25,11,8
6377.630727,39.265664,25,11,8
3030.262827,35.782826,25,11,8
1643.271260,28.067921,25,11,8
