Distance,Tx Power,Bandwidth,Subband BW,Subband Offset
8354.830636,53.611388,15,8,5
2435.610811,36.670797,15,8,5
9991.120286,59.583376,15,8,5
5525.731351,39.685225,15,8,5
115.560965,34.956886,15,8,5
7700.645566,51.774980,15,8,5
