Distance,Tx Power,Bandwidth,Subband BW,Subband Offset
6731.762561,47.834813,15,10,5
8070.617146,34.167409,15,10,5
6190.651379,36.141148,15,10,5
5301.572043,28.460270,15,10,5
4063.095409,54.790354,15,10,5
2159.697959,44.929945,15,10,5
