Distance,Tx Power,Bandwidth,Subband BW,Subband Offset
5446.855896,50.151089,100,41,34
8805.785927,39.677429,100,41,34
6966.146432,39.129566,100,41,34
8874.000819,41.102817,100,41,34
4427.022343,32.149597,100,41,34
5666.356715,27.794464,100,41,34
