Distance,Tx Power,Bandwidth,Subband BW,Subband Offset
4374.871718,28.118979,75,47,4
824.823087,24.613301,75,47,4
4337.631682,16.513316,75,47,4
625.766524,42.251964,75,47,4
5802.605973,40.467944,75,47,4
5213.029930,49.781128,75,47,4
