Distance,Tx Power,Bandwidth,Subband BW,Subband Offset
3314.125279,30.813404,25,11,10
6817.633134,23.431061,25,11,10
2993.254987,19.472664,25,11,10
8258.752214,43.352900,25,11,10
979.173807,39.387603,25,11,10
2922.862773,40.679059,25,11,10
