Distance,Tx Power,Bandwidth,Subband BW,Subband Offset
1995.169792,35.437381,15,8,2
2922.535505,24.933317,15,8,2
4509.196511,55.132420,15,8,2
5615.123609,49.209592,15,8,2
4739.917915,41.387579,15,8,2
7580.254317,20.704458,15,8,2
