Distance,Tx Power,Bandwidth,Subband BW,Subband Offset
3681.969466,56.620872,75,45,26
7323.425378,59.343107,75,45,26
574.604584,24.125494,75,45,26
3975.135259,32.739819,75,45,26
9414.213796,18.710400,75,45,26
7292.633518,29.703605,75,45,26
