Distance,Tx Power,Bandwidth,Subband BW,Subband Offset
5705.392454,58.259090,15,14,0
4415.772255,46.751369,15,14,0
9827.623726,21.172489,15,14,0
273.526923,43.227554,15,14,0
7947.599518,44.141031,15,14,0
6593.299443,56.665505,15,14,0
