Distance,Tx Power,Bandwidth,Subband BW,Subband Offset
2117.710895,21.768578,100,29,9
2089.953846,36.416224,100,29,9
8050.426075,18.352660,100,29,9
3297.179592,18.126121,100,29,9
7146.136905,39.509120,100,29,9
8377.709224,56.702885,100,29,9
