Distance,Tx Power,Bandwidth,Subband BW,Subband Offset
1838.429061,32.910568,50,27,8
5129.363682,20.795170,50,27,8
6019.861800,54.053518,50,27,8
9075.786943,43.097904,50,27,8
2020.093477,53.320675,50,27,8
8350.979506,36.381525,50,27,8
