Distance,Tx Power,Bandwidth,Subband BW,Subband Offset
6604.137322,51.696677,100,51,26
5124.764139,56.337035,100,51,26
660.177487,42.901041,100,51,26
6030.347959,19.362439,100,51,26
7406.775444,24.936094,100,51,26
999.237364,56.027160,100,51,26
