Distance,Tx Power,Bandwidth,Subband BW,Subband Offset
9276.067775,26.473038,75,49,9
9718.691596,54.262469,75,49,9
7360.209530,56.895657,75,49,9
3870.795172,54.126255,75,49,9
9797.590044,42.874324,75,49,9
5660.434715,31.910511,75,49,9
