Distance,Tx Power,Bandwidth,Subband BW,Subband Offset
6552.085812,32.654005,75,14,21
9140.761950,57.858260,75,14,21
8827.670262,46.563039,75,14,21
2344.552491,41.946014,75,14,21
8779.622392,18.774835,75,14,21
9354.774795,39.742558,75,14,21
