Distance,Tx Power,Bandwidth,Subband BW,Subband Offset
8428.285297,28.464129,75,54,4
3451.833640,28.621115,75,54,4
7977.415836,22.075798,75,54,4
1825.863086,53.782763,75,54,4
8675.538692,28.904455,75,54,4
8468.831322,24.286690,75,54,4
