Distance,Tx Power,Bandwidth,Subband BW,Subband Offset
8155.705450,59.956736,15,10,5
3310.221035,37.197347,15,10,5
6451.367891,49.299316,15,10,5
1982.202715,24.080008,15,10,5
9475.359588,23.990627,15,10,5
8236.687534,50.691162,15,10,5
