Distance,Tx Power,Bandwidth,Subband BW,Subband Offset
4399.468989,48.095986,15,9,4
9142.372476,39.021896,15,9,4
5452.262608,59.817774,15,9,4
5584.577482,51.059999,15,9,4
4252.394781,21.292002,15,9,4
119.610953,48.280754,15,9,4
