Distance,Tx Power,Bandwidth,Subband BW,Subband Offset
1504.644384,28.902563,100,11,37
7672.283223,54.755728,100,11,37
8392.111237,55.637334,100,11,37
2822.759685,57.521741,100,11,37
3346.616848,38.449828,100,11,37
5483.712409,23.999771,100,11,37
