Distance,Tx Power,Bandwidth,Subband BW,Subband Offset
2029.381820,46.772075,25,18,6
3118.413419,27.814561,25,18,6
6938.262937,35.324871,25,18,6
7575.580132,39.537195,25,18,6
2627.041203,53.170410,25,18,6
7314.357124,16.371932,25,18,6
