Distance,Tx Power,Bandwidth,Subband BW,Subband Offset
5460.017432,57.522006,25,14,5
5346.013848,45.299920,25,14,5
749.708917,40.130884,25,14,5
6072.418133,23.039246,25,14,5
6113.245758,43.071863,25,14,5
8221.083939,19.599799,25,14,5
