Distance,Tx Power,Bandwidth,Subband BW,Subband Offset
7087.867836,34.110602,25,14,5
629.783970,35.662295,25,14,5
5115.454437,25.320223,25,14,5
1008.602166,56.807113,25,14,5
1606.838387,17.133574,25,14,5
4938.696351,55.705373,25,14,5
