Distance,Tx Power,Bandwidth,Subband BW,Subband Offset
1339.714282,31.259135,100,34,58
5934.320211,24.849484,100,34,58
3886.544409,27.912477,100,34,58
8331.418843,52.808959,100,34,58
1052.718699,51.186104,100,34,58
5574.789359,45.246169,100,34,58
