Distance,Tx Power,Bandwidth,Subband BW,Subband Offset
7421.588337,37.665405,25,6,5
1746.907315,58.038597,25,6,5
958.486391,27.963816,25,6,5
3249.917956,36.016796,25,6,5
8279.434711,22.825722,25,6,5
6681.449295,30.852827,25,6,5
