Distance,Tx Power,Bandwidth,Subband BW,Subband Offset
1931.162852,54.068043,75,12,18
351.992047,20.839775,75,12,18
4367.664720,23.373775,75,12,18
3229.013608,54.635808,75,12,18
6063.031265,18.478676,75,12,18
825.153967,30.066648,75,12,18
