Distance,Tx Power,Bandwidth,Subband BW,Subband Offset
5105.377900,55.197742,100,36,48
4411.845752,53.961757,100,36,48
4722.378174,38.455265,100,36,48
9474.675285,55.340646,100,36,48
2756.571039,44.863235,100,36,48
177.732935,55.672541,100,36,48
