Distance,Tx Power,Bandwidth,Subband BW,Subband Offset
3187.433740,40.963831,15,12,1
9264.973085,17.147520,15,12,1
1043.199203,18.746358,15,12,1
5981.290093,51.415573,15,12,1
7519.994365,49.802483,15,12,1
5694.223456,46.208687,15,12,1
