Distance,Tx Power,Bandwidth,Subband BW,Subband Offset
4780.925642,15.424661,75,41,0
7963.624607,22.889117,75,41,0
7424.148627,16.765563,75,41,0
394.295432,19.710888,75,41,0
4191.922992,29.236008,75,41,0
1159.472657,59.545707,75,41,0
