Distance,Tx Power,Bandwidth,Subband BW,Subband Offset
6426.699130,24.903209,25,20,4
5938.048478,57.818373,25,20,4
8538.643514,34.653691,25,20,4
9678.973865,19.876594,25,20,4
6837.346709,52.418892,25,20,4
7295.009287,44.276784,25,20,4
