Distance,Tx Power,Bandwidth,Subband BW,Subband Offset
8470.079034,22.032701,100,57,13
6704.209181,41.182603,100,57,13
3674.436260,31.649372,100,57,13
3033.300489,40.266784,100,57,13
7794.701535,39.093980,100,57,13
2234.743460,44.933937,100,57,13
