Distance,Tx Power,Bandwidth,Subband BW,Subband Offset
3483.229961,39.248840,75,40,20
3552.167868,24.364632,75,40,20
8187.010916,20.589606,75,40,20
1877.769747,46.718928,75,40,20
4861.356260,37.177256,75,40,20
8532.821862,36.919073,75,40,20
