Distance,Tx Power,Bandwidth,Subband BW,Subband Offset
8471.877605,37.634921,100,86,5
3191.063397,34.766519,100,86,5
7143.792834,27.140018,100,86,5
9357.474665,37.782764,100,86,5
1550.220927,36.570010,100,86,5
2451.974817,42.231408,100,86,5
