Distance,Tx Power,Bandwidth,Subband BW,Subband Offset
8877.567701,22.445142,50,6,39
6267.192602,44.001707,50,6,39
2582.951811,37.438290,50,6,39
8156.883153,20.728567,50,6,39
8669.120651,23.995989,50,6,39
7767.287035,22.943654,50,6,39
