Distance,Tx Power,Bandwidth,Subband BW,Subband Offset
6660.879220,42.341045,25,21,2
8262.630445,24.501905,25,21,2
8341.502883,42.916540,25,21,2
6456.983329,41.908343,25,21,2
7965.180669,38.220301,25,21,2
9261.633382,36.481614,25,21,2
