Distance,Tx Power,Bandwidth,Subband BW,Subband Offset
4907.610869,56.923725,25,23,2
2949.573092,24.610546,25,23,2
8347.915850,56.240028,25,23,2
4360.363932,59.030714,25,23,2
5508.009364,27.489382,25,23,2
1333.232493,59.748375,25,23,2
