Distance,Tx Power,Bandwidth,Subband BW,Subband Offset
4620.811280,44.198483,100,15,84
3032.201566,30.597331,100,15,84
7776.587558,43.478752,100,15,84
6122.536216,33.447327,100,15,84
8567.177168,36.090691,100,15,84
937.985794,20.078982,100,15,84
