Distance,Tx Power,Bandwidth,Subband BW,Subband Offset
1047.837457,46.585695,75,14,45
588.933120,35.791770,75,14,45
464.876385,36.671455,75,14,45
765.318028,35.819250,75,14,45
8661.907293,49.993961,75,14,45
135.793054,44.883934,75,14,45
