Distance,Tx Power,Bandwidth,Subband BW,Subband Offset
6655.788133,35.067615,100,9,40
8723.610866,36.073483,100,9,40
2955.889870,47.113912,100,9,40
5603.744869,41.287043,100,9,40
4447.030788,49.167897,100,9,40
6789.348425,16.913104,100,9,40
