Distance,Tx Power,Bandwidth,Subband BW,Subband Offset
8813.840904,40.315642,75,62,6
5491.672059,47.289054,75,62,6
2697.058558,58.404625,75,62,6
8732.253510,36.894443,75,62,6
5611.898819,29.145275,75,62,6
3898.346201,40.236236,75,62,6
