Distance,Tx Power,Bandwidth,Subband BW,Subband Offset
403.737214,42.059224,25,6,14
4558.500038,56.540668,25,6,14
9025.300006,41.850839,25,6,14
5720.058866,19.955724,25,6,14
5922.195899,45.653918,25,6,14
8151.811865,36.579638,25,6,14
