Distance,Tx Power,Bandwidth,Subband BW,Subband Offset
2562.912048,43.940688,15,8,3
6221.918274,46.072292,15,8,3
1990.117009,59.457161,15,8,3
4103.930723,48.486361,15,8,3
505.174638,23.404788,15,8,3
373.952649,57.739105,15,8,3
