Distance,Tx Power,Bandwidth,Subband BW,Subband Offset
7560.678425,37.828362,100,49,19
4455.726103,50.718583,100,49,19
9103.324696,49.052863,100,49,19
451.932281,30.421983,100,49,19
4682.574423,55.647724,100,49,19
4025.018636,58.920423,100,49,19
