Distance,Tx Power,Bandwidth,Subband BW,Subband Offset
1601.959046,19.213219,100,32,47
4217.896475,38.438146,100,32,47
5137.688808,42.426718,100,32,47
1190.538102,49.229849,100,32,47
9389.719503,20.002374,100,32,47
1308.030732,18.772635,100,32,47
