Distance,Tx Power,Bandwidth,Subband BW,Subband Offset
9308.748887,33.174834,15,15,0
5419.007873,48.600558,15,15,0
8812.200909,21.626810,15,15,0
2619.031986,44.480911,15,15,0
2851.379966,24.986767,15,15,0
5512.229056,22.236274,15,15,0
