Distance,Tx Power,Bandwidth,Subband BW,Subband Offset
5244.137489,19.709516,100,55,13
4763.384600,21.442377,100,55,13
5151.873509,45.707428,100,55,13
5949.323711,51.700180,100,55,13
8934.939862,57.750083,100,55,13
1241.101528,45.828151,100,55,13
