Distance,Tx Power,Bandwidth,Subband BW,Subband Offset
7531.310553,18.814038,50,13,14
262.579394,28.677602,50,13,14
8101.975396,42.093277,50,13,14
2733.091652,50.854792,50,13,14
442.147109,32.381377,50,13,14
8297.688869,20.846207,50,13,14
