Distance,Tx Power,Bandwidth,Subband BW,Subband Offset
9204.218423,45.636522,25,10,10
4906.169449,48.184866,25,10,10
6458.257372,42.590879,25,10,10
4641.331495,48.237856,25,10,10
1469.618620,22.736105,25,10,10
906.663313,40.017920,25,10,10
