Distance,Tx Power,Bandwidth,Subband BW,Subband Offset
1665.608918,28.448288,75,14,28
5853.015342,38.167877,75,14,28
4945.269568,53.086455,75,14,28
4709.647607,59.081946,75,14,28
8140.924402,46.424867,75,14,28
8424.224906,54.107144,75,14,28
