Distance,Tx Power,Bandwidth,Subband BW,Subband Offset
3148.354597,19.699474,15,13,2
2993.546008,19.744064,15,13,2
7420.219730,20.016655,15,13,2
7697.666116,49.724649,15,13,2
465.565927,54.358399,15,13,2
6104.980368,25.687408,15,13,2
