Distance,Tx Power,Bandwidth,Subband BW,Subband Offset
9559.201574,49.357798,25,20,2
9935.691141,38.098697,25,20,2
7821.791882,36.257201,25,20,2
3101.572838,46.670436,25,20,2
5302.183124,40.128038,25,20,2
3031.882009,31.810509,25,20,2
