Distance,Tx Power,Bandwidth,Subband BW,Subband Offset
8565.581483,39.197594,25,13,1
2902.266056,28.938733,25,13,1
5629.330511,40.417565,25,13,1
6489.305417,20.403782,25,13,1
1314.739433,17.460203,25,13,1
3796.323567,33.590365,25,13,1
