Distance,Tx Power,Bandwidth,Subband BW,Subband Offset
5415.914474,26.151396,100,40,48
3632.783666,41.110637,100,40,48
9084.769222,34.274317,100,40,48
8261.306312,42.610522,100,40,48
4847.661912,52.086536,100,40,48
6281.666061,54.043466,100,40,48
