Distance,Tx Power,Bandwidth,Subband BW,Subband Offset
4622.420276,32.082521,100,52,42
8518.106160,36.737413,100,52,42
2549.857063,33.332069,100,52,42
4745.794102,18.533268,100,52,42
7426.743785,32.947047,100,52,42
2640.998577,24.937915,100,52,42
