Distance,Tx Power,Bandwidth,Subband BW,Subband Offset
486.449253,17.019143,25,9,2
6590.967334,49.250047,25,9,2
6034.708136,54.656000,25,9,2
8044.930558,57.035670,25,9,2
9488.491206,35.044571,25,9,2
2547.668254,42.156346,25,9,2
