Distance,Tx Power,Bandwidth,Subband BW,Subband Offset
4215.744189,40.919705,25,6,16
4995.870772,35.643764,25,6,16
8626.208486,21.887872,25,6,16
6150.825996,30.980798,25,6,16
6700.492987,16.234259,25,6,16
2373.969168,26.038922,25,6,16
