Distance,Tx Power,Bandwidth,Subband BW,Subband Offset
5729.691728,35.144880,25,7,8
1769.745243,43.247745,25,7,8
7261.572804,17.008704,25,7,8
8345.528325,37.557220,25,7,8
7892.538196,34.711288,25,7,8
306.258773,56.831574,25,7,8
