Distance,Tx Power,Bandwidth,Subband BW,Subband Offset
439.324333,40.676398,75,32,31
5564.165785,51.824732,75,32,31
8406.439163,33.046074,75,32,31
358.353265,18.843441,75,32,31
3539.632145,51.360196,75,32,31
2991.471276,41.795323,75,32,31
