Distance,Tx Power,Bandwidth,Subband BW,Subband Offset
1258.055836,45.664798,75,46,24
3436.653948,23.877404,75,46,24
6320.551912,15.833497,75,46,24
100.397193,22.631432,75,46,24
1415.944418,39.936696,75,46,24
3582.809207,23.162836,75,46,24
