Distance,Tx Power,Bandwidth,Subband BW,Subband Offset
7722.554326,47.836605,15,6,5
9734.097501,22.865153,15,6,5
9959.419799,46.830997,15,6,5
6236.627382,50.668979,15,6,5
5757.091544,25.320874,15,6,5
6852.760420,17.025291,15,6,5
