Distance,Tx Power,Bandwidth,Subband BW,Subband Offset
6684.797694,58.096333,50,17,6
2064.859194,36.258667,50,17,6
1230.456184,35.983087,50,17,6
1469.130269,52.485712,50,17,6
9978.487986,18.101842,50,17,6
1771.776671,39.461739,50,17,6
