Distance,Tx Power,Bandwidth,Subband BW,Subband Offset
9859.453366,56.230780,25,8,16
1161.174510,31.239019,25,8,16
7860.566048,56.321294,25,8,16
5385.371773,41.449581,25,8,16
9393.051950,29.057608,25,8,16
8899.979226,47.491011,25,8,16
