Distance,Tx Power,Bandwidth,Subband BW,Subband Offset
7121.942787,25.293184,75,36,2
4827.507543,42.444476,75,36,2
2999.291773,53.619532,75,36,2
675.125053,49.219495,75,36,2
6232.518186,27.892447,75,36,2
412.011381,53.774873,75,36,2
