Distance,Tx Power,Bandwidth,Subband BW,Subband Offset
1579.475862,20.280453,75,14,21
4237.955215,57.219245,75,14,21
6072.194492,29.815986,75,14,21
5989.526555,48.445675,75,14,21
6459.261518,36.744188,75,14,21
734.557783,55.974908,75,14,21
