Distance,Tx Power,Bandwidth,Subband BW,Subband Offset
4884.648878,21.233141,50,37,12
8206.807590,49.623640,50,37,12
2819.572033,34.044587,50,37,12
1220.773781,43.626500,50,37,12
5535.677078,29.602595,50,37,12
990.093651,25.249756,50,37,12
