Distance,Tx Power,Bandwidth,Subband BW,Subband Offset
8452.815975,46.295423,15,15,0
3724.545444,26.874777,15,15,0
4152.720761,50.392818,15,15,0
7500.696299,37.210316,15,15,0
1934.634260,50.321574,15,15,0
3850.101821,59.152895,15,15,0
