Distance,Tx Power,Bandwidth,Subband BW,Subband Offset
319.634605,15.799823,50,26,15
7974.201415,31.694179,50,26,15
3570.015154,54.945578,50,26,15
4317.379944,49.877882,50,26,15
7693.522368,53.024230,50,26,15
3013.884675,37.897612,50,26,15
