Distance,Tx Power,Bandwidth,Subband BW,Subband Offset
395.140739,52.899745,50,23,10
1719.318595,18.890256,50,23,10
6182.227661,26.443510,50,23,10
7107.298975,16.725492,50,23,10
7040.841063,20.130818,50,23,10
6858.357348,39.533861,50,23,10
