Distance,Tx Power,Bandwidth,Subband BW,Subband Offset
3813.423000,43.912069,15,9,4
9032.808160,27.994809,15,9,4
2964.387400,16.091547,15,9,4
1720.538274,39.354546,15,9,4
5431.372515,46.010514,15,9,4
1472.896303,48.202144,15,9,4
