Distance,Tx Power,Bandwidth,Subband BW,Subband Offset
1063.701089,39.559062,50,15,14
8491.000654,54.173436,50,15,14
2040.130163,40.818022,50,15,14
414.310747,21.647295,50,15,14
4242.184512,32.113369,50,15,14
4772.416626,37.671818,50,15,14
