Distance,Tx Power,Bandwidth,Subband BW,Subband Offset
7090.848308,16.442675,15,7,0
4296.530713,46.133858,15,7,0
7012.992873,56.018385,15,7,0
9335.769877,53.104319,15,7,0
3752.379219,29.703876,15,7,0
6454.681123,51.207433,15,7,0
