Distance,Tx Power,Bandwidth,Subband BW,Subband Offset
1410.457886,37.815737,100,28,15
9840.118761,28.091226,100,28,15
8552.092064,20.019924,100,28,15
2246.761357,50.592195,100,28,15
1115.400269,53.510755,100,28,15
9485.797570,47.892002,100,28,15
