Distance,Tx Power,Bandwidth,Subband BW,Subband Offset
8827.015328,48.035915,15,12,2
6704.534171,29.817621,15,12,2
8521.275861,45.472712,15,12,2
3254.941411,17.511139,15,12,2
5013.953524,34.669236,15,12,2
4385.520919,52.914585,15,12,2
