Distance,Tx Power,Bandwidth,Subband BW,Subband Offset
8236.444499,18.432957,100,12,80
332.731324,22.524962,100,12,80
6603.615059,36.184926,100,12,80
1678.883317,26.505430,100,12,80
5388.164732,39.391222,100,12,80
5267.500875,29.679322,100,12,80
