Distance,Tx Power,Bandwidth,Subband BW,Subband Offset
1795.287789,28.165707,15,11,0
6289.697672,27.053193,15,11,0
5045.353052,20.188331,15,11,0
711.500493,22.015251,15,11,0
1023.950999,24.986782,15,11,0
2031.494046,26.758064,15,11,0
