Distance,Tx Power,Bandwidth,Subband BW,Subband Offset
4034.238409,18.875487,100,8,8
7532.340333,36.217931,100,8,8
8225.337090,43.940077,100,8,8
7680.332557,45.161718,100,8,8
8673.333487,45.259643,100,8,8
8128.809183,38.419871,100,8,8
