Distance,Tx Power,Bandwidth,Subband BW,Subband Offset
2775.584680,43.340607,15,10,5
2417.896806,57.798338,15,10,5
5275.428874,20.940013,15,10,5
6696.739777,58.111591,15,10,5
2711.254776,27.929085,15,10,5
4644.736351,59.286442,15,10,5
