Distance,Tx Power,Bandwidth,Subband BW,Subband Offset
683.100698,45.355266,50,14,2
6472.531217,55.315991,50,14,2
8408.140754,59.689608,50,14,2
5785.090966,39.270871,50,14,2
319.173563,38.028048,50,14,2
8877.448730,38.261573,50,14,2
