Distance,Tx Power,Bandwidth,Subband BW,Subband Offset
3998.509963,43.666735,100,6,34
3466.962329,25.354170,100,6,34
1549.861614,46.633691,100,6,34
6144.112793,16.619154,100,6,34
2171.427672,38.602657,100,6,34
3892.983079,34.165224,100,6,34
