Distance,Tx Power,Bandwidth,Subband BW,Subband Offset
5952.869563,39.052141,75,26,9
5357.052400,41.292036,75,26,9
1706.352757,50.731750,75,26,9
9787.337203,28.902554,75,26,9
5371.796663,16.061137,75,26,9
9670.930128,21.957032,75,26,9
