Distance,Tx Power,Bandwidth,Subband BW,Subband Offset
2564.734441,32.958900,100,87,8
6286.646758,41.059610,100,87,8
992.998379,26.586386,100,87,8
2290.539781,35.786317,100,87,8
559.241168,16.405024,100,87,8
2989.942802,42.234347,100,87,8
