Distance,Tx Power,Bandwidth,Subband BW,Subband Offset
7637.324663,37.528898,15,6,9
2600.015806,55.157985,15,6,9
9190.692621,46.794127,15,6,9
9355.331644,50.625546,15,6,9
2313.845116,53.812070,15,6,9
8230.893714,25.961794,15,6,9
