Distance,Tx Power,Bandwidth,Subband BW,Subband Offset
5513.147136,15.197049,100,18,41
5291.124203,46.505942,100,18,41
2983.999469,25.160012,100,18,41
5853.048892,46.640228,100,18,41
2545.747433,30.847374,100,18,41
1521.859650,56.847037,100,18,41
