Distance,Tx Power,Bandwidth,Subband BW,Subband Offset
2744.268765,54.810370,25,19,2
9529.232049,33.972864,25,19,2
7525.739845,37.445369,25,19,2
6447.705648,58.844947,25,19,2
4043.601748,37.721477,25,19,2
4518.506333,30.771684,25,19,2
