Distance,Tx Power,Bandwidth,Subband BW,Subband Offset
6770.536890,49.249617,15,6,1
6293.308405,20.658649,15,6,1
7046.061164,53.310163,15,6,1
1346.807923,43.771948,15,6,1
3230.100466,38.310389,15,6,1
266.562968,59.389685,15,6,1
