Distance,Tx Power,Bandwidth,Subband BW,Subband Offset
9798.964790,53.446851,75,21,7
6045.480865,20.765232,75,21,7
6397.431138,55.025311,75,21,7
6281.030589,35.919830,75,21,7
7108.221375,27.608796,75,21,7
2546.279519,17.961292,75,21,7
