Distance,Tx Power,Bandwidth,Subband BW,Subband Offset
9810.911361,33.380825,25,7,5
7957.319085,52.207125,25,7,5
9493.758004,53.314626,25,7,5
140.086236,28.341920,25,7,5
9856.107890,43.961571,25,7,5
2685.885299,49.635105,25,7,5
