Distance,Tx Power,Bandwidth,Subband BW,Subband Offset
549.867011,20.715223,75,17,16
9568.570279,50.747418,75,17,16
3519.550570,55.029255,75,17,16
3808.768934,33.335219,75,17,16
9426.776515,56.870085,75,17,16
237.242814,25.627221,75,17,16
