Distance,Tx Power,Bandwidth,Subband BW,Subband Offset
9871.685279,19.182606,100,37,6
4435.608588,17.118618,100,37,6
4670.789268,41.286419,100,37,6
9868.580197,21.650174,100,37,6
812.457104,28.967706,100,37,6
3961.491946,21.496125,100,37,6
