Distance,Tx Power,Bandwidth,Subband BW,Subband Offset
6640.938328,41.900881,15,6,5
5263.814775,20.601054,15,6,5
150.535943,44.039146,15,6,5
8030.808307,25.502118,15,6,5
3764.155128,22.557181,15,6,5
8251.596646,59.922592,15,6,5
