Distance,Tx Power,Bandwidth,Subband BW,Subband Offset
936.415865,41.651500,25,10,10
4866.890579,30.143963,25,10,10
1969.155712,52.212802,25,10,10
7110.083866,22.526719,25,10,10
3570.712780,44.800373,25,10,10
8649.843121,51.669941,25,10,10
