Distance,Tx Power,Bandwidth,Subband BW,Subband Offset
2347.984873,49.535781,50,31,19
5684.897223,37.290594,50,31,19
873.436519,34.726974,50,31,19
5763.651837,28.789986,50,31,19
2743.184113,37.956212,50,31,19
1182.577302,55.814485,50,31,19
