Distance,Tx Power,Bandwidth,Subband BW,Subband Offset
9114.322654,26.081129,25,7,17
4540.027568,30.832243,25,7,17
3038.385097,59.226954,25,7,17
698.133525,38.471126,25,7,17
6883.739995,37.286031,25,7,17
3625.774582,45.321938,25,7,17
