Distance,Tx Power,Bandwidth,Subband BW,Subband Offset
6962.742434,32.113037,100,38,7
6767.407882,46.880351,100,38,7
7717.330403,42.951302,100,38,7
6881.314392,22.405742,100,38,7
7006.998732,56.662473,100,38,7
2887.528320,56.712714,100,38,7
