Distance,Tx Power,Bandwidth,Subband BW,Subband Offset
5160.890355,28.956243,15,11,4
1503.936492,39.549037,15,11,4
2149.416763,50.168595,15,11,4
1767.885892,24.375405,15,11,4
6802.913938,29.061192,15,11,4
3725.706565,58.599631,15,11,4
