Distance,Tx Power,Bandwidth,Subband BW,Subband Offset
3645.763454,24.779863,50,20,10
3783.521966,41.443227,50,20,10
9689.013422,49.710790,50,20,10
7353.146004,45.048236,50,20,10
5234.317903,34.930330,50,20,10
3017.311385,36.184341,50,20,10
