Distance,Tx Power,Bandwidth,Subband BW,Subband Offset
4043.463239,23.683524,15,6,0
1248.592081,35.704797,15,6,0
4699.422323,45.232452,15,6,0
9517.246894,40.863184,15,6,0
9942.847912,22.101757,15,6,0
5027.400245,31.140545,15,6,0
