Distance,Tx Power,Bandwidth,Subband BW,Subband Offset
3470.779414,46.419171,100,46,9
8848.279708,21.160785,100,46,9
265.966959,46.295218,100,46,9
4066.107714,37.167157,100,46,9
4714.817208,56.235631,100,46,9
3489.916380,42.747166,100,46,9
