Distance,Tx Power,Bandwidth,Subband BW,Subband Offset
2337.375813,42.565553,25,17,7
1752.902380,16.308830,25,17,7
5120.571043,25.377735,25,17,7
7080.149480,43.179793,25,17,7
5224.881457,49.632646,25,17,7
8628.135177,39.402847,25,17,7
