Distance,Tx Power,Bandwidth,Subband BW,Subband Offset
2994.181569,51.349390,50,31,13
8092.043243,25.956241,50,31,13
8107.387053,30.957962,50,31,13
2942.771989,39.913685,50,31,13
2952.016066,17.406876,50,31,13
4835.770648,22.344495,50,31,13
