Distance,Tx Power,Bandwidth,Subband BW,Subband Offset
735.341209,48.128846,50,19,18
9864.839183,19.122805,50,19,18
6121.941669,47.926024,50,19,18
9078.529697,48.147046,50,19,18
4220.076747,35.193146,50,19,18
2242.059619,27.243669,50,19,18
