Distance,Tx Power,Bandwidth,Subband BW,Subband Offset
7626.711158,40.622980,15,14,0
5529.995265,24.206829,15,14,0
4594.021690,45.696918,15,14,0
3462.700642,27.771119,15,14,0
6527.864628,52.873504,15,14,0
8085.089723,26.042628,15,14,0
