Distance,Tx Power,Bandwidth,Subband BW,Subband Offset
210.185566,42.955664,50,7,29
2301.476360,49.744374,50,7,29
6045.884794,52.029364,50,7,29
7405.402671,39.107259,50,7,29
2416.600184,57.998542,50,7,29
1245.778753,35.399341,50,7,29
