Distance,Tx Power,Bandwidth,Subband BW,Subband Offset
3487.188257,40.907760,15,10,2
8178.959834,42.114180,15,10,2
9415.133085,39.731173,15,10,2
6987.046512,47.168544,15,10,2
376.806172,19.558895,15,10,2
6781.864883,40.149381,15,10,2
