Distance,Tx Power,Bandwidth,Subband BW,Subband Offset
2595.229948,35.454544,100,33,1
6564.048038,35.116822,100,33,1
550.603537,45.066563,100,33,1
3408.863753,38.385168,100,33,1
8137.001308,58.851985,100,33,1
2575.766097,58.062720,100,33,1
