Distance,Tx Power,Bandwidth,Subband BW,Subband Offset
3349.246258,48.505781,75,23,3
5473.133448,45.344648,75,23,3
6258.520106,49.274151,75,23,3
8909.467522,26.574306,75,23,3
5160.854311,44.891270,75,23,3
8339.246679,31.899126,75,23,3
