Distance,Tx Power,Bandwidth,Subband BW,Subband Offset
5353.326899,54.210818,100,26,53
1277.964142,28.239842,100,26,53
8277.139630,42.082210,100,26,53
998.076437,21.395428,100,26,53
2679.177147,26.759948,100,26,53
3046.705338,22.172446,100,26,53
