Distance,Tx Power,Bandwidth,Subband BW,Subband Offset
6674.153552,45.870154,50,18,19
6195.293154,38.784313,50,18,19
5580.440302,44.564160,50,18,19
5852.768769,56.911726,50,18,19
3392.784686,51.889251,50,18,19
8850.197266,57.790167,50,18,19
