Distance,Tx Power,Bandwidth,Subband BW,Subband Offset
999.061489,39.724943,15,8,6
5175.427445,54.113689,15,8,6
5769.421672,51.840715,15,8,6
6661.245463,46.666852,15,8,6
704.564168,29.364554,15,8,6
3855.313388,22.782171,15,8,6
