Distance,Tx Power,Bandwidth,Subband BW,Subband Offset
1880.904369,15.804715,15,12,2
8977.336879,22.052420,15,12,2
8360.425974,38.254170,15,12,2
4017.867337,26.684326,15,12,2
3700.993057,19.665733,15,12,2
5037.914810,42.879697,15,12,2
