Distance,Tx Power,Bandwidth,Subband BW,Subband Offset
5872.789646,44.624975,75,22,33
5903.023123,43.525029,75,22,33
7728.078293,28.891640,75,22,33
3322.728208,18.970812,75,22,33
9215.685095,56.741515,75,22,33
2271.723461,35.442040,75,22,33
