Distance,Tx Power,Bandwidth,Subband BW,Subband Offset
1350.454105,25.280600,25,8,15
8780.777264,15.310454,25,8,15
9144.894675,29.052825,25,8,15
7131.151856,54.594710,25,8,15
3689.400256,31.935980,25,8,15
3541.432362,27.803039,25,8,15
