Distance,Tx Power,Bandwidth,Subband BW,Subband Offset
4935.058823,31.076258,75,13,34
7162.471038,58.317122,75,13,34
6920.829706,57.968567,75,13,34
722.764343,17.722000,75,13,34
6335.064019,22.669743,75,13,34
1904.068973,16.355567,75,13,34
