Distance,Tx Power,Bandwidth,Subband BW,Subband Offset
1389.622752,20.267155,75,35,15
9806.246659,45.863744,75,35,15
4451.261311,46.657891,75,35,15
265.887699,19.298243,75,35,15
3447.601447,55.333724,75,35,15
1403.969507,33.295330,75,35,15
