Distance,Tx Power,Bandwidth,Subband BW,Subband Offset
3171.986525,43.857422,75,60,0
1976.265708,51.932636,75,60,0
9689.849925,49.474118,75,60,0
6782.943806,57.416389,75,60,0
6274.051975,24.249369,75,60,0
760.602052,27.275592,75,60,0
