Distance,Tx Power,Bandwidth,Subband BW,Subband Offset
7323.232532,32.103547,100,43,7
9700.651587,40.191785,100,43,7
2569.344827,47.204307,100,43,7
8997.315418,27.510303,100,43,7
8360.435415,38.184974,100,43,7
6247.839500,46.432477,100,43,7
