Distance,Tx Power,Bandwidth,Subband BW,Subband Offset
924.627686,53.158837,25,18,6
8292.206836,51.183378,25,18,6
7361.561794,35.244463,25,18,6
5523.065436,21.762683,25,18,6
4774.689384,33.755881,25,18,6
9856.748885,30.453097,25,18,6
