Distance,Tx Power,Bandwidth,Subband BW,Subband Offset
396.149155,36.807802,100,50,35
6616.148345,52.276882,100,50,35
259.517737,34.614884,100,50,35
9900.143366,24.282437,100,50,35
2913.966801,58.669853,100,50,35
5500.149902,30.745760,100,50,35
