Distance,Tx Power,Bandwidth,Subband BW,Subband Offset
2376.762682,38.491250,75,69,5
1641.899268,19.957274,75,69,5
7666.143174,47.320829,75,69,5
6732.321670,45.504649,75,69,5
1188.446836,33.691942,75,69,5
4532.086941,20.729344,75,69,5
