Distance,Tx Power,Bandwidth,Subband BW,Subband Offset
7202.940577,46.792014,25,14,2
1203.621579,33.963238,25,14,2
7352.164677,18.685519,25,14,2
2211.978294,59.443386,25,14,2
9887.080972,53.958926,25,14,2
5417.961130,46.248576,25,14,2
