Distance,Tx Power,Bandwidth,Subband BW,Subband Offset
9151.022319,21.175442,75,63,12
6928.370147,16.474711,75,63,12
7035.376071,15.397631,75,63,12
6951.396286,23.210208,75,63,12
871.022228,27.552573,75,63,12
4429.503932,56.309531,75,63,12
