Distance,Tx Power,Bandwidth,Subband BW,Subband Offset
3325.010659,55.375174,50,15,11
5126.943715,28.819320,50,15,11
5427.371607,58.309583,50,15,11
5812.019960,47.648238,50,15,11
5512.793379,39.213144,50,15,11
741.208019,56.051651,50,15,11
