Distance,Tx Power,Bandwidth,Subband BW,Subband Offset
886.716019,34.103774,75,21,19
5780.536508,28.211694,75,21,19
7578.010162,59.184013,75,21,19
2376.604119,55.674368,75,21,19
5630.559659,34.818779,75,21,19
3342.160746,31.109532,75,21,19
