Distance,Tx Power,Bandwidth,Subband BW,Subband Offset
4150.351465,51.617492,25,6,12
2005.483698,37.510581,25,6,12
864.827189,44.350285,25,6,12
7426.766347,16.172983,25,6,12
5725.096704,33.579897,25,6,12
9340.052540,17.892084,25,6,12
