Distance,Tx Power,Bandwidth,Subband BW,Subband Offset
237.781112,28.341919,50,9,19
6294.626888,32.835434,50,9,19
190.107957,33.097952,50,9,19
7521.988726,21.376114,50,9,19
1176.406067,40.696081,50,9,19
1653.601374,40.511441,50,9,19
