Distance,Tx Power,Bandwidth,Subband BW,Subband Offset
2297.175235,35.025734,25,8,2
9188.184580,35.426971,25,8,2
5384.217722,48.308966,25,8,2
8256.141620,57.988055,25,8,2
6423.507014,26.970490,25,8,2
8646.949762,31.933390,25,8,2
