Distance,Tx Power,Bandwidth,Subband BW,Subband Offset
1266.111188,44.445577,15,12,2
7668.109546,18.327523,15,12,2
5547.316817,42.084793,15,12,2
6895.523604,34.070387,15,12,2
8371.680964,24.385976,15,12,2
5063.656681,57.694105,15,12,2
