Distance,Tx Power,Bandwidth,Subband BW,Subband Offset
2593.018889,28.534384,75,52,18
1969.043059,52.046920,75,52,18
9831.794249,48.966766,75,52,18
7911.748162,48.446835,75,52,18
4243.035547,55.413922,75,52,18
1025.949777,26.231219,75,52,18
