Distance,Tx Power,Bandwidth,Subband BW,Subband Offset
2619.680684,53.003129,25,7,10
7022.968206,38.915778,25,7,10
2625.744150,50.150238,25,7,10
9289.590796,29.886621,25,7,10
5356.187026,55.629771,25,7,10
7711.934240,47.057324,25,7,10
