Distance,Tx Power,Bandwidth,Subband BW,Subband Offset
7562.497082,28.763880,25,12,5
5861.310281,24.346160,25,12,5
2429.709520,57.492077,25,12,5
3726.458377,18.444241,25,12,5
748.465096,44.116026,25,12,5
614.439315,16.578519,25,12,5
