Distance,Tx Power,Bandwidth,Subband BW,Subband Offset
4102.995420,34.665893,100,18,10
6513.063366,23.909537,100,18,10
9386.440482,48.139742,100,18,10
8979.659299,19.815570,100,18,10
9521.861672,38.644728,100,18,10
2916.126596,41.253722,100,18,10
