Distance,Tx Power,Bandwidth,Subband BW,Subband Offset
7471.123678,28.705156,75,55,14
9126.299216,20.790589,75,55,14
8952.710925,18.788525,75,55,14
7875.636700,30.780498,75,55,14
1376.291076,32.967784,75,55,14
3901.256732,49.862047,75,55,14
