Distance,Tx Power,Bandwidth,Subband BW,Subband Offset
7126.029125,25.439873,75,51,17
1914.128746,55.275374,75,51,17
2523.353526,29.979372,75,51,17
6981.693693,32.036362,75,51,17
6550.895882,44.733821,75,51,17
6922.625991,54.253374,75,51,17
