Distance,Tx Power,Bandwidth,Subband BW,Subband Offset
7548.106004,23.024166,15,7,5
8195.890055,56.350491,15,7,5
8053.085059,23.796940,15,7,5
6707.951133,15.305948,15,7,5
4291.687746,17.524145,15,7,5
8385.007489,28.412482,15,7,5
