Distance,Tx Power,Bandwidth,Subband BW,Subband Offset
3707.802975,24.819605,75,45,7
5761.423960,29.210448,75,45,7
9501.246986,59.216349,75,45,7
7858.977724,53.777562,75,45,7
4047.347857,20.408661,75,45,7
2273.110733,22.477065,75,45,7
