Distance,Tx Power,Bandwidth,Subband BW,Subband Offset
8893.116910,20.462573,75,8,35
7306.417964,52.056103,75,8,35
4665.122536,31.765587,75,8,35
1581.214929,55.886812,75,8,35
8889.703481,41.766449,75,8,35
7674.958107,19.776855,75,8,35
