Distance,Tx Power,Bandwidth,Subband BW,Subband Offset
4017.907098,43.933694,25,18,2
5661.879287,18.172949,25,18,2
2822.563319,55.171626,25,18,2
6424.151417,46.006509,25,18,2
890.005667,30.609051,25,18,2
2323.130132,46.159308,25,18,2
