Distance,Tx Power,Bandwidth,Subband BW,Subband Offset
2789.665580,17.349276,75,41,23
6791.067059,44.733128,75,41,23
6661.522379,58.056459,75,41,23
1344.675770,41.528244,75,41,23
7648.648366,28.859137,75,41,23
6250.906742,49.086680,75,41,23
