Distance,Tx Power,Bandwidth,Subband BW,Subband Offset
233.505706,58.242846,50,22,13
3109.020154,31.630980,50,22,13
3893.220746,54.442186,50,22,13
8659.262099,34.512509,50,22,13
4555.144162,57.849686,50,22,13
2274.794276,48.248167,50,22,13
