Distance,Tx Power,Bandwidth,Subband BW,Subband Offset
7519.237062,27.326781,100,43,29
5182.224033,15.503746,100,43,29
7956.202981,33.257362,100,43,29
6103.487910,57.587311,100,43,29
788.985461,25.211621,100,43,29
7480.793330,56.022375,100,43,29
