Distance,Tx Power,Bandwidth,Subband BW,Subband Offset
8085.005351,43.289977,15,7,3
1546.938943,33.928996,15,7,3
2905.641782,36.830671,15,7,3
2883.230651,46.317094,15,7,3
7486.228385,37.077010,15,7,3
3909.802145,39.272182,15,7,3
