Distance,Tx Power,Bandwidth,Subband BW,Subband Offset
6157.774831,32.693852,75,8,25
3847.063944,27.271680,75,8,25
1032.488528,26.440954,75,8,25
3701.304102,24.109121,75,8,25
8143.339904,16.402355,75,8,25
9371.284352,21.413503,75,8,25
