Distance,Tx Power,Bandwidth,Subband BW,Subband Offset
5069.295428,15.386079,75,8,4
1228.595282,44.235822,75,8,4
1013.856941,26.525273,75,8,4
5378.024438,15.828291,75,8,4
1279.014398,45.836738,75,8,4
4744.262186,34.724824,75,8,4
