Distance,Tx Power,Bandwidth,Subband BW,Subband Offset
9610.811497,30.071212,50,8,35
163.725761,52.896970,50,8,35
9025.048919,45.244575,50,8,35
2460.520760,25.640054,50,8,35
2260.304699,20.716858,50,8,35
8508.924219,20.175446,50,8,35
