Distance,Tx Power,Bandwidth,Subband BW,Subband Offset
1061.787319,59.307965,100,29,25
1717.596952,33.040297,100,29,25
8357.490484,31.653099,100,29,25
5464.814127,40.101418,100,29,25
895.333524,51.319781,100,29,25
9750.601430,29.199857,100,29,25
