Distance,Tx Power,Bandwidth,Subband BW,Subband Offset
8894.506795,34.868808,15,10,4
5383.825917,33.550702,15,10,4
5950.711338,41.556473,15,10,4
846.391565,40.323648,15,10,4
1737.138745,39.046912,15,10,4
7691.345162,19.641818,15,10,4
