Distance,Tx Power,Bandwidth,Subband BW,Subband Offset
9820.419177,33.155116,25,15,6
3467.827288,27.561522,25,15,6
2688.532685,36.438630,25,15,6
9779.779854,42.279958,25,15,6
2064.142881,54.258901,25,15,6
2239.732241,33.207385,25,15,6
