Distance,Tx Power,Bandwidth,Subband BW,Subband Offset
5388.658196,46.668407,50,9,3
4593.452717,35.953861,50,9,3
1690.096698,54.343506,50,9,3
8136.256218,41.692583,50,9,3
4169.349671,33.533240,50,9,3
4071.155521,53.554568,50,9,3
