Distance,Tx Power,Bandwidth,Subband BW,Subband Offset
9767.718375,17.906041,100,14,79
9311.215454,56.020250,100,14,79
7525.184643,28.457588,100,14,79
8565.383128,51.381551,100,14,79
4192.660462,17.448116,100,14,79
4720.290851,58.617704,100,14,79
