Distance,Tx Power,Bandwidth,Subband BW,Subband Offset
2007.816638,57.864050,100,22,66
5740.760185,32.611310,100,22,66
546.133882,58.161242,100,22,66
6227.939262,19.657207,100,22,66
2267.320487,23.081797,100,22,66
4232.025086,36.105845,100,22,66
