Distance,Tx Power,Bandwidth,Subband BW,Subband Offset
5078.826274,44.867449,100,22,23
4029.311882,56.121749,100,22,23
8275.401343,57.348959,100,22,23
1191.535678,42.236999,100,22,23
6668.456594,50.970753,100,22,23
4526.067634,34.847132,100,22,23
