Distance,Tx Power,Bandwidth,Subband BW,Subband Offset
8593.196685,22.840180,75,43,9
352.627097,49.648315,75,43,9
935.178911,49.442272,75,43,9
4833.674149,22.837837,75,43,9
6385.365403,16.162180,75,43,9
9142.020078,52.982818,75,43,9
