Distance,Tx Power,Bandwidth,Subband BW,Subband Offset
5995.939119,56.542007,50,9,24
4634.148675,52.745144,50,9,24
2396.111981,19.991766,50,9,24
2174.817254,28.110232,50,9,24
5049.186798,15.872758,50,9,24
4958.966132,23.032123,50,9,24
