Distance,Tx Power,Bandwidth,Subband BW,Subband Offset
4535.930046,23.314465,50,11,30
4325.293395,46.307362,50,11,30
4040.860362,54.999048,50,11,30
6036.327902,19.019408,50,11,30
4089.082050,16.203408,50,11,30
643.479792,42.405660,50,11,30
