Distance,Tx Power,Bandwidth,Subband BW,Subband Offset
2072.891836,59.731037,75,39,5
5326.368961,32.608940,75,39,5
9461.046260,49.287867,75,39,5
9716.602324,38.074186,75,39,5
5691.776106,47.394660,75,39,5
3342.405904,21.520564,75,39,5
