Distance,Tx Power,Bandwidth,Subband BW,Subband Offset
656.360262,57.762726,25,18,3
2169.161225,26.699198,25,18,3
4920.832450,24.617760,25,18,3
977.065365,58.291857,25,18,3
217.485580,34.794117,25,18,3
4431.092579,39.759414,25,18,3
