Distance,Tx Power,Bandwidth,Subband BW,Subband Offset
753.173727,18.263063,100,36,58
4988.106678,46.614805,100,36,58
5508.913533,22.314282,100,36,58
7595.404722,19.926187,100,36,58
3665.547054,58.895517,100,36,58
8913.355571,42.044962,100,36,58
