Distance,Tx Power,Bandwidth,Subband BW,Subband Offset
9596.746537,48.403206,75,44,25
3009.977457,22.785154,75,44,25
770.207652,29.982151,75,44,25
9725.378496,41.847617,75,44,25
1827.840945,31.857927,75,44,25
9518.758973,58.525365,75,44,25
