Distance,Tx Power,Bandwidth,Subband BW,Subband Offset
7238.151744,56.055663,50,7,30
8590.889081,20.867112,50,7,30
2698.069154,56.219937,50,7,30
2790.498375,44.952180,50,7,30
1802.920068,35.831007,50,7,30
9489.750792,35.748065,50,7,30
