Distance,Tx Power,Bandwidth,Subband BW,Subband Offset
2693.329474,21.614210,25,11,0
293.093025,32.047931,25,11,0
1592.544370,40.830485,25,11,0
4585.001358,40.859779,25,11,0
7294.930679,51.305689,25,11,0
7744.674665,57.650537,25,11,0
