Distance,Tx Power,Bandwidth,Subband BW,Subband Offset
7328.804371,41.620883,15,8,5
1327.309436,30.243282,15,8,5
6033.707073,45.017889,15,8,5
8171.731397,30.203571,15,8,5
8969.855225,44.626440,15,8,5
9297.052565,59.094706,15,8,5
