Distance,Tx Power,Bandwidth,Subband BW,Subband Offset
9231.203949,32.695475,100,19,29
7634.057771,22.239677,100,19,29
845.241808,31.158159,100,19,29
5559.115868,59.204125,100,19,29
3657.462458,55.972868,100,19,29
1990.657525,46.860677,100,19,29
