Distance,Tx Power,Bandwidth,Subband BW,Subband Offset
2892.936651,47.036906,15,7,8
4878.017168,57.160764,15,7,8
4587.018749,33.999268,15,7,8
3104.888174,19.552288,15,7,8
2522.689820,21.427032,15,7,8
9043.232951,51.308353,15,7,8
