Distance,Tx Power,Bandwidth,Subband BW,Subband Offset
8111.499375,54.073604,75,42,28
194.617953,48.879726,75,42,28
942.256968,58.000828,75,42,28
3447.312859,25.773080,75,42,28
9411.075238,18.655010,75,42,28
7817.448346,45.997191,75,42,28
