Distance,Tx Power,Bandwidth,Subband BW,Subband Offset
8737.651954,29.844629,100,50,3
6562.670859,53.215358,100,50,3
2676.518657,45.298213,100,50,3
3255.839906,57.262471,100,50,3
119.295887,36.715919,100,50,3
3479.513065,45.395794,100,50,3
