Distance,Tx Power,Bandwidth,Subband BW,Subband Offset
9531.100947,58.879812,75,37,19
2846.188902,27.923085,75,37,19
3626.321496,47.873071,75,37,19
9678.650304,19.108706,75,37,19
6876.510751,22.330507,75,37,19
4012.940893,46.742716,75,37,19
