Distance,Tx Power,Bandwidth,Subband BW,Subband Offset
6131.268402,21.391182,50,19,5
7051.588372,45.386041,50,19,5
2528.310472,25.556165,50,19,5
5929.177178,24.074829,50,19,5
9463.402700,52.653317,50,19,5
4343.991033,49.065871,50,19,5
