Distance,Tx Power,Bandwidth,Subband BW,Subband Offset
2850.351443,29.066946,75,32,5
8158.744303,30.599765,75,32,5
2704.093291,47.472874,75,32,5
5316.074191,37.197058,75,32,5
2189.428080,36.889275,75,32,5
8585.607558,15.652706,75,32,5
