Distance,Tx Power,Bandwidth,Subband BW,Subband Offset
4756.099694,35.558538,15,9,6
4735.969041,58.763966,15,9,6
8530.479828,36.633471,15,9,6
235.143664,59.862883,15,9,6
1142.140091,47.439029,15,9,6
7293.584276,59.015811,15,9,6
