Distance,Tx Power,Bandwidth,Subband BW,Subband Offset
6645.487077,30.368372,100,24,48
1181.838238,24.839686,100,24,48
7816.013591,53.293967,100,24,48
1845.154579,27.029265,100,24,48
3544.227747,24.735435,100,24,48
7579.141944,43.265141,100,24,48
