Distance,Tx Power,Bandwidth,Subband BW,Subband Offset
4778.132040,45.702349,75,33,38
7393.531738,31.338983,75,33,38
9032.957894,38.411580,75,33,38
7447.991339,27.421644,75,33,38
516.762373,45.017274,75,33,38
9100.274472,57.556764,75,33,38
