Distance,Tx Power,Bandwidth,Subband BW,Subband Offset
7329.947402,54.263539,100,12,57
2729.647763,33.557989,100,12,57
9580.937121,58.083005,100,12,57
3247.126989,27.923467,100,12,57
1478.918651,50.226412,100,12,57
9103.535666,39.367792,100,12,57
