Distance,Tx Power,Bandwidth,Subband BW,Subband Offset
1771.206049,29.408926,50,26,8
2405.022305,57.833049,50,26,8
6775.644355,40.890631,50,26,8
7021.829918,51.649398,50,26,8
4008.002365,25.762219,50,26,8
167.311347,32.668118,50,26,8
