Distance,Tx Power,Bandwidth,Subband BW,Subband Offset
3129.256267,54.929345,75,39,31
1189.871421,46.944452,75,39,31
121.499091,33.516420,75,39,31
5187.012066,17.936396,75,39,31
3661.628408,17.082477,75,39,31
5112.838811,51.199274,75,39,31
