Distance,Tx Power,Bandwidth,Subband BW,Subband Offset
5752.360582,46.858320,25,9,3
6332.334566,18.009607,25,9,3
4627.470150,39.970014,25,9,3
6553.952001,50.037537,25,9,3
8515.450766,55.901853,25,9,3
3961.379673,47.197727,25,9,3
