Distance,Tx Power,Bandwidth,Subband BW,Subband Offset
9484.238959,39.664365,100,11,88
4145.489965,44.630488,100,11,88
9577.622735,28.352099,100,11,88
5016.973867,44.975685,100,11,88
5491.260634,15.193871,100,11,88
5101.628904,38.771191,100,11,88
