Distance,Tx Power,Bandwidth,Subband BW,Subband Offset
9278.905496,23.433722,100,41,47
4466.384611,27.413075,100,41,47
1848.425007,56.061901,100,41,47
7281.238354,53.788769,100,41,47
5708.581229,46.483267,100,41,47
6299.370569,18.628213,100,41,47
