Distance,Tx Power,Bandwidth,Subband BW,Subband Offset
935.738636,33.845277,15,6,5
8322.179437,34.076607,15,6,5
8406.095414,51.409004,15,6,5
8872.424796,22.094786,15,6,5
8273.896174,24.113317,15,6,5
1547.486932,43.199053,15,6,5
