Distance,Tx Power,Bandwidth,Subband BW,Subband Offset
705.609643,51.700766,100,57,14
7123.734508,43.332386,100,57,14
4046.948929,49.540432,100,57,14
3412.945130,15.583089,100,57,14
6842.524384,46.735728,100,57,14
1918.833083,29.595411,100,57,14
