Distance,Tx Power,Bandwidth,Subband BW,Subband Offset
6577.498887,44.441226,25,6,6
120.031246,24.771104,25,6,6
9175.127470,23.675752,25,6,6
1179.599079,52.564038,25,6,6
4197.006336,35.423767,25,6,6
4158.794989,38.252906,25,6,6
