Distance,Tx Power,Bandwidth,Subband BW,Subband Offset
2153.979835,21.369611,15,6,3
3428.439659,29.445530,15,6,3
6565.962123,59.381937,15,6,3
6761.492161,54.470069,15,6,3
5471.832443,29.240455,15,6,3
9813.321181,36.435319,15,6,3
