Distance,Tx Power,Bandwidth,Subband BW,Subband Offset
2588.473229,38.629528,25,14,4
5129.318841,21.698224,25,14,4
8828.649279,30.888875,25,14,4
5296.174606,28.024060,25,14,4
5987.175718,53.091670,25,14,4
9500.203079,21.126604,25,14,4
