Distance,Tx Power,Bandwidth,Subband BW,Subband Offset
5940.161694,36.961343,100,25,58
9580.333662,25.218721,100,25,58
2921.251203,18.664563,100,25,58
907.043692,28.110642,100,25,58
1485.093841,52.518584,100,25,58
1079.132429,47.509207,100,25,58
