Distance,Tx Power,Bandwidth,Subband BW,Subband Offset
9151.555292,42.663498,15,7,7
2884.389968,52.826999,15,7,7
7182.315452,40.886785,15,7,7
1747.379025,48.605013,15,7,7
4749.373202,31.911457,15,7,7
6248.297146,50.152472,15,7,7
