Distance,Tx Power,Bandwidth,Subband BW,Subband Offset
6354.733896,57.596038,15,11,1
4156.150083,20.709340,15,11,1
9030.458257,22.385673,15,11,1
8998.954055,25.748646,15,11,1
189.497345,17.419692,15,11,1
7772.058775,35.788523,15,11,1
