Distance,Tx Power,Bandwidth,Subband BW,Subband Offset
6182.417116,24.142952,25,14,6
888.348521,35.432413,25,14,6
2799.316705,22.186185,25,14,6
1594.666255,52.259859,25,14,6
6509.923470,45.521352,25,14,6
3024.344128,33.930836,25,14,6
