Distance,Tx Power,Bandwidth,Subband BW,Subband Offset
8191.655490,38.698830,50,16,14
4992.696438,24.016643,50,16,14
4119.680039,30.254840,50,16,14
9869.107976,25.288920,50,16,14
399.210507,24.190997,50,16,14
3895.017462,15.730428,50,16,14
9520.047912,25.391977,50,16,14
5625.840088,17.350215,50,16,14
2231.566246,21.538428,50,16,14
5368.398557,37.847547,50,16,14
