Distance,Tx Power,Bandwidth,Subband BW,Subband Offset
2362.616637,23.723171,75,43,27
490.045445,42.294680,75,43,27
2755.980144,53.161069,75,43,27
1509.423925,27.585435,75,43,27
1624.433319,59.276351,75,43,27
5405.535836,49.710573,75,43,27
6045.796556,21.901372,75,43,27
5004.956296,20.531241,75,43,27
7875.961181,15.503000,75,43,27
8690.906231,18.232364,75,43,27
