Distance,Tx Power,Bandwidth,Subband BW,Subband Offset
259.627767,46.685085,75,55,19
8697.338529,55.103676,75,55,19
1329.222744,19.452819,75,55,19
9089.828895,23.739721,75,55,19
132.792681,17.077872,75,55,19
5328.653686,50.204052,75,55,19
4674.780595,39.961969,75,55,19
7466.401958,17.014136,75,55,19
2703.414376,50.971275,75,55,19
2498.176867,25.933734,75,55,19
