Distance,Tx Power,Bandwidth,Subband BW,Subband Offset
1408.899100,39.063939,25,20,0
2064.315119,45.624223,25,20,0
7183.308393,56.509927,25,20,0
7174.111181,49.859331,25,20,0
6781.599862,26.286779,25,20,0
5798.775243,53.874169,25,20,0
5967.576074,53.547711,25,20,0
7712.142442,28.516279,25,20,0
687.697862,39.045564,25,20,0
8171.528769,18.444431,25,20,0
