Distance,Tx Power,Bandwidth,Subband BW,Subband Offset
8404.768549,42.183942,25,7,3
7430.888895,23.417120,25,7,3
3417.372688,45.933144,25,7,3
931.392668,47.675299,25,7,3
406.047464,59.572450,25,7,3
8239.880648,22.187408,25,7,3
1464.770788,59.283014,25,7,3
476.473683,59.537875,25,7,3
8320.561781,29.339835,25,7,3
7282.049344,36.160226,25,7,3
