Distance,Tx Power,Bandwidth,Subband BW,Subband Offset
843.794594,44.216848,100,55,28
8070.117843,34.932020,100,55,28
6446.013190,25.982085,100,55,28
6030.344578,22.223162,100,55,28
7995.336342,36.244304,100,55,28
6706.167821,42.525641,100,55,28
1994.305517,37.517907,100,55,28
2489.464950,22.192865,100,55,28
7516.417602,49.635460,100,55,28
1004.736944,47.370351,100,55,28
