Distance,Tx Power,Bandwidth,Subband BW,Subband Offset
247.201023,46.242240,75,11,52
7025.233518,51.274567,75,11,52
3436.206824,58.885978,75,11,52
5280.036794,32.782804,75,11,52
1514.560703,48.952354,75,11,52
7426.541925,18.053868,75,11,52
5561.209801,55.227145,75,11,52
9646.573599,35.837385,75,11,52
6491.646222,15.269473,75,11,52
1191.133794,36.792791,75,11,52
