Distance,Tx Power,Bandwidth,Subband BW,Subband Offset
2675.697004,39.647903,25,19,0
2231.374369,48.289025,25,19,0
1190.585780,53.364937,25,19,0
7142.131675,35.674230,25,19,0
9896.245332,28.602776,25,19,0
2217.175002,40.076764,25,19,0
4780.723563,38.049820,25,19,0
2015.783872,51.221261,25,19,0
933.869852,26.861864,25,19,0
6411.355063,29.650014,25,19,0
