Distance,Tx Power,Bandwidth,Subband BW,Subband Offset
1612.120518,56.933232,50,12,32
678.885107,59.504894,50,12,32
7699.301200,25.535512,50,12,32
6470.205380,43.033464,50,12,32
6563.792650,32.454614,50,12,32
4983.631308,51.065081,50,12,32
4836.440911,19.878584,50,12,32
7742.599769,27.567883,50,12,32
7899.196534,31.324411,50,12,32
4713.493939,35.911999,50,12,32
