Distance,Tx Power,Bandwidth,Subband BW,Subband Offset
9979.720793,53.897377,15,15,0
3837.442267,23.451655,15,15,0
577.862746,40.912786,15,15,0
4536.088081,42.836336,15,15,0
2003.213421,16.038656,15,15,0
9820.444392,41.378250,15,15,0
7501.650263,45.848998,15,15,0
1457.748144,37.849820,15,15,0
3131.138815,50.913023,15,15,0
4258.662535,56.773850,15,15,0
