Distance,Tx Power,Bandwidth,Subband BW,Subband Offset
8530.085999,43.649891,25,10,5
2924.543152,56.594211,25,10,5
9595.771172,54.366091,25,10,5
6731.881398,21.310923,25,10,5
9996.205939,54.551706,25,10,5
8042.511145,19.133896,25,10,5
2070.508481,50.805783,25,10,5
7150.555098,54.935621,25,10,5
3090.314136,48.362707,25,10,5
7054.335362,25.950173,25,10,5
