Distance,Tx Power,Bandwidth,Subband BW,Subband Offset
5097.595222,19.923739,25,10,9
6270.911602,59.853268,25,10,9
9148.943027,52.603953,25,10,9
1602.484021,57.477491,25,10,9
7424.451687,41.176976,25,10,9
7905.632397,55.083207,25,10,9
7536.309709,47.837143,25,10,9
4174.353599,57.029101,25,10,9
3460.817900,57.124916,25,10,9
6449.460877,43.037061,25,10,9
