Distance,Tx Power,Bandwidth,Subband BW,Subband Offset
595.539981,24.959368,15,10,5
8886.835137,28.175208,15,10,5
2992.847468,43.100952,15,10,5
9494.408199,43.864432,15,10,5
3000.773344,24.008229,15,10,5
8874.135032,45.153609,15,10,5
9465.406402,56.557794,15,10,5
2825.865808,24.694496,15,10,5
7116.273462,31.162538,15,10,5
8259.876740,57.755724,15,10,5
