Distance,Tx Power,Bandwidth,Subband BW,Subband Offset
3638.318439,56.824087,25,10,10
7670.442770,47.794218,25,10,10
2794.231723,38.971662,25,10,10
5133.886434,31.057030,25,10,10
3356.201738,37.577938,25,10,10
6715.250682,45.529974,25,10,10
9917.087735,48.986354,25,10,10
5827.467429,51.468560,25,10,10
537.605127,30.063718,25,10,10
842.245829,18.731340,25,10,10
