Distance,Tx Power,Bandwidth,Subband BW,Subband Offset
8889.444728,32.466185,15,10,3
638.628598,28.484106,15,10,3
6985.145532,41.311309,15,10,3
1489.765749,44.285674,15,10,3
3502.242669,29.217968,15,10,3
7444.629691,42.070235,15,10,3
4745.065344,35.038199,15,10,3
3401.348275,47.315279,15,10,3
6674.113610,24.072058,15,10,3
7257.672394,36.132840,15,10,3
