Distance,Tx Power,Bandwidth,Subband BW,Subband Offset
686.450129,49.602846,15,14,0
9605.524763,45.303283,15,14,0
6256.651805,39.262473,15,14,0
4597.548592,50.854239,15,14,0
8919.716735,47.126028,15,14,0
4509.916535,38.253457,15,14,0
6371.143022,42.911489,15,14,0
5515.657418,33.197216,15,14,0
5866.510121,56.983848,15,14,0
1260.541374,43.695464,15,14,0
