Distance,Tx Power,Bandwidth,Subband BW,Subband Offset
7951.910829,47.653751,100,88,9
4627.431382,16.885170,100,88,9
5203.158609,45.701160,100,88,9
1707.213582,26.664267,100,88,9
6819.412145,27.985256,100,88,9
5093.367702,32.189956,100,88,9
7071.130452,39.591934,100,88,9
5531.937780,55.836719,100,88,9
1628.455421,39.061218,100,88,9
4160.772725,57.490547,100,88,9
