Distance,Tx Power,Bandwidth,Subband BW,Subband Offset
5591.580733,32.368292,50,22,11
336.236399,59.650761,50,22,11
4260.382326,59.529545,50,22,11
3988.739712,15.064591,50,22,11
3015.213015,15.615816,50,22,11
1189.204618,32.832490,50,22,11
6192.799113,26.467403,50,22,11
8646.188386,46.009708,50,22,11
8411.561065,36.580989,50,22,11
4339.664398,24.104114,50,22,11
