Distance,Tx Power,Bandwidth,Subband BW,Subband Offset
3999.304975,34.451146,25,13,12
7615.435141,52.333556,25,13,12
1419.269417,34.192830,25,13,12
1746.683114,24.546995,25,13,12
9223.314447,31.434774,25,13,12
9767.688472,27.179918,25,13,12
5549.503016,18.329716,25,13,12
3807.834924,23.329059,25,13,12
6409.884584,48.843102,25,13,12
2904.614348,50.805300,25,13,12
