Distance,Tx Power,Bandwidth,Subband BW,Subband Offset
5402.028514,29.459976,25,12,2
9352.970546,24.879589,25,12,2
9917.112192,28.824108,25,12,2
8919.526478,26.313019,25,12,2
9630.293943,51.950561,25,12,2
4927.621084,31.219757,25,12,2
2618.201749,37.624244,25,12,2
5909.607214,40.882069,25,12,2
2662.921406,40.669030,25,12,2
6653.952151,23.763437,25,12,2
