Distance,Tx Power,Bandwidth,Subband BW,Subband Offset
9132.903440,22.567395,25,10,4
5539.248014,54.363698,25,10,4
7352.439526,19.887712,25,10,4
2324.167593,21.345314,25,10,4
154.292579,55.198120,25,10,4
2584.593028,43.056978,25,10,4
9662.507563,46.900993,25,10,4
1082.265865,53.345312,25,10,4
6425.822236,34.680789,25,10,4
689.621534,59.977478,25,10,4
