Distance,Tx Power,Bandwidth,Subband BW,Subband Offset
4439.538463,47.261134,15,9,4
6915.944971,47.788472,15,9,4
1907.911018,35.174695,15,9,4
6250.432402,16.978129,15,9,4
3215.869055,20.175287,15,9,4
6025.787754,47.658591,15,9,4
9195.359094,48.485182,15,9,4
4634.324392,20.562568,15,9,4
4087.810722,31.289657,15,9,4
6738.882279,44.475504,15,9,4
