Distance,Tx Power,Bandwidth,Subband BW,Subband Offset
3748.526823,46.699945,75,22,37
8822.961175,42.084933,75,22,37
7054.725824,43.236016,75,22,37
5363.794111,20.486070,75,22,37
2993.842919,17.888923,75,22,37
2518.989885,15.783139,75,22,37
1972.680368,21.984916,75,22,37
3044.551456,35.381071,75,22,37
8690.469075,57.464267,75,22,37
5661.442534,24.250657,75,22,37
