Distance,Tx Power,Bandwidth,Subband BW,Subband Offset
1203.635534,49.743474,15,9,3
3620.349392,24.744002,15,9,3
3782.935063,57.887266,15,9,3
8521.803499,44.040829,15,9,3
3288.469071,32.257212,15,9,3
115.301698,17.565997,15,9,3
8715.483548,22.155709,15,9,3
9908.333977,24.869013,15,9,3
6627.294284,58.671962,15,9,3
2985.614304,16.976753,15,9,3
