Distance,Tx Power,Bandwidth,Subband BW,Subband Offset
1212.976003,21.491694,25,8,2
4043.447587,56.309148,25,8,2
413.387221,56.738565,25,8,2
364.421509,44.569029,25,8,2
7938.128607,17.655458,25,8,2
3849.717027,58.763192,25,8,2
9345.844372,15.808724,25,8,2
7216.383608,38.441223,25,8,2
7443.767251,31.136294,25,8,2
1574.870314,50.117503,25,8,2
