Distance,Tx Power,Bandwidth,Subband BW,Subband Offset
4632.677399,52.746877,100,42,17
9225.844764,47.147195,100,42,17
8836.753055,41.256753,100,42,17
907.260846,18.584212,100,42,17
1622.130241,58.102397,100,42,17
762.235545,24.224926,100,42,17
614.934468,35.282599,100,42,17
6776.959450,31.753244,100,42,17
630.874032,26.724632,100,42,17
4780.437181,57.959775,100,42,17
