Distance,Tx Power,Bandwidth,Subband BW,Subband Offset
3731.840760,24.288671,25,17,7
3812.103047,30.025885,25,17,7
5119.742515,48.185494,25,17,7
5773.223381,18.943387,25,17,7
5732.839595,27.004110,25,17,7
318.077412,39.977357,25,17,7
4067.538130,47.147130,25,17,7
1590.531737,41.352872,25,17,7
6130.069357,52.847777,25,17,7
493.911239,50.819505,25,17,7
