Distance,Tx Power,Bandwidth,Subband BW,Subband Offset
5503.606014,56.674189,50,18,1
4229.230232,44.842711,50,18,1
6994.549053,30.133057,50,18,1
4710.845638,26.996727,50,18,1
525.813902,49.442054,50,18,1
6791.273374,45.491664,50,18,1
4252.375880,31.732987,50,18,1
9444.510459,36.317694,50,18,1
7709.335735,27.756388,50,18,1
9826.183401,56.950852,50,18,1
