Distance,Tx Power,Bandwidth,Subband BW,Subband Offset
578.740713,38.530817,75,25,30
7562.820400,21.268416,75,25,30
2277.120097,55.200047,75,25,30
2181.436039,17.618561,75,25,30
7141.742025,46.217707,75,25,30
6180.856333,58.677514,75,25,30
6548.774120,58.999797,75,25,30
5677.871779,19.057964,75,25,30
9562.510778,23.081703,75,25,30
2408.153511,24.889697,75,25,30
