Distance,Tx Power,Bandwidth,Subband BW,Subband Offset
3786.725146,41.142764,15,7,8
356.631934,45.322976,15,7,8
1613.430319,43.526659,15,7,8
4937.398963,56.560085,15,7,8
6424.218490,29.099585,15,7,8
7352.016418,22.885631,15,7,8
533.621399,55.154750,15,7,8
5247.603398,47.536032,15,7,8
8465.039265,26.078380,15,7,8
490.302812,55.191202,15,7,8
