Distance,Tx Power,Bandwidth,Subband BW,Subband Offset
3537.427491,48.981296,100,36,49
6555.845885,41.367953,100,36,49
8616.246565,29.672508,100,36,49
9197.664675,51.383491,100,36,49
8500.156648,43.847782,100,36,49
1362.930839,17.752034,100,36,49
5142.165686,48.387328,100,36,49
1089.671331,45.335410,100,36,49
991.044886,24.982349,100,36,49
6159.814723,40.893062,100,36,49
