Distance,Tx Power,Bandwidth,Subband BW,Subband Offset
2393.695552,43.897046,75,6,44
2499.967501,32.610821,75,6,44
5556.505278,57.740712,75,6,44
5677.872748,52.941988,75,6,44
7578.839923,37.214761,75,6,44
5053.353985,38.984426,75,6,44
3791.028959,59.863955,75,6,44
5757.122629,21.058564,75,6,44
9186.016087,30.147717,75,6,44
3826.843933,30.286835,75,6,44
