Distance,Tx Power,Bandwidth,Subband BW,Subband Offset
1331.379626,28.616423,15,6,5
3102.666259,16.750687,15,6,5
4639.819617,46.136033,15,6,5
3962.750174,22.230838,15,6,5
4848.932094,57.721194,15,6,5
8902.161685,50.238134,15,6,5
6032.200469,58.532764,15,6,5
3819.611876,20.949675,15,6,5
1863.872393,43.375414,15,6,5
7184.288684,18.910045,15,6,5
