Distance,Tx Power,Bandwidth,Subband BW,Subband Offset
8107.806768,34.734307,75,51,10
8479.194073,29.052900,75,51,10
9133.640152,18.064271,75,51,10
159.262156,26.616888,75,51,10
458.146799,24.570021,75,51,10
4877.158108,18.176112,75,51,10
2741.921542,23.510104,75,51,10
2449.026191,49.278091,75,51,10
8911.387876,34.069412,75,51,10
3057.622538,29.910685,75,51,10
