Distance,Tx Power,Bandwidth,Subband BW,Subband Offset
4499.634525,25.100442,50,7,30
2556.326848,50.837922,50,7,30
5049.824120,24.059895,50,7,30
4423.559804,38.981118,50,7,30
4983.681502,32.682672,50,7,30
8018.980100,40.110906,50,7,30
3192.276036,48.319569,50,7,30
2865.349376,19.752411,50,7,30
4901.349571,40.034769,50,7,30
6563.815919,16.330143,50,7,30
