Distance,Tx Power,Bandwidth,Subband BW,Subband Offset
7153.139844,45.820913,100,71,11
5966.146586,52.472829,100,71,11
8016.153520,26.942526,100,71,11
7451.157547,19.686837,100,71,11
4586.437859,54.204652,100,71,11
8889.518563,23.206347,100,71,11
4401.248903,41.475808,100,71,11
240.840350,42.776822,100,71,11
1991.598007,26.081892,100,71,11
9738.477446,16.880882,100,71,11
