Distance,Tx Power,Bandwidth,Subband BW,Subband Offset
4501.148854,25.490128,75,38,19
7712.649656,56.256928,75,38,19
4223.554874,25.604064,75,38,19
2341.693078,56.751219,75,38,19
2013.154971,16.880257,75,38,19
7512.030563,28.219938,75,38,19
2881.978467,43.722579,75,38,19
1654.967633,20.311524,75,38,19
4001.768018,46.074444,75,38,19
3807.795414,30.122871,75,38,19
