Distance,Tx Power,Bandwidth,Subband BW,Subband Offset
6475.482148,22.245139,75,12,36
8921.055164,47.606843,75,12,36
5091.850204,56.137682,75,12,36
6635.419617,47.657308,75,12,36
9038.316048,41.410951,75,12,36
5702.366737,22.709094,75,12,36
4061.530465,46.079079,75,12,36
4661.025153,28.226796,75,12,36
6831.836006,22.739359,75,12,36
6585.977077,25.725278,75,12,36
