Distance,Tx Power,Bandwidth,Subband BW,Subband Offset
6737.423861,39.562439,15,10,1
7014.707311,51.483550,15,10,1
5984.258809,42.233034,15,10,1
3048.952837,24.045429,15,10,1
4011.540848,43.378794,15,10,1
8313.790193,42.460310,15,10,1
5348.870608,45.572716,15,10,1
6838.817275,58.305824,15,10,1
1107.260308,54.680699,15,10,1
5680.341935,45.915065,15,10,1
