Distance,Tx Power,Bandwidth,Subband BW,Subband Offset
1138.238973,44.524032,25,20,3
9897.909045,23.980485,25,20,3
2507.873496,31.306336,25,20,3
6749.486662,36.603990,25,20,3
2565.930546,28.154620,25,20,3
8368.528166,50.429580,25,20,3
8001.679350,28.742672,25,20,3
3066.031379,22.873521,25,20,3
5055.399443,52.367871,25,20,3
556.095240,48.973316,25,20,3
