Distance,Tx Power,Bandwidth,Subband BW,Subband Offset
1467.102128,32.326899,25,6,12
3503.683962,46.340875,25,6,12
6516.753448,43.974654,25,6,12
537.765609,36.882062,25,6,12
5232.331372,24.640499,25,6,12
5612.960109,41.582821,25,6,12
8213.610789,49.101451,25,6,12
5526.559909,25.818580,25,6,12
2263.085718,19.534651,25,6,12
8896.374539,56.355254,25,6,12
