Distance,Tx Power,Bandwidth,Subband BW,Subband Offset
3154.071965,24.551019,100,49,8
5496.739599,30.780775,100,49,8
4764.387352,21.399961,100,49,8
151.287240,21.840102,100,49,8
277.732535,54.715748,100,49,8
2032.494332,16.066420,100,49,8
1641.851223,51.543366,100,49,8
3418.306773,40.511725,100,49,8
2616.779106,56.609915,100,49,8
1466.744949,35.000931,100,49,8
