Distance,Tx Power,Bandwidth,Subband BW,Subband Offset
7763.140177,53.238941,75,20,43
4890.015421,53.231426,75,20,43
5396.925034,54.877642,75,20,43
5236.978000,47.990460,75,20,43
110.240971,46.962518,75,20,43
8669.412590,25.893281,75,20,43
102.255416,17.803907,75,20,43
1812.321681,34.585025,75,20,43
1542.507251,31.321814,75,20,43
5258.450629,16.675161,75,20,43
