Distance,Tx Power,Bandwidth,Subband BW,Subband Offset
8348.973811,46.870549,15,6,6
4114.760686,39.384912,15,6,6
4782.659374,43.002490,15,6,6
497.412326,35.171804,15,6,6
8860.166441,45.193328,15,6,6
7208.494614,52.204686,15,6,6
8303.209085,35.774401,15,6,6
8587.536028,28.037180,15,6,6
8619.918391,21.782110,15,6,6
4672.946882,47.043539,15,6,6
