Distance,Tx Power,Bandwidth,Subband BW,Subband Offset
7045.007193,37.392605,50,40,7
7492.031316,22.892039,50,40,7
8915.883085,22.066544,50,40,7
830.186499,19.190956,50,40,7
3621.749116,33.167933,50,40,7
4079.168442,55.999545,50,40,7
4481.179322,31.276593,50,40,7
5895.600954,26.232855,50,40,7
4077.512652,23.542548,50,40,7
4351.623242,58.188504,50,40,7
