Distance,Tx Power,Bandwidth,Subband BW,Subband Offset
2897.153290,54.378692,75,39,15
9009.323598,51.647260,75,39,15
3672.831459,37.149916,75,39,15
7782.834258,54.980041,75,39,15
307.452147,19.053798,75,39,15
9298.867310,33.443839,75,39,15
9057.007592,52.202175,75,39,15
1673.372644,32.925280,75,39,15
1544.602697,45.175970,75,39,15
8883.651350,51.642062,75,39,15
