Distance,Tx Power,Bandwidth,Subband BW,Subband Offset
7290.319994,43.632415,15,12,0
7059.509910,40.893503,15,12,0
2693.321919,32.177225,15,12,0
6379.152237,44.414382,15,12,0
5551.877985,51.509311,15,12,0
6352.908690,52.074462,15,12,0
3893.088763,47.949660,15,12,0
7343.597156,30.331570,15,12,0
2347.516273,24.530135,15,12,0
5374.401948,22.937711,15,12,0
