Distance,Tx Power,Bandwidth,Subband BW,Subband Offset
3451.635451,16.802438,50,38,6
2565.685214,27.749302,50,38,6
3978.716429,29.364635,50,38,6
530.227297,44.062839,50,38,6
2805.495292,31.133007,50,38,6
5960.785629,39.490559,50,38,6
2343.238283,42.573894,50,38,6
4010.611521,16.932953,50,38,6
3444.562559,19.267442,50,38,6
4710.756410,15.680400,50,38,6
