Distance,Tx Power,Bandwidth,Subband BW,Subband Offset
6398.662120,57.005361,50,20,16
7162.627581,23.355634,50,20,16
9231.667241,56.988159,50,20,16
1559.180138,35.520694,50,20,16
9755.788642,54.014173,50,20,16
5368.423349,58.358121,50,20,16
7878.983326,38.562655,50,20,16
2216.538532,54.873046,50,20,16
9944.216252,16.163667,50,20,16
7192.423652,17.710832,50,20,16
