Distance,Tx Power,Bandwidth,Subband BW,Subband Offset
3101.474321,52.278855,75,23,10
9026.503472,33.987708,75,23,10
3425.678510,27.868365,75,23,10
4487.343100,59.735470,75,23,10
3023.043366,55.852051,75,23,10
1210.037847,57.523328,75,23,10
7919.587613,32.005511,75,23,10
8327.064370,34.763342,75,23,10
9941.772759,44.379108,75,23,10
1944.573357,58.044304,75,23,10
