Distance,Tx Power,Bandwidth,Subband BW,Subband Offset
590.558332,39.337447,25,11,2
7732.168750,27.075042,25,11,2
8520.466031,49.715292,25,11,2
5974.827320,24.289657,25,11,2
9150.625203,52.340914,25,11,2
8674.696859,58.858688,25,11,2
5551.521182,45.890111,25,11,2
9036.888476,59.278951,25,11,2
7410.178875,54.050215,25,11,2
4086.183776,42.079329,25,11,2
