Distance,Tx Power,Bandwidth,Subband BW,Subband Offset
5975.134315,52.439984,75,59,14
6783.845261,22.557177,75,59,14
3041.728570,59.504832,75,59,14
6852.710811,18.826290,75,59,14
1209.411586,51.159884,75,59,14
2964.962170,35.463165,75,59,14
5384.243308,51.022263,75,59,14
6916.009993,18.000353,75,59,14
3762.834606,48.658554,75,59,14
5351.884826,51.714260,75,59,14
