Distance,Tx Power,Bandwidth,Subband BW,Subband Offset
5183.156848,55.549406,50,40,8
3684.949606,22.243580,50,40,8
6950.982865,30.217579,50,40,8
5927.359988,33.539941,50,40,8
536.161757,23.964809,50,40,8
3506.476463,19.058452,50,40,8
6529.588178,31.419235,50,40,8
1639.178929,26.431739,50,40,8
6927.483998,41.833814,50,40,8
3677.820215,19.422699,50,40,8
