Distance,Tx Power,Bandwidth,Subband BW,Subband Offset
1860.390924,43.044728,25,8,3
2163.235430,49.578108,25,8,3
2751.309692,38.420310,25,8,3
4725.282095,26.741394,25,8,3
3259.124732,24.207895,25,8,3
9911.774104,38.169257,25,8,3
5574.486271,45.760070,25,8,3
1913.485269,45.727222,25,8,3
5461.984563,36.568283,25,8,3
8465.092264,52.999845,25,8,3
