Distance,Tx Power,Bandwidth,Subband BW,Subband Offset
8724.066403,33.540082,75,40,5
6648.689044,25.500500,75,40,5
8041.655057,21.586907,75,40,5
8509.776780,17.943870,75,40,5
766.672116,15.385006,75,40,5
2628.701428,17.554291,75,40,5
7901.382538,58.590565,75,40,5
4364.298517,55.201299,75,40,5
8240.472939,58.753640,75,40,5
8960.918586,54.801210,75,40,5
