Distance,Tx Power,Bandwidth,Subband BW,Subband Offset
4927.365527,50.263341,75,6,46
6297.981114,43.134577,75,6,46
4771.776924,23.434176,75,6,46
6581.655414,29.490093,75,6,46
6010.098823,23.570645,75,6,46
6885.518394,59.830665,75,6,46
9919.119164,50.214760,75,6,46
4646.638347,42.959370,75,6,46
6134.124149,52.838072,75,6,46
4289.811198,21.074631,75,6,46
