Distance,Tx Power,Bandwidth,Subband BW,Subband Offset
2308.223167,54.990336,100,14,81
2064.233561,58.691417,100,14,81
573.249265,52.497347,100,14,81
8582.850531,56.689217,100,14,81
4100.508080,27.135510,100,14,81
6341.093522,20.069681,100,14,81
7906.314751,54.366701,100,14,81
634.707533,40.693788,100,14,81
127.552825,29.400119,100,14,81
3872.204235,57.980268,100,14,81
