Distance,Tx Power,Bandwidth,Subband BW,Subband Offset
2316.948947,52.805208,25,6,7
5553.242303,58.178115,25,6,7
169.337845,25.013044,25,6,7
8229.714505,27.594083,25,6,7
1191.032829,16.788392,25,6,7
1518.540621,48.225029,25,6,7
9891.336195,48.039790,25,6,7
5464.000047,25.522328,25,6,7
6612.594718,24.174361,25,6,7
774.598032,20.379537,25,6,7
