Distance,Tx Power,Bandwidth,Subband BW,Subband Offset
894.357216,58.326717,15,9,3
2169.209706,41.332315,15,9,3
8234.564420,21.993319,15,9,3
4288.248800,29.397762,15,9,3
8729.689962,58.784457,15,9,3
5696.148742,49.023178,15,9,3
5810.107642,18.121450,15,9,3
8746.722568,43.880012,15,9,3
9950.673627,42.706438,15,9,3
8283.559881,56.497251,15,9,3
