Distance,Tx Power,Bandwidth,Subband BW,Subband Offset
5143.435487,54.753388,75,36,6
6723.142702,24.469973,75,36,6
3083.639177,30.741728,75,36,6
8555.219280,49.937272,75,36,6
2777.087712,40.615922,75,36,6
9842.391004,38.936462,75,36,6
7555.978499,31.997099,75,36,6
9805.382631,54.849014,75,36,6
5629.071268,49.832929,75,36,6
5147.441185,35.160537,75,36,6
