Distance,Tx Power,Bandwidth,Subband BW,Subband Offset
8612.949391,54.845426,50,20,15
3960.448313,41.572712,50,20,15
2354.152751,39.250615,50,20,15
8275.405797,25.127370,50,20,15
6114.227137,43.640006,50,20,15
9563.669855,37.849787,50,20,15
794.245007,38.964599,50,20,15
5334.361213,37.318861,50,20,15
2087.358757,59.772617,50,20,15
2491.633956,35.108432,50,20,15
