Distance,Tx Power,Bandwidth,Subband BW,Subband Offset
111.735354,52.086832,100,19,79
4027.167613,39.933676,100,19,79
9198.188833,33.760763,100,19,79
5537.914631,16.727407,100,19,79
5581.287313,27.981854,100,19,79
791.473929,42.708891,100,19,79
7841.551922,24.552443,100,19,79
2433.828348,18.562658,100,19,79
4161.314902,38.305838,100,19,79
5770.377322,51.216587,100,19,79
