Distance,Tx Power,Bandwidth,Subband BW,Subband Offset
737.733359,50.274874,15,8,5
7404.587422,57.392835,15,8,5
8480.411698,49.376433,15,8,5
7601.044908,22.029513,15,8,5
3413.438938,25.200627,15,8,5
6703.684014,23.472821,15,8,5
4403.942723,40.771016,15,8,5
5484.342966,45.963297,15,8,5
3391.174957,30.185233,15,8,5
4963.568293,50.956143,15,8,5
