Distance,Tx Power,Bandwidth,Subband BW,Subband Offset
9142.735971,23.449159,15,12,2
6364.992861,23.183599,15,12,2
9160.595933,19.600769,15,12,2
9484.648818,26.769590,15,12,2
7660.071188,41.694581,15,12,2
8077.622163,58.652884,15,12,2
6207.728245,55.467730,15,12,2
1127.330428,52.263914,15,12,2
5958.150981,59.530266,15,12,2
8761.353046,47.340455,15,12,2
