Distance,Tx Power,Bandwidth,Subband BW,Subband Offset
879.281781,41.102292,100,45,16
6730.944339,40.281570,100,45,16
6378.217962,46.972817,100,45,16
3820.821052,21.518498,100,45,16
9189.326244,50.336609,100,45,16
1482.731559,50.512306,100,45,16
9954.321487,21.476927,100,45,16
4160.836258,38.031061,100,45,16
5993.274015,45.336859,100,45,16
4665.614525,57.494814,100,45,16
