Distance,Tx Power,Bandwidth,Subband BW,Subband Offset
655.804815,54.480034,100,8,43
7394.743299,42.024267,100,8,43
6045.750355,18.972187,100,8,43
3023.441986,53.592737,100,8,43
4477.183158,30.358993,100,8,43
7335.939736,27.734739,100,8,43
676.281854,59.595383,100,8,43
2171.542233,56.851606,100,8,43
9652.667751,38.578315,100,8,43
1539.907199,18.821885,100,8,43
