Distance,Tx Power,Bandwidth,Subband BW,Subband Offset
2894.264314,18.920983,75,7,25
4964.171079,20.612226,75,7,25
8471.240573,17.858339,75,7,25
6273.643119,20.344430,75,7,25
7767.844261,20.693585,75,7,25
7887.236579,49.209910,75,7,25
6356.689156,52.077665,75,7,25
8504.668524,28.158434,75,7,25
3310.282849,30.968770,75,7,25
6613.838519,17.935222,75,7,25
