Distance,Tx Power,Bandwidth,Subband BW,Subband Offset
9370.633080,56.204966,15,13,1
8521.455966,41.200920,15,13,1
8576.550615,22.855276,15,13,1
9151.197917,47.120400,15,13,1
5373.271239,57.400906,15,13,1
3705.089632,56.789536,15,13,1
1953.314164,31.028445,15,13,1
9222.300577,28.113902,15,13,1
7602.273173,39.168334,15,13,1
2524.069737,45.988258,15,13,1
