Distance,Tx Power,Bandwidth,Subband BW,Subband Offset
9063.964012,30.885807,15,8,5
8349.850900,51.202619,15,8,5
3472.783377,30.845349,15,8,5
6086.055614,25.055138,15,8,5
9603.395443,15.897268,15,8,5
3285.774400,39.841117,15,8,5
9546.860335,33.283506,15,8,5
293.199657,55.101733,15,8,5
991.693556,44.513430,15,8,5
5393.370576,25.301447,15,8,5
