Distance,Tx Power,Bandwidth,Subband BW,Subband Offset
9511.394809,44.611226,100,14,61
5498.301572,33.714866,100,14,61
636.529333,47.475476,100,14,61
9974.426879,42.763202,100,14,61
1097.359387,25.280087,100,14,61
3065.686835,56.519097,100,14,61
9081.882895,46.584331,100,14,61
799.847207,32.751331,100,14,61
234.974388,41.430457,100,14,61
816.393542,44.461003,100,14,61
