Distance,Tx Power,Bandwidth,Subband BW,Subband Offset
5916.892945,46.197453,75,37,10
2819.071459,45.989530,75,37,10
1656.338376,24.715333,75,37,10
3328.247393,21.090219,75,37,10
3351.984717,58.696027,75,37,10
5090.156129,15.405261,75,37,10
8213.307800,21.107229,75,37,10
7779.107253,55.862388,75,37,10
6863.813127,45.184868,75,37,10
4695.586465,19.403704,75,37,10
