Distance,Tx Power,Bandwidth,Subband BW,Subband Offset
8315.688260,17.618841,25,6,13
281.034409,49.250009,25,6,13
2973.627273,45.045097,25,6,13
5527.414706,40.847618,25,6,13
6183.777227,20.237930,25,6,13
714.816312,20.884828,25,6,13
9216.242628,34.095951,25,6,13
6602.473768,24.967603,25,6,13
3037.871615,26.252007,25,6,13
8291.538027,52.293617,25,6,13
