Distance,Tx Power,Bandwidth,Subband BW,Subband Offset
3264.976207,59.990971,100,16,1
9841.170047,26.966079,100,16,1
9875.570130,38.916381,100,16,1
4786.565703,50.711376,100,16,1
7081.744967,55.030023,100,16,1
1045.442162,48.928744,100,16,1
1736.757903,56.987219,100,16,1
9485.468551,22.996449,100,16,1
5842.281291,26.115136,100,16,1
8878.335131,34.254723,100,16,1
