Distance,Tx Power,Bandwidth,Subband BW,Subband Offset
9303.858844,32.274654,100,59,6
1280.187066,49.319480,100,59,6
3937.488985,29.870578,100,59,6
2171.594165,47.088927,100,59,6
5180.800342,56.971108,100,59,6
8917.030003,27.842089,100,59,6
2093.758281,27.184271,100,59,6
2024.331274,43.386320,100,59,6
121.816030,23.248622,100,59,6
6760.332570,16.898180,100,59,6
