Distance,Tx Power,Bandwidth,Subband BW,Subband Offset
8676.018798,33.306271,100,39,54
611.694476,47.839712,100,39,54
2054.219273,29.817005,100,39,54
7725.535040,30.547619,100,39,54
9049.061019,36.889137,100,39,54
424.988489,30.643453,100,39,54
692.479621,18.545524,100,39,54
890.344191,31.676781,100,39,54
8894.558151,52.174545,100,39,54
579.248939,49.649650,100,39,54
