Distance,Tx Power,Bandwidth,Subband BW,Subband Offset
1689.992117,33.550312,50,25,10
6307.644082,29.582886,50,25,10
1869.782719,26.503800,50,25,10
6260.130065,34.135956,50,25,10
9038.070014,17.861393,50,25,10
3606.275355,32.318758,50,25,10
9306.149646,55.174917,50,25,10
611.272376,26.367218,50,25,10
3934.752250,57.158286,50,25,10
1031.105880,43.822007,50,25,10
