Distance,Tx Power,Bandwidth,Subband BW,Subband Offset
6210.388058,28.252973,15,6,1
2370.228651,51.956555,15,6,1
1574.512696,27.310566,15,6,1
6578.690100,57.678213,15,6,1
9401.508898,27.714818,15,6,1
7044.599483,51.001595,15,6,1
259.936116,27.132465,15,6,1
6957.432117,57.803893,15,6,1
3424.873516,37.465107,15,6,1
4036.973211,31.934188,15,6,1
