Distance,Tx Power,Bandwidth,Subband BW,Subband Offset
3734.292637,50.170143,25,15,8
8530.866274,32.618432,25,15,8
8517.568734,42.054121,25,15,8
6463.063948,31.600446,25,15,8
5815.478119,24.835293,25,15,8
3686.352919,47.571860,25,15,8
7557.755193,15.591498,25,15,8
4395.696938,15.175580,25,15,8
272.559204,39.292716,25,15,8
8170.916234,35.141213,25,15,8
