Distance,Tx Power,Bandwidth,Subband BW,Subband Offset
1535.162916,36.293364,50,13,1
1941.139214,47.680131,50,13,1
3039.748129,53.306557,50,13,1
8627.538022,56.194661,50,13,1
254.115499,32.011855,50,13,1
6649.306278,42.816610,50,13,1
9066.964024,22.333055,50,13,1
4290.173722,27.941396,50,13,1
8429.578921,34.782461,50,13,1
3723.612590,27.759711,50,13,1
