Distance,Tx Power,Bandwidth,Subband BW,Subband Offset
9496.683457,23.100808,25,9,16
4853.916898,51.372185,25,9,16
7614.532626,52.110310,25,9,16
4957.983206,38.942301,25,9,16
6430.563164,43.912903,25,9,16
4937.087406,54.959639,25,9,16
2908.612969,59.217351,25,9,16
4394.051272,44.153821,25,9,16
2299.817083,33.980873,25,9,16
5582.726097,40.760873,25,9,16
