Distance,Tx Power,Bandwidth,Subband BW,Subband Offset
2249.629331,21.114603,15,7,4
1646.554313,49.374416,15,7,4
8486.447700,51.233608,15,7,4
6410.506736,24.625124,15,7,4
7216.998368,16.894281,15,7,4
3373.885944,54.286441,15,7,4
5664.976817,35.069012,15,7,4
7288.567846,18.561204,15,7,4
2522.846960,41.914370,15,7,4
7738.448942,27.625337,15,7,4
