Distance,Tx Power,Bandwidth,Subband BW,Subband Offset
6637.222881,46.782085,50,21,5
6739.231590,37.749745,50,21,5
2350.031098,21.422739,50,21,5
8359.420897,42.461215,50,21,5
9765.511947,19.007793,50,21,5
5449.124244,23.515896,50,21,5
7603.144615,23.132432,50,21,5
4364.699797,39.195725,50,21,5
8501.389713,54.606593,50,21,5
6880.148072,45.053594,50,21,5
