Distance,Tx Power,Bandwidth,Subband BW,Subband Offset
8684.651690,36.870382,25,18,6
5832.459531,18.677517,25,18,6
9273.290815,58.674767,25,18,6
4764.339304,40.262199,25,18,6
8101.041667,43.510564,25,18,6
6844.815908,45.570583,25,18,6
5204.513055,48.320118,25,18,6
3132.844956,23.449376,25,18,6
9033.621827,39.746352,25,18,6
9023.724370,30.175389,25,18,6
