Distance,Tx Power,Bandwidth,Subband BW,Subband Offset
5340.466815,27.399329,100,12,40
7113.497227,52.515075,100,12,40
2354.054650,52.327149,100,12,40
2029.778036,24.336129,100,12,40
1595.189948,59.060964,100,12,40
3801.606981,51.798005,100,12,40
7140.483130,35.815331,100,12,40
5834.305525,38.487514,100,12,40
9884.213762,30.385508,100,12,40
5749.827553,20.910286,100,12,40
