Distance,Tx Power,Bandwidth,Subband BW,Subband Offset
7363.859064,15.479828,75,7,11
3332.779844,34.897456,75,7,11
5079.915937,46.256664,75,7,11
9798.154343,50.931815,75,7,11
4087.505538,43.702616,75,7,11
8681.982070,28.254499,75,7,11
9111.907933,31.616888,75,7,11
4558.979144,28.006831,75,7,11
2608.620433,27.371972,75,7,11
2576.247613,52.985650,75,7,11
