Distance,Tx Power,Bandwidth,Subband BW,Subband Offset
2794.428416,24.306435,100,59,16
7585.825225,59.694968,100,59,16
7924.818255,39.397463,100,59,16
6797.625789,21.641207,100,59,16
6161.566139,49.539763,100,59,16
2383.874336,36.301143,100,59,16
315.531467,16.920669,100,59,16
3048.884047,32.880387,100,59,16
1982.152317,33.429483,100,59,16
5172.899513,17.373500,100,59,16
