Distance,Tx Power,Bandwidth,Subband BW,Subband Offset
9252.511083,41.696676,75,22,15
3697.267786,18.547837,75,22,15
7843.932375,46.104037,75,22,15
3985.407802,29.893873,75,22,15
4438.772533,33.701477,75,22,15
8748.629496,55.523243,75,22,15
5605.943488,21.522165,75,22,15
1924.657617,26.695981,75,22,15
8064.823032,53.063057,75,22,15
1496.402588,21.493941,75,22,15
