Distance,Tx Power,Bandwidth,Subband BW,Subband Offset
2670.935744,53.166794,25,17,8
4619.847175,28.274236,25,17,8
1864.382935,59.267524,25,17,8
4765.516050,24.277564,25,17,8
9824.402885,31.480095,25,17,8
7524.999788,48.771013,25,17,8
638.729058,53.236852,25,17,8
5453.427324,49.239745,25,17,8
9658.195841,48.276345,25,17,8
9362.202946,37.265465,25,17,8
