Distance,Tx Power,Bandwidth,Subband BW,Subband Offset
8963.723074,28.173706,25,7,4
8803.568527,59.984759,25,7,4
8878.592470,53.664742,25,7,4
8621.424037,50.251992,25,7,4
3701.090339,45.304967,25,7,4
3530.605491,45.865708,25,7,4
5944.769847,15.777328,25,7,4
4341.328297,17.243358,25,7,4
1225.868758,37.116340,25,7,4
9250.879673,30.859576,25,7,4
