Distance,Tx Power,Bandwidth,Subband BW,Subband Offset
1976.793619,51.645300,75,18,41
1707.693641,44.914929,75,18,41
430.746495,15.324968,75,18,41
2106.701188,24.529756,75,18,41
4936.495311,53.667505,75,18,41
6601.213748,30.891229,75,18,41
6405.563993,16.803963,75,18,41
2220.448308,42.659308,75,18,41
7206.934144,34.144699,75,18,41
188.262382,28.541921,75,18,41
