Distance,Tx Power,Bandwidth,Subband BW,Subband Offset
2892.418852,18.550848,25,13,7
2789.056054,25.926773,25,13,7
6262.345381,19.937484,25,13,7
3644.535484,15.412592,25,13,7
6652.995471,25.453259,25,13,7
9242.873783,31.865328,25,13,7
2644.926244,35.968744,25,13,7
2975.731209,18.485737,25,13,7
366.790041,29.929574,25,13,7
9504.564740,51.813831,25,13,7
