Distance,Tx Power,Bandwidth,Subband BW,Subband Offset
7616.905841,27.717329,25,16,8
4999.299824,24.149872,25,16,8
862.556750,18.793739,25,16,8
7400.103681,57.937341,25,16,8
3001.624160,54.784474,25,16,8
499.184855,43.688773,25,16,8
1418.340210,22.517819,25,16,8
5822.170545,18.706473,25,16,8
677.741146,51.108829,25,16,8
8780.170287,53.726797,25,16,8
