Distance,Tx Power,Bandwidth,Subband BW,Subband Offset
628.049352,32.709402,15,7,7
935.931908,49.014020,15,7,7
3196.175088,26.565079,15,7,7
6876.191460,56.198458,15,7,7
1817.176666,49.001393,15,7,7
7104.252147,26.723387,15,7,7
5527.350219,30.082177,15,7,7
752.552525,47.273151,15,7,7
8618.248526,36.023991,15,7,7
3922.395696,53.412782,15,7,7
