Distance,Tx Power,Bandwidth,Subband BW,Subband Offset
3023.431195,35.118886,25,8,12
2326.390571,21.237279,25,8,12
1175.978916,49.779365,25,8,12
7463.450535,23.603165,25,8,12
5506.077529,47.894323,25,8,12
5213.691923,51.836785,25,8,12
441.757318,35.396164,25,8,12
4451.452023,20.337468,25,8,12
7398.387219,34.762715,25,8,12
6241.633736,23.518588,25,8,12
