Distance,Tx Power,Bandwidth,Subband BW,Subband Offset
5690.329290,33.014140,100,27,66
7536.915781,58.705721,100,27,66
2303.126357,47.720822,100,27,66
9888.341755,25.272175,100,27,66
8635.510072,16.329436,100,27,66
6053.481929,36.001711,100,27,66
7253.767268,45.264247,100,27,66
2679.661617,16.575320,100,27,66
8098.855043,58.810716,100,27,66
7846.511108,39.847036,100,27,66
