Distance,Tx Power,Bandwidth,Subband BW,Subband Offset
7795.574834,24.715099,25,8,0
4957.761193,40.525749,25,8,0
7384.641035,45.537943,25,8,0
4568.792112,44.445231,25,8,0
5596.362488,15.035447,25,8,0
3403.740645,29.674041,25,8,0
9705.416072,37.658027,25,8,0
7274.922252,57.705628,25,8,0
7035.851668,40.476635,25,8,0
1718.667781,46.568660,25,8,0
