Distance,Tx Power,Bandwidth,Subband BW,Subband Offset
2047.260117,26.926382,75,28,4
9388.008500,22.074351,75,28,4
9708.184343,36.836335,75,28,4
5156.999890,59.641211,75,28,4
7777.112897,46.555057,75,28,4
7497.047794,43.798633,75,28,4
1863.008483,40.179119,75,28,4
3662.689054,58.413250,75,28,4
796.691450,32.961880,75,28,4
4973.799334,19.092193,75,28,4
