Distance,Tx Power,Bandwidth,Subband BW,Subband Offset
9474.981234,50.551639,75,53,5
174.004129,21.587579,75,53,5
3036.322045,33.855499,75,53,5
2044.419409,29.030096,75,53,5
2906.204200,56.644712,75,53,5
1036.449480,38.486319,75,53,5
1370.074068,35.546108,75,53,5
9211.711861,58.883968,75,53,5
7949.894163,50.685165,75,53,5
8962.579580,53.346712,75,53,5
