Distance,Tx Power,Bandwidth,Subband BW,Subband Offset
5005.513345,25.753374,50,22,27
5868.387525,40.923443,50,22,27
3397.224245,28.514743,50,22,27
653.628856,23.414438,50,22,27
2850.861212,38.452572,50,22,27
6146.353365,45.942282,50,22,27
2782.159442,29.212349,50,22,27
2316.871445,31.069503,50,22,27
6881.732661,59.776118,50,22,27
8754.416672,38.676941,50,22,27
