Distance,Tx Power,Bandwidth,Subband BW,Subband Offset
2535.854333,50.572503,75,17,16
5097.087224,17.339105,75,17,16
3138.741963,55.910951,75,17,16
6323.913215,54.877088,75,17,16
8371.157387,45.101177,75,17,16
1195.435110,40.694594,75,17,16
7376.671925,54.453227,75,17,16
7523.773187,57.735215,75,17,16
5394.921612,24.262296,75,17,16
9072.613626,24.512842,75,17,16
