Distance,Tx Power,Bandwidth,Subband BW,Subband Offset
4177.549803,21.811925,15,13,1
7126.724011,51.880491,15,13,1
199.917830,39.514771,15,13,1
1933.138079,42.403274,15,13,1
8466.149610,38.604921,15,13,1
7780.268472,39.678948,15,13,1
7831.665439,24.008133,15,13,1
9582.621079,32.929045,15,13,1
9905.295166,44.645041,15,13,1
4752.179128,50.095901,15,13,1
