Distance,Tx Power,Bandwidth,Subband BW,Subband Offset
9686.693701,24.973943,75,58,1
9955.537358,17.833992,75,58,1
6706.301779,33.100720,75,58,1
1305.900581,40.825069,75,58,1
4466.631011,18.625039,75,58,1
1865.517050,45.119963,75,58,1
5709.533889,18.637531,75,58,1
6643.521007,31.483917,75,58,1
6308.981310,57.445263,75,58,1
9229.410844,31.657908,75,58,1
