Distance,Tx Power,Bandwidth,Subband BW,Subband Offset
8292.563909,54.353476,100,19,32
8486.149980,31.655235,100,19,32
5578.165076,40.966727,100,19,32
9743.406069,52.736004,100,19,32
2288.823944,17.357615,100,19,32
3232.715860,53.768495,100,19,32
2943.611357,38.779839,100,19,32
6861.702409,39.396063,100,19,32
1728.692136,28.577886,100,19,32
4444.996031,31.620399,100,19,32
