Distance,Tx Power,Bandwidth,Subband BW,Subband Offset
5314.073273,20.207014,75,38,34
1567.382120,17.610090,75,38,34
8151.983388,19.440234,75,38,34
215.510883,49.689445,75,38,34
4984.643296,26.034066,75,38,34
984.937944,23.826886,75,38,34
6483.332780,48.844893,75,38,34
175.134274,28.675748,75,38,34
4187.484816,52.738768,75,38,34
5561.930419,51.402003,75,38,34
