Distance,Tx Power,Bandwidth,Subband BW,Subband Offset
4234.897148,47.223144,50,26,6
3186.587749,25.769332,50,26,6
8131.348450,47.795507,50,26,6
7680.342019,31.087585,50,26,6
3264.043621,49.508807,50,26,6
7019.260653,17.064405,50,26,6
5765.077618,36.170153,50,26,6
5537.895527,30.731715,50,26,6
6492.331827,52.903788,50,26,6
7051.762111,48.860559,50,26,6
