Distance,Tx Power,Bandwidth,Subband BW,Subband Offset
8150.286300,47.606396,25,18,4
873.423438,29.498884,25,18,4
7493.429049,30.034939,25,18,4
5180.486005,56.775556,25,18,4
8414.605681,32.139273,25,18,4
1358.042512,55.493751,25,18,4
7050.885928,57.933652,25,18,4
727.461221,16.436956,25,18,4
6629.615848,16.947298,25,18,4
9878.095986,59.129816,25,18,4
