Distance,Tx Power,Bandwidth,Subband BW,Subband Offset
5454.513766,49.779876,100,16,36
8041.839774,19.014092,100,16,36
4908.085415,15.304148,100,16,36
2185.383746,56.100908,100,16,36
1715.545864,38.882193,100,16,36
8204.272737,55.486401,100,16,36
1388.971408,39.984261,100,16,36
6892.729414,48.336164,100,16,36
6352.082724,42.901570,100,16,36
3055.452029,57.138692,100,16,36
