Distance,Tx Power,Bandwidth,Subband BW,Subband Offset
4020.941489,20.463236,100,61,29
4114.350924,28.781347,100,61,29
8476.755124,45.227912,100,61,29
1774.177720,43.673524,100,61,29
8887.884010,26.956482,100,61,29
9710.567278,56.722226,100,61,29
5840.121572,16.681230,100,61,29
5254.956877,58.207668,100,61,29
1981.398397,52.380275,100,61,29
1507.115548,28.520875,100,61,29
