Distance,Tx Power,Bandwidth,Subband BW,Subband Offset
2684.222352,49.456133,100,38,13
1416.357533,32.899997,100,38,13
4439.954019,45.342967,100,38,13
211.405786,30.490914,100,38,13
2652.181008,44.255013,100,38,13
6466.403222,22.773653,100,38,13
7553.798048,37.766404,100,38,13
8217.180845,22.635834,100,38,13
6028.011878,43.939393,100,38,13
9737.370407,49.244707,100,38,13
