Distance,Tx Power,Bandwidth,Subband BW,Subband Offset
4706.866476,34.522359,15,15,0
3842.444175,46.868850,15,15,0
7087.351226,28.840844,15,15,0
6963.567955,43.005802,15,15,0
509.342772,31.782575,15,15,0
5933.107836,37.088658,15,15,0
6242.047311,15.175182,15,15,0
1701.662723,49.680796,15,15,0
5581.731572,41.106607,15,15,0
6150.825766,29.624683,15,15,0
