Distance,Tx Power,Bandwidth,Subband BW,Subband Offset
488.230601,52.612892,75,45,30
6231.620882,36.744406,75,45,30
1055.019456,19.688271,75,45,30
9121.616913,48.093107,75,45,30
4444.858954,55.967536,75,45,30
6395.711163,24.997596,75,45,30
1616.665168,38.470325,75,45,30
4173.045944,44.723324,75,45,30
2821.265386,38.246137,75,45,30
2367.885366,47.247561,75,45,30
