Distance,Tx Power,Bandwidth,Subband BW,Subband Offset
2462.607603,17.708138,100,39,19
1053.808702,49.584090,100,39,19
240.978021,46.579076,100,39,19
4425.857871,42.042201,100,39,19
7010.046965,23.535107,100,39,19
7693.625867,38.522267,100,39,19
6561.267436,46.028875,100,39,19
3421.442705,22.935514,100,39,19
9749.313410,45.745385,100,39,19
1702.212082,37.567032,100,39,19
