Distance,Tx Power,Bandwidth,Subband BW,Subband Offset
213.859685,27.658993,75,13,49
6301.613853,45.705682,75,13,49
5177.186224,17.691433,75,13,49
7675.597499,25.165105,75,13,49
853.344131,33.646610,75,13,49
5530.639016,22.549385,75,13,49
6299.223233,40.710203,75,13,49
9115.452060,50.378794,75,13,49
8204.580585,57.243109,75,13,49
3314.973321,50.714700,75,13,49
