Distance,Tx Power,Bandwidth,Subband BW,Subband Offset
9872.493350,35.967082,50,13,13
8527.502490,40.497508,50,13,13
2036.385735,19.305221,50,13,13
2843.261436,26.386164,50,13,13
7535.371034,48.719066,50,13,13
189.940812,21.422493,50,13,13
1320.728058,54.834121,50,13,13
7610.650274,37.162975,50,13,13
8662.564999,46.257396,50,13,13
4408.749629,25.426734,50,13,13
