Distance,Tx Power,Bandwidth,Subband BW,Subband Offset
3886.734115,46.048704,50,42,0
3493.382933,48.976429,50,42,0
1230.693911,23.765910,50,42,0
9970.585698,59.060957,50,42,0
2675.345742,32.748026,50,42,0
1485.186010,47.566454,50,42,0
1018.715732,24.027835,50,42,0
3445.359984,46.073330,50,42,0
3189.498878,59.386529,50,42,0
6758.188999,44.781002,50,42,0
