Distance,Tx Power,Bandwidth,Subband BW,Subband Offset
9930.636297,48.282413,15,9,3
1059.250751,49.645436,15,9,3
5683.454196,43.338232,15,9,3
2630.337599,40.109172,15,9,3
3383.378194,45.526102,15,9,3
1525.817750,45.263427,15,9,3
7544.258609,53.745212,15,9,3
746.413624,26.170217,15,9,3
5324.684084,21.124174,15,9,3
7227.679801,48.098843,15,9,3
