Distance,Tx Power,Bandwidth,Subband BW,Subband Offset
994.974033,18.784760,15,11,2
6857.467142,17.277226,15,11,2
1921.824520,16.308011,15,11,2
9323.819323,40.279567,15,11,2
2050.384570,16.342284,15,11,2
6659.131860,37.821412,15,11,2
5374.745066,17.840967,15,11,2
7993.870075,44.005535,15,11,2
2074.405050,31.629451,15,11,2
6970.854505,59.795365,15,11,2
