Distance,Tx Power,Bandwidth,Subband BW,Subband Offset
2338.705162,56.225407,25,14,3
2543.241317,50.432479,25,14,3
990.877578,46.594412,25,14,3
7755.122829,50.956178,25,14,3
3855.556459,22.155276,25,14,3
5676.330362,56.311927,25,14,3
6710.050723,45.765194,25,14,3
2609.941448,20.224904,25,14,3
9247.199480,55.208201,25,14,3
7346.292023,15.871567,25,14,3
