Distance,Tx Power,Bandwidth,Subband BW,Subband Offset
8363.219716,24.011724,100,74,2
9748.707739,39.837457,100,74,2
4971.585109,20.222405,100,74,2
3305.047090,45.067342,100,74,2
8961.671141,49.225967,100,74,2
3715.061932,29.871069,100,74,2
978.997403,32.686981,100,74,2
6892.820254,36.904279,100,74,2
5176.236241,58.888049,100,74,2
3035.879045,29.374937,100,74,2
