Distance,Tx Power,Bandwidth,Subband BW,Subband Offset
8246.434705,56.011342,25,18,3
8095.133559,40.026172,25,18,3
9758.310220,22.655342,25,18,3
5967.923016,18.306655,25,18,3
2198.088821,35.056181,25,18,3
3756.977690,25.340295,25,18,3
3477.668695,29.791171,25,18,3
5609.461591,20.133356,25,18,3
430.319818,31.261724,25,18,3
7876.967042,36.610383,25,18,3
