Distance,Tx Power,Bandwidth,Subband BW,Subband Offset
3978.266424,22.624770,50,7,27
5748.813213,59.001920,50,7,27
7949.691977,39.779646,50,7,27
8397.861786,40.598273,50,7,27
1668.157756,48.589370,50,7,27
4077.121130,56.740295,50,7,27
1681.955961,50.112099,50,7,27
4742.514498,19.825337,50,7,27
5143.918247,27.343062,50,7,27
869.477234,16.528142,50,7,27
