Distance,Tx Power,Bandwidth,Subband BW,Subband Offset
3392.234553,45.580053,75,20,37
5551.456490,21.962012,75,20,37
2418.424092,48.011424,75,20,37
1746.063675,51.781215,75,20,37
5870.307635,35.195609,75,20,37
2311.033268,38.155542,75,20,37
6022.555502,16.370316,75,20,37
1184.926407,15.215933,75,20,37
6887.366294,52.678306,75,20,37
4218.716792,34.425521,75,20,37
