Distance,Tx Power,Bandwidth,Subband BW,Subband Offset
1366.723687,48.594397,75,45,0
6079.150911,47.836428,75,45,0
3949.196634,49.793735,75,45,0
5279.807814,53.313035,75,45,0
6772.338597,17.341442,75,45,0
5561.677768,48.524307,75,45,0
9126.103319,46.068620,75,45,0
5339.558017,53.527362,75,45,0
2738.930909,51.891804,75,45,0
3054.080836,20.561337,75,45,0
