Distance,Tx Power,Bandwidth,Subband BW,Subband Offset
7604.493262,31.103459,100,90,4
2676.970675,33.934846,100,90,4
3056.743935,33.793913,100,90,4
1285.294656,56.251212,100,90,4
4299.386311,32.005300,100,90,4
727.249200,30.431193,100,90,4
672.469123,38.754839,100,90,4
3490.418631,16.116065,100,90,4
7069.371280,22.936700,100,90,4
5514.708921,50.443035,100,90,4
