Distance,Tx Power,Bandwidth,Subband BW,Subband Offset
1844.101976,34.416583,75,23,17
2238.743333,49.478113,75,23,17
6557.544033,48.769936,75,23,17
4766.520638,54.027461,75,23,17
2968.770856,32.116759,75,23,17
9887.292203,56.279396,75,23,17
3437.210667,15.641806,75,23,17
2143.904514,40.246238,75,23,17
4213.353402,58.858152,75,23,17
540.154211,36.826741,75,23,17
