Distance,Tx Power,Bandwidth,Subband BW,Subband Offset
1664.012991,50.902843,25,14,5
4744.377386,59.413313,25,14,5
6073.739760,33.766979,25,14,5
5912.443999,57.766678,25,14,5
5528.459433,45.972581,25,14,5
5516.637916,53.536198,25,14,5
7584.305514,27.123537,25,14,5
4996.002813,15.993961,25,14,5
4745.758177,53.316877,25,14,5
8345.112950,23.532280,25,14,5
