Distance,Tx Power,Bandwidth,Subband BW,Subband Offset
8916.557102,28.227801,15,7,4
973.985511,21.039775,15,7,4
2213.561075,58.469978,15,7,4
8458.668914,24.125575,15,7,4
6200.279709,55.872131,15,7,4
8890.442990,57.746664,15,7,4
9574.593312,32.479369,15,7,4
4197.973586,15.173651,15,7,4
6364.287478,41.398615,15,7,4
4045.017840,59.293238,15,7,4
