Distance,Tx Power,Bandwidth,Subband BW,Subband Offset
4699.303183,58.846373,75,13,24
9049.109136,16.584607,75,13,24
3806.658871,21.111312,75,13,24
3756.925159,32.649037,75,13,24
7714.873507,40.932391,75,13,24
4663.509282,40.538987,75,13,24
3534.096720,50.583235,75,13,24
5618.584096,26.938066,75,13,24
720.512388,16.148346,75,13,24
2251.420193,39.497896,75,13,24
