Distance,Tx Power,Bandwidth,Subband BW,Subband Offset
244.191606,20.705944,50,24,13
4384.789433,38.707173,50,24,13
7096.707174,28.159909,50,24,13
5580.670122,16.209692,50,24,13
2175.436430,47.904457,50,24,13
7346.435720,56.703862,50,24,13
8309.645482,29.937610,50,24,13
4232.106556,59.832165,50,24,13
5473.183937,21.643338,50,24,13
4784.489163,32.386473,50,24,13
