Distance,Tx Power,Bandwidth,Subband BW,Subband Offset
4788.113546,26.651220,50,17,8
7666.421581,20.050864,50,17,8
4130.690216,42.781449,50,17,8
6245.443764,39.021615,50,17,8
552.239753,26.050983,50,17,8
178.647218,45.482876,50,17,8
9936.390150,40.789704,50,17,8
894.309938,55.068246,50,17,8
345.521332,32.994240,50,17,8
2357.979230,34.199274,50,17,8
