Distance,Tx Power,Bandwidth,Subband BW,Subband Offset
9413.027518,46.273989,75,39,6
7288.328682,54.147460,75,39,6
101.392788,55.719594,75,39,6
6923.869850,47.561617,75,39,6
2403.156636,23.606499,75,39,6
3041.430343,17.117865,75,39,6
9257.162348,44.268945,75,39,6
4454.654692,39.012442,75,39,6
8385.340524,31.555095,75,39,6
3207.829351,55.907269,75,39,6
