Distance,Tx Power,Bandwidth,Subband BW,Subband Offset
4820.769278,44.245346,25,9,4
7904.271323,28.263256,25,9,4
5648.922114,34.598065,25,9,4
6068.126276,37.501785,25,9,4
7321.835215,34.384754,25,9,4
6855.242411,38.422210,25,9,4
9428.067683,39.042729,25,9,4
9852.159511,51.751853,25,9,4
9595.431672,40.004022,25,9,4
4401.058332,47.193693,25,9,4
