Distance,Tx Power,Bandwidth,Subband BW,Subband Offset
5558.633030,29.100804,15,6,5
7752.172271,47.718354,15,6,5
1134.373790,36.981426,15,6,5
1289.800386,22.254987,15,6,5
5226.414047,30.179793,15,6,5
6016.098097,48.293535,15,6,5
8770.241137,18.766579,15,6,5
4148.568257,34.701545,15,6,5
9781.874639,58.025460,15,6,5
822.601696,37.253071,15,6,5
