Distance,Tx Power,Bandwidth,Subband BW,Subband Offset
1829.131229,21.472077,50,7,2
2034.203682,25.628726,50,7,2
8263.857468,48.336866,50,7,2
1461.668924,17.939229,50,7,2
9648.554646,21.936917,50,7,2
4856.817264,40.550068,50,7,2
3034.456955,26.231718,50,7,2
6252.390728,53.232294,50,7,2
8649.755598,37.554176,50,7,2
5581.876625,24.887822,50,7,2
