Distance,Tx Power,Bandwidth,Subband BW,Subband Offset
3770.801837,18.510759,100,32,58
3397.190079,51.781147,100,32,58
838.147302,41.438332,100,32,58
3314.641424,57.435711,100,32,58
7758.443618,18.203330,100,32,58
3564.175471,18.561031,100,32,58
1584.440305,20.735253,100,32,58
8997.240179,45.486689,100,32,58
1478.128278,39.179756,100,32,58
372.760027,25.445969,100,32,58
