Distance,Tx Power,Bandwidth,Subband BW,Subband Offset
1328.991191,38.908886,25,9,12
2854.584098,50.383849,25,9,12
8681.931270,56.318099,25,9,12
230.679864,19.051198,25,9,12
2512.185951,35.952242,25,9,12
6548.088106,58.563670,25,9,12
9265.197975,38.364844,25,9,12
8848.508925,15.577032,25,9,12
6673.683319,49.007919,25,9,12
1229.966076,34.991734,25,9,12
