Distance,Tx Power,Bandwidth,Subband BW,Subband Offset
7127.613940,57.413919,50,39,7
9163.463772,17.351512,50,39,7
1893.790805,22.503141,50,39,7
8331.124257,29.959623,50,39,7
1883.490710,22.094330,50,39,7
4758.863460,51.864915,50,39,7
6157.823606,52.990345,50,39,7
2356.783517,44.356357,50,39,7
2147.642857,28.787027,50,39,7
1799.866164,45.342283,50,39,7
