Distance,Tx Power,Bandwidth,Subband BW,Subband Offset
8583.919003,16.892681,75,47,14
9358.877995,49.965872,75,47,14
7855.381031,55.805218,75,47,14
8087.054644,40.137208,75,47,14
6812.444846,42.945311,75,47,14
9688.550984,23.081074,75,47,14
1564.185008,28.623611,75,47,14
6921.652642,45.875083,75,47,14
3184.678127,55.573397,75,47,14
7058.243391,32.035265,75,47,14
