Distance,Tx Power,Bandwidth,Subband BW,Subband Offset
3048.007839,33.074084,15,15,0
6121.665004,35.266353,15,15,0
8123.310645,51.986373,15,15,0
8257.427527,49.769724,15,15,0
3098.477408,42.411274,15,15,0
5581.170788,27.454631,15,15,0
6914.638956,35.552206,15,15,0
2596.795030,51.918889,15,15,0
4640.129915,33.161905,15,15,0
7689.749159,50.607459,15,15,0
