Distance,Tx Power,Bandwidth,Subband BW,Subband Offset
9831.620001,55.851016,100,15,79
318.589589,28.828518,100,15,79
1144.961027,55.285113,100,15,79
6489.418681,31.125116,100,15,79
5921.177005,52.809223,100,15,79
8277.583942,48.397648,100,15,79
7893.705724,25.933443,100,15,79
803.531291,21.106050,100,15,79
9585.930348,36.783441,100,15,79
574.767757,45.031744,100,15,79
