Distance,Tx Power,Bandwidth,Subband BW,Subband Offset
4542.107594,42.004716,25,9,9
7186.665692,28.445595,25,9,9
8531.157482,59.498317,25,9,9
8770.557831,34.702652,25,9,9
7800.033722,20.309016,25,9,9
7869.809430,40.095321,25,9,9
2941.650929,17.771101,25,9,9
6148.629984,35.134853,25,9,9
3167.023665,17.169596,25,9,9
5581.574188,52.619696,25,9,9
