Distance,Tx Power,Bandwidth,Subband BW,Subband Offset
5567.204128,47.459342,100,33,24
6307.142121,25.642892,100,33,24
2930.503443,40.938184,100,33,24
1850.138684,17.817208,100,33,24
3428.450102,57.707215,100,33,24
987.585232,26.862267,100,33,24
5478.805868,16.594982,100,33,24
9427.468373,44.828471,100,33,24
1916.850001,27.031298,100,33,24
3855.583159,56.861057,100,33,24
