Distance,Tx Power,Bandwidth,Subband BW,Subband Offset
4627.315456,29.676551,100,49,28
6839.101736,53.015140,100,49,28
3011.508575,15.611307,100,49,28
6116.362337,28.543322,100,49,28
1838.067301,29.993194,100,49,28
9089.366841,42.286884,100,49,28
6457.826616,32.425772,100,49,28
5477.426734,51.248758,100,49,28
9912.501292,49.042160,100,49,28
7509.204531,43.318846,100,49,28
