Distance,Tx Power,Bandwidth,Subband BW,Subband Offset
1360.535034,22.828181,50,16,18
4865.864306,59.305758,50,16,18
5895.294260,48.334024,50,16,18
9076.832824,54.649788,50,16,18
6697.902387,25.334640,50,16,18
6117.060940,55.166884,50,16,18
1736.534706,53.082684,50,16,18
9972.526860,31.201650,50,16,18
3298.079161,49.960926,50,16,18
7163.360007,26.271582,50,16,18
