Distance,Tx Power,Bandwidth,Subband BW,Subband Offset
8782.695158,29.881532,25,20,3
9525.705534,54.230027,25,20,3
6911.099914,45.960709,25,20,3
8775.254043,52.927304,25,20,3
952.768838,35.076261,25,20,3
8129.610675,15.735630,25,20,3
105.662930,17.630672,25,20,3
4265.740440,26.190543,25,20,3
9881.756864,46.450200,25,20,3
3038.538383,31.396588,25,20,3
