Distance,Tx Power,Bandwidth,Subband BW,Subband Offset
3213.744541,57.851692,75,20,39
7707.327450,22.419932,75,20,39
9852.777997,27.782243,75,20,39
6606.608648,30.420423,75,20,39
2536.607939,19.239547,75,20,39
3681.780376,18.386280,75,20,39
2238.543130,32.499398,75,20,39
9609.492331,44.927125,75,20,39
6466.061830,58.622527,75,20,39
8026.361679,52.225225,75,20,39
