Distance,Tx Power,Bandwidth,Subband BW,Subband Offset
1949.421059,59.016738,75,9,22
8273.450381,25.586947,75,9,22
3148.709944,49.319528,75,9,22
8446.317492,51.096461,75,9,22
980.213433,39.268732,75,9,22
5431.092684,59.688134,75,9,22
3280.657431,29.597006,75,9,22
8231.057598,31.531859,75,9,22
3888.819205,33.617897,75,9,22
1711.886189,54.095549,75,9,22
