Distance,Tx Power,Bandwidth,Subband BW,Subband Offset
2331.497444,21.393517,15,7,7
3517.651131,39.830756,15,7,7
7599.520406,43.843328,15,7,7
9194.777508,53.655257,15,7,7
3841.169348,45.704349,15,7,7
4228.961945,33.954107,15,7,7
200.873486,52.116063,15,7,7
7424.802436,19.186486,15,7,7
2025.749358,50.489381,15,7,7
9077.949844,26.975252,15,7,7
