Distance,Tx Power,Bandwidth,Subband BW,Subband Offset
3820.202503,51.643962,75,36,17
6506.019497,48.139249,75,36,17
5093.752706,44.649512,75,36,17
9755.319021,44.439606,75,36,17
2596.352167,51.856978,75,36,17
5450.696154,28.108344,75,36,17
1254.558720,23.773721,75,36,17
8963.763244,45.128891,75,36,17
8562.089868,17.660126,75,36,17
9078.890361,33.662918,75,36,17
