Distance,Tx Power,Bandwidth,Subband BW,Subband Offset
693.586443,48.736400,25,14,4
7392.021573,21.499607,25,14,4
7721.366775,58.161725,25,14,4
9994.861420,31.284174,25,14,4
4153.248826,17.842834,25,14,4
1491.788058,52.102622,25,14,4
9280.480870,50.079419,25,14,4
3557.394362,25.637440,25,14,4
4714.334690,34.284451,25,14,4
7948.958540,28.321716,25,14,4
