Distance,Tx Power,Bandwidth,Subband BW,Subband Offset
3823.040335,35.804604,50,42,4
9181.694538,55.380429,50,42,4
7459.999433,56.443576,50,42,4
3483.235536,21.422683,50,42,4
5345.166347,26.569524,50,42,4
3661.251017,15.876994,50,42,4
9575.459685,41.507811,50,42,4
9977.353240,47.484318,50,42,4
7703.308720,47.459275,50,42,4
9425.703994,46.026871,50,42,4
