Distance,Tx Power,Bandwidth,Subband BW,Subband Offset
3025.585289,47.274058,50,41,5
8389.124312,37.144384,50,41,5
1812.490669,28.483873,50,41,5
4436.228209,20.902247,50,41,5
1949.109958,51.770217,50,41,5
2612.452628,56.472955,50,41,5
6212.959273,39.761794,50,41,5
2068.915536,46.292654,50,41,5
6736.841201,32.568338,50,41,5
6814.779505,58.376540,50,41,5
