Distance,Tx Power,Bandwidth,Subband BW,Subband Offset
9528.296085,22.926292,15,6,3
3103.754507,55.244954,15,6,3
5176.083682,15.821606,15,6,3
4362.170514,41.441816,15,6,3
8441.286084,45.120725,15,6,3
8668.271138,29.211882,15,6,3
697.234037,43.443773,15,6,3
1626.909223,37.523854,15,6,3
392.653568,56.930929,15,6,3
3869.399232,19.531211,15,6,3
