Distance,Tx Power,Bandwidth,Subband BW,Subband Offset
2821.227497,45.382936,100,33,61
9111.810820,43.296551,100,33,61
686.015190,49.655150,100,33,61
6062.847683,41.347275,100,33,61
3438.452999,29.158808,100,33,61
3620.698179,15.711223,100,33,61
6308.537160,29.473167,100,33,61
4096.550339,30.511438,100,33,61
1585.512240,59.026859,100,33,61
3202.072725,44.820852,100,33,61
