Distance,Tx Power,Bandwidth,Subband BW,Subband Offset
5351.163053,44.082792,75,10,44
6772.545658,56.530417,75,10,44
4982.822057,20.624618,75,10,44
3305.196972,40.520285,75,10,44
2838.596441,29.865225,75,10,44
7492.979000,36.107138,75,10,44
4664.316768,28.769132,75,10,44
2871.213661,16.857176,75,10,44
8969.856308,26.759368,75,10,44
8586.207811,53.418252,75,10,44
