Distance,Tx Power,Bandwidth,Subband BW,Subband Offset
6366.047496,37.527712,50,13,15
9969.214317,20.370841,50,13,15
2367.310764,29.533381,50,13,15
2463.771763,21.933867,50,13,15
9164.563453,54.117741,50,13,15
153.814418,48.482922,50,13,15
2017.149366,28.218699,50,13,15
1255.743022,40.075731,50,13,15
1355.017772,42.819236,50,13,15
4570.821484,33.582230,50,13,15
