Distance,Tx Power,Bandwidth,Subband BW,Subband Offset
8058.315226,15.567517,25,17,6
8881.905937,57.748016,25,17,6
1405.822890,20.494185,25,17,6
8920.700451,18.497094,25,17,6
2215.654590,51.582489,25,17,6
7588.169827,34.125571,25,17,6
4676.175988,23.709746,25,17,6
4721.330733,20.491721,25,17,6
1966.253262,48.448584,25,17,6
2170.706915,34.538965,25,17,6
