Distance,Tx Power,Bandwidth,Subband BW,Subband Offset
4849.382276,17.648648,25,12,13
8878.467693,54.519156,25,12,13
1490.241746,54.330067,25,12,13
4983.699115,39.381983,25,12,13
2080.678878,41.460529,25,12,13
8250.872548,42.112824,25,12,13
9665.225500,59.753073,25,12,13
5026.143577,33.951078,25,12,13
254.530062,58.267175,25,12,13
6638.349163,42.691474,25,12,13
