Distance,Tx Power,Bandwidth,Subband BW,Subband Offset
7809.109545,24.102313,75,29,33
9179.208095,24.561806,75,29,33
453.038213,49.684307,75,29,33
4067.521007,45.951622,75,29,33
708.498988,24.593776,75,29,33
2650.334116,16.513173,75,29,33
5582.689200,41.856631,75,29,33
7005.764242,46.151251,75,29,33
6680.058381,47.513522,75,29,33
6873.352904,15.305830,75,29,33
