Distance,Tx Power,Bandwidth,Subband BW,Subband Offset
9987.209828,31.809498,50,17,22
3648.067689,56.813093,50,17,22
6513.648362,16.247249,50,17,22
7556.482254,30.144067,50,17,22
7895.907781,43.262899,50,17,22
2768.198800,40.761193,50,17,22
6651.944029,49.431784,50,17,22
7446.289940,43.078566,50,17,22
1205.112901,49.324443,50,17,22
9633.887591,36.203626,50,17,22
