Distance,Tx Power,Bandwidth,Subband BW,Subband Offset
1143.970990,21.774770,50,26,18
638.674187,28.965143,50,26,18
4887.888189,21.426792,50,26,18
926.118461,44.313490,50,26,18
3604.699965,59.615361,50,26,18
4502.741705,58.949396,50,26,18
4893.140561,43.127180,50,26,18
1899.182163,38.398092,50,26,18
9455.772513,39.290732,50,26,18
3200.009925,39.691005,50,26,18
