Distance,Tx Power,Bandwidth,Subband BW,Subband Offset
138.896884,35.046136,75,21,49
7927.879824,51.778096,75,21,49
9171.100279,27.568923,75,21,49
5555.616904,34.320674,75,21,49
9576.099162,23.161534,75,21,49
5366.774161,18.958297,75,21,49
360.095535,19.198453,75,21,49
3791.729711,40.656393,75,21,49
3940.544614,17.274326,75,21,49
5214.895344,34.137023,75,21,49
