Distance,Tx Power,Bandwidth,Subband BW,Subband Offset
9203.642231,26.530628,75,24,51
6916.640531,20.161600,75,24,51
6807.909329,50.603681,75,24,51
7352.493165,51.691941,75,24,51
1639.590344,55.930097,75,24,51
7519.799214,57.628322,75,24,51
6475.940677,44.316607,75,24,51
2119.740208,57.904452,75,24,51
1584.953656,58.576243,75,24,51
5734.562670,23.813353,75,24,51
