Distance,Tx Power,Bandwidth,Subband BW,Subband Offset
9899.007033,15.286229,15,9,3
6217.855586,44.180821,15,9,3
1079.998230,34.257217,15,9,3
5402.221320,41.717817,15,9,3
663.261945,33.998814,15,9,3
2383.047342,29.176262,15,9,3
7949.293418,19.539510,15,9,3
9012.225699,35.543183,15,9,3
284.767579,41.813482,15,9,3
6682.263485,30.189587,15,9,3
