Distance,Tx Power,Bandwidth,Subband BW,Subband Offset
8598.976533,20.428143,50,20,30
7203.504263,53.732520,50,20,30
4259.999601,39.483566,50,20,30
6946.431044,46.039339,50,20,30
5572.606211,27.926110,50,20,30
795.922066,59.327636,50,20,30
4927.313177,20.729103,50,20,30
6014.823484,26.701389,50,20,30
8399.523516,48.693666,50,20,30
9155.086045,52.406016,50,20,30
