Distance,Tx Power,Bandwidth,Subband BW,Subband Offset
9115.829567,41.538879,100,83,5
7886.401537,58.946433,100,83,5
894.300052,55.255193,100,83,5
4695.534832,47.221478,100,83,5
5254.264366,49.690381,100,83,5
5443.850738,55.619379,100,83,5
6502.358153,50.375147,100,83,5
9809.680916,17.075358,100,83,5
9148.547341,23.416575,100,83,5
1851.973941,25.565342,100,83,5
