Distance,Tx Power,Bandwidth,Subband BW,Subband Offset
1134.989909,40.125642,50,31,16
2047.890163,35.422648,50,31,16
8470.344932,44.342174,50,31,16
4130.676959,17.233148,50,31,16
3951.767949,23.030445,50,31,16
1804.061028,24.539581,50,31,16
9482.808410,19.509786,50,31,16
2411.333768,59.333936,50,31,16
3817.815372,24.969717,50,31,16
241.439406,46.719844,50,31,16
