Distance,Tx Power,Bandwidth,Subband BW,Subband Offset
899.856256,39.323980,25,8,8
3397.805976,24.793490,25,8,8
5185.750375,48.882046,25,8,8
6266.877165,22.892789,25,8,8
9484.772204,50.533521,25,8,8
9655.377355,23.967615,25,8,8
2792.308602,25.664241,25,8,8
177.396241,32.712872,25,8,8
1407.423724,35.116918,25,8,8
9515.155734,41.893605,25,8,8
