Distance,Tx Power,Bandwidth,Subband BW,Subband Offset
4226.346312,28.852359,50,18,24
3265.405933,26.417397,50,18,24
8604.279563,39.336601,50,18,24
2619.675842,20.925832,50,18,24
2302.865993,16.683053,50,18,24
6673.299821,55.842156,50,18,24
5969.554922,53.424500,50,18,24
6909.478555,47.521043,50,18,24
3748.826169,22.612553,50,18,24
4949.629839,16.295103,50,18,24
