Distance,Tx Power,Bandwidth,Subband BW,Subband Offset
7075.789530,38.079993,25,8,15
5299.559302,21.128279,25,8,15
3583.000250,29.561296,25,8,15
400.164590,15.388710,25,8,15
8661.973518,20.320167,25,8,15
4433.110699,18.387615,25,8,15
2546.667843,50.447985,25,8,15
3500.304005,49.521569,25,8,15
2006.692546,28.468099,25,8,15
5682.465504,20.458682,25,8,15
