Distance,Tx Power,Bandwidth,Subband BW,Subband Offset
1594.900850,29.219083,25,11,1
5143.353211,47.843786,25,11,1
1078.614334,37.716799,25,11,1
6294.268510,42.844655,25,11,1
1896.573627,21.375544,25,11,1
212.561024,28.317457,25,11,1
9439.578417,27.762308,25,11,1
4390.513159,26.315706,25,11,1
842.599687,17.980907,25,11,1
9639.563413,43.537579,25,11,1
