Distance,Tx Power,Bandwidth,Subband BW,Subband Offset
3865.807787,18.079856,100,43,44
9541.923763,35.143620,100,43,44
6830.812892,28.027963,100,43,44
1196.877423,50.900971,100,43,44
8347.126198,58.358198,100,43,44
8747.365437,31.125778,100,43,44
8493.511820,42.818662,100,43,44
1995.897059,42.746200,100,43,44
6475.040474,22.647414,100,43,44
1663.792364,37.538459,100,43,44
