Distance,Tx Power,Bandwidth,Subband BW,Subband Offset
8780.659414,28.060712,75,13,55
7217.560160,24.153878,75,13,55
9037.628793,40.526403,75,13,55
6576.667144,28.256781,75,13,55
6493.863733,38.464446,75,13,55
8777.789912,57.503975,75,13,55
3268.511281,18.382159,75,13,55
8473.960992,58.425012,75,13,55
2577.012911,51.168772,75,13,55
6538.569311,23.653926,75,13,55
