Distance,Tx Power,Bandwidth,Subband BW,Subband Offset
2742.028155,21.601282,100,23,5
3688.225213,21.603326,100,23,5
7679.534991,53.616280,100,23,5
6648.416451,55.566106,100,23,5
6876.019916,37.538280,100,23,5
8593.772852,56.806171,100,23,5
4456.283190,31.558396,100,23,5
871.950110,26.711982,100,23,5
4559.475908,42.449784,100,23,5
2021.040641,30.595111,100,23,5
