Distance,Tx Power,Bandwidth,Subband BW,Subband Offset
9764.290639,58.905840,25,10,0
1231.960909,45.945460,25,10,0
4742.065370,32.533537,25,10,0
7164.599179,33.810035,25,10,0
4435.457355,50.106393,25,10,0
2871.516314,35.594831,25,10,0
3601.625096,32.634968,25,10,0
8956.422618,21.724662,25,10,0
4174.373159,45.700771,25,10,0
3256.369619,58.244697,25,10,0
