Distance,Tx Power,Bandwidth,Subband BW,Subband Offset
8649.530685,15.057698,75,49,22
6409.209213,18.504864,75,49,22
9870.308597,43.725433,75,49,22
5827.809389,28.042985,75,49,22
277.528813,49.345361,75,49,22
7083.008109,19.252801,75,49,22
1653.942322,55.566451,75,49,22
2836.980418,16.175743,75,49,22
9756.176527,37.612533,75,49,22
4377.236821,36.672636,75,49,22
