Distance,Tx Power,Bandwidth,Subband BW,Subband Offset
7373.733674,52.814821,25,19,4
6441.172290,39.570058,25,19,4
2912.360059,54.326694,25,19,4
3692.576288,26.460290,25,19,4
4706.313864,23.585964,25,19,4
4711.201635,34.882023,25,19,4
3009.867312,58.905599,25,19,4
8201.481059,33.480263,25,19,4
9801.543577,17.778229,25,19,4
7668.286875,48.689334,25,19,4
