Distance,Tx Power,Bandwidth,Subband BW,Subband Offset
930.364355,40.609936,50,14,22
1504.570164,35.328928,50,14,22
8251.348844,27.521360,50,14,22
3953.849415,29.830702,50,14,22
5942.383417,47.491503,50,14,22
2200.082110,21.654657,50,14,22
166.586659,57.425579,50,14,22
3130.251680,35.798865,50,14,22
1877.182758,19.015016,50,14,22
6791.798256,28.432105,50,14,22
