Distance,Tx Power,Bandwidth,Subband BW,Subband Offset
882.978083,21.081537,50,13,3
5847.183196,38.674196,50,13,3
4033.435845,27.125788,50,13,3
8010.668958,43.982697,50,13,3
1171.069812,41.538141,50,13,3
7468.981353,57.049944,50,13,3
5856.972612,31.142294,50,13,3
4567.961648,32.675763,50,13,3
9906.646618,52.281261,50,13,3
2401.750855,53.059935,50,13,3
