Distance,Tx Power,Bandwidth,Subband BW,Subband Offset
4556.472314,50.178894,25,6,15
6479.390676,15.335598,25,6,15
151.288257,19.092617,25,6,15
253.902699,31.224120,25,6,15
8497.551595,54.173169,25,6,15
4987.177387,18.360164,25,6,15
7637.239550,29.272709,25,6,15
8512.751710,42.568312,25,6,15
1902.553913,55.486734,25,6,15
3172.554556,42.383719,25,6,15
