Distance,Tx Power,Bandwidth,Subband BW,Subband Offset
1739.404840,52.189773,75,44,25
3471.571939,37.974798,75,44,25
8722.007885,29.460700,75,44,25
8428.527206,23.643511,75,44,25
5115.115675,20.079215,75,44,25
8879.050708,22.705424,75,44,25
3938.797483,43.784812,75,44,25
3848.716318,44.187893,75,44,25
9116.332022,48.883604,75,44,25
9449.110680,57.244450,75,44,25
