Distance,Tx Power,Bandwidth,Subband BW,Subband Offset
7523.614662,48.407153,50,30,9
3860.416935,55.997632,50,30,9
9215.790277,46.754436,50,30,9
3242.402231,47.582059,50,30,9
6977.572654,26.827951,50,30,9
2448.954259,15.641180,50,30,9
5317.376514,29.306412,50,30,9
2542.783328,19.264238,50,30,9
7126.887031,26.676916,50,30,9
3484.288610,40.667372,50,30,9
