Distance,Tx Power,Bandwidth,Subband BW,Subband Offset
7873.111671,58.835686,75,16,30
8432.181504,26.085493,75,16,30
9348.964269,54.342858,75,16,30
7833.290580,34.973548,75,16,30
5065.217561,59.862313,75,16,30
7406.979667,39.892815,75,16,30
887.596330,45.740020,75,16,30
8966.977643,38.637722,75,16,30
2513.386691,16.204154,75,16,30
4204.796176,20.548474,75,16,30
