Distance,Tx Power,Bandwidth,Subband BW,Subband Offset
187.961246,48.182823,25,24,1
2707.096078,32.008727,25,24,1
2445.865778,18.441517,25,24,1
767.461319,42.617039,25,24,1
9757.318120,22.543522,25,24,1
800.086670,35.135779,25,24,1
2584.825264,18.418752,25,24,1
753.420200,37.875045,25,24,1
2925.870980,38.679777,25,24,1
8009.860937,25.738098,25,24,1
