Distance,Tx Power,Bandwidth,Subband BW,Subband Offset
9415.737742,39.636266,25,12,4
9670.731920,49.630085,25,12,4
8539.285800,41.807587,25,12,4
5433.058746,49.568818,25,12,4
5455.939116,32.103410,25,12,4
6847.199994,57.508225,25,12,4
1841.291995,18.093474,25,12,4
3765.656001,20.939431,25,12,4
9492.556611,54.458383,25,12,4
6286.357255,28.827950,25,12,4
