Distance,Tx Power,Bandwidth,Subband BW,Subband Offset
2456.651906,18.733698,25,16,9
587.496533,58.605233,25,16,9
2437.962322,58.107684,25,16,9
7172.820541,57.143216,25,16,9
8998.908917,41.184702,25,16,9
1376.461876,16.936913,25,16,9
8480.091634,37.013848,25,16,9
1344.921278,55.277684,25,16,9
391.000972,52.257628,25,16,9
9528.237007,22.953555,25,16,9
