Distance,Tx Power,Bandwidth,Subband BW,Subband Offset
2917.765785,29.857597,25,16,6
5580.987355,28.456788,25,16,6
8274.201556,23.150244,25,16,6
906.378035,30.052707,25,16,6
5070.945204,31.691379,25,16,6
558.712229,40.066301,25,16,6
236.596263,20.252650,25,16,6
8876.165567,47.364097,25,16,6
715.934019,58.060057,25,16,6
8389.239121,35.546773,25,16,6
