Distance,Tx Power,Bandwidth,Subband BW,Subband Offset
4041.384153,41.471038,50,10,20
7098.431348,33.171947,50,10,20
6799.521216,55.532883,50,10,20
8201.950778,26.722722,50,10,20
3449.748863,54.979163,50,10,20
7295.968149,31.343097,50,10,20
8104.045873,23.524542,50,10,20
4577.260417,47.553965,50,10,20
5467.208593,23.896208,50,10,20
3550.619111,54.100871,50,10,20
