Distance,Tx Power,Bandwidth,Subband BW,Subband Offset
9943.371518,39.310316,15,8,4
9661.673987,15.234151,15,8,4
7571.933417,50.743226,15,8,4
9668.168083,54.565117,15,8,4
1375.975454,53.098880,15,8,4
5020.348755,33.365605,15,8,4
9934.000831,32.505742,15,8,4
2264.242684,43.639563,15,8,4
537.422138,58.773388,15,8,4
8645.320403,18.789985,15,8,4
