Distance,Tx Power,Bandwidth,Subband BW,Subband Offset
4939.253727,34.687743,75,36,15
7623.722173,40.570933,75,36,15
8955.831985,57.086905,75,36,15
2099.494946,31.327228,75,36,15
1910.333239,55.620443,75,36,15
1939.893893,55.970945,75,36,15
7195.329469,24.840859,75,36,15
2925.015977,45.609333,75,36,15
721.142534,39.469751,75,36,15
7273.081188,19.298310,75,36,15
