Distance,Tx Power,Bandwidth,Subband BW,Subband Offset
3400.939209,26.075255,75,8,27
1300.845958,52.914195,75,8,27
8164.458068,24.650265,75,8,27
6608.427516,49.521015,75,8,27
1912.557606,28.478743,75,8,27
2241.989130,49.664045,75,8,27
888.618271,54.697753,75,8,27
7822.032665,29.240133,75,8,27
9508.969093,36.575682,75,8,27
5245.887416,47.521774,75,8,27
