Distance,Tx Power,Bandwidth,Subband BW,Subband Offset
2765.388735,52.342072,50,11,24
207.319612,17.704965,50,11,24
1815.235204,26.077147,50,11,24
2554.460133,57.160497,50,11,24
8031.482149,45.150686,50,11,24
6859.496883,50.473725,50,11,24
5451.745713,18.243248,50,11,24
9154.006556,36.872059,50,11,24
5849.359032,28.656983,50,11,24
2637.456980,40.059560,50,11,24
