Distance,Tx Power,Bandwidth,Subband BW,Subband Offset
6081.652079,50.341660,75,36,39
7447.101063,42.520403,75,36,39
2805.733061,41.819626,75,36,39
2679.168231,55.390600,75,36,39
8298.376115,34.350167,75,36,39
991.940085,55.812902,75,36,39
5146.016952,17.751512,75,36,39
2779.268978,59.687329,75,36,39
9332.642810,47.711734,75,36,39
2571.322205,50.691289,75,36,39
