Distance,Tx Power,Bandwidth,Subband BW,Subband Offset
2549.143023,57.642811,25,16,5
7470.883064,50.293545,25,16,5
5101.106640,50.665891,25,16,5
4608.990044,29.421445,25,16,5
5195.998768,50.592667,25,16,5
1178.859655,31.840653,25,16,5
849.398884,27.517313,25,16,5
1406.732475,34.403973,25,16,5
4011.027451,43.830124,25,16,5
2907.105072,32.847106,25,16,5
