Distance,Tx Power,Bandwidth,Subband BW,Subband Offset
3484.179548,57.189097,50,42,6
1848.703906,59.589624,50,42,6
9484.690349,46.255628,50,42,6
3714.487203,29.216712,50,42,6
8336.236022,18.033475,50,42,6
930.041954,32.146217,50,42,6
3970.376027,26.192892,50,42,6
5298.289726,36.093594,50,42,6
5446.333583,53.561131,50,42,6
3554.809030,47.522544,50,42,6
