Distance,Tx Power,Bandwidth,Subband BW,Subband Offset
8455.440315,43.349164,100,8,20
4541.434401,48.746662,100,8,20
5421.627609,56.456578,100,8,20
7415.263734,47.400482,100,8,20
3330.610794,40.886155,100,8,20
2369.901878,38.325159,100,8,20
2944.985601,18.430435,100,8,20
9513.571202,58.932727,100,8,20
239.773400,39.371862,100,8,20
3438.430408,41.140141,100,8,20
