Distance,Tx Power,Bandwidth,Subband BW,Subband Offset
145.506492,37.841303,100,44,37
1497.164668,24.013942,100,44,37
9546.810801,50.178496,100,44,37
2913.031880,54.384696,100,44,37
4551.614885,23.008838,100,44,37
7979.531231,41.616566,100,44,37
7834.109495,19.743613,100,44,37
8647.565677,39.429227,100,44,37
2978.146428,48.582497,100,44,37
8405.896195,58.091224,100,44,37
