Distance,Tx Power,Bandwidth,Subband BW,Subband Offset
5137.423297,28.619116,100,25,46
2271.970277,18.292961,100,25,46
6581.094594,43.159900,100,25,46
3826.620108,47.322430,100,25,46
2535.939352,33.329477,100,25,46
2787.593467,43.535106,100,25,46
6574.744154,33.721447,100,25,46
7977.622512,27.665884,100,25,46
8560.386061,50.597586,100,25,46
6124.609934,41.804638,100,25,46
