Distance,Tx Power,Bandwidth,Subband BW,Subband Offset
4249.291313,26.445693,15,7,4
7628.614729,58.635551,15,7,4
3805.946309,24.300412,15,7,4
8929.398919,40.314681,15,7,4
8085.854257,52.405028,15,7,4
1976.749878,28.851435,15,7,4
7077.137323,56.161146,15,7,4
3559.296911,42.437161,15,7,4
5477.466851,55.844419,15,7,4
9133.410474,56.510934,15,7,4
