Distance,Tx Power,Bandwidth,Subband BW,Subband Offset
3555.744399,37.654871,25,12,8
1709.913611,28.332627,25,12,8
3438.553697,18.456864,25,12,8
6523.609325,49.039808,25,12,8
583.084853,41.906827,25,12,8
8737.555258,23.616384,25,12,8
2685.469456,32.288379,25,12,8
6676.638326,22.343551,25,12,8
5179.085653,57.124084,25,12,8
9190.467561,27.781247,25,12,8
