Distance,Tx Power,Bandwidth,Subband BW,Subband Offset
6866.488669,52.534467,25,9,8
6813.314260,21.196612,25,9,8
3729.652911,20.595979,25,9,8
2528.769373,41.557024,25,9,8
6037.471442,43.742080,25,9,8
9342.795891,28.911426,25,9,8
5946.533041,37.205647,25,9,8
7159.877594,29.017129,25,9,8
4897.876384,24.909127,25,9,8
3363.041115,22.489738,25,9,8
