Distance,Tx Power,Bandwidth,Subband BW,Subband Offset
3624.337795,23.654233,25,7,2
1486.106294,19.824469,25,7,2
2661.847821,59.297223,25,7,2
2429.374534,41.271677,25,7,2
3552.548140,15.820410,25,7,2
810.753960,17.311680,25,7,2
718.311989,30.133706,25,7,2
6546.145829,38.295585,25,7,2
3033.430369,37.659858,25,7,2
4641.129153,49.860263,25,7,2
