Distance,Tx Power,Bandwidth,Subband BW,Subband Offset
5860.479415,40.393221,50,30,10
1503.456436,36.432554,50,30,10
2848.100588,38.300469,50,30,10
848.341025,39.611243,50,30,10
9369.493030,38.545792,50,30,10
6645.561521,42.148026,50,30,10
9863.929631,17.742874,50,30,10
2684.033430,26.544857,50,30,10
8148.180506,59.615614,50,30,10
3038.180507,40.415438,50,30,10
