Distance,Tx Power,Bandwidth,Subband BW,Subband Offset
9214.035794,49.758316,15,13,2
8550.982275,44.882616,15,13,2
6578.586574,49.835680,15,13,2
7177.785574,41.250504,15,13,2
1255.381696,16.139730,15,13,2
5046.768594,58.542693,15,13,2
4400.098011,56.052718,15,13,2
5185.825284,40.442444,15,13,2
5294.036874,18.402475,15,13,2
2047.803185,31.001756,15,13,2
