Distance,Tx Power,Bandwidth,Subband BW,Subband Offset
5296.517662,20.217338,75,16,39
1467.310442,22.864726,75,16,39
8803.451560,53.725560,75,16,39
7417.649114,42.471932,75,16,39
758.033866,45.391478,75,16,39
5639.945307,38.675369,75,16,39
5228.870548,34.336297,75,16,39
1032.913302,36.130955,75,16,39
9809.688368,34.739989,75,16,39
6209.142201,32.350858,75,16,39
