Distance,Tx Power,Bandwidth,Subband BW,Subband Offset
9770.836979,48.762540,50,28,8
7486.466631,49.587486,50,28,8
1533.426872,59.786402,50,28,8
4508.697586,57.174447,50,28,8
7179.102866,42.178000,50,28,8
2191.952052,50.806311,50,28,8
1633.620881,31.245369,50,28,8
4879.302109,36.213349,50,28,8
7800.731698,48.176083,50,28,8
7080.821627,45.582704,50,28,8
