Distance,Tx Power,Bandwidth,Subband BW,Subband Offset
6720.423526,18.495445,25,18,1
5077.671958,16.383974,25,18,1
2548.216732,31.993035,25,18,1
1532.794161,49.713436,25,18,1
9992.207545,23.698473,25,18,1
6615.376789,16.878646,25,18,1
6846.342395,27.321273,25,18,1
8411.199012,54.405159,25,18,1
7902.635878,57.349690,25,18,1
2368.978334,22.233544,25,18,1
