Distance,Tx Power,Bandwidth,Subband BW,Subband Offset
9752.713909,37.483547,25,7,15
7618.041227,38.185301,25,7,15
5275.644855,57.505370,25,7,15
2438.147812,17.383595,25,7,15
1095.150259,18.992629,25,7,15
5323.542712,23.419145,25,7,15
4493.569912,37.587804,25,7,15
1690.414874,43.530004,25,7,15
2564.758668,20.641222,25,7,15
6948.718617,20.966980,25,7,15
