Distance,Tx Power,Bandwidth,Subband BW,Subband Offset
8776.137574,56.541000,100,39,47
9855.678813,44.204271,100,39,47
6885.303604,25.008768,100,39,47
1372.844712,57.815938,100,39,47
1057.542804,37.108135,100,39,47
8768.170479,22.337438,100,39,47
5458.515443,20.853346,100,39,47
5835.375439,56.847682,100,39,47
8967.075330,19.075288,100,39,47
7123.361231,49.221793,100,39,47
