Distance,Tx Power,Bandwidth,Subband BW,Subband Offset
8612.864910,33.111109,15,6,7
7406.154196,50.426709,15,6,7
5667.059127,52.319101,15,6,7
1883.070049,40.715606,15,6,7
5198.474943,35.920691,15,6,7
6654.848826,34.082412,15,6,7
8571.168113,59.742192,15,6,7
679.017676,16.006217,15,6,7
4944.289664,56.081116,15,6,7
7434.580531,16.951939,15,6,7
