Distance,Tx Power,Bandwidth,Subband BW,Subband Offset
8770.292188,29.581595,25,15,1
7299.913776,53.185334,25,15,1
7105.505854,44.302951,25,15,1
4822.633811,31.546962,25,15,1
5520.943063,38.269314,25,15,1
9772.404929,58.408235,25,15,1
7687.651164,36.902330,25,15,1
765.183768,27.057391,25,15,1
3782.293438,56.747744,25,15,1
8792.157588,43.722858,25,15,1
