Distance,Tx Power,Bandwidth,Subband BW,Subband Offset
2997.411656,58.927232,100,27,60
6278.056780,54.407093,100,27,60
8968.575395,49.533925,100,27,60
3798.585126,16.808335,100,27,60
2691.939340,49.597955,100,27,60
2378.697615,58.752508,100,27,60
6892.715901,57.137879,100,27,60
3669.839615,44.114765,100,27,60
5259.353388,44.451709,100,27,60
2304.741040,50.480103,100,27,60
