Distance,Tx Power,Bandwidth,Subband BW,Subband Offset
3617.828856,49.682958,25,11,6
1412.538723,39.798806,25,11,6
3061.616136,21.407608,25,11,6
8278.766025,28.385159,25,11,6
9971.347609,39.652453,25,11,6
4092.101088,43.557674,25,11,6
9464.476384,49.103614,25,11,6
3665.617905,30.274872,25,11,6
1127.615372,17.133212,25,11,6
9586.086589,55.376370,25,11,6
