Distance,Tx Power,Bandwidth,Subband BW,Subband Offset
5902.356387,32.225398,25,12,5
3620.949995,42.659403,25,12,5
1560.189388,57.678060,25,12,5
5615.252475,30.406975,25,12,5
7835.463192,41.202879,25,12,5
9628.241377,28.522515,25,12,5
3788.178513,20.967833,25,12,5
1391.659428,46.398457,25,12,5
912.496086,29.386155,25,12,5
4404.628697,29.033591,25,12,5
