Distance,Tx Power,Bandwidth,Subband BW,Subband Offset
2918.708713,42.756381,75,32,35
4772.880196,24.926932,75,32,35
1436.382878,25.964819,75,32,35
7027.573957,31.925082,75,32,35
5695.378754,37.117692,75,32,35
6921.455044,34.262667,75,32,35
6592.227545,56.511158,75,32,35
4079.427674,43.721532,75,32,35
9495.306538,17.326136,75,32,35
3902.706890,23.457554,75,32,35
