Distance,Tx Power,Bandwidth,Subband BW,Subband Offset
6053.067089,30.977146,100,10,12
9099.994033,21.160025,100,10,12
9082.461354,54.556709,100,10,12
5139.099511,34.003655,100,10,12
2260.016791,16.624657,100,10,12
8990.693904,26.661062,100,10,12
7512.289079,59.768412,100,10,12
7624.606234,22.503848,100,10,12
9043.639282,52.195478,100,10,12
3113.910503,56.008338,100,10,12
