Distance,Tx Power,Bandwidth,Subband BW,Subband Offset
5513.649434,56.947519,15,9,2
4936.831881,30.459702,15,9,2
1963.468911,24.301634,15,9,2
7649.812408,53.077084,15,9,2
4816.594912,52.842467,15,9,2
7623.152264,33.008701,15,9,2
3698.678859,39.492257,15,9,2
4110.460795,34.981990,15,9,2
4225.046891,15.522519,15,9,2
6004.189012,49.751981,15,9,2
