Distance,Tx Power,Bandwidth,Subband BW,Subband Offset
9649.122422,45.266670,15,9,1
9867.773337,23.180506,15,9,1
6029.070378,58.546849,15,9,1
2505.341769,24.264058,15,9,1
8130.007846,48.249874,15,9,1
7795.833416,30.188824,15,9,1
640.715086,42.805591,15,9,1
2010.151209,24.786857,15,9,1
8469.686571,41.534261,15,9,1
3641.196043,27.892101,15,9,1
