Distance,Tx Power,Bandwidth,Subband BW,Subband Offset
7409.702524,21.584823,25,7,4
3270.480712,43.288042,25,7,4
7587.827025,35.173555,25,7,4
214.618258,52.198946,25,7,4
2291.031468,31.425946,25,7,4
2593.147589,22.000074,25,7,4
3407.203381,16.319786,25,7,4
8463.408323,48.505884,25,7,4
821.095286,52.211572,25,7,4
5514.133765,36.055415,25,7,4
