Distance,Tx Power,Bandwidth,Subband BW,Subband Offset
432.740429,29.004769,75,29,24
3007.801624,16.552887,75,29,24
9272.480424,16.011203,75,29,24
3268.133740,43.263740,75,29,24
1820.765793,25.414863,75,29,24
3427.761765,53.681404,75,29,24
2645.737795,18.062616,75,29,24
920.824354,41.754322,75,29,24
5892.712504,45.486205,75,29,24
1737.729720,51.927426,75,29,24
