Distance,Tx Power,Bandwidth,Subband BW,Subband Offset
464.037258,54.623786,25,12,4
3604.260305,19.020748,25,12,4
9830.942673,35.261327,25,12,4
7839.167504,16.771588,25,12,4
7560.508599,21.196503,25,12,4
3451.712436,43.226721,25,12,4
2241.442689,36.865609,25,12,4
3989.804094,43.926118,25,12,4
321.524949,29.960106,25,12,4
5020.670054,48.726025,25,12,4
