Distance,Tx Power,Bandwidth,Subband BW,Subband Offset
4428.956948,26.276033,100,51,47
6055.648185,27.435667,100,51,47
9944.206088,56.181127,100,51,47
3815.553433,38.542161,100,51,47
2339.019306,47.438011,100,51,47
2697.850975,24.597487,100,51,47
6657.868623,55.033785,100,51,47
3516.123366,18.139492,100,51,47
301.627787,41.847254,100,51,47
7496.712693,50.229344,100,51,47
