Distance,Tx Power,Bandwidth,Subband BW,Subband Offset
7437.524057,54.262835,15,12,0
3784.180460,27.090689,15,12,0
5653.521676,36.863122,15,12,0
4850.379298,19.641302,15,12,0
9524.673509,43.648925,15,12,0
3420.098106,48.833488,15,12,0
8648.384566,23.537828,15,12,0
5809.891225,44.302953,15,12,0
9573.946208,41.979475,15,12,0
5752.574933,40.537879,15,12,0
