Distance,Tx Power,Bandwidth,Subband BW,Subband Offset
1830.298459,20.630151,25,16,0
9043.673470,43.483614,25,16,0
9300.568194,50.581797,25,16,0
5330.466237,34.998611,25,16,0
2882.100532,33.985275,25,16,0
8835.444525,21.499753,25,16,0
6301.340112,41.310608,25,16,0
1145.361829,36.982745,25,16,0
1625.828972,38.477134,25,16,0
1556.218842,44.745763,25,16,0
