Distance,Tx Power,Bandwidth,Subband BW,Subband Offset
919.472269,26.184659,100,80,13
2906.714402,53.447772,100,80,13
2882.519666,32.242500,100,80,13
1205.523941,47.557864,100,80,13
1340.901929,51.815309,100,80,13
3329.509450,44.562418,100,80,13
9633.717974,17.784416,100,80,13
8875.617411,50.383793,100,80,13
7292.789721,58.035533,100,80,13
9877.412730,32.077796,100,80,13
