Distance,Tx Power,Bandwidth,Subband BW,Subband Offset
9882.569437,39.395487,25,21,1
8119.763413,28.329273,25,21,1
9415.551302,19.189956,25,21,1
8066.199453,43.283999,25,21,1
7165.574584,59.010271,25,21,1
7815.604132,42.441268,25,21,1
7894.318421,25.875528,25,21,1
4841.520525,27.078406,25,21,1
8635.155472,34.863535,25,21,1
7999.526464,28.613961,25,21,1
