Distance,Tx Power,Bandwidth,Subband BW,Subband Offset
1620.520666,31.682853,50,17,30
7728.211760,31.291456,50,17,30
8060.736799,59.311304,50,17,30
676.441938,45.417281,50,17,30
6503.209954,36.641473,50,17,30
9628.420084,35.027890,50,17,30
6334.022527,37.110439,50,17,30
4975.984766,44.535698,50,17,30
8754.775213,42.613151,50,17,30
3793.334233,26.685813,50,17,30
