Distance,Tx Power,Bandwidth,Subband BW,Subband Offset
9840.012115,49.416371,15,8,4
3207.616782,54.081651,15,8,4
1557.718746,48.322052,15,8,4
8168.140446,28.551165,15,8,4
4933.142129,35.976006,15,8,4
5366.325403,28.067690,15,8,4
9608.986306,24.952128,15,8,4
8478.511063,54.581027,15,8,4
7462.351581,44.227430,15,8,4
7719.005812,59.648769,15,8,4
