Distance,Tx Power,Bandwidth,Subband BW,Subband Offset
7171.251045,46.027292,75,39,4
8672.012744,16.404676,75,39,4
2492.613159,30.364015,75,39,4
4382.533157,49.958455,75,39,4
7156.603019,43.763939,75,39,4
4408.491668,36.747270,75,39,4
410.413231,23.472272,75,39,4
4109.676345,29.342115,75,39,4
8111.919074,29.304175,75,39,4
8218.712337,15.959430,75,39,4
