Distance,Tx Power,Bandwidth,Subband BW,Subband Offset
6652.658766,48.896662,100,37,41
6512.550293,40.423058,100,37,41
5973.820203,45.945852,100,37,41
974.342800,40.101225,100,37,41
4848.636985,32.028559,100,37,41
6089.177216,27.427750,100,37,41
6872.225134,42.717748,100,37,41
1939.799990,38.706469,100,37,41
3371.161169,39.430740,100,37,41
8800.976799,35.756190,100,37,41
