Distance,Tx Power,Bandwidth,Subband BW,Subband Offset
5839.239625,40.881784,100,65,3
9483.162023,44.884740,100,65,3
4605.044841,51.162336,100,65,3
7888.948844,51.144101,100,65,3
5630.858786,46.114978,100,65,3
8347.187809,56.876234,100,65,3
8324.355914,54.475344,100,65,3
5774.402228,28.960569,100,65,3
8755.069264,45.450185,100,65,3
1100.212616,31.638940,100,65,3
