Distance,Tx Power,Bandwidth,Subband BW,Subband Offset
3253.839247,20.028335,25,12,9
5952.875356,24.838136,25,12,9
6968.210473,34.360071,25,12,9
3053.163351,33.636937,25,12,9
1763.873911,53.546160,25,12,9
182.312298,45.852557,25,12,9
4289.911723,43.063688,25,12,9
332.160657,44.109168,25,12,9
4217.016631,19.991409,25,12,9
3840.495077,53.976798,25,12,9
