Distance,Tx Power,Bandwidth,Subband BW,Subband Offset
8061.950334,26.901397,100,33,26
9971.718598,51.880032,100,33,26
4111.871508,53.556949,100,33,26
7384.477967,29.328653,100,33,26
8211.417752,26.996186,100,33,26
7723.937770,38.365188,100,33,26
8870.051164,58.694256,100,33,26
3647.183847,56.285169,100,33,26
5884.742415,16.114660,100,33,26
1799.027656,35.419621,100,33,26
