Distance,Tx Power,Bandwidth,Subband BW,Subband Offset
1383.899934,41.498069,75,10,15
3724.267275,50.907321,75,10,15
9946.251543,18.188754,75,10,15
8855.826170,20.522955,75,10,15
2993.807698,22.094388,75,10,15
7628.223423,20.904913,75,10,15
3366.644994,19.576680,75,10,15
8722.610648,35.917394,75,10,15
2226.206319,24.669455,75,10,15
3328.485851,43.467821,75,10,15
