Distance,Tx Power,Bandwidth,Subband BW,Subband Offset
3423.591499,51.758938,100,61,24
3559.066093,21.301759,100,61,24
5918.732769,42.860991,100,61,24
2770.837525,16.494505,100,61,24
561.829140,34.145818,100,61,24
5818.591087,39.905962,100,61,24
4171.708221,50.809257,100,61,24
1226.655082,46.450078,100,61,24
8730.155622,49.619158,100,61,24
8069.586881,29.838104,100,61,24
