Distance,Tx Power,Bandwidth,Subband BW,Subband Offset
6643.756057,57.759867,50,16,22
1972.884499,18.402147,50,16,22
8779.711117,19.626963,50,16,22
1717.114602,41.882302,50,16,22
5338.696668,16.716639,50,16,22
8242.378079,19.835091,50,16,22
9384.143757,20.527938,50,16,22
7552.696295,47.920883,50,16,22
5625.022586,37.121757,50,16,22
4016.947006,37.128661,50,16,22
