Distance,Tx Power,Bandwidth,Subband BW,Subband Offset
9797.725482,29.556408,15,14,1
1433.141209,19.263152,15,14,1
4502.815055,57.283311,15,14,1
568.799154,58.992454,15,14,1
2667.602713,58.820733,15,14,1
7881.075703,15.491810,15,14,1
4817.407560,57.390924,15,14,1
7895.494867,22.989446,15,14,1
9861.532144,54.377224,15,14,1
9497.734059,49.658470,15,14,1
