Distance,Tx Power,Bandwidth,Subband BW,Subband Offset
5494.785017,33.390903,100,78,19
9281.931828,56.200384,100,78,19
9168.879642,35.316412,100,78,19
6140.377169,25.104577,100,78,19
101.725729,22.317942,100,78,19
5055.384390,48.057716,100,78,19
7287.419099,22.420253,100,78,19
5511.715155,20.966819,100,78,19
8328.051769,40.132964,100,78,19
8159.882591,37.802511,100,78,19
