Distance,Tx Power,Bandwidth,Subband BW,Subband Offset
8199.173078,51.132680,100,77,7
5535.629244,28.117306,100,77,7
3679.672257,36.946260,100,77,7
6591.703206,35.736074,100,77,7
3251.052691,22.214406,100,77,7
2534.590542,46.916608,100,77,7
8298.972031,22.778136,100,77,7
2127.750187,57.712642,100,77,7
2258.355856,22.116332,100,77,7
9095.543210,26.862444,100,77,7
