Distance,Tx Power,Bandwidth,Subband BW,Subband Offset
2664.487287,15.367834,100,55,33
4091.492001,21.250963,100,55,33
509.868640,53.704997,100,55,33
181.694323,22.648341,100,55,33
4896.847469,42.545055,100,55,33
111.452405,46.644880,100,55,33
9091.968434,22.022410,100,55,33
4944.596707,18.157481,100,55,33
2812.247833,31.292252,100,55,33
4971.620017,45.110227,100,55,33
