Distance,Tx Power,Bandwidth,Subband BW,Subband Offset
6378.663074,23.503000,25,18,7
8120.522548,17.607674,25,18,7
9060.323099,59.976877,25,18,7
6891.036450,32.785090,25,18,7
1453.774741,15.619305,25,18,7
7686.610010,54.968256,25,18,7
8352.085582,41.931077,25,18,7
5448.817773,17.410067,25,18,7
6960.848559,28.642691,25,18,7
1690.951448,22.585735,25,18,7
