Distance,Tx Power,Bandwidth,Subband BW,Subband Offset
9184.802135,53.365935,25,7,11
7713.011707,42.876106,25,7,11
4113.437454,56.857658,25,7,11
3916.177992,34.240765,25,7,11
4031.930766,42.333399,25,7,11
5015.252208,17.130702,25,7,11
3463.048934,45.379979,25,7,11
7777.196410,49.606100,25,7,11
4035.908749,54.915824,25,7,11
1639.169784,20.589391,25,7,11
