Distance,Tx Power,Bandwidth,Subband BW,Subband Offset
8332.782308,58.937156,100,7,88
8335.534465,35.696868,100,7,88
2228.944487,30.544072,100,7,88
8371.043639,44.852280,100,7,88
5446.726445,25.649455,100,7,88
3204.851601,31.230762,100,7,88
5700.004899,42.884807,100,7,88
894.636396,24.741147,100,7,88
6703.459044,56.849786,100,7,88
5374.010486,28.002224,100,7,88
