Distance,Tx Power,Bandwidth,Subband BW,Subband Offset
7655.634633,56.887245,75,11,45
5477.317519,52.980167,75,11,45
3054.367877,56.938618,75,11,45
8961.086761,45.669281,75,11,45
2725.035214,51.177575,75,11,45
6835.484166,54.682686,75,11,45
8051.514614,15.500524,75,11,45
8956.867674,47.931759,75,11,45
5418.923541,42.348425,75,11,45
7208.737153,17.166807,75,11,45
