Distance,Tx Power,Bandwidth,Subband BW,Subband Offset
9775.145743,32.276424,75,12,17
7090.881046,32.089509,75,12,17
706.545694,52.617570,75,12,17
4029.368263,24.385741,75,12,17
364.171048,18.760016,75,12,17
8197.901937,38.923548,75,12,17
8321.766190,32.692685,75,12,17
6019.685972,45.478504,75,12,17
6891.275492,46.305526,75,12,17
773.738851,36.748542,75,12,17
