Distance,Tx Power,Bandwidth,Subband BW,Subband Offset
5811.339463,52.430034,100,6,70
3822.135476,53.151089,100,6,70
7452.682923,21.113244,100,6,70
3264.895163,22.529443,100,6,70
6145.364676,26.199989,100,6,70
3086.189668,32.950382,100,6,70
7584.329146,15.548497,100,6,70
386.817978,33.677320,100,6,70
6575.234570,18.677102,100,6,70
1306.589760,43.403516,100,6,70
