Distance,Tx Power,Bandwidth,Subband BW,Subband Offset
6733.913297,26.094176,15,10,0
8201.046976,17.856302,15,10,0
4591.873653,34.549724,15,10,0
3976.990673,24.189631,15,10,0
2805.251426,45.108575,15,10,0
300.382193,35.060539,15,10,0
7531.698194,34.581222,15,10,0
8907.823466,19.655201,15,10,0
8311.572024,34.432913,15,10,0
5998.390096,41.585021,15,10,0
