Distance,Tx Power,Bandwidth,Subband BW,Subband Offset
3544.516055,23.873138,50,21,25
8152.823638,54.157469,50,21,25
1164.255094,18.426822,50,21,25
7257.870859,24.993600,50,21,25
2170.617983,59.990214,50,21,25
3531.584983,19.687204,50,21,25
8318.397288,41.823531,50,21,25
3182.609556,18.309988,50,21,25
8989.693848,54.497209,50,21,25
5332.914806,54.328232,50,21,25
