Distance,Tx Power,Bandwidth,Subband BW,Subband Offset
7890.034826,49.779282,100,61,10
364.054158,50.115983,100,61,10
2689.349092,27.666810,100,61,10
4588.151569,24.959486,100,61,10
549.929231,23.720979,100,61,10
5365.912514,31.201083,100,61,10
8742.292152,31.039457,100,61,10
7917.707550,44.889082,100,61,10
1488.729260,21.842893,100,61,10
1502.966154,20.812840,100,61,10
