Distance,Tx Power,Bandwidth,Subband BW,Subband Offset
2535.567961,58.343283,75,6,18
6390.331448,54.475697,75,6,18
773.047324,16.008945,75,6,18
5880.800326,18.011852,75,6,18
4231.863083,48.991109,75,6,18
9266.299640,37.775810,75,6,18
8717.216671,41.987159,75,6,18
716.216628,54.030731,75,6,18
5375.347904,32.511804,75,6,18
7459.576337,58.605256,75,6,18
