Distance,Tx Power,Bandwidth,Subband BW,Subband Offset
4856.208073,46.811600,50,9,5
4874.747734,49.580812,50,9,5
1976.345756,27.560186,50,9,5
8881.065686,58.038872,50,9,5
995.700352,59.878609,50,9,5
997.414207,58.098271,50,9,5
4825.698638,37.896781,50,9,5
4640.394733,50.943566,50,9,5
8469.258075,59.214651,50,9,5
319.500341,47.868066,50,9,5
