Distance,Tx Power,Bandwidth,Subband BW,Subband Offset
5969.750107,22.674267,15,6,6
1048.244870,39.410263,15,6,6
7472.836562,56.614397,15,6,6
6002.404081,39.727305,15,6,6
4231.662238,25.025198,15,6,6
4413.695048,35.830271,15,6,6
7504.313078,27.692424,15,6,6
6036.576063,48.355036,15,6,6
367.617663,42.223976,15,6,6
8499.945964,56.457164,15,6,6
