Distance,Tx Power,Bandwidth,Subband BW,Subband Offset
1044.941161,33.434497,50,15,9
6752.471686,54.288221,50,15,9
8839.115772,40.941293,50,15,9
4443.395589,37.007663,50,15,9
2010.222527,51.554804,50,15,9
7204.168007,55.611428,50,15,9
8667.181121,53.142610,50,15,9
6312.815236,37.246027,50,15,9
9948.491162,39.997321,50,15,9
910.328110,45.695356,50,15,9
