Distance,Tx Power,Bandwidth,Subband BW,Subband Offset
198.574337,40.318143,25,14,5
4472.009185,41.146916,25,14,5
6963.569427,33.240514,25,14,5
2347.797640,43.054309,25,14,5
9593.713588,15.801487,25,14,5
9274.774198,18.772177,25,14,5
6204.716446,58.021303,25,14,5
5193.828706,28.695281,25,14,5
8385.648849,30.235630,25,14,5
482.518654,51.578328,25,14,5
