Distance,Tx Power,Bandwidth,Subband BW,Subband Offset
756.658396,37.659065,100,21,69
3674.660760,33.367855,100,21,69
8936.912913,26.407273,100,21,69
8241.618970,15.588819,100,21,69
6304.634043,31.351802,100,21,69
5839.406549,22.922131,100,21,69
2306.585542,21.008340,100,21,69
7426.169338,50.722045,100,21,69
8728.880909,25.015645,100,21,69
2028.218390,30.859861,100,21,69
