Distance,Tx Power,Bandwidth,Subband BW,Subband Offset
1095.159017,23.395889,75,34,30
1615.581288,49.914844,75,34,30
3940.490597,52.267358,75,34,30
2766.757941,41.738530,75,34,30
5996.578992,56.590888,75,34,30
396.168743,23.018712,75,34,30
7845.494322,49.614779,75,34,30
902.180274,17.440273,75,34,30
1153.421974,30.774222,75,34,30
4080.575153,47.159840,75,34,30
