Distance,Tx Power,Bandwidth,Subband BW,Subband Offset
2852.767671,33.821375,50,9,3
5335.758803,37.238841,50,9,3
8187.099059,56.350320,50,9,3
6588.969070,23.738962,50,9,3
9714.013487,21.327586,50,9,3
2161.704838,51.421392,50,9,3
2462.196195,23.408711,50,9,3
823.339916,25.835741,50,9,3
9871.803059,18.959713,50,9,3
7600.016688,40.397752,50,9,3
