Distance,Tx Power,Bandwidth,Subband BW,Subband Offset
9473.025908,54.317089,100,78,12
722.614233,25.274303,100,78,12
7153.376822,54.687588,100,78,12
7193.243378,25.299133,100,78,12
1335.023504,38.224982,100,78,12
7269.019046,16.110967,100,78,12
8126.964157,29.994801,100,78,12
6201.194394,49.863448,100,78,12
9517.504972,49.346655,100,78,12
5872.032529,45.047916,100,78,12
