Distance,Tx Power,Bandwidth,Subband BW,Subband Offset
8890.315972,48.436764,75,32,10
4627.781336,54.049242,75,32,10
752.136639,40.979534,75,32,10
5359.292016,38.788605,75,32,10
3538.922126,52.860333,75,32,10
7587.465567,41.243743,75,32,10
9860.237381,35.122301,75,32,10
4923.808696,40.928881,75,32,10
8708.825819,27.143880,75,32,10
9226.697306,56.359276,75,32,10
