Distance,Tx Power,Bandwidth,Subband BW,Subband Offset
5536.673898,23.186712,100,22,41
7735.042786,44.411998,100,22,41
2013.910446,28.152515,100,22,41
1284.321679,17.812583,100,22,41
2446.431392,44.091349,100,22,41
6713.425557,35.574692,100,22,41
8055.092633,33.836114,100,22,41
9472.486724,22.405537,100,22,41
8072.289600,53.444761,100,22,41
1794.919316,19.742288,100,22,41
