Distance,Tx Power,Bandwidth,Subband BW,Subband Offset
360.904147,54.961005,50,19,12
3451.355137,34.109751,50,19,12
4958.887863,27.914098,50,19,12
986.931425,26.652279,50,19,12
5412.295900,30.092601,50,19,12
8299.873482,36.341631,50,19,12
4591.876191,39.151262,50,19,12
2316.212476,22.187922,50,19,12
4469.618568,22.534875,50,19,12
1689.210360,51.714589,50,19,12
