Distance,Tx Power,Bandwidth,Subband BW,Subband Offset
4546.796810,50.068821,100,38,24
6226.709288,43.577911,100,38,24
4573.193817,26.837486,100,38,24
4367.520436,36.480817,100,38,24
8450.330890,59.532237,100,38,24
6169.383609,53.848322,100,38,24
3742.869762,31.937999,100,38,24
2460.783990,30.408775,100,38,24
6276.700047,27.280870,100,38,24
7539.705817,55.558675,100,38,24
