Distance,Tx Power,Bandwidth,Subband BW,Subband Offset
6886.632831,31.462620,25,11,12
3882.328155,51.590355,25,11,12
8512.228608,56.951031,25,11,12
9437.581127,52.136420,25,11,12
4863.971291,42.996625,25,11,12
5519.689780,47.588373,25,11,12
1072.788933,16.355571,25,11,12
6873.371099,55.409938,25,11,12
1045.285611,22.056685,25,11,12
7164.805767,41.487692,25,11,12
