Distance,Tx Power,Bandwidth,Subband BW,Subband Offset
4922.920932,18.877815,25,11,10
802.836811,52.923365,25,11,10
7591.545484,39.263216,25,11,10
2062.915822,57.986817,25,11,10
1264.505992,28.898897,25,11,10
8187.250486,29.241845,25,11,10
3528.806195,59.079629,25,11,10
3482.113116,18.680015,25,11,10
5220.295194,55.023857,25,11,10
4858.609776,36.918500,25,11,10
