Distance,Tx Power,Bandwidth,Subband BW,Subband Offset
5729.992134,51.115150,75,33,8
666.998180,32.252261,75,33,8
3539.805404,17.573229,75,33,8
2235.036166,18.180195,75,33,8
964.130644,34.016229,75,33,8
259.933443,19.161126,75,33,8
7340.668743,30.256009,75,33,8
1377.174844,35.820179,75,33,8
9351.869530,15.344891,75,33,8
5130.412173,24.440057,75,33,8
