Distance,Tx Power,Bandwidth,Subband BW,Subband Offset
1048.182551,41.309035,100,12,14
3581.113598,58.421197,100,12,14
8033.471002,33.161471,100,12,14
220.336321,56.875425,100,12,14
5517.453996,32.248785,100,12,14
9492.039029,34.041919,100,12,14
8614.024769,34.351865,100,12,14
6199.643427,18.003433,100,12,14
5022.059480,28.412179,100,12,14
4851.930358,31.602283,100,12,14
