Distance,Tx Power,Bandwidth,Subband BW,Subband Offset
5331.348495,53.872624,50,8,12
269.332258,30.953873,50,8,12
9826.452718,15.235701,50,8,12
4124.709091,42.797293,50,8,12
6497.302588,28.717453,50,8,12
8509.893941,53.830855,50,8,12
3562.996794,53.986564,50,8,12
9447.088069,31.002726,50,8,12
4873.424218,39.196924,50,8,12
8086.669625,32.322432,50,8,12
