Distance,Tx Power,Bandwidth,Subband BW,Subband Offset
6610.074800,18.986874,25,6,7
3105.336807,44.878824,25,6,7
8414.436981,20.245615,25,6,7
9980.455257,32.527184,25,6,7
346.436720,22.690549,25,6,7
6841.443737,56.445780,25,6,7
861.370736,37.362271,25,6,7
6398.712666,43.639251,25,6,7
6193.910667,41.731765,25,6,7
2131.026883,45.120381,25,6,7
