Distance,Tx Power,Bandwidth,Subband BW,Subband Offset
5555.561828,56.517904,15,13,0
8404.876108,37.159809,15,13,0
3179.528954,40.690253,15,13,0
9998.556835,39.751465,15,13,0
8875.382023,37.774721,15,13,0
8852.211160,36.223902,15,13,0
9358.751265,27.303398,15,13,0
3902.665319,23.962002,15,13,0
1954.344868,15.040675,15,13,0
4627.368401,21.596761,15,13,0
