Distance,Tx Power,Bandwidth,Subband BW,Subband Offset
9131.453417,38.056391,100,63,9
9799.188595,36.089833,100,63,9
7548.006721,57.640443,100,63,9
1917.691683,18.085163,100,63,9
707.972413,17.398403,100,63,9
1652.027282,28.959324,100,63,9
7374.511214,51.374311,100,63,9
4587.941097,35.267307,100,63,9
826.637560,54.013595,100,63,9
3459.530550,57.299305,100,63,9
