Distance,Tx Power,Bandwidth,Subband BW,Subband Offset
5889.158744,41.131556,25,7,5
5620.603115,46.413864,25,7,5
6065.449556,34.147383,25,7,5
462.273414,27.422080,25,7,5
2252.727440,19.061491,25,7,5
6313.986681,44.537383,25,7,5
7416.231298,40.136497,25,7,5
7260.681054,21.917335,25,7,5
3244.836746,29.088703,25,7,5
282.859978,53.021817,25,7,5
