Distance,Tx Power,Bandwidth,Subband BW,Subband Offset
3030.561334,49.018360,75,19,41
4127.059432,40.043201,75,19,41
7661.302068,36.185152,75,19,41
5552.921844,56.189630,75,19,41
7716.501716,17.802654,75,19,41
4758.330072,21.946468,75,19,41
146.416495,37.826325,75,19,41
6102.062318,58.645539,75,19,41
9905.111681,44.921328,75,19,41
2423.233963,48.860847,75,19,41
