Distance,Tx Power,Bandwidth,Subband BW,Subband Offset
1115.231439,44.941709,75,23,21
8066.993601,29.599144,75,23,21
2207.985502,34.578288,75,23,21
6452.702359,32.895030,75,23,21
6927.871912,56.096969,75,23,21
4692.973909,31.273309,75,23,21
489.225067,34.533483,75,23,21
8796.606903,24.983780,75,23,21
2395.997030,58.496740,75,23,21
2998.340084,52.355851,75,23,21
