Distance,Tx Power,Bandwidth,Subband BW,Subband Offset
7432.535659,54.870049,100,12,13
5098.117685,46.508677,100,12,13
3729.068049,48.686900,100,12,13
6416.884988,53.088459,100,12,13
8854.457400,41.855217,100,12,13
5359.510410,48.520415,100,12,13
6274.094957,30.284028,100,12,13
1733.284167,47.081769,100,12,13
7161.049978,19.135225,100,12,13
3748.009554,41.712540,100,12,13
