Distance,Tx Power,Bandwidth,Subband BW,Subband Offset
6333.208740,31.242825,100,12,46
6456.280940,37.757869,100,12,46
2145.256853,52.444026,100,12,46
5721.133386,48.556174,100,12,46
6933.272896,22.204265,100,12,46
9613.081512,36.172967,100,12,46
4237.620272,54.858940,100,12,46
8210.292971,27.390592,100,12,46
9280.183726,55.497259,100,12,46
5552.693431,20.461954,100,12,46
