Distance,Tx Power,Bandwidth,Subband BW,Subband Offset
3290.338227,22.354266,15,7,2
4659.133396,49.422106,15,7,2
5859.182832,49.152732,15,7,2
7112.299502,49.174352,15,7,2
1006.420554,57.390537,15,7,2
8207.122087,27.356378,15,7,2
6412.933600,32.190301,15,7,2
1240.732082,38.882875,15,7,2
6253.763483,53.805029,15,7,2
3997.192189,54.665562,15,7,2
