Distance,Tx Power,Bandwidth,Subband BW,Subband Offset
1637.064429,59.137223,50,10,36
3691.588537,24.647587,50,10,36
9496.566153,18.427783,50,10,36
3890.474754,43.726900,50,10,36
4755.040232,42.059351,50,10,36
7556.841219,21.792381,50,10,36
9048.470665,59.016238,50,10,36
5170.868459,55.870936,50,10,36
9527.664746,45.727509,50,10,36
4817.607523,29.038647,50,10,36
