Distance,Tx Power,Bandwidth,Subband BW,Subband Offset
3105.726324,53.924899,100,46,54
9945.923719,16.358702,100,46,54
3220.015590,35.281924,100,46,54
5538.688174,33.007826,100,46,54
3666.211215,41.533023,100,46,54
3238.633952,22.098524,100,46,54
3887.483253,40.109758,100,46,54
6428.647892,44.833107,100,46,54
2374.329225,44.340843,100,46,54
161.940940,37.178921,100,46,54
