Distance,Tx Power,Bandwidth,Subband BW,Subband Offset
6530.815947,26.066477,75,10,16
6682.182044,22.145713,75,10,16
7540.522123,56.086285,75,10,16
799.568877,16.613822,75,10,16
9332.599616,21.826056,75,10,16
6303.288333,42.577832,75,10,16
2009.251369,23.542501,75,10,16
3345.225318,31.235203,75,10,16
9635.204445,24.474031,75,10,16
933.549656,38.039556,75,10,16
