Distance,Tx Power,Bandwidth,Subband BW,Subband Offset
9910.468955,40.683059,25,15,1
5519.397677,20.131033,25,15,1
5293.519555,47.153066,25,15,1
8689.994970,52.435859,25,15,1
459.784727,50.799063,25,15,1
3648.744514,57.143588,25,15,1
3273.185747,44.144487,25,15,1
7392.927438,23.728221,25,15,1
2592.591026,41.624570,25,15,1
8460.998017,30.500216,25,15,1
