Distance,Tx Power,Bandwidth,Subband BW,Subband Offset
1875.979798,50.978490,15,9,2
1049.467436,20.703633,15,9,2
3509.591773,23.468726,15,9,2
5148.302331,37.243208,15,9,2
2670.431643,36.247565,15,9,2
1794.106175,50.800039,15,9,2
6595.710892,56.517419,15,9,2
612.061237,29.498045,15,9,2
4715.702359,58.295770,15,9,2
5918.555551,48.245282,15,9,2
