Distance,Tx Power,Bandwidth,Subband BW,Subband Offset
5365.835749,54.403633,15,6,4
9826.788406,49.826280,15,6,4
7548.051073,26.161005,15,6,4
5397.792749,16.987475,15,6,4
3542.361675,23.436855,15,6,4
7744.061118,15.279835,15,6,4
2594.197645,47.736575,15,6,4
7786.591690,17.202371,15,6,4
5715.294147,54.520446,15,6,4
2758.311818,28.319666,15,6,4
