Distance,Tx Power,Bandwidth,Subband BW,Subband Offset
4991.386549,51.727547,100,20,2
7352.764016,47.052547,100,20,2
3079.874788,31.123826,100,20,2
2794.242588,22.083192,100,20,2
4145.614943,41.230521,100,20,2
3925.670293,36.176105,100,20,2
6363.540470,44.267723,100,20,2
1580.663786,54.903210,100,20,2
9162.933377,21.928632,100,20,2
7537.544719,32.665796,100,20,2
