Distance,Tx Power,Bandwidth,Subband BW,Subband Offset
4062.511961,54.305567,75,48,11
4877.799190,30.502067,75,48,11
5241.797060,50.403749,75,48,11
3819.880988,37.707177,75,48,11
4762.547552,21.418647,75,48,11
9100.613579,16.347271,75,48,11
5883.017032,18.176904,75,48,11
143.731362,39.600604,75,48,11
5577.120527,33.679456,75,48,11
9747.267374,55.613805,75,48,11
