Distance,Tx Power,Bandwidth,Subband BW,Subband Offset
5296.091009,51.300943,100,25,53
1393.503619,23.696275,100,25,53
6912.057127,37.009670,100,25,53
8072.157601,59.552147,100,25,53
3485.198697,57.358570,100,25,53
8828.378857,48.711228,100,25,53
9392.343977,46.933603,100,25,53
3673.584455,59.059537,100,25,53
6834.022715,31.768432,100,25,53
2384.235456,34.247322,100,25,53
