Distance,Tx Power,Bandwidth,Subband BW,Subband Offset
9794.637896,16.483779,50,13,24
891.828055,41.565947,50,13,24
1947.565445,40.477530,50,13,24
2684.722545,22.890900,50,13,24
3793.467981,46.847697,50,13,24
9151.778439,39.355208,50,13,24
9428.491394,41.594945,50,13,24
8050.903657,15.830196,50,13,24
199.608395,22.674020,50,13,24
9040.560777,24.820882,50,13,24
