Distance,Tx Power,Bandwidth,Subband BW,Subband Offset
4701.919351,39.388722,25,13,6
291.107159,40.436224,25,13,6
5648.466718,21.782255,25,13,6
8214.995979,21.945731,25,13,6
2275.048209,45.136465,25,13,6
4723.841865,17.532561,25,13,6
9410.408011,16.923157,25,13,6
9877.262157,18.404349,25,13,6
4480.742651,56.846104,25,13,6
8344.312394,42.357331,25,13,6
