Distance,Tx Power,Bandwidth,Subband BW,Subband Offset
2027.184006,32.011720,100,18,57
5337.215523,52.521545,100,18,57
1665.309061,22.601117,100,18,57
9967.229051,47.955985,100,18,57
7275.551621,19.712793,100,18,57
6684.818011,54.614591,100,18,57
3398.149660,25.591099,100,18,57
5949.935928,34.963475,100,18,57
1809.933760,53.600038,100,18,57
3056.786328,23.729704,100,18,57
