Distance,Tx Power,Bandwidth,Subband BW,Subband Offset
6234.776609,51.746732,50,6,42
7527.425508,50.688125,50,6,42
9695.331724,47.077875,50,6,42
9279.908696,43.269792,50,6,42
223.775298,16.325260,50,6,42
4348.436939,25.775532,50,6,42
5622.872162,29.893150,50,6,42
3942.294955,34.486695,50,6,42
5274.805878,55.652456,50,6,42
9114.443825,23.384770,50,6,42
