Distance,Tx Power,Bandwidth,Subband BW,Subband Offset
3907.528541,39.087392,15,9,2
4623.829860,33.055580,15,9,2
2304.192742,33.354877,15,9,2
9976.936825,28.805898,15,9,2
8571.284826,35.894209,15,9,2
9268.588952,44.773314,15,9,2
9480.853094,26.521793,15,9,2
1759.379645,37.157479,15,9,2
8076.425244,37.652941,15,9,2
3622.230461,33.477883,15,9,2
