Distance,Tx Power,Bandwidth,Subband BW,Subband Offset
612.338526,32.295149,25,18,2
4383.638818,52.328149,25,18,2
8615.723731,43.885413,25,18,2
2032.131612,45.751542,25,18,2
827.382667,45.933199,25,18,2
8894.713799,27.842096,25,18,2
4706.065171,56.467173,25,18,2
4824.635289,15.255082,25,18,2
6534.311371,51.573423,25,18,2
5231.654623,41.565283,25,18,2
