Distance,Tx Power,Bandwidth,Subband BW,Subband Offset
6821.767273,27.953626,100,19,4
7209.688463,24.313927,100,19,4
200.365759,49.372579,100,19,4
1299.110764,41.780384,100,19,4
7074.634786,19.022069,100,19,4
7402.145133,50.014985,100,19,4
9799.285868,47.566898,100,19,4
9768.454544,44.381710,100,19,4
8955.893169,24.376014,100,19,4
7001.381796,45.667089,100,19,4
