Distance,Tx Power,Bandwidth,Subband BW,Subband Offset
5175.025561,56.772490,25,13,11
8856.912250,53.052453,25,13,11
5850.797389,47.974019,25,13,11
9579.084181,49.647621,25,13,11
1619.056835,26.699983,25,13,11
649.905868,47.401649,25,13,11
5271.953798,43.417683,25,13,11
2700.030871,46.909948,25,13,11
9626.103607,55.040658,25,13,11
9651.821564,41.929043,25,13,11
