Distance,Tx Power,Bandwidth,Subband BW,Subband Offset
2145.218975,26.957309,25,10,10
2247.411300,54.508852,25,10,10
7868.975911,55.832513,25,10,10
7729.998397,27.191370,25,10,10
7148.173055,40.384228,25,10,10
4015.362837,41.056180,25,10,10
5272.054613,42.990541,25,10,10
7871.196768,44.190239,25,10,10
5078.077141,29.640235,25,10,10
3738.647939,44.161758,25,10,10
