Distance,Tx Power,Bandwidth,Subband BW,Subband Offset
6632.353584,57.743078,50,32,8
3364.853200,21.498112,50,32,8
126.184573,37.907037,50,32,8
3703.481974,58.870090,50,32,8
9092.347400,22.509547,50,32,8
5050.211095,51.718680,50,32,8
3392.383368,49.035195,50,32,8
4418.684035,52.831285,50,32,8
6263.956250,38.302778,50,32,8
7387.426203,49.312255,50,32,8
