Distance,Tx Power,Bandwidth,Subband BW,Subband Offset
1131.434589,48.002253,50,25,22
6872.115286,46.505976,50,25,22
1123.096025,15.396694,50,25,22
5309.289554,30.849665,50,25,22
5721.370862,40.876637,50,25,22
1864.914207,36.045505,50,25,22
5907.622520,22.900230,50,25,22
4352.313173,45.542640,50,25,22
5173.944947,27.265316,50,25,22
736.430961,53.157768,50,25,22
