Distance,Tx Power,Bandwidth,Subband BW,Subband Offset
530.884367,43.703879,50,15,2
4443.600695,27.161040,50,15,2
2765.465220,45.211145,50,15,2
1870.620261,27.128844,50,15,2
4272.202556,26.420244,50,15,2
7687.936267,25.230604,50,15,2
9834.786264,43.137659,50,15,2
7168.305986,22.966684,50,15,2
8163.578538,34.802128,50,15,2
302.822176,21.846660,50,15,2
