Distance,Tx Power,Bandwidth,Subband BW,Subband Offset
8036.273531,41.666667,25,10,8
9734.909246,30.164701,25,10,8
1142.875117,48.407044,25,10,8
2834.373920,38.767033,25,10,8
5890.502835,53.184375,25,10,8
4426.597164,44.799308,25,10,8
7783.493703,59.433819,25,10,8
2927.021948,32.581169,25,10,8
3706.183561,34.214239,25,10,8
4317.143081,57.238784,25,10,8
