Distance,Tx Power,Bandwidth,Subband BW,Subband Offset
9152.301144,31.078797,100,38,52
4423.325957,15.990939,100,38,52
763.290260,49.398580,100,38,52
6571.004567,26.016550,100,38,52
6144.125439,30.796043,100,38,52
2350.385712,19.820326,100,38,52
7827.173838,28.703550,100,38,52
6524.613290,26.544199,100,38,52
3646.939557,51.114945,100,38,52
2847.326255,46.152560,100,38,52
