Distance,Tx Power,Bandwidth,Subband BW,Subband Offset
8459.930510,37.865065,100,30,19
3543.904964,43.851738,100,30,19
2026.266573,46.663428,100,30,19
722.440816,55.097040,100,30,19
6300.886856,22.755782,100,30,19
1902.310119,55.099367,100,30,19
4984.522378,25.490199,100,30,19
2259.759364,41.036524,100,30,19
1713.847352,42.325071,100,30,19
9767.576986,43.998414,100,30,19
