Distance,Tx Power,Bandwidth,Subband BW,Subband Offset
8925.512234,17.498638,50,26,20
1934.518092,23.891218,50,26,20
3134.734482,42.481686,50,26,20
9802.751210,28.596279,50,26,20
4959.835172,52.517916,50,26,20
271.362172,20.283986,50,26,20
4607.944926,42.865725,50,26,20
4615.233538,32.398463,50,26,20
5847.446872,34.910265,50,26,20
9726.087979,56.865312,50,26,20
