Distance,Tx Power,Bandwidth,Subband BW,Subband Offset
1778.965374,19.714529,50,23,5
967.498146,27.852960,50,23,5
125.785577,46.871392,50,23,5
6712.159655,15.915521,50,23,5
1712.657874,48.322481,50,23,5
3436.918428,38.602332,50,23,5
9446.462120,44.923871,50,23,5
7136.054500,15.490746,50,23,5
7043.541479,21.361788,50,23,5
3046.686412,23.830297,50,23,5
