Distance,Tx Power,Bandwidth,Subband BW,Subband Offset
292.496565,16.610917,75,29,10
3851.019405,33.827413,75,29,10
6975.441686,51.154026,75,29,10
1357.914562,50.713710,75,29,10
9837.105722,47.687778,75,29,10
3247.939283,38.942945,75,29,10
7162.733215,20.532096,75,29,10
9426.508250,35.288496,75,29,10
6852.939228,46.699209,75,29,10
5837.162985,42.141515,75,29,10
