Distance,Tx Power,Bandwidth,Subband BW,Subband Offset
9569.362121,59.188505,75,62,12
7288.694600,21.114048,75,62,12
9153.094068,23.798398,75,62,12
3836.970565,44.207978,75,62,12
2731.487061,22.932030,75,62,12
514.580118,49.163435,75,62,12
4601.772214,59.834577,75,62,12
7061.011645,48.451089,75,62,12
4747.921139,26.252822,75,62,12
2979.454023,29.561597,75,62,12
