Distance,Tx Power,Bandwidth,Subband BW,Subband Offset
721.607961,49.200681,25,7,5
6530.010556,43.681501,25,7,5
4042.893289,50.826281,25,7,5
3472.251364,17.202867,25,7,5
7950.058769,44.015776,25,7,5
1958.671105,32.373920,25,7,5
5107.977689,38.097792,25,7,5
191.138673,29.910575,25,7,5
4673.113274,38.566672,25,7,5
7476.150939,56.432250,25,7,5
