Distance,Tx Power,Bandwidth,Subband BW,Subband Offset
4594.824752,48.166545,50,9,34
5536.806445,15.550983,50,9,34
4135.210163,21.194742,50,9,34
8668.440521,41.825471,50,9,34
4869.570682,17.720473,50,9,34
8329.712315,26.685601,50,9,34
2601.939044,52.064563,50,9,34
9568.854451,56.149968,50,9,34
3849.520806,22.432647,50,9,34
310.114400,25.338302,50,9,34
