Distance,Tx Power,Bandwidth,Subband BW,Subband Offset
6143.787621,24.808538,75,7,50
2277.345007,19.885683,75,7,50
1910.295983,46.909099,75,7,50
3864.887616,33.663770,75,7,50
1537.902221,46.809847,75,7,50
1029.977371,32.118009,75,7,50
3347.618135,18.235336,75,7,50
7939.332347,23.450330,75,7,50
7766.514348,29.162366,75,7,50
1421.123513,16.755096,75,7,50
