Distance,Tx Power,Bandwidth,Subband BW,Subband Offset
4267.423450,17.635954,75,53,22
8036.659094,26.313386,75,53,22
243.790394,49.760063,75,53,22
4921.541250,15.877102,75,53,22
1827.463133,18.071776,75,53,22
1314.266988,53.229337,75,53,22
3627.932289,30.921903,75,53,22
5538.374645,59.287363,75,53,22
4032.989932,58.633734,75,53,22
4789.595286,49.080249,75,53,22
