Distance,Tx Power,Bandwidth,Subband BW,Subband Offset
1342.801438,50.525763,100,7,56
5557.361408,36.331488,100,7,56
1428.132241,32.108638,100,7,56
649.401348,50.576500,100,7,56
4781.116422,50.675884,100,7,56
9163.443970,24.956743,100,7,56
822.964098,40.429722,100,7,56
9449.812559,48.832045,100,7,56
9788.304099,30.166032,100,7,56
5474.190260,16.709547,100,7,56
