Distance,Tx Power,Bandwidth,Subband BW,Subband Offset
3780.686034,22.049603,75,25,5
1190.658416,45.385448,75,25,5
1638.413025,21.459492,75,25,5
1677.359118,51.262210,75,25,5
3965.398291,35.472402,75,25,5
1880.060192,22.076575,75,25,5
2978.662422,23.354060,75,25,5
4259.449636,28.201786,75,25,5
1620.057219,53.354418,75,25,5
3819.835031,20.289075,75,25,5
