Distance,Tx Power,Bandwidth,Subband BW,Subband Offset
9856.108388,52.207668,50,11,38
4120.387540,16.511799,50,11,38
869.574836,35.884660,50,11,38
2348.469738,27.408472,50,11,38
8771.540285,16.611931,50,11,38
976.057232,25.388467,50,11,38
5385.144429,39.789991,50,11,38
2810.616430,55.351614,50,11,38
8308.629573,41.452008,50,11,38
1422.932161,41.782697,50,11,38
