Distance,Tx Power,Bandwidth,Subband BW,Subband Offset
9030.782550,24.841553,15,12,1
1851.560305,49.679979,15,12,1
3833.788154,51.985021,15,12,1
6225.172675,56.261353,15,12,1
6493.024212,29.761705,15,12,1
4600.684535,22.347710,15,12,1
2073.552616,51.296596,15,12,1
181.734167,32.187945,15,12,1
9140.650978,50.023679,15,12,1
9252.744018,36.255365,15,12,1
