Distance,Tx Power,Bandwidth,Subband BW,Subband Offset
6123.092997,47.507953,100,52,26
1606.741158,25.649456,100,52,26
3762.148406,28.258099,100,52,26
833.825285,20.533379,100,52,26
935.851048,57.422019,100,52,26
4360.429145,20.356880,100,52,26
8782.452952,25.673099,100,52,26
5448.814945,32.881451,100,52,26
9834.268552,16.463087,100,52,26
1621.467323,19.855444,100,52,26
