Distance,Tx Power,Bandwidth,Subband BW,Subband Offset
7215.614042,33.003641,100,21,60
8452.380592,53.895500,100,21,60
8006.738811,32.700611,100,21,60
1185.357534,44.866291,100,21,60
9710.859390,45.669632,100,21,60
5126.631034,34.275639,100,21,60
7420.842160,45.786681,100,21,60
8715.075181,55.831133,100,21,60
5879.082675,44.438612,100,21,60
6910.452719,32.054065,100,21,60
