Distance,Tx Power,Bandwidth,Subband BW,Subband Offset
2632.840278,19.288058,100,40,45
227.233742,58.058117,100,40,45
2098.219503,29.891803,100,40,45
909.554206,41.278444,100,40,45
3838.881143,51.162064,100,40,45
6641.013768,55.616992,100,40,45
8145.741156,37.426353,100,40,45
5373.592288,42.906096,100,40,45
512.718884,37.513666,100,40,45
3657.014787,50.200356,100,40,45
