Distance,Tx Power,Bandwidth,Subband BW,Subband Offset
6480.472707,33.674037,100,40,8
6226.095192,51.568125,100,40,8
8838.253876,58.643813,100,40,8
7527.755382,36.238288,100,40,8
3706.438152,59.553553,100,40,8
527.487283,59.709945,100,40,8
6926.695283,59.112629,100,40,8
1424.696553,32.560296,100,40,8
7761.353475,24.156472,100,40,8
4702.120652,45.083353,100,40,8
