Distance,Tx Power,Bandwidth,Subband BW,Subband Offset
2311.411878,38.280324,50,16,11
1544.792274,57.745625,50,16,11
4083.210044,26.843568,50,16,11
3407.942996,51.094135,50,16,11
5878.197723,38.857114,50,16,11
4257.767585,59.671391,50,16,11
4505.445987,25.354492,50,16,11
4435.263941,53.466009,50,16,11
3698.173830,18.319227,50,16,11
5508.866429,51.715373,50,16,11
