Distance,Tx Power,Bandwidth,Subband BW,Subband Offset
8079.012840,26.592957,25,8,9
4407.837426,34.970051,25,8,9
8721.568253,15.065469,25,8,9
1701.569012,29.029359,25,8,9
303.100832,19.864985,25,8,9
2231.966374,53.798762,25,8,9
6993.481582,53.685573,25,8,9
791.466849,32.519577,25,8,9
4924.228162,40.734264,25,8,9
3708.042802,50.829647,25,8,9
