Distance,Tx Power,Bandwidth,Subband BW,Subband Offset
1807.917319,37.929851,100,75,0
705.804409,54.243162,100,75,0
7948.353809,29.198367,100,75,0
9700.589030,41.548807,100,75,0
9225.359750,23.590274,100,75,0
2517.800495,54.156381,100,75,0
8739.227648,15.508066,100,75,0
4218.501698,19.300127,100,75,0
7769.007065,49.804561,100,75,0
130.967771,55.822025,100,75,0
