Distance,Tx Power,Bandwidth,Subband BW,Subband Offset
8979.115975,41.491952,50,11,29
4080.228216,45.454816,50,11,29
6940.312613,53.755217,50,11,29
7092.916940,19.076859,50,11,29
9187.482982,47.881910,50,11,29
2421.298454,36.594288,50,11,29
7038.540128,26.226396,50,11,29
4877.865001,29.495989,50,11,29
9255.621028,55.353633,50,11,29
5129.950363,40.307452,50,11,29
