Distance,Tx Power,Bandwidth,Subband BW,Subband Offset
1292.348611,41.040422,75,48,19
5292.332340,42.493882,75,48,19
8253.904106,31.953926,75,48,19
1464.590825,56.611936,75,48,19
622.117566,32.137744,75,48,19
9895.793178,34.278631,75,48,19
3856.439340,59.905130,75,48,19
2510.923247,49.779466,75,48,19
8270.236347,47.943565,75,48,19
4749.535456,51.462794,75,48,19
