Distance,Tx Power,Bandwidth,Subband BW,Subband Offset
4789.124048,42.388988,75,36,2
3604.720440,28.313330,75,36,2
9741.370584,40.619894,75,36,2
6573.162649,27.909789,75,36,2
537.370468,15.999899,75,36,2
6619.255680,17.106223,75,36,2
3239.874857,17.583482,75,36,2
2263.122328,20.429655,75,36,2
8539.003475,44.616624,75,36,2
8407.895444,20.377284,75,36,2
