Distance,Tx Power,Bandwidth,Subband BW,Subband Offset
2873.468860,23.147761,100,68,21
5440.697163,52.897235,100,68,21
3701.550320,18.139076,100,68,21
2010.399099,50.709981,100,68,21
9777.705872,57.933282,100,68,21
6752.313631,43.119907,100,68,21
1376.452352,52.420642,100,68,21
6850.669390,24.936799,100,68,21
1726.324931,33.904766,100,68,21
8504.940581,52.166195,100,68,21
