Distance,Tx Power,Bandwidth,Subband BW,Subband Offset
8856.918882,21.913191,75,8,42
9305.453683,44.791862,75,8,42
425.096244,28.585513,75,8,42
431.649538,45.693692,75,8,42
2694.324671,42.723857,75,8,42
4995.693860,16.574787,75,8,42
2300.185928,26.679460,75,8,42
7935.200380,29.827055,75,8,42
4471.473070,44.785272,75,8,42
3612.930576,47.142583,75,8,42
