Distance,Tx Power,Bandwidth,Subband BW,Subband Offset
6332.648357,24.976488,15,10,1
3870.457074,50.315605,15,10,1
6902.223737,38.553116,15,10,1
762.900701,43.983837,15,10,1
9703.183495,26.376656,15,10,1
250.562127,46.045242,15,10,1
2095.884653,57.052327,15,10,1
2908.285352,33.363281,15,10,1
3966.193158,40.451786,15,10,1
7242.384599,27.076558,15,10,1
