Distance,Tx Power,Bandwidth,Subband BW,Subband Offset
8345.858987,22.613940,75,7,8
2703.893390,38.817987,75,7,8
3714.666209,50.080081,75,7,8
4839.748983,51.385687,75,7,8
3095.830853,58.003058,75,7,8
2494.585925,54.171616,75,7,8
5879.104304,22.167640,75,7,8
4880.338631,34.719415,75,7,8
7412.452202,25.927964,75,7,8
1564.070851,50.702367,75,7,8
