Distance,Tx Power,Bandwidth,Subband BW,Subband Offset
2962.765841,49.318858,75,39,1
7194.764394,44.827825,75,39,1
8572.231945,58.343877,75,39,1
2981.182674,56.925565,75,39,1
6079.178754,20.589337,75,39,1
2988.448921,26.157480,75,39,1
368.955248,38.770021,75,39,1
1805.446898,54.641977,75,39,1
8942.521362,29.206985,75,39,1
5910.493699,47.650180,75,39,1
