Distance,Tx Power,Bandwidth,Subband BW,Subband Offset
4617.871291,42.589787,75,28,35
7473.931121,39.717667,75,28,35
9427.552372,39.246742,75,28,35
8749.228620,29.619477,75,28,35
2900.425183,57.751504,75,28,35
925.910753,55.273680,75,28,35
2643.015498,44.403884,75,28,35
8912.261101,34.461131,75,28,35
1023.368851,35.108194,75,28,35
349.991715,36.645890,75,28,35
