Distance,Tx Power,Bandwidth,Subband BW,Subband Offset
7116.835094,49.581941,15,11,4
6061.796917,52.164510,15,11,4
5078.985594,35.269198,15,11,4
3236.450062,49.782595,15,11,4
8949.636021,58.369458,15,11,4
1499.370182,53.262345,15,11,4
7261.912884,19.153512,15,11,4
8965.157047,42.478318,15,11,4
7206.110202,34.058060,15,11,4
5815.876656,22.909050,15,11,4
