Distance,Tx Power,Bandwidth,Subband BW,Subband Offset
4373.055960,19.403331,75,48,0
9646.068385,37.842796,75,48,0
7650.921143,20.338796,75,48,0
7888.707915,36.296410,75,48,0
1488.450120,57.514354,75,48,0
4248.758470,17.534577,75,48,0
3121.126586,54.301184,75,48,0
6699.360364,46.149873,75,48,0
1122.392364,54.602465,75,48,0
4971.712539,36.401948,75,48,0
