Distance,Tx Power,Bandwidth,Subband BW,Subband Offset
4068.223707,39.328112,25,11,3
4389.179467,55.497165,25,11,3
7110.385210,21.458438,25,11,3
5253.671242,57.399344,25,11,3
1087.211412,58.806725,25,11,3
6834.600673,40.780369,25,11,3
1148.120042,43.522816,25,11,3
3777.383383,33.630069,25,11,3
5435.166680,33.955728,25,11,3
454.421665,15.606709,25,11,3
