Distance,Tx Power,Bandwidth,Subband BW,Subband Offset
210.191076,41.479204,100,8,30
6617.874878,54.466512,100,8,30
1488.453196,19.400947,100,8,30
1721.877436,44.181414,100,8,30
4316.292484,39.570722,100,8,30
7000.635175,16.434848,100,8,30
9356.822385,42.637930,100,8,30
8958.065617,24.307293,100,8,30
1540.814577,34.119186,100,8,30
7160.700243,42.529424,100,8,30
