Distance,Tx Power,Bandwidth,Subband BW,Subband Offset
4901.086532,44.504960,50,31,5
2736.446911,59.560238,50,31,5
9614.131006,44.301460,50,31,5
4174.377970,19.298294,50,31,5
6599.004673,17.949117,50,31,5
3758.863271,50.380515,50,31,5
316.649811,42.225619,50,31,5
5296.730434,54.184117,50,31,5
6384.119177,55.219062,50,31,5
5385.499936,52.205488,50,31,5
