Distance,Tx Power,Bandwidth,Subband BW,Subband Offset
2769.306114,37.817403,100,47,4
5011.769265,52.632944,100,47,4
3341.985364,52.319851,100,47,4
4506.238127,39.601181,100,47,4
6133.246290,42.964239,100,47,4
7284.867299,48.939407,100,47,4
8682.753662,15.187475,100,47,4
2539.734752,33.373940,100,47,4
9349.771415,59.218058,100,47,4
8065.392802,30.901390,100,47,4
