Distance,Tx Power,Bandwidth,Subband BW,Subband Offset
5250.828550,24.163953,15,12,0
3282.884713,49.077757,15,12,0
8758.807913,44.352062,15,12,0
5950.998977,39.880079,15,12,0
5877.831160,48.366505,15,12,0
8641.217247,40.744270,15,12,0
7652.228741,21.980363,15,12,0
8151.218787,34.684324,15,12,0
2908.855253,25.644060,15,12,0
5168.275581,59.460430,15,12,0
