Distance,Tx Power,Bandwidth,Subband BW,Subband Offset
594.002557,30.167223,50,39,2
6193.082964,54.262159,50,39,2
7923.824086,32.222132,50,39,2
599.788692,41.400497,50,39,2
9114.761737,51.542788,50,39,2
1767.668016,15.636586,50,39,2
7656.249649,52.287181,50,39,2
4358.312863,36.340661,50,39,2
4184.710133,47.357455,50,39,2
9015.956269,26.577216,50,39,2
