Distance,Tx Power,Bandwidth,Subband BW,Subband Offset
1151.324305,52.333954,100,45,11
3945.166292,24.246674,100,45,11
3770.439951,58.237066,100,45,11
6688.789856,47.817438,100,45,11
9580.196995,21.423429,100,45,11
7352.498826,24.011180,100,45,11
6869.610392,54.307387,100,45,11
5051.827657,49.000579,100,45,11
5524.721405,31.439308,100,45,11
8734.390494,26.573150,100,45,11
