Distance,Tx Power,Bandwidth,Subband BW,Subband Offset
600.203570,54.781088,50,35,8
117.626098,21.413513,50,35,8
2755.435159,56.085156,50,35,8
2194.886602,28.702119,50,35,8
2247.310631,16.739038,50,35,8
2073.335981,20.330584,50,35,8
4484.704035,54.986617,50,35,8
8346.467428,43.719166,50,35,8
4558.272004,34.339360,50,35,8
3017.552044,58.951174,50,35,8
