Distance,Tx Power,Bandwidth,Subband BW,Subband Offset
2803.304093,35.375971,100,10,9
7214.835869,59.536643,100,10,9
5937.147087,50.193666,100,10,9
677.506400,16.554988,100,10,9
1456.653507,31.194259,100,10,9
6222.389727,27.303086,100,10,9
5382.489737,32.106133,100,10,9
2301.403828,43.350659,100,10,9
7571.440287,24.240275,100,10,9
4390.488805,41.218947,100,10,9
