Distance,Tx Power,Bandwidth,Subband BW,Subband Offset
7843.428239,25.045101,25,10,11
6892.441915,46.441927,25,10,11
5984.508366,50.715391,25,10,11
2446.973310,15.105328,25,10,11
5905.281531,20.693404,25,10,11
1372.549892,47.914148,25,10,11
3939.134361,22.760305,25,10,11
2576.498175,45.071255,25,10,11
1702.814356,29.892827,25,10,11
4659.715563,39.562128,25,10,11
