Distance,Tx Power,Bandwidth,Subband BW,Subband Offset
2349.842822,28.647249,75,26,25
8075.111505,57.374476,75,26,25
170.078220,32.649862,75,26,25
322.382703,28.297835,75,26,25
5752.553538,35.753517,75,26,25
7086.445463,28.951024,75,26,25
8805.828140,16.559036,75,26,25
6525.931724,43.071651,75,26,25
1621.913863,43.562936,75,26,25
4273.962228,50.443254,75,26,25
