Distance,Tx Power,Bandwidth,Subband BW,Subband Offset
3044.503260,25.618837,25,23,2
2238.585236,25.700937,25,23,2
7342.554144,27.889027,25,23,2
6649.355254,16.139666,25,23,2
363.458825,19.567725,25,23,2
6585.960346,53.119762,25,23,2
993.915061,20.691291,25,23,2
3066.409942,47.444825,25,23,2
6454.810423,16.457101,25,23,2
5970.011076,54.622227,25,23,2
