Distance,Tx Power,Bandwidth,Subband BW,Subband Offset
8979.339833,39.209249,100,34,42
3553.088971,50.105590,100,34,42
3130.235827,56.998453,100,34,42
4142.483161,53.551368,100,34,42
5503.625932,44.920496,100,34,42
4081.544717,18.514627,100,34,42
2130.775809,58.531143,100,34,42
287.607242,49.757687,100,34,42
9747.647701,17.851899,100,34,42
1411.657815,37.081437,100,34,42
