Distance,Tx Power,Bandwidth,Subband BW,Subband Offset
6146.252674,43.991290,50,14,23
409.474211,24.271126,50,14,23
8116.353706,31.085570,50,14,23
9524.645437,36.104866,50,14,23
5219.708801,42.553313,50,14,23
2562.027997,55.871542,50,14,23
9989.528434,48.180940,50,14,23
9314.852383,36.754077,50,14,23
8176.353731,59.447545,50,14,23
3925.712464,19.478447,50,14,23
