Distance,Tx Power,Bandwidth,Subband BW,Subband Offset
7914.591273,48.212293,25,14,7
7652.241495,29.290177,25,14,7
4609.216848,29.604391,25,14,7
8763.345616,52.693837,25,14,7
7168.453650,48.763463,25,14,7
3346.876027,46.857422,25,14,7
4733.880555,44.612309,25,14,7
277.895071,53.274028,25,14,7
5331.673819,19.583640,25,14,7
8163.246649,49.627649,25,14,7
