Distance,Tx Power,Bandwidth,Subband BW,Subband Offset
2878.723915,50.328903,75,12,38
5253.780218,31.637616,75,12,38
5970.048480,15.803836,75,12,38
134.511284,41.455770,75,12,38
5159.574609,46.516346,75,12,38
6158.595795,31.397433,75,12,38
1976.872283,23.430315,75,12,38
1696.309199,50.672160,75,12,38
6285.479601,49.589058,75,12,38
7416.545300,56.118663,75,12,38
