Distance,Tx Power,Bandwidth,Subband BW,Subband Offset
2368.856413,25.023747,25,9,16
3925.613793,31.919427,25,9,16
7668.012054,16.367551,25,9,16
4933.101400,16.342298,25,9,16
9189.165241,34.476002,25,9,16
5669.241112,44.808692,25,9,16
7104.416946,27.749415,25,9,16
2574.119573,32.194086,25,9,16
6202.678315,32.105815,25,9,16
9822.218370,45.277913,25,9,16
