Distance,Tx Power,Bandwidth,Subband BW,Subband Offset
5393.924036,18.447532,25,15,3
3624.219785,51.818098,25,15,3
6582.983369,52.704213,25,15,3
1706.534614,37.016261,25,15,3
5197.428458,41.450938,25,15,3
8995.446230,28.231785,25,15,3
1601.074122,45.904123,25,15,3
887.320952,56.060615,25,15,3
1153.812251,45.941729,25,15,3
9179.674912,50.432262,25,15,3
