Distance,Tx Power,Bandwidth,Subband BW,Subband Offset
1839.701982,37.616320,25,6,15
9608.988722,57.856549,25,6,15
1226.296174,47.938041,25,6,15
6039.358745,41.153334,25,6,15
233.451658,39.156040,25,6,15
6429.948614,47.515280,25,6,15
6940.840363,24.357131,25,6,15
8294.425398,49.166129,25,6,15
9545.702540,37.568301,25,6,15
5115.953462,24.531223,25,6,15
