Distance,Tx Power,Bandwidth,Subband BW,Subband Offset
7565.531552,28.505716,25,7,18
9287.086341,52.314522,25,7,18
1309.320451,41.465300,25,7,18
3682.610150,49.256627,25,7,18
9721.497319,45.165578,25,7,18
1239.867220,49.403966,25,7,18
8135.198938,58.962365,25,7,18
6323.689061,40.488496,25,7,18
5274.677654,28.073045,25,7,18
4174.958256,59.808852,25,7,18
