Distance,Tx Power,Bandwidth,Subband BW,Subband Offset
7861.154107,49.795889,100,49,24
5042.459294,34.985590,100,49,24
4814.732406,17.873327,100,49,24
2148.806386,52.711678,100,49,24
9356.940882,38.340835,100,49,24
9492.730737,44.114797,100,49,24
4298.516432,29.320120,100,49,24
2093.157865,32.526143,100,49,24
1120.841491,49.163580,100,49,24
8324.700238,33.327868,100,49,24
