Distance,Tx Power,Bandwidth,Subband BW,Subband Offset
3835.006088,29.446724,75,39,17
9558.599105,23.274511,75,39,17
6553.807281,22.546834,75,39,17
8743.173839,32.730678,75,39,17
3383.335817,34.384804,75,39,17
5955.661179,48.392216,75,39,17
2563.573999,38.416018,75,39,17
7988.850537,27.325439,75,39,17
872.981268,23.989659,75,39,17
2771.401117,42.701960,75,39,17
