Distance,Tx Power,Bandwidth,Subband BW,Subband Offset
8926.065143,32.959080,75,36,10
3933.650610,45.490619,75,36,10
8460.995166,29.202682,75,36,10
3478.958407,16.714187,75,36,10
756.219712,48.024941,75,36,10
3899.687536,51.360213,75,36,10
1797.019095,57.305504,75,36,10
8579.772278,58.751748,75,36,10
3684.708608,27.926748,75,36,10
6795.893151,20.080038,75,36,10
