Distance,Tx Power,Bandwidth,Subband BW,Subband Offset
7523.172874,15.258360,75,26,34
1871.377771,41.514187,75,26,34
3617.487376,19.711027,75,26,34
9121.709059,32.267701,75,26,34
8564.864923,46.501626,75,26,34
5074.293610,46.709093,75,26,34
3213.995578,22.540203,75,26,34
6581.085348,37.597325,75,26,34
8990.522097,57.927815,75,26,34
1216.056614,24.532305,75,26,34
