Distance,Tx Power,Bandwidth,Subband BW,Subband Offset
9118.215433,34.968274,75,32,41
6847.121663,42.357454,75,32,41
7410.698908,58.254410,75,32,41
6688.890836,46.483804,75,32,41
9528.571007,55.107253,75,32,41
7607.419131,30.661327,75,32,41
8863.435616,49.014449,75,32,41
5684.089650,46.815645,75,32,41
346.851995,19.040417,75,32,41
5046.803620,28.049972,75,32,41
