Distance,Tx Power,Bandwidth,Subband BW,Subband Offset
5217.529185,39.979596,25,8,11
698.700791,39.132450,25,8,11
9677.478152,22.804316,25,8,11
7345.158487,15.361213,25,8,11
9938.984970,59.806222,25,8,11
730.835291,27.372509,25,8,11
7788.143655,49.579037,25,8,11
1517.205660,22.587349,25,8,11
1204.603683,47.238091,25,8,11
9931.288937,36.182220,25,8,11
