Distance,Tx Power,Bandwidth,Subband BW,Subband Offset
9037.449610,40.817547,25,9,15
5192.620365,36.807376,25,9,15
3777.823849,41.215575,25,9,15
1658.854589,42.752182,25,9,15
2844.000608,41.447524,25,9,15
4740.154503,36.106281,25,9,15
4844.181944,37.002306,25,9,15
1440.161669,51.803322,25,9,15
8857.558827,15.667978,25,9,15
2624.818658,19.980750,25,9,15
