Distance,Tx Power,Bandwidth,Subband BW,Subband Offset
9420.441448,15.226029,100,19,71
6120.382462,27.828840,100,19,71
404.721190,37.094463,100,19,71
4648.310507,42.018898,100,19,71
2134.563637,39.608164,100,19,71
6221.467124,54.774789,100,19,71
1063.435121,22.378035,100,19,71
3348.938485,31.245652,100,19,71
739.073483,42.185118,100,19,71
6302.472141,35.644243,100,19,71
