Distance,Tx Power,Bandwidth,Subband BW,Subband Offset
9755.036251,59.250301,75,8,51
6067.934709,24.901005,75,8,51
9247.244402,35.823293,75,8,51
5752.296624,33.440119,75,8,51
809.296992,46.163638,75,8,51
5937.134080,57.936234,75,8,51
7463.584690,59.847509,75,8,51
2461.285618,47.376777,75,8,51
2023.214391,37.700130,75,8,51
8578.967401,51.433711,75,8,51
