Distance,Tx Power,Bandwidth,Subband BW,Subband Offset
1084.540750,36.463803,75,11,46
8816.007982,48.916505,75,11,46
4541.168618,53.801544,75,11,46
6936.427297,45.178696,75,11,46
9282.818346,53.314415,75,11,46
3744.485189,51.844254,75,11,46
4073.512516,26.445727,75,11,46
1159.434290,43.558900,75,11,46
4628.217263,57.232645,75,11,46
877.043992,44.802352,75,11,46
