Distance,Tx Power,Bandwidth,Subband BW,Subband Offset
7666.425748,17.936160,75,36,38
2096.591686,35.835426,75,36,38
3873.125390,33.214173,75,36,38
5940.271648,34.730859,75,36,38
8234.150412,20.782216,75,36,38
7547.861106,22.058567,75,36,38
3250.338526,52.384261,75,36,38
7409.657563,56.923098,75,36,38
783.239758,44.573892,75,36,38
9850.504176,37.375781,75,36,38
