Distance,Tx Power,Bandwidth,Subband BW,Subband Offset
5583.470187,59.408081,50,12,5
990.243977,59.357533,50,12,5
5371.881266,38.285519,50,12,5
9178.308162,53.580445,50,12,5
7921.784471,37.204219,50,12,5
2152.780209,19.078327,50,12,5
4822.393465,35.864201,50,12,5
8554.548727,41.919575,50,12,5
6087.334810,16.802048,50,12,5
5601.838938,55.842351,50,12,5
