Distance,Tx Power,Bandwidth,Subband BW,Subband Offset
614.910647,23.493802,15,8,0
879.174031,46.988310,15,8,0
8871.329802,57.250086,15,8,0
3584.964209,43.494178,15,8,0
8142.596555,49.844162,15,8,0
431.338125,38.880313,15,8,0
1807.232600,58.222628,15,8,0
5258.378198,29.819734,15,8,0
7211.958918,27.864215,15,8,0
9979.179851,42.284750,15,8,0
