Distance,Tx Power,Bandwidth,Subband BW,Subband Offset
1101.009914,57.737125,25,15,7
9220.005755,30.762220,25,15,7
2865.889912,53.014513,25,15,7
2051.162800,58.134691,25,15,7
9005.584341,46.265265,25,15,7
788.578735,29.748613,25,15,7
3853.939677,51.164918,25,15,7
200.633020,32.413552,25,15,7
1588.677698,25.847347,25,15,7
1642.556504,43.422990,25,15,7
