Distance,Tx Power,Bandwidth,Subband BW,Subband Offset
3278.952196,54.796790,50,36,4
7541.814108,55.326252,50,36,4
2185.129143,19.212153,50,36,4
2030.242938,34.025263,50,36,4
9598.154975,15.377484,50,36,4
8685.859359,23.814689,50,36,4
825.321750,41.163204,50,36,4
9966.237210,29.386219,50,36,4
2661.705981,24.110104,50,36,4
3501.167448,18.038564,50,36,4
