Distance,Tx Power,Bandwidth,Subband BW,Subband Offset
134.780299,54.800179,50,21,29
5684.185186,17.249367,50,21,29
2910.338098,26.455660,50,21,29
3303.464154,42.855609,50,21,29
2984.534783,33.989079,50,21,29
4955.873665,35.530606,50,21,29
133.802624,24.405192,50,21,29
5419.360212,49.209787,50,21,29
8252.873856,48.364485,50,21,29
1582.364268,46.925491,50,21,29
