Distance,Tx Power,Bandwidth,Subband BW,Subband Offset
2267.347015,22.720494,50,18,20
4424.112081,56.192224,50,18,20
8106.881167,26.211582,50,18,20
7636.255974,47.519462,50,18,20
4014.848047,39.944901,50,18,20
939.229408,39.365948,50,18,20
6698.688951,16.544892,50,18,20
760.791739,37.515902,50,18,20
9750.707049,59.896263,50,18,20
2070.397592,18.739281,50,18,20
