Distance,Tx Power,Bandwidth,Subband BW,Subband Offset
8285.406622,52.651573,75,37,6
6596.369971,32.812661,75,37,6
2960.252827,42.688784,75,37,6
3513.085694,23.936481,75,37,6
6412.538184,57.133146,75,37,6
8626.130566,39.988729,75,37,6
450.246842,50.502236,75,37,6
6202.248611,45.533825,75,37,6
9629.751882,23.326158,75,37,6
4928.382460,34.276394,75,37,6
