Distance,Tx Power,Bandwidth,Subband BW,Subband Offset
1110.042027,44.697423,75,20,31
3274.720540,59.189541,75,20,31
6535.995044,21.528856,75,20,31
4009.685094,50.623262,75,20,31
9581.150374,29.617814,75,20,31
6913.593707,34.728419,75,20,31
7258.637291,44.106487,75,20,31
1185.318754,34.335563,75,20,31
7312.437429,47.287032,75,20,31
2299.493204,23.809113,75,20,31
