Distance,Tx Power,Bandwidth,Subband BW,Subband Offset
6435.178802,42.692217,100,18,58
9077.139097,21.343061,100,18,58
6524.671068,29.846178,100,18,58
1860.230639,44.766852,100,18,58
1464.512053,37.091159,100,18,58
2453.352986,21.055317,100,18,58
8833.083319,26.867888,100,18,58
558.541354,43.726746,100,18,58
1310.736274,27.396632,100,18,58
5506.548207,35.561216,100,18,58
