Distance,Tx Power,Bandwidth,Subband BW,Subband Offset
8854.291231,43.213401,25,11,0
1593.161878,24.919487,25,11,0
5176.372423,45.679397,25,11,0
1285.313259,25.421261,25,11,0
5813.066432,41.406880,25,11,0
4493.083809,50.310796,25,11,0
7675.997134,29.964478,25,11,0
9260.027304,52.012749,25,11,0
3813.737308,16.940687,25,11,0
7981.815173,42.769123,25,11,0
