Distance,Tx Power,Bandwidth,Subband BW,Subband Offset
583.803553,33.444938,50,36,13
2725.437667,50.069364,50,36,13
272.362891,25.845383,50,36,13
5571.231215,15.532110,50,36,13
383.784148,53.000971,50,36,13
6897.954396,53.867004,50,36,13
9066.150050,57.017298,50,36,13
6592.785200,43.816457,50,36,13
2796.771704,47.188722,50,36,13
5802.481247,44.069577,50,36,13
