Distance,Tx Power,Bandwidth,Subband BW,Subband Offset
6862.980276,59.592851,25,14,5
1668.774489,35.294257,25,14,5
185.883799,52.074211,25,14,5
8581.151736,45.153061,25,14,5
7460.735865,29.378552,25,14,5
2815.784376,36.485738,25,14,5
8754.169574,58.226194,25,14,5
6034.803147,22.438039,25,14,5
9200.945313,29.168563,25,14,5
2931.216566,44.574431,25,14,5
