Distance,Tx Power,Bandwidth,Subband BW,Subband Offset
4009.471413,54.025703,50,12,30
2424.106844,32.699656,50,12,30
6986.407895,27.939420,50,12,30
8316.450857,22.406611,50,12,30
7731.539461,32.815392,50,12,30
4298.716352,42.499570,50,12,30
8536.365270,57.931012,50,12,30
7738.997073,55.257356,50,12,30
2400.372031,40.152280,50,12,30
9860.744160,42.194299,50,12,30
