Distance,Tx Power,Bandwidth,Subband BW,Subband Offset
702.696569,48.412892,25,8,16
2261.082071,44.540051,25,8,16
9028.582135,29.052680,25,8,16
7895.014283,33.178830,25,8,16
4784.307059,49.403705,25,8,16
2173.091922,20.065247,25,8,16
9522.135775,20.386775,25,8,16
3227.779956,41.386599,25,8,16
1792.419753,55.156662,25,8,16
4098.221582,42.284572,25,8,16
