Distance,Tx Power,Bandwidth,Subband BW,Subband Offset
8741.990284,15.665350,75,43,19
4636.214704,29.218810,75,43,19
3460.278842,16.793196,75,43,19
9927.624043,53.218640,75,43,19
2713.908300,55.346661,75,43,19
1941.555409,55.259696,75,43,19
2586.687848,45.695180,75,43,19
3951.360629,42.305694,75,43,19
6853.070614,21.358043,75,43,19
571.216333,23.572484,75,43,19
