Distance,Tx Power,Bandwidth,Subband BW,Subband Offset
6455.960623,47.881435,50,11,0
9650.401508,31.318340,50,11,0
7713.534636,59.128758,50,11,0
2705.635932,18.267361,50,11,0
7610.847828,15.251445,50,11,0
7564.363760,32.671969,50,11,0
3889.120929,37.899150,50,11,0
4827.778245,43.285174,50,11,0
9410.186078,50.594609,50,11,0
3883.802446,56.313206,50,11,0
