Distance,Tx Power,Bandwidth,Subband BW,Subband Offset
451.110287,49.432822,75,19,0
6346.930391,38.148248,75,19,0
7656.692197,32.895902,75,19,0
2444.530570,48.090650,75,19,0
1308.851321,45.412892,75,19,0
2883.050978,49.909979,75,19,0
9132.678193,21.756837,75,19,0
1544.031084,41.091331,75,19,0
9476.591625,35.819768,75,19,0
2491.546461,22.877905,75,19,0
