Distance,Tx Power,Bandwidth,Subband BW,Subband Offset
1122.080711,17.996796,75,13,1
9766.966071,32.197802,75,13,1
142.902393,26.333083,75,13,1
5077.257673,47.545390,75,13,1
8707.086806,22.066408,75,13,1
9177.910619,57.519725,75,13,1
1674.374082,33.902411,75,13,1
592.136058,24.936113,75,13,1
5902.046700,52.527452,75,13,1
353.190498,49.075033,75,13,1
