Distance,Tx Power,Bandwidth,Subband BW,Subband Offset
1626.016094,17.646762,100,59,3
8586.019773,57.845362,100,59,3
2055.652723,40.973437,100,59,3
3044.843595,43.386769,100,59,3
6865.789139,21.287789,100,59,3
6611.658179,50.828654,100,59,3
9555.655145,37.041908,100,59,3
2689.697741,19.432111,100,59,3
517.287807,18.464088,100,59,3
4392.453914,26.826040,100,59,3
