Distance,Tx Power,Bandwidth,Subband BW,Subband Offset
6933.124916,21.743390,50,7,39
341.105382,16.645727,50,7,39
5603.450319,57.831459,50,7,39
6613.765709,57.524253,50,7,39
8893.919446,43.784704,50,7,39
4637.612256,15.151547,50,7,39
3475.349741,56.828642,50,7,39
9585.917809,29.909982,50,7,39
9054.721111,29.766279,50,7,39
3396.112647,23.540657,50,7,39
