Distance,Tx Power,Bandwidth,Subband BW,Subband Offset
6672.423676,36.547836,50,11,18
8620.290122,25.309447,50,11,18
5581.686406,19.201941,50,11,18
4591.434951,47.217119,50,11,18
646.890575,23.055810,50,11,18
8912.776578,16.560654,50,11,18
3126.143341,34.196844,50,11,18
6718.194339,42.499789,50,11,18
4103.078285,21.998531,50,11,18
3203.926288,53.884403,50,11,18
