Distance,Tx Power,Bandwidth,Subband BW,Subband Offset
2222.555327,39.929216,75,32,25
7659.089585,30.323283,75,32,25
1269.105967,44.415405,75,32,25
8469.561351,25.881746,75,32,25
7538.159365,41.319229,75,32,25
5124.697196,58.616348,75,32,25
5366.337946,27.923879,75,32,25
1078.265902,52.209441,75,32,25
7986.141882,51.479503,75,32,25
4744.011349,20.611025,75,32,25
