Distance,Tx Power,Bandwidth,Subband BW,Subband Offset
6591.335785,18.717794,50,7,20
211.409786,21.588905,50,7,20
2149.645807,44.866844,50,7,20
1808.374316,25.417818,50,7,20
7095.642105,31.714093,50,7,20
1348.429117,28.101158,50,7,20
1232.019713,28.498415,50,7,20
4467.904631,31.562414,50,7,20
4244.498306,20.143096,50,7,20
6820.247936,24.161904,50,7,20
