Distance,Tx Power,Bandwidth,Subband BW,Subband Offset
5165.720363,33.234890,75,70,1
1370.323935,47.242963,75,70,1
2593.350760,56.324152,75,70,1
8043.363414,30.607363,75,70,1
7511.266197,15.225167,75,70,1
4481.478315,42.742067,75,70,1
1539.646554,37.060810,75,70,1
5399.341477,15.542190,75,70,1
6267.864926,21.787645,75,70,1
891.008891,17.410469,75,70,1
