Distance,Tx Power,Bandwidth,Subband BW,Subband Offset
3086.120069,52.220023,100,16,78
1640.602494,52.426500,100,16,78
3521.096904,57.782630,100,16,78
9013.632300,57.089278,100,16,78
1069.133256,55.011136,100,16,78
2193.407688,15.712408,100,16,78
9322.695795,52.291385,100,16,78
6652.156079,31.367752,100,16,78
2351.221534,55.404744,100,16,78
8596.054252,58.712819,100,16,78
