Distance,Tx Power,Bandwidth,Subband BW,Subband Offset
8868.925128,36.318823,50,41,1
6185.308893,36.300903,50,41,1
9213.767502,56.196650,50,41,1
427.097524,52.649974,50,41,1
1073.072937,54.461018,50,41,1
662.452512,26.434551,50,41,1
3881.644578,52.317916,50,41,1
9456.467834,58.313277,50,41,1
7932.771301,50.262211,50,41,1
2908.583295,43.139038,50,41,1
