Distance,Tx Power,Bandwidth,Subband BW,Subband Offset
6594.457258,22.988281,100,44,50
2118.646776,21.214403,100,44,50
2740.515779,33.273864,100,44,50
1397.125458,56.942622,100,44,50
6390.271221,23.841723,100,44,50
3861.776196,25.516030,100,44,50
7786.000728,52.635783,100,44,50
4305.114889,32.795877,100,44,50
1567.125760,56.958779,100,44,50
2707.084481,23.720403,100,44,50
