Distance,Tx Power,Bandwidth,Subband BW,Subband Offset
7737.177300,31.677113,50,22,12
6508.413474,45.537642,50,22,12
5792.825659,40.511113,50,22,12
6942.733582,44.061791,50,22,12
836.757154,33.366253,50,22,12
7865.365873,23.772629,50,22,12
6494.397313,52.543577,50,22,12
438.948813,49.901814,50,22,12
745.093009,29.475682,50,22,12
1973.812641,30.673284,50,22,12
