Distance,Tx Power,Bandwidth,Subband BW,Subband Offset
3786.914561,55.863837,100,44,30
3991.147156,45.756481,100,44,30
8415.124929,27.168010,100,44,30
1076.257888,49.794440,100,44,30
3491.562042,59.034489,100,44,30
9104.331583,33.201058,100,44,30
8745.735410,42.201981,100,44,30
4937.140518,50.688137,100,44,30
2008.263010,19.889109,100,44,30
4626.597067,19.944876,100,44,30
