Distance,Tx Power,Bandwidth,Subband BW,Subband Offset
9273.276265,34.320710,25,17,6
7718.525223,45.345831,25,17,6
5847.021727,38.293261,25,17,6
4801.393375,26.589810,25,17,6
5903.717270,15.342424,25,17,6
8037.254263,29.021427,25,17,6
1366.674956,50.177767,25,17,6
7012.222191,35.959169,25,17,6
4733.915363,58.819043,25,17,6
2969.661121,21.148951,25,17,6
