Distance,Tx Power,Bandwidth,Subband BW,Subband Offset
7550.918379,34.016966,25,14,6
7876.768608,47.680318,25,14,6
4707.415435,44.250708,25,14,6
4334.446879,53.906682,25,14,6
2809.167598,31.208488,25,14,6
7384.605031,53.652697,25,14,6
6530.364894,16.139181,25,14,6
5887.231068,40.406273,25,14,6
526.666940,49.033479,25,14,6
2234.543645,45.125901,25,14,6
