Distance,Tx Power,Bandwidth,Subband BW,Subband Offset
536.901744,51.333037,75,22,4
8910.635027,32.037967,75,22,4
3199.711134,24.504920,75,22,4
1499.706742,18.069366,75,22,4
704.055614,55.996772,75,22,4
4084.737384,34.008059,75,22,4
7492.650712,52.752596,75,22,4
4162.838538,28.779642,75,22,4
4268.601024,46.554729,75,22,4
6370.325168,33.468039,75,22,4
