Distance,Tx Power,Bandwidth,Subband BW,Subband Offset
633.885695,41.254556,25,17,6
7174.345651,30.220062,25,17,6
7518.059051,27.460407,25,17,6
2961.957267,39.475805,25,17,6
4702.041790,47.345990,25,17,6
1816.437871,38.842406,25,17,6
3674.187440,18.590230,25,17,6
5206.009624,28.629119,25,17,6
9406.157525,15.892825,25,17,6
888.824935,31.230285,25,17,6
