Distance,Tx Power,Bandwidth,Subband BW,Subband Offset
3869.828852,20.300203,100,37,8
5944.626509,26.734433,100,37,8
8361.725901,37.384109,100,37,8
1358.544962,30.830673,100,37,8
5169.914773,46.968775,100,37,8
454.489868,17.222303,100,37,8
648.726991,32.526147,100,37,8
2004.506128,33.647120,100,37,8
202.916059,56.394892,100,37,8
3251.209041,37.987369,100,37,8
