Distance,Tx Power,Bandwidth,Subband BW,Subband Offset
2317.668137,27.358934,50,6,29
6425.821366,44.730393,50,6,29
1419.851389,30.062478,50,6,29
6568.881506,53.420446,50,6,29
3634.379123,47.922415,50,6,29
3992.546354,17.773399,50,6,29
9164.815640,48.332822,50,6,29
896.429664,18.556749,50,6,29
7670.584173,24.390716,50,6,29
2398.197367,17.964973,50,6,29
