Distance,Tx Power,Bandwidth,Subband BW,Subband Offset
1577.601303,51.119822,15,6,9
8768.426244,29.965006,15,6,9
2155.554077,18.519847,15,6,9
9018.413545,46.769417,15,6,9
7116.386524,35.928229,15,6,9
1601.377963,21.155084,15,6,9
3043.659460,45.483255,15,6,9
2556.904173,41.180468,15,6,9
1098.728709,54.018647,15,6,9
5261.883234,50.484642,15,6,9
