Distance,Tx Power,Bandwidth,Subband BW,Subband Offset
1344.424376,33.684085,25,13,0
7924.556486,24.138668,25,13,0
3866.816796,30.566262,25,13,0
6491.628591,52.699707,25,13,0
2494.729072,51.019988,25,13,0
2666.548424,36.212246,25,13,0
7204.969694,38.329155,25,13,0
1313.053276,38.712094,25,13,0
2069.115926,48.909371,25,13,0
1815.704492,38.179257,25,13,0
