Distance,Tx Power,Bandwidth,Subband BW,Subband Offset
3170.423007,35.814972,50,10,18
3770.379401,18.080341,50,10,18
8038.812225,47.444540,50,10,18
2993.151020,57.995617,50,10,18
3108.941601,50.880782,50,10,18
4866.641782,48.014937,50,10,18
7376.877622,38.163659,50,10,18
421.840625,57.899046,50,10,18
3975.285831,26.043885,50,10,18
4240.555363,36.429104,50,10,18
