Distance,Tx Power,Bandwidth,Subband BW,Subband Offset
4887.793483,38.241446,100,59,5
179.555660,44.890740,100,59,5
4677.458128,53.784327,100,59,5
5892.741024,42.811712,100,59,5
3325.773461,40.004111,100,59,5
6064.936845,17.185396,100,59,5
6831.731711,20.214288,100,59,5
588.260236,48.894222,100,59,5
8154.115623,53.076640,100,59,5
9600.047005,38.131445,100,59,5
