Distance,Tx Power,Bandwidth,Subband BW,Subband Offset
3874.741856,44.616516,25,20,5
2702.510239,39.497167,25,20,5
6681.901980,49.923668,25,20,5
3898.198654,39.197548,25,20,5
4441.344637,42.344164,25,20,5
4307.809433,39.889588,25,20,5
8405.830155,21.398053,25,20,5
8314.431830,27.080675,25,20,5
767.367441,42.852992,25,20,5
5054.255160,50.321915,25,20,5
