Distance,Tx Power,Bandwidth,Subband BW,Subband Offset
3470.904571,26.292285,100,7,72
7626.590760,42.723360,100,7,72
9369.613985,44.570244,100,7,72
5046.212985,39.276771,100,7,72
7781.666360,39.781678,100,7,72
1993.198872,55.625567,100,7,72
794.466747,56.742301,100,7,72
2934.536797,38.951632,100,7,72
6743.119495,28.020530,100,7,72
6026.866561,44.679602,100,7,72
