Distance,Tx Power,Bandwidth,Subband BW,Subband Offset
7497.436479,53.114475,50,23,19
3296.119363,30.743218,50,23,19
6062.171751,50.216937,50,23,19
6837.041705,18.426592,50,23,19
1442.105513,54.640767,50,23,19
9855.366654,46.693764,50,23,19
5497.168347,27.068755,50,23,19
2815.794112,44.092236,50,23,19
6407.268531,42.472188,50,23,19
110.152088,54.996613,50,23,19
