Distance,Tx Power,Bandwidth,Subband BW,Subband Offset
9352.304334,35.963764,75,8,27
5083.034496,55.524992,75,8,27
3885.316516,32.347971,75,8,27
732.915764,37.486104,75,8,27
3895.412790,43.175953,75,8,27
4895.941879,35.531874,75,8,27
6971.451099,40.067967,75,8,27
3634.118552,48.468614,75,8,27
7532.029536,23.938861,75,8,27
6521.725297,27.838344,75,8,27
