Distance,Tx Power,Bandwidth,Subband BW,Subband Offset
7139.439738,23.948533,100,16,7
4749.937225,31.548927,100,16,7
2608.466597,21.399239,100,16,7
9769.658545,36.924769,100,16,7
646.579059,28.210613,100,16,7
1203.580013,55.275215,100,16,7
1614.357674,44.313409,100,16,7
1868.797308,27.008665,100,16,7
173.773890,35.390556,100,16,7
2661.615621,43.716616,100,16,7
