Distance,Tx Power,Bandwidth,Subband BW,Subband Offset
2776.442732,25.636031,100,72,9
5393.713334,42.419839,100,72,9
1029.793376,58.931409,100,72,9
7628.740644,56.011240,100,72,9
9019.477315,41.132616,100,72,9
5854.900228,56.463794,100,72,9
3767.068687,24.272752,100,72,9
9777.980133,52.329491,100,72,9
6416.786618,22.049797,100,72,9
7240.597131,40.970368,100,72,9
