Distance,Tx Power,Bandwidth,Subband BW,Subband Offset
3970.617796,25.990613,15,10,5
9772.099656,54.632288,15,10,5
6321.845841,36.993761,15,10,5
1632.822929,54.926152,15,10,5
5210.102631,40.670306,15,10,5
307.471487,28.989329,15,10,5
5875.697304,22.273809,15,10,5
4185.597569,59.201315,15,10,5
8191.748338,45.988210,15,10,5
6756.708192,24.191494,15,10,5
