Distance,Tx Power,Bandwidth,Subband BW,Subband Offset
3143.700251,54.646048,50,36,7
2713.409578,18.074398,50,36,7
4326.253482,18.197313,50,36,7
4634.570674,30.854365,50,36,7
3968.719546,28.567345,50,36,7
6356.809665,44.094205,50,36,7
9984.038237,25.028249,50,36,7
3920.175605,28.684056,50,36,7
8857.948661,30.530500,50,36,7
9335.616749,53.062350,50,36,7
