Distance,Tx Power,Bandwidth,Subband BW,Subband Offset
6145.874698,58.177052,100,25,53
8373.704137,31.551443,100,25,53
6640.110035,25.601039,100,25,53
3633.702768,39.768063,100,25,53
7915.949055,18.782113,100,25,53
7295.704973,53.128850,100,25,53
9902.312423,29.953045,100,25,53
6319.950993,30.080429,100,25,53
8573.917719,19.541083,100,25,53
8972.998604,38.322200,100,25,53
