Distance,Tx Power,Bandwidth,Subband BW,Subband Offset
9706.418193,18.589652,25,17,8
4389.164602,52.851987,25,17,8
7865.941893,50.546363,25,17,8
179.380997,16.094393,25,17,8
7744.504226,43.457285,25,17,8
5253.238087,19.961140,25,17,8
9941.910458,52.898038,25,17,8
1179.555148,31.158675,25,17,8
2401.829439,20.983257,25,17,8
5468.118023,53.541744,25,17,8
