Distance,Tx Power,Bandwidth,Subband BW,Subband Offset
8054.892273,27.961444,100,37,30
4952.549003,40.282901,100,37,30
6540.744874,50.302869,100,37,30
5676.590772,54.654806,100,37,30
1259.197118,35.475878,100,37,30
4412.929222,52.518079,100,37,30
2275.260190,51.450023,100,37,30
9364.285018,45.940180,100,37,30
2402.094334,33.924595,100,37,30
6842.739973,17.693048,100,37,30
