Distance,Tx Power,Bandwidth,Subband BW,Subband Offset
4225.478748,16.428472,100,27,31
7849.084040,46.854191,100,27,31
6127.641201,34.214483,100,27,31
600.046608,59.098088,100,27,31
7401.616417,32.234410,100,27,31
6239.222597,24.010358,100,27,31
6021.144305,32.464247,100,27,31
3450.901827,28.159706,100,27,31
1225.609074,38.923403,100,27,31
7643.157480,55.791141,100,27,31
