Distance,Tx Power,Bandwidth,Subband BW,Subband Offset
8743.524566,42.985585,25,19,0
2425.119214,49.254280,25,19,0
5455.388428,48.219392,25,19,0
5299.849539,54.291677,25,19,0
3287.723507,31.728470,25,19,0
3287.248685,59.059805,25,19,0
5398.638637,40.571735,25,19,0
2083.406157,55.332804,25,19,0
7384.277674,17.767430,25,19,0
3092.400646,51.301964,25,19,0
