Distance,Tx Power,Bandwidth,Subband BW,Subband Offset
1663.768695,52.377763,100,32,10
4778.347322,46.930953,100,32,10
9612.090475,32.106355,100,32,10
4300.191378,44.206254,100,32,10
8730.496128,24.680628,100,32,10
6733.601503,50.478084,100,32,10
2599.252254,57.654627,100,32,10
8855.761028,33.794210,100,32,10
4150.499787,38.054788,100,32,10
2807.544360,43.897327,100,32,10
