Distance,Tx Power,Bandwidth,Subband BW,Subband Offset
2256.363941,44.541812,75,35,1
1468.399989,59.848627,75,35,1
2434.139638,15.668912,75,35,1
2038.582088,20.404236,75,35,1
3041.999759,25.100465,75,35,1
3678.204022,42.805909,75,35,1
7448.293194,44.178085,75,35,1
7144.867880,59.013447,75,35,1
125.375318,58.210158,75,35,1
9967.116886,55.441433,75,35,1
