Distance,Tx Power,Bandwidth,Subband BW,Subband Offset
2375.451497,58.662298,25,21,4
656.887225,57.294646,25,21,4
1040.024072,52.336144,25,21,4
8195.646964,22.761627,25,21,4
1412.111831,52.466663,25,21,4
2631.507567,50.618887,25,21,4
9294.716069,46.603692,25,21,4
8077.830640,26.118795,25,21,4
9584.678356,52.741253,25,21,4
2256.889262,24.230923,25,21,4
