Distance,Tx Power,Bandwidth,Subband BW,Subband Offset
6159.402385,41.080055,25,11,2
3026.834751,29.869380,25,11,2
3814.614721,23.061637,25,11,2
1136.107187,48.650465,25,11,2
6423.437958,33.076664,25,11,2
6118.846829,51.094964,25,11,2
3015.968989,56.451345,25,11,2
4421.457205,18.222180,25,11,2
843.127213,23.801411,25,11,2
8154.267169,41.859602,25,11,2
