Distance,Tx Power,Bandwidth,Subband BW,Subband Offset
6814.785619,29.785572,100,6,24
6946.131983,55.212181,100,6,24
8895.268251,37.696785,100,6,24
3410.975252,52.046578,100,6,24
809.733519,54.466235,100,6,24
3389.657454,45.350898,100,6,24
9673.809772,59.676341,100,6,24
8672.507292,25.103711,100,6,24
2290.019946,42.954542,100,6,24
733.792991,29.244152,100,6,24
