Distance,Tx Power,Bandwidth,Subband BW,Subband Offset
6520.622808,47.655939,25,23,2
7718.074522,51.687537,25,23,2
193.932177,41.527937,25,23,2
3215.465550,28.191451,25,23,2
450.118700,49.311925,25,23,2
5470.349348,54.122678,25,23,2
1133.827833,50.480500,25,23,2
2421.734449,38.669484,25,23,2
1528.903427,53.549233,25,23,2
7595.796310,23.424963,25,23,2
