Distance,Tx Power,Bandwidth,Subband BW,Subband Offset
655.241816,36.844600,75,42,9
7822.678112,46.687450,75,42,9
9939.844351,15.883105,75,42,9
3676.557647,51.670590,75,42,9
312.952933,41.675556,75,42,9
6529.016924,31.558538,75,42,9
696.671669,42.039832,75,42,9
340.654280,16.453965,75,42,9
7011.273306,59.280183,75,42,9
8904.211991,40.338325,75,42,9
