Distance,Tx Power,Bandwidth,Subband BW,Subband Offset
7945.551133,44.459137,50,29,0
4477.452849,39.600398,50,29,0
940.890993,22.925212,50,29,0
6032.887954,49.495410,50,29,0
3021.691039,47.048164,50,29,0
4891.935664,52.469692,50,29,0
644.578597,35.508521,50,29,0
4792.023265,29.406112,50,29,0
4878.876979,19.060531,50,29,0
8984.537839,50.122940,50,29,0
