Distance,Tx Power,Bandwidth,Subband BW,Subband Offset
5856.941869,38.294732,100,46,40
7874.392316,33.771209,100,46,40
650.425478,31.079679,100,46,40
2145.866960,21.073846,100,46,40
4295.591937,39.233796,100,46,40
3906.270659,17.532213,100,46,40
1098.023839,26.824256,100,46,40
9644.509675,40.902616,100,46,40
3047.357582,18.450495,100,46,40
6924.476646,18.813820,100,46,40
