Distance,Tx Power,Bandwidth,Subband BW,Subband Offset
2152.647255,56.844468,100,42,17
6542.874611,24.842850,100,42,17
5446.669454,18.333469,100,42,17
9770.443949,24.296199,100,42,17
3639.872093,46.605812,100,42,17
3382.837011,48.981574,100,42,17
795.090562,15.437861,100,42,17
595.948993,41.206855,100,42,17
9264.294833,54.934561,100,42,17
710.136785,32.767031,100,42,17
