Distance,Tx Power,Bandwidth,Subband BW,Subband Offset
2593.893383,24.562324,50,28,1
3504.713704,34.138557,50,28,1
284.198217,49.559070,50,28,1
9573.688610,28.880436,50,28,1
2595.734358,59.739864,50,28,1
7303.297008,48.284449,50,28,1
4488.411608,21.569520,50,28,1
7523.453189,44.665590,50,28,1
4083.929212,26.411707,50,28,1
8409.171225,54.770496,50,28,1
