Distance,Tx Power,Bandwidth,Subband BW,Subband Offset
7291.162843,22.141957,75,48,11
8565.921929,43.217541,75,48,11
8799.719999,21.935940,75,48,11
7050.760005,58.212258,75,48,11
5256.156790,27.350268,75,48,11
5918.457768,37.478943,75,48,11
414.944415,33.175097,75,48,11
2040.090742,30.220425,75,48,11
8780.401970,45.697466,75,48,11
9809.659219,33.808682,75,48,11
