Distance,Tx Power,Bandwidth,Subband BW,Subband Offset
6214.134268,55.088325,100,10,84
3789.318603,28.677107,100,10,84
1850.017822,23.003899,100,10,84
8286.974848,54.528466,100,10,84
2804.725694,26.134130,100,10,84
4020.642112,41.297631,100,10,84
323.710545,51.562482,100,10,84
6203.090403,48.316303,100,10,84
6435.820539,35.785067,100,10,84
3149.687622,24.872997,100,10,84
