Distance,Tx Power,Bandwidth,Subband BW,Subband Offset
3900.305821,36.826581,100,31,14
9649.604312,19.430834,100,31,14
330.810374,17.297690,100,31,14
7734.805153,51.386845,100,31,14
7159.985152,47.046012,100,31,14
2004.583089,24.376786,100,31,14
6427.056111,42.167258,100,31,14
2896.697348,41.935015,100,31,14
8316.850456,55.230713,100,31,14
3028.272084,32.202717,100,31,14
