Distance,Tx Power,Bandwidth,Subband BW,Subband Offset
8888.956286,45.558384,100,19,66
4965.694458,21.061859,100,19,66
8716.630294,51.397847,100,19,66
3113.822069,38.959348,100,19,66
8313.504541,24.172254,100,19,66
9182.135439,27.712022,100,19,66
932.719699,23.756023,100,19,66
8893.520739,21.862519,100,19,66
340.525692,27.272709,100,19,66
9024.909387,20.630058,100,19,66
