Distance,Tx Power,Bandwidth,Subband BW,Subband Offset
6312.356890,46.808338,100,48,52
6061.562507,55.919877,100,48,52
4260.389122,26.444665,100,48,52
2753.827273,47.702565,100,48,52
7538.380709,44.543361,100,48,52
8633.890154,50.213355,100,48,52
1139.214344,36.045707,100,48,52
9358.848271,35.059709,100,48,52
6615.498207,17.236052,100,48,52
4467.205854,34.218741,100,48,52
