Distance,Tx Power,Bandwidth,Subband BW,Subband Offset
9343.066172,26.074800,75,9,21
9541.078626,28.138849,75,9,21
5530.515948,27.478884,75,9,21
4765.285487,23.073049,75,9,21
3033.444327,25.893943,75,9,21
6611.526304,59.284072,75,9,21
9304.307405,49.565960,75,9,21
6372.431474,46.601041,75,9,21
6309.143850,26.743828,75,9,21
3267.862250,19.802226,75,9,21
