Distance,Tx Power,Bandwidth,Subband BW,Subband Offset
5763.580042,19.261938,50,24,1
5490.567836,28.526175,50,24,1
6093.074891,37.354473,50,24,1
4268.282414,21.377160,50,24,1
5317.972755,27.569912,50,24,1
3130.419989,48.655104,50,24,1
5397.829673,45.250517,50,24,1
8488.368921,34.513539,50,24,1
2998.570870,25.584890,50,24,1
8533.478723,21.571464,50,24,1
