Distance,Tx Power,Bandwidth,Subband BW,Subband Offset
6190.550715,53.930424,25,18,0
6251.458235,30.915037,25,18,0
6340.521958,19.512095,25,18,0
7454.439141,21.248681,25,18,0
4304.005329,26.362086,25,18,0
2595.836405,42.506640,25,18,0
3891.841688,47.790902,25,18,0
8849.146991,37.725240,25,18,0
2377.414391,21.112449,25,18,0
6525.453329,32.352259,25,18,0
