Distance,Tx Power,Bandwidth,Subband BW,Subband Offset
971.893745,53.460838,50,12,4
3431.098193,46.956825,50,12,4
3862.526478,21.647634,50,12,4
541.944419,29.561191,50,12,4
1253.948629,22.995990,50,12,4
2267.969629,53.478461,50,12,4
5148.675126,47.849537,50,12,4
789.401711,32.534068,50,12,4
3219.803564,20.215568,50,12,4
7069.839981,39.590441,50,12,4
