Distance,Tx Power,Bandwidth,Subband BW,Subband Offset
8967.626862,38.385835,15,9,3
1756.822874,20.914068,15,9,3
5946.073411,20.291919,15,9,3
7862.786864,27.285106,15,9,3
9973.084210,39.613149,15,9,3
7391.872602,58.955254,15,9,3
8441.864404,46.722269,15,9,3
6594.555980,31.180408,15,9,3
4682.426709,30.892382,15,9,3
8524.588165,44.393761,15,9,3
