Distance,Tx Power,Bandwidth,Subband BW,Subband Offset
7437.142447,54.405408,100,8,38
9010.505264,56.925815,100,8,38
1692.116265,17.580512,100,8,38
613.593735,27.086336,100,8,38
5522.086950,51.441347,100,8,38
8593.751684,23.303446,100,8,38
8781.890189,38.322113,100,8,38
3930.152106,16.093441,100,8,38
7964.356653,35.358684,100,8,38
2137.518593,35.504965,100,8,38
