Distance,Tx Power,Bandwidth,Subband BW,Subband Offset
3192.876888,52.124695,15,11,1
7417.146643,44.504164,15,11,1
6707.120981,17.469927,15,11,1
5669.067681,15.797861,15,11,1
1707.376633,55.620651,15,11,1
7886.615015,49.218235,15,11,1
3500.735515,49.992097,15,11,1
1457.237322,21.238220,15,11,1
6550.324445,33.558956,15,11,1
7043.773420,54.634709,15,11,1
