Distance,Tx Power,Bandwidth,Subband BW,Subband Offset
6493.151400,39.322651,100,22,45
8723.055809,47.678282,100,22,45
1502.468994,51.054058,100,22,45
8229.771684,32.504801,100,22,45
4607.299926,17.003540,100,22,45
9110.398742,36.227312,100,22,45
8816.414634,24.172604,100,22,45
1047.165892,37.659735,100,22,45
9085.755348,25.548122,100,22,45
2383.959141,16.425418,100,22,45
