Distance,Tx Power,Bandwidth,Subband BW,Subband Offset
7127.766519,20.453568,25,19,6
2426.561609,16.692260,25,19,6
1546.117723,32.416706,25,19,6
4455.515200,59.766517,25,19,6
4203.227247,32.452484,25,19,6
2930.465084,42.198520,25,19,6
9877.686733,46.259274,25,19,6
8189.821626,50.099651,25,19,6
6346.315086,33.096319,25,19,6
1933.543198,30.830181,25,19,6
