Distance,Tx Power,Bandwidth,Subband BW,Subband Offset
5369.019728,36.907331,75,26,27
5319.363442,21.194997,75,26,27
6230.327453,58.490140,75,26,27
7152.155484,36.205461,75,26,27
560.780806,55.961471,75,26,27
7149.823408,33.267202,75,26,27
8832.677306,25.407649,75,26,27
9197.441441,38.533520,75,26,27
3262.384163,51.443264,75,26,27
7703.549968,44.222638,75,26,27
