Distance,Tx Power,Bandwidth,Subband BW,Subband Offset
993.860598,52.289753,15,7,3
3343.224311,47.875025,15,7,3
6273.387865,28.166098,15,7,3
8332.300656,36.588891,15,7,3
686.881544,45.456004,15,7,3
2272.454458,32.008022,15,7,3
9294.961364,18.186363,15,7,3
5705.081929,24.395131,15,7,3
7626.507726,26.673685,15,7,3
831.170288,16.876397,15,7,3
