Distance,Tx Power,Bandwidth,Subband BW,Subband Offset
8595.159416,19.517341,15,9,2
1889.006501,46.422471,15,9,2
6827.711692,53.187474,15,9,2
4425.831701,15.500699,15,9,2
8319.937674,45.221341,15,9,2
4603.299664,37.498756,15,9,2
489.639054,35.525187,15,9,2
496.950624,51.757672,15,9,2
9599.396362,18.045408,15,9,2
5891.492380,58.937135,15,9,2
