Distance,Tx Power,Bandwidth,Subband BW,Subband Offset
3109.373006,30.192101,15,10,3
1850.633729,53.524794,15,10,3
9225.945872,29.286485,15,10,3
8429.972563,45.390637,15,10,3
4572.398237,41.192494,15,10,3
675.157537,28.269001,15,10,3
7908.075399,30.835657,15,10,3
3174.924798,38.262412,15,10,3
2646.628290,26.316195,15,10,3
6431.101215,33.316957,15,10,3
