Distance,Tx Power,Bandwidth,Subband BW,Subband Offset
3626.289308,17.397856,100,18,64
4530.304200,24.196108,100,18,64
3713.722510,33.937397,100,18,64
2457.014317,57.246522,100,18,64
2719.373120,15.285271,100,18,64
157.111842,52.272287,100,18,64
5744.411426,21.708117,100,18,64
8509.182120,29.587663,100,18,64
2083.149258,28.681869,100,18,64
3039.205265,24.709450,100,18,64
