Distance,Tx Power,Bandwidth,Subband BW,Subband Offset
8633.534932,49.658268,25,6,3
7235.664444,54.888701,25,6,3
5403.253056,46.211562,25,6,3
7193.595302,53.993392,25,6,3
3693.508268,17.140358,25,6,3
299.840220,57.402733,25,6,3
5258.587105,30.652150,25,6,3
2886.001102,33.678105,25,6,3
6974.280282,30.646388,25,6,3
1188.201713,20.174099,25,6,3
