Distance,Tx Power,Bandwidth,Subband BW,Subband Offset
6755.812825,35.804515,15,8,5
8709.750173,21.931628,15,8,5
7625.113443,51.021693,15,8,5
4917.788808,28.057382,15,8,5
8689.583163,37.648357,15,8,5
1563.904983,17.536445,15,8,5
8370.237164,26.316899,15,8,5
7080.048660,26.456738,15,8,5
8837.414453,44.985232,15,8,5
9223.639235,16.109296,15,8,5
