Distance,Tx Power,Bandwidth,Subband BW,Subband Offset
2318.428289,19.146133,100,41,21
5453.968372,27.755675,100,41,21
9787.420985,22.060773,100,41,21
2722.163327,36.151995,100,41,21
6014.341225,37.428712,100,41,21
3112.900376,20.208739,100,41,21
9596.986827,59.907902,100,41,21
8522.955809,54.852390,100,41,21
8146.211467,21.296007,100,41,21
3632.306548,23.830037,100,41,21
