Distance,Tx Power,Bandwidth,Subband BW,Subband Offset
2340.949845,48.417375,25,12,1
2184.739427,35.650601,25,12,1
1212.371256,52.793218,25,12,1
3679.761837,46.388639,25,12,1
6640.771457,44.406151,25,12,1
7466.849948,21.726672,25,12,1
2171.194316,26.991659,25,12,1
8934.637760,52.506451,25,12,1
1666.759150,40.152197,25,12,1
8732.618471,42.198183,25,12,1
