Distance,Tx Power,Bandwidth,Subband BW,Subband Offset
7330.656604,53.602041,100,46,6
1509.127667,17.909547,100,46,6
2124.989365,27.000734,100,46,6
9712.863964,49.542739,100,46,6
1720.409208,39.750155,100,46,6
5835.274889,28.977934,100,46,6
8554.360237,48.756893,100,46,6
4133.172184,50.245294,100,46,6
3042.441331,34.053194,100,46,6
3814.475755,42.630388,100,46,6
