Distance,Tx Power,Bandwidth,Subband BW,Subband Offset
5742.320212,52.895108,25,9,9
7645.704723,17.336049,25,9,9
3462.511137,38.815697,25,9,9
4981.324350,32.785852,25,9,9
4553.433361,34.037282,25,9,9
9870.710585,23.336696,25,9,9
7462.454813,27.116749,25,9,9
5127.936612,22.921918,25,9,9
8699.129159,39.622880,25,9,9
841.552394,49.613517,25,9,9
