Distance,Tx Power,Bandwidth,Subband BW,Subband Offset
5836.994339,42.083320,75,30,14
4951.343434,24.462083,75,30,14
319.372967,47.284742,75,30,14
2445.231019,24.137916,75,30,14
3416.076784,34.945762,75,30,14
8776.152311,44.586681,75,30,14
1866.161243,18.929160,75,30,14
752.934725,24.739904,75,30,14
7600.741377,18.737145,75,30,14
1056.829853,29.578941,75,30,14
