Distance,Tx Power,Bandwidth,Subband BW,Subband Offset
9938.579367,21.210948,50,8,21
4731.793689,29.376048,50,8,21
6703.338355,33.578305,50,8,21
8537.147040,19.375390,50,8,21
5433.561984,40.678018,50,8,21
163.692734,55.244245,50,8,21
2014.315380,48.399479,50,8,21
3141.733634,33.883084,50,8,21
1910.665379,34.031797,50,8,21
1613.587969,37.778840,50,8,21
