Distance,Tx Power,Bandwidth,Subband BW,Subband Offset
448.719233,17.755527,50,29,15
5664.803169,51.903550,50,29,15
5295.860252,47.447819,50,29,15
1941.197613,27.743188,50,29,15
3389.196033,24.297178,50,29,15
4579.491949,21.511617,50,29,15
6755.192231,37.418393,50,29,15
4465.772260,44.146317,50,29,15
9988.454526,21.288757,50,29,15
8689.181803,20.822332,50,29,15
