Distance,Tx Power,Bandwidth,Subband BW,Subband Offset
905.999548,56.016447,50,28,13
9759.630572,15.579067,50,28,13
2405.261121,59.953370,50,28,13
518.269812,19.043117,50,28,13
5871.551914,35.227604,50,28,13
6970.412080,31.371377,50,28,13
6314.963081,31.990114,50,28,13
3481.261544,25.712029,50,28,13
1039.465461,56.094312,50,28,13
5516.491235,44.460584,50,28,13
