Distance,Tx Power,Bandwidth,Subband BW,Subband Offset
1279.146140,23.779845,25,12,11
4358.037044,28.620849,25,12,11
784.459886,19.613439,25,12,11
6406.422885,52.361265,25,12,11
6731.010187,21.365766,25,12,11
7580.503847,47.599544,25,12,11
523.743153,35.338648,25,12,11
1462.968585,35.566695,25,12,11
8859.726572,15.263867,25,12,11
8873.841167,17.247145,25,12,11
