Distance,Tx Power,Bandwidth,Subband BW,Subband Offset
7003.393669,46.113168,25,19,4
7761.192169,24.261328,25,19,4
2850.740046,37.766745,25,19,4
9867.200614,17.094793,25,19,4
7777.088996,56.647811,25,19,4
6294.680845,27.278479,25,19,4
3273.287610,49.515989,25,19,4
297.146984,20.890745,25,19,4
5880.887136,46.381880,25,19,4
8128.949236,26.961216,25,19,4
