Distance,Tx Power,Bandwidth,Subband BW,Subband Offset
5850.424454,45.509511,25,18,6
5154.880316,19.660215,25,18,6
4023.705024,52.896289,25,18,6
3524.736037,16.757835,25,18,6
9603.799196,54.824409,25,18,6
8766.569837,51.899408,25,18,6
1060.315351,25.896824,25,18,6
1726.136980,52.337231,25,18,6
8296.247843,23.586164,25,18,6
3715.940209,53.283328,25,18,6
