Distance,Tx Power,Bandwidth,Subband BW,Subband Offset
4946.176859,52.839735,100,17,0
5291.351368,48.717965,100,17,0
2495.993984,57.883505,100,17,0
1539.674559,19.878276,100,17,0
5967.451642,36.587204,100,17,0
3520.495446,42.432384,100,17,0
3050.531728,43.444471,100,17,0
2156.971850,42.042190,100,17,0
7526.876178,31.297336,100,17,0
5228.316457,20.573029,100,17,0
