Distance,Tx Power,Bandwidth,Subband BW,Subband Offset
4773.160568,45.852806,75,54,3
5662.610639,58.959018,75,54,3
6675.970838,46.371364,75,54,3
4302.752273,49.532539,75,54,3
1357.637063,31.750353,75,54,3
9186.891710,42.160406,75,54,3
3058.754752,25.776844,75,54,3
2170.413246,47.661735,75,54,3
1617.732800,51.819725,75,54,3
5015.576360,53.967054,75,54,3
