Distance,Tx Power,Bandwidth,Subband BW,Subband Offset
3407.122916,49.410604,50,23,18
5814.887347,22.567226,50,23,18
8451.274779,55.225276,50,23,18
741.394767,50.929309,50,23,18
3536.790982,30.506303,50,23,18
6578.210313,20.726429,50,23,18
3490.774994,34.096463,50,23,18
1577.159395,45.511497,50,23,18
1328.512826,43.527911,50,23,18
4657.577509,38.470359,50,23,18
