Distance,Tx Power,Bandwidth,Subband BW,Subband Offset
1169.328692,58.078581,100,21,69
9292.678968,34.743464,100,21,69
5999.527692,46.994004,100,21,69
1010.698843,46.749866,100,21,69
6593.919396,35.844083,100,21,69
8761.880779,57.995028,100,21,69
1190.133324,45.031840,100,21,69
670.752157,54.821597,100,21,69
7804.659251,57.317363,100,21,69
1761.808750,38.037959,100,21,69
