Distance,Tx Power,Bandwidth,Subband BW,Subband Offset
115.819928,35.658706,25,10,14
7625.081633,26.444877,25,10,14
8971.225249,52.612885,25,10,14
3918.841726,18.046456,25,10,14
6307.729732,40.810721,25,10,14
3553.408091,22.619704,25,10,14
317.515892,56.336718,25,10,14
7922.869794,23.306332,25,10,14
8350.448952,56.726762,25,10,14
5224.276342,45.431238,25,10,14
