Distance,Tx Power,Bandwidth,Subband BW,Subband Offset
8967.204160,23.886148,25,25,0
2769.489548,44.939656,25,25,0
592.308299,53.482540,25,25,0
2850.869565,20.418480,25,25,0
226.856417,49.991744,25,25,0
9536.347319,21.547766,25,25,0
8384.479700,39.185786,25,25,0
3629.956027,46.735312,25,25,0
5505.588787,59.596953,25,25,0
2392.000514,48.861213,25,25,0
