Distance,Tx Power,Bandwidth,Subband BW,Subband Offset
9728.987996,42.725013,25,7,2
2153.232348,23.779047,25,7,2
3738.872851,20.816660,25,7,2
1475.541997,39.997250,25,7,2
683.023189,40.516251,25,7,2
9929.330160,21.822901,25,7,2
9812.294465,41.924304,25,7,2
772.915519,58.229589,25,7,2
8240.358365,51.562760,25,7,2
3998.710169,40.540752,25,7,2
