Distance,Tx Power,Bandwidth,Subband BW,Subband Offset
4661.156231,48.473844,100,52,48
8255.347890,55.212467,100,52,48
5268.659890,59.221900,100,52,48
6004.141176,20.271677,100,52,48
474.683223,33.182182,100,52,48
6841.424324,57.970564,100,52,48
6977.057862,28.632353,100,52,48
5533.856259,53.629282,100,52,48
6948.902685,59.981236,100,52,48
1810.066276,24.111347,100,52,48
