Distance,Tx Power,Bandwidth,Subband BW,Subband Offset
7045.649933,36.008043,25,10,10
2249.350159,58.554774,25,10,10
7734.976491,55.531135,25,10,10
4174.439822,32.071796,25,10,10
4155.944316,19.942569,25,10,10
3938.982166,27.982280,25,10,10
3023.647417,39.548371,25,10,10
9926.295172,28.922382,25,10,10
6040.007918,45.892552,25,10,10
6072.682934,25.217330,25,10,10
