Distance,Tx Power,Bandwidth,Subband BW,Subband Offset
9910.933779,21.434816,25,20,1
5353.701177,16.028403,25,20,1
2011.685371,27.047655,25,20,1
6315.006612,29.690291,25,20,1
3030.531517,41.825417,25,20,1
8171.855079,38.560110,25,20,1
5797.310465,15.985823,25,20,1
4006.949199,32.618563,25,20,1
5414.194528,36.476159,25,20,1
1838.930736,18.313101,25,20,1
