Distance,Tx Power,Bandwidth,Subband BW,Subband Offset
3258.937950,51.707904,15,9,4
6797.097662,58.986378,15,9,4
3228.535489,56.571336,15,9,4
1742.595318,15.460347,15,9,4
7519.200752,30.187413,15,9,4
2853.731065,37.263955,15,9,4
8914.760486,48.718118,15,9,4
6174.251057,27.403348,15,9,4
8475.661077,35.333121,15,9,4
5059.500754,43.118493,15,9,4
