Distance,Tx Power,Bandwidth,Subband BW,Subband Offset
3063.329202,39.628046,75,42,18
1719.804825,43.509395,75,42,18
7844.204543,15.834083,75,42,18
8368.863862,37.368120,75,42,18
5471.844299,37.762706,75,42,18
475.605171,51.056716,75,42,18
1538.441787,32.782187,75,42,18
2336.108976,31.404775,75,42,18
8174.832642,33.280866,75,42,18
351.006499,24.664232,75,42,18
