Distance,Tx Power,Bandwidth,Subband BW,Subband Offset
6070.136635,56.439047,100,23,30
9287.417770,37.657088,100,23,30
3893.495039,19.313869,100,23,30
8761.988086,36.649589,100,23,30
3140.646454,15.583979,100,23,30
9937.440555,17.925661,100,23,30
920.824284,26.769857,100,23,30
5012.444886,40.090350,100,23,30
952.633504,29.794465,100,23,30
1038.304615,35.473716,100,23,30
