Distance,Tx Power,Bandwidth,Subband BW,Subband Offset
2020.805227,19.804351,100,17,77
9645.526822,16.782396,100,17,77
6707.620690,58.058667,100,17,77
5050.828173,33.706117,100,17,77
6404.904615,54.338998,100,17,77
8088.273246,24.686174,100,17,77
9543.447869,38.565733,100,17,77
2623.357772,47.833994,100,17,77
2612.130489,27.344817,100,17,77
7697.499640,29.768885,100,17,77
