Distance,Tx Power,Bandwidth,Subband BW,Subband Offset
5936.718980,49.775662,100,28,8
8973.856314,49.209497,100,28,8
929.878229,31.955957,100,28,8
8035.891278,51.739537,100,28,8
3084.836692,49.616372,100,28,8
6145.638515,34.206756,100,28,8
7430.927900,41.959653,100,28,8
3052.504120,23.032618,100,28,8
5158.737011,15.080701,100,28,8
865.682348,53.985263,100,28,8
