Distance,Tx Power,Bandwidth,Subband BW,Subband Offset
3429.683904,50.760808,75,45,7
972.499084,56.857261,75,45,7
8257.039402,33.318673,75,45,7
3668.234406,48.498851,75,45,7
3748.241286,55.793347,75,45,7
6616.817241,54.131550,75,45,7
7691.549017,38.958901,75,45,7
4404.036380,37.458823,75,45,7
5948.199492,55.329110,75,45,7
2636.885474,27.439248,75,45,7
