Distance,Tx Power,Bandwidth,Subband BW,Subband Offset
3520.899045,18.055234,100,18,36
7366.322028,30.743504,100,18,36
5304.682417,44.059151,100,18,36
2542.996824,53.354589,100,18,36
1390.421069,49.789040,100,18,36
5847.179109,55.266189,100,18,36
242.702336,18.243087,100,18,36
7573.947766,58.088913,100,18,36
4446.831115,57.228269,100,18,36
588.627983,30.974829,100,18,36
