Distance,Tx Power,Bandwidth,Subband BW,Subband Offset
1782.901983,27.743428,100,29,34
5254.412691,42.414954,100,29,34
9136.505421,34.564248,100,29,34
7987.103020,39.861905,100,29,34
2170.809844,20.655799,100,29,34
2887.284733,33.144179,100,29,34
8328.988043,53.509140,100,29,34
7571.673356,47.345767,100,29,34
3371.463635,19.061450,100,29,34
6655.360327,24.294995,100,29,34
