Distance,Tx Power,Bandwidth,Subband BW,Subband Offset
306.346747,33.751299,25,14,8
8369.820590,55.716248,25,14,8
9075.315819,59.519155,25,14,8
7264.980218,19.186653,25,14,8
9211.928317,18.330794,25,14,8
3662.794776,49.700802,25,14,8
2877.355805,19.486384,25,14,8
6235.829208,23.689846,25,14,8
9385.365779,39.841184,25,14,8
7636.966954,23.281344,25,14,8
