Distance,Tx Power,Bandwidth,Subband BW,Subband Offset
1100.484858,16.614897,75,70,2
9504.151655,15.875293,75,70,2
4178.365013,57.864536,75,70,2
453.242381,31.210927,75,70,2
3060.850934,38.037169,75,70,2
9557.648287,40.540279,75,70,2
8436.806561,18.504285,75,70,2
8709.881879,33.982566,75,70,2
6196.997853,27.912920,75,70,2
3412.479458,21.741449,75,70,2
