Distance,Tx Power,Bandwidth,Subband BW,Subband Offset
970.154618,34.337327,50,16,24
4200.387230,57.157974,50,16,24
5409.009620,22.602915,50,16,24
2539.975088,53.607025,50,16,24
5588.421433,59.282523,50,16,24
5412.962483,54.689784,50,16,24
2409.074672,40.451986,50,16,24
7063.228255,39.516097,50,16,24
7133.920032,31.960705,50,16,24
7109.138567,22.078352,50,16,24
