Distance,Tx Power,Bandwidth,Subband BW,Subband Offset
248.962506,30.894878,50,11,28
5463.161424,49.673022,50,11,28
1261.429772,42.992528,50,11,28
2179.599900,16.900894,50,11,28
8360.822365,20.771709,50,11,28
3894.370066,22.794237,50,11,28
8683.104711,47.965596,50,11,28
2273.436762,42.228897,50,11,28
4930.523749,29.548935,50,11,28
622.271088,16.829419,50,11,28
