Distance,Tx Power,Bandwidth,Subband BW,Subband Offset
1749.999883,41.779783,75,35,8
5438.940105,41.341703,75,35,8
1350.669670,35.206421,75,35,8
4275.533005,40.208378,75,35,8
142.986959,59.405449,75,35,8
4296.324967,28.586470,75,35,8
4185.149917,20.225684,75,35,8
3070.744404,57.068403,75,35,8
8106.297950,24.441796,75,35,8
8447.993442,48.991224,75,35,8
