Distance,Tx Power,Bandwidth,Subband BW,Subband Offset
7624.947257,20.276010,15,9,5
4441.470143,30.072601,15,9,5
8708.897097,38.772310,15,9,5
9916.468692,56.777150,15,9,5
3546.052904,20.771970,15,9,5
349.461851,47.752766,15,9,5
1696.687866,22.895447,15,9,5
2010.477140,17.195794,15,9,5
1127.180013,15.114689,15,9,5
8639.989306,41.131844,15,9,5
