Distance,Tx Power,Bandwidth,Subband BW,Subband Offset
5881.817708,52.834989,25,9,10
8350.686264,33.515469,25,9,10
2408.156097,50.226580,25,9,10
9102.076542,47.295271,25,9,10
1971.423356,51.873597,25,9,10
3114.139334,54.131545,25,9,10
7315.082532,16.332491,25,9,10
6347.139185,53.390268,25,9,10
282.142800,27.798811,25,9,10
7029.856682,41.628287,25,9,10
