Distance,Tx Power,Bandwidth,Subband BW,Subband Offset
4572.881353,38.671445,75,12,52
9962.439296,43.413423,75,12,52
3324.627941,23.126222,75,12,52
5861.990600,46.003529,75,12,52
3574.366724,52.599444,75,12,52
8019.542359,25.530320,75,12,52
7696.800109,59.377922,75,12,52
989.778723,31.500129,75,12,52
836.457861,48.133712,75,12,52
9612.133290,49.869344,75,12,52
