Distance,Tx Power,Bandwidth,Subband BW,Subband Offset
2473.980104,43.573791,50,11,2
8616.761727,29.780869,50,11,2
1616.785664,24.699514,50,11,2
3780.793885,58.465429,50,11,2
7217.422658,43.503856,50,11,2
968.090949,23.318293,50,11,2
1227.933342,50.873231,50,11,2
7122.509123,57.961919,50,11,2
516.396805,40.127038,50,11,2
1484.195269,28.683633,50,11,2
