Distance,Tx Power,Bandwidth,Subband BW,Subband Offset
5413.777000,27.701586,75,50,6
2640.565042,43.120553,75,50,6
5065.741897,59.958614,75,50,6
2080.813986,40.963247,75,50,6
9712.701744,56.611911,75,50,6
4189.147616,22.625258,75,50,6
8311.542499,21.330060,75,50,6
8445.363737,56.120587,75,50,6
2692.055084,25.761973,75,50,6
5933.518895,22.645207,75,50,6
