Distance,Tx Power,Bandwidth,Subband BW,Subband Offset
9564.306379,34.581193,100,57,25
5761.680055,30.782939,100,57,25
2876.783929,19.378626,100,57,25
7909.260016,39.764302,100,57,25
6438.474238,18.384134,100,57,25
4205.551466,40.260180,100,57,25
5335.345017,39.181789,100,57,25
8140.014452,15.749183,100,57,25
8013.973231,32.207179,100,57,25
5657.211962,30.888771,100,57,25
