Distance,Tx Power,Bandwidth,Subband BW,Subband Offset
3562.034254,27.679094,75,14,31
8624.331403,56.210898,75,14,31
6335.855628,43.109205,75,14,31
7739.299315,50.022822,75,14,31
2324.091206,33.636997,75,14,31
8839.867025,50.761287,75,14,31
4987.223178,29.129652,75,14,31
9326.645387,33.372373,75,14,31
9797.554835,40.278649,75,14,31
6314.571794,28.612275,75,14,31
