Distance,Tx Power,Bandwidth,Subband BW,Subband Offset
8584.131037,27.156055,100,47,32
8869.964130,55.917342,100,47,32
2595.708916,54.543459,100,47,32
6469.783048,27.825620,100,47,32
8626.832118,38.529956,100,47,32
9187.557590,58.972993,100,47,32
4212.551362,19.771652,100,47,32
7586.944952,56.880332,100,47,32
8898.697994,56.749695,100,47,32
864.140669,52.172872,100,47,32
