Distance,Tx Power,Bandwidth,Subband BW,Subband Offset
3066.847163,22.914036,50,10,0
9451.374967,28.267369,50,10,0
3801.673668,24.631906,50,10,0
1622.068205,48.768041,50,10,0
2287.333503,31.741618,50,10,0
9958.042336,22.016445,50,10,0
9350.478320,32.816176,50,10,0
5913.705098,30.906020,50,10,0
4458.491871,31.077209,50,10,0
5286.534459,26.075939,50,10,0
