Distance,Tx Power,Bandwidth,Subband BW,Subband Offset
5670.594519,45.202379,100,34,34
9416.563593,40.324878,100,34,34
7107.486319,48.072937,100,34,34
3526.403791,44.862764,100,34,34
306.388553,27.680585,100,34,34
4157.174122,26.258257,100,34,34
6601.626934,40.702068,100,34,34
572.553266,54.900693,100,34,34
9972.420427,19.419381,100,34,34
3152.824544,25.142421,100,34,34
