Distance,Tx Power,Bandwidth,Subband BW,Subband Offset
442.831894,34.586220,15,6,2
6032.754224,46.044356,15,6,2
6754.926305,56.971065,15,6,2
5315.712393,56.268333,15,6,2
6659.881937,48.633830,15,6,2
5907.937601,38.362575,15,6,2
3186.518808,23.203378,15,6,2
3693.832050,53.649898,15,6,2
9338.166647,35.278125,15,6,2
485.813552,28.834384,15,6,2
