Distance,Tx Power,Bandwidth,Subband BW,Subband Offset
3701.328241,56.793633,100,15,41
786.007938,58.106522,100,15,41
418.752367,53.336671,100,15,41
2503.940362,27.633328,100,15,41
2335.623255,51.405486,100,15,41
425.007860,38.499939,100,15,41
7647.224953,43.604284,100,15,41
5803.629705,34.420396,100,15,41
9302.524701,28.061216,100,15,41
7886.591469,52.304384,100,15,41
