Distance,Tx Power,Bandwidth,Subband BW,Subband Offset
4344.965090,37.510603,15,6,4
3452.139018,37.231752,15,6,4
9010.346354,51.738689,15,6,4
8596.241571,21.038299,15,6,4
2356.436963,18.333791,15,6,4
7791.094289,30.482886,15,6,4
6288.508078,27.343084,15,6,4
4395.749250,57.462541,15,6,4
1610.066094,50.638497,15,6,4
2860.943929,33.499488,15,6,4
