Distance,Tx Power,Bandwidth,Subband BW,Subband Offset
4936.639730,27.922830,50,18,19
7754.122622,25.674855,50,18,19
3659.817181,16.306144,50,18,19
9865.519716,19.618432,50,18,19
4390.368363,50.890719,50,18,19
6597.185892,35.557759,50,18,19
8265.686785,19.911824,50,18,19
8334.399715,55.958667,50,18,19
2451.725241,55.823375,50,18,19
6384.959677,48.995265,50,18,19
