Distance,Tx Power,Bandwidth,Subband BW,Subband Offset
3724.907894,15.097007,100,29,45
3304.159857,17.866491,100,29,45
8942.582666,33.110158,100,29,45
6321.274548,30.381296,100,29,45
6475.801105,34.820610,100,29,45
2642.789564,26.406195,100,29,45
3175.678814,40.440231,100,29,45
7985.477396,47.258450,100,29,45
8366.831321,32.806709,100,29,45
365.563324,40.002387,100,29,45
