Distance,Tx Power,Bandwidth,Subband BW,Subband Offset
4242.923045,19.426768,25,7,1
8963.377238,40.097774,25,7,1
8663.679785,44.267060,25,7,1
5374.111761,47.268100,25,7,1
3307.485537,18.054524,25,7,1
7475.424823,56.466394,25,7,1
5800.927127,57.302122,25,7,1
7420.074164,37.704719,25,7,1
8059.319611,56.231767,25,7,1
8833.102288,52.514411,25,7,1
