Distance,Tx Power,Bandwidth,Subband BW,Subband Offset
2572.028332,20.204339,75,33,4
548.233256,43.603168,75,33,4
7637.602252,23.420610,75,33,4
1055.954688,18.927244,75,33,4
8639.732064,57.825085,75,33,4
8443.207442,48.476962,75,33,4
3312.424037,39.453265,75,33,4
4790.763053,24.435874,75,33,4
6011.934788,48.073470,75,33,4
8153.681610,45.765414,75,33,4
