Distance,Tx Power,Bandwidth,Subband BW,Subband Offset
5896.052165,42.378665,50,23,17
1664.490963,22.280363,50,23,17
8443.329962,39.184145,50,23,17
1690.333757,30.444376,50,23,17
8910.910076,25.049792,50,23,17
369.620063,30.387332,50,23,17
9071.835339,22.523997,50,23,17
7639.997465,29.912071,50,23,17
8062.742090,51.106668,50,23,17
4524.522681,48.381966,50,23,17
