Distance,Tx Power,Bandwidth,Subband BW,Subband Offset
306.217489,40.174241,50,30,4
5995.455707,35.632373,50,30,4
6502.385250,27.975206,50,30,4
9173.158465,17.152343,50,30,4
1361.972921,51.185793,50,30,4
351.428459,53.222217,50,30,4
7199.198502,32.006100,50,30,4
4262.451844,49.922141,50,30,4
3065.201057,30.390335,50,30,4
190.628497,38.049284,50,30,4
