Distance,Tx Power,Bandwidth,Subband BW,Subband Offset
2473.995473,58.798798,100,21,27
6247.942264,58.822120,100,21,27
9817.964384,57.876369,100,21,27
2571.170829,33.540241,100,21,27
5334.340843,47.190475,100,21,27
1493.900034,59.429623,100,21,27
5333.957911,48.114675,100,21,27
1442.538915,34.109695,100,21,27
5164.547916,31.929535,100,21,27
9075.570083,37.638412,100,21,27
