Distance,Tx Power,Bandwidth,Subband BW,Subband Offset
8798.801979,47.492796,25,10,13
7011.636047,37.124195,25,10,13
2591.005790,35.508301,25,10,13
8765.238826,36.405407,25,10,13
5259.866507,34.585929,25,10,13
3746.307501,20.518980,25,10,13
9192.130082,28.427290,25,10,13
2738.945191,56.255468,25,10,13
9542.588948,53.840824,25,10,13
9180.560200,30.386829,25,10,13
