Distance,Tx Power,Bandwidth,Subband BW,Subband Offset
5475.385535,22.023688,75,24,29
4130.928496,56.888333,75,24,29
4980.816910,28.765472,75,24,29
7207.347568,44.109934,75,24,29
2415.349178,30.909386,75,24,29
9525.021451,58.198946,75,24,29
1995.343787,33.970695,75,24,29
5166.608935,16.934157,75,24,29
897.983345,52.186444,75,24,29
1661.477178,46.312884,75,24,29
