Distance,Tx Power,Bandwidth,Subband BW,Subband Offset
3759.762931,49.751574,50,12,13
869.175514,39.160005,50,12,13
3760.605594,38.997284,50,12,13
4901.598845,35.900723,50,12,13
5327.792075,18.315533,50,12,13
6507.899165,45.383776,50,12,13
1474.182806,42.084092,50,12,13
3361.246663,55.034019,50,12,13
251.620782,20.895371,50,12,13
7501.977711,28.078685,50,12,13
