Distance,Tx Power,Bandwidth,Subband BW,Subband Offset
6764.872673,27.653452,25,12,9
7847.223473,29.528905,25,12,9
1213.540341,23.604473,25,12,9
7338.246945,35.895722,25,12,9
6931.998029,21.598464,25,12,9
2526.814753,38.038988,25,12,9
3964.091605,34.073846,25,12,9
7835.034371,27.187807,25,12,9
1244.533447,35.856320,25,12,9
1402.460049,50.633855,25,12,9
