Distance,Tx Power,Bandwidth,Subband BW,Subband Offset
5941.110611,29.347211,25,10,14
7266.782713,19.542906,25,10,14
5119.200883,18.647600,25,10,14
6593.006667,56.746462,25,10,14
4946.091929,42.450004,25,10,14
1721.221680,22.889582,25,10,14
5758.394095,22.041649,25,10,14
1931.874408,57.011183,25,10,14
1090.971402,23.036048,25,10,14
8213.568726,41.536831,25,10,14
