Distance,Tx Power,Bandwidth,Subband BW,Subband Offset
3807.046032,58.580937,75,32,11
842.913183,16.099095,75,32,11
2136.603504,43.812342,75,32,11
709.416624,52.883275,75,32,11
2295.583507,21.296890,75,32,11
6494.301394,26.901080,75,32,11
4331.217362,21.041823,75,32,11
7207.011481,51.559016,75,32,11
8346.675138,48.273600,75,32,11
3015.170911,50.672779,75,32,11
