Distance,Tx Power,Bandwidth,Subband BW,Subband Offset
4350.519239,47.540955,75,12,57
1735.824724,37.421971,75,12,57
8893.535095,35.246155,75,12,57
9943.447761,18.718915,75,12,57
607.105753,24.739095,75,12,57
9341.984072,58.863993,75,12,57
493.274120,23.327209,75,12,57
3812.951509,19.100045,75,12,57
653.747987,43.125842,75,12,57
4847.283002,26.006451,75,12,57
