Distance,Tx Power,Bandwidth,Subband BW,Subband Offset
7442.479333,16.276611,25,16,2
2411.295739,39.762756,25,16,2
5028.638612,24.013219,25,16,2
3019.559626,40.318199,25,16,2
4855.037208,23.951592,25,16,2
549.438272,52.949359,25,16,2
8725.210974,15.056224,25,16,2
3005.323113,26.107674,25,16,2
4436.803899,52.631424,25,16,2
831.194276,28.188762,25,16,2
