Distance,Tx Power,Bandwidth,Subband BW,Subband Offset
9674.569238,18.084768,25,21,4
724.874835,15.625521,25,21,4
5017.733202,43.168464,25,21,4
4994.792038,18.698663,25,21,4
3463.815306,27.574401,25,21,4
8278.313986,24.201494,25,21,4
3738.048768,18.648021,25,21,4
3672.350514,37.413878,25,21,4
1873.356956,31.812955,25,21,4
7125.595450,35.291657,25,21,4
