Distance,Tx Power,Bandwidth,Subband BW,Subband Offset
9446.323282,28.565235,75,41,29
4459.340833,30.626753,75,41,29
766.721493,22.147635,75,41,29
8550.875730,27.914389,75,41,29
3386.885002,28.142720,75,41,29
6627.310406,24.660211,75,41,29
5726.170102,44.564712,75,41,29
3064.454165,25.052910,75,41,29
3277.852571,43.599476,75,41,29
4357.526518,47.074911,75,41,29
