Distance,Tx Power,Bandwidth,Subband BW,Subband Offset
8034.284066,44.458011,100,12,44
1825.341765,59.684562,100,12,44
4105.182730,29.523178,100,12,44
2144.213650,37.833301,100,12,44
5104.245647,26.222631,100,12,44
1679.009724,49.856078,100,12,44
8129.596964,40.160334,100,12,44
5421.335822,31.347149,100,12,44
7760.542049,52.084816,100,12,44
2316.455874,20.981807,100,12,44
