Distance,Tx Power,Bandwidth,Subband BW,Subband Offset
2269.870278,15.227917,75,6,3
3245.452134,37.368746,75,6,3
5005.675560,56.288012,75,6,3
7144.164933,41.608556,75,6,3
2131.805617,45.732053,75,6,3
365.569099,19.897260,75,6,3
7193.257928,23.815262,75,6,3
5123.887881,42.325707,75,6,3
2077.969030,22.515786,75,6,3
2380.352616,46.761368,75,6,3
