Distance,Tx Power,Bandwidth,Subband BW,Subband Offset
5110.857421,51.537717,50,17,20
4024.882947,40.123576,50,17,20
9173.787789,49.752177,50,17,20
7247.403861,57.485377,50,17,20
5555.182923,20.950982,50,17,20
2148.058112,29.292412,50,17,20
7925.741288,26.778861,50,17,20
4866.837679,22.925780,50,17,20
7673.269957,45.330761,50,17,20
8842.679272,52.840115,50,17,20
