Distance,Tx Power,Bandwidth,Subband BW,Subband Offset
3784.237558,34.817776,50,8,27
5553.765401,27.814981,50,8,27
4822.059617,36.175825,50,8,27
6072.791416,58.409122,50,8,27
3996.429592,32.857255,50,8,27
8371.212601,54.161443,50,8,27
3878.307849,54.973651,50,8,27
1461.371762,32.188309,50,8,27
3276.288432,16.261214,50,8,27
7632.284856,45.209093,50,8,27
