Distance,Tx Power,Bandwidth,Subband BW,Subband Offset
7746.860364,51.679919,15,8,6
2095.649597,19.346898,15,8,6
6529.111568,28.771396,15,8,6
6981.585323,51.813215,15,8,6
8669.937537,44.742941,15,8,6
4728.660675,40.495889,15,8,6
1902.211148,41.668103,15,8,6
6736.894368,57.487740,15,8,6
7152.830887,40.410202,15,8,6
682.063555,32.458023,15,8,6
