Distance,Tx Power,Bandwidth,Subband BW,Subband Offset
6205.006218,40.294752,50,14,7
5858.030593,27.413101,50,14,7
1097.862898,54.536184,50,14,7
7991.158185,15.743336,50,14,7
3164.724014,21.775683,50,14,7
3508.764867,48.138012,50,14,7
9912.848186,52.885674,50,14,7
8110.207452,27.570520,50,14,7
2635.684692,22.756310,50,14,7
8830.081612,55.237951,50,14,7
