Distance,Tx Power,Bandwidth,Subband BW,Subband Offset
7327.243893,16.902859,100,31,46
7792.582079,47.189590,100,31,46
9881.065268,40.024447,100,31,46
9196.045671,54.571412,100,31,46
5324.592560,34.466134,100,31,46
8408.532643,32.083697,100,31,46
1115.418567,46.108707,100,31,46
584.242527,29.317238,100,31,46
7497.627692,35.413890,100,31,46
7266.507055,47.342671,100,31,46
