Distance,Tx Power,Bandwidth,Subband BW,Subband Offset
6018.377147,41.499253,75,46,3
3516.955859,31.194914,75,46,3
870.604892,41.654219,75,46,3
7738.535861,59.632931,75,46,3
1494.732123,41.399369,75,46,3
5072.115109,38.668862,75,46,3
8297.147791,38.946752,75,46,3
7751.515222,32.420161,75,46,3
2797.149446,48.569754,75,46,3
6326.364783,37.917254,75,46,3
