Distance,Tx Power,Bandwidth,Subband BW,Subband Offset
6208.514406,51.246987,50,14,6
5792.046322,58.610651,50,14,6
6347.581644,17.414903,50,14,6
7566.458997,26.393362,50,14,6
8416.212444,22.100089,50,14,6
3688.602613,47.335756,50,14,6
5846.661170,27.891365,50,14,6
9426.657357,59.714248,50,14,6
9053.259408,52.406738,50,14,6
1953.777881,25.255361,50,14,6
