Distance,Tx Power,Bandwidth,Subband BW,Subband Offset
1025.386997,40.788688,100,18,54
5842.114945,35.055980,100,18,54
4763.943070,36.674483,100,18,54
7195.853034,44.853710,100,18,54
9990.429813,39.849783,100,18,54
320.280977,35.739935,100,18,54
495.204410,29.540257,100,18,54
6398.578325,23.089431,100,18,54
4439.585140,27.085785,100,18,54
3281.393105,57.051490,100,18,54
