Distance,Tx Power,Bandwidth,Subband BW,Subband Offset
5035.107348,19.663238,15,10,3
6780.983415,46.343206,15,10,3
8898.214900,24.665248,15,10,3
2356.881345,39.822210,15,10,3
3630.839317,57.801515,15,10,3
6745.683132,21.539778,15,10,3
1644.150475,20.188487,15,10,3
2498.242199,58.485370,15,10,3
8786.481504,49.147101,15,10,3
5372.252468,33.557506,15,10,3
