Distance,Tx Power,Bandwidth,Subband BW,Subband Offset
3815.983639,45.357222,100,46,15
8897.863694,20.665069,100,46,15
1747.700042,21.349379,100,46,15
5707.541185,34.026193,100,46,15
3336.085438,32.268048,100,46,15
5828.810601,20.775588,100,46,15
3841.906400,52.429550,100,46,15
6652.350161,37.970394,100,46,15
8256.274738,44.153791,100,46,15
5395.055612,40.802150,100,46,15
