Distance,Tx Power,Bandwidth,Subband BW,Subband Offset
4201.376916,17.656833,75,13,25
7840.788867,23.273237,75,13,25
9197.071488,40.298834,75,13,25
9785.570415,39.003353,75,13,25
4888.694561,32.257143,75,13,25
7964.105147,37.499207,75,13,25
4434.103005,17.036757,75,13,25
618.479190,45.519537,75,13,25
2177.076539,52.472019,75,13,25
4854.111050,47.910315,75,13,25
