Distance,Tx Power,Bandwidth,Subband BW,Subband Offset
349.101443,46.573081,50,14,12
7220.885719,51.068512,50,14,12
2629.833382,37.399316,50,14,12
3804.074649,38.540845,50,14,12
3713.823787,42.062117,50,14,12
5255.634878,59.167968,50,14,12
1218.646002,46.724465,50,14,12
7405.805603,30.436397,50,14,12
4696.105350,24.933906,50,14,12
3888.991259,16.798092,50,14,12
