Distance,Tx Power,Bandwidth,Subband BW,Subband Offset
4741.591232,57.511447,25,8,17
3763.074153,39.543703,25,8,17
5918.620282,29.400662,25,8,17
1940.043426,40.715315,25,8,17
8527.407421,48.343065,25,8,17
3428.177518,33.505488,25,8,17
4447.734654,55.193100,25,8,17
5585.515238,33.980841,25,8,17
2764.108525,25.377464,25,8,17
9705.279478,36.596368,25,8,17
