Distance,Tx Power,Bandwidth,Subband BW,Subband Offset
3075.750816,15.679534,25,15,7
245.349695,42.553155,25,15,7
5001.404178,49.892658,25,15,7
1408.853613,21.911851,25,15,7
1577.827155,58.463585,25,15,7
3193.746842,57.786165,25,15,7
1949.976668,33.871180,25,15,7
644.205345,20.721167,25,15,7
2742.488000,55.866405,25,15,7
7322.572549,41.294221,25,15,7
