Distance,Tx Power,Bandwidth,Subband BW,Subband Offset
6136.138162,53.598589,50,19,7
2530.929304,16.487657,50,19,7
6836.802908,19.761201,50,19,7
396.644119,58.622040,50,19,7
4272.373084,52.760156,50,19,7
3202.374731,15.489573,50,19,7
896.084521,41.888640,50,19,7
5591.585661,46.325610,50,19,7
4385.461098,25.719260,50,19,7
5640.752221,48.207474,50,19,7
