Distance,Tx Power,Bandwidth,Subband BW,Subband Offset
1168.222753,27.498097,25,8,6
2620.803646,36.226139,25,8,6
4543.804284,36.237882,25,8,6
2616.978365,34.166922,25,8,6
1273.885370,28.138991,25,8,6
8419.907579,17.709042,25,8,6
6871.529329,42.092017,25,8,6
2546.569798,56.167418,25,8,6
9197.670090,30.016369,25,8,6
5022.109149,40.905173,25,8,6
