Distance,Tx Power,Bandwidth,Subband BW,Subband Offset
6798.752164,38.935204,50,18,18
8893.715410,55.746370,50,18,18
7702.931447,42.823278,50,18,18
6597.212817,59.866093,50,18,18
3796.911651,52.078036,50,18,18
1407.010709,43.895919,50,18,18
2239.388379,30.725435,50,18,18
8443.699994,15.273162,50,18,18
7194.803851,19.714879,50,18,18
9045.729093,42.706050,50,18,18
