Distance,Tx Power,Bandwidth,Subband BW,Subband Offset
7249.633692,20.311648,15,7,8
7716.506690,40.646451,15,7,8
4669.343101,50.286216,15,7,8
5239.604724,17.160380,15,7,8
6779.868978,59.613235,15,7,8
1490.645833,51.759066,15,7,8
5228.629566,34.673588,15,7,8
8104.418768,59.149496,15,7,8
4607.372299,52.673408,15,7,8
3689.846105,34.494171,15,7,8
