Distance,Tx Power,Bandwidth,Subband BW,Subband Offset
6330.964266,17.280983,25,21,2
2502.292449,46.767548,25,21,2
4205.867586,32.126735,25,21,2
6031.352767,28.386922,25,21,2
7270.188229,59.314784,25,21,2
2108.126437,25.096808,25,21,2
1963.269628,38.091451,25,21,2
1625.137300,53.644642,25,21,2
281.077502,51.459675,25,21,2
5042.631474,38.657979,25,21,2
