Distance,Tx Power,Bandwidth,Subband BW,Subband Offset
7571.011524,59.361544,75,39,14
1965.334659,53.999139,75,39,14
3679.249369,37.861282,75,39,14
1750.134233,58.940847,75,39,14
4338.345004,15.393411,75,39,14
1336.860705,49.500326,75,39,14
8226.624307,57.963058,75,39,14
5219.840770,35.824310,75,39,14
721.762411,50.559605,75,39,14
8368.308283,23.569483,75,39,14
