Distance,Tx Power,Bandwidth,Subband BW,Subband Offset
6099.553257,48.226210,75,19,17
9654.416448,36.873143,75,19,17
2810.694934,16.944965,75,19,17
7949.832137,59.961719,75,19,17
2101.960997,53.850480,75,19,17
8770.780215,25.776485,75,19,17
6369.671633,28.219965,75,19,17
7829.114366,16.855283,75,19,17
9479.287750,39.969509,75,19,17
9168.875306,53.476756,75,19,17
