Distance,Tx Power,Bandwidth,Subband BW,Subband Offset
8616.112755,51.260576,100,8,33
3168.629447,16.815794,100,8,33
7812.057223,50.684954,100,8,33
6066.596151,44.182595,100,8,33
322.126108,58.247706,100,8,33
1344.662597,25.146751,100,8,33
3197.053606,42.362431,100,8,33
8815.346940,23.693888,100,8,33
4428.099681,31.025009,100,8,33
9558.953783,36.780817,100,8,33
