Distance,Tx Power,Bandwidth,Subband BW,Subband Offset
8564.668418,39.003426,100,6,13
4451.272005,33.274899,100,6,13
6779.809091,58.680304,100,6,13
6737.303493,52.139247,100,6,13
7235.246190,36.842147,100,6,13
6844.660987,18.075138,100,6,13
9378.948225,39.590477,100,6,13
8995.408219,54.554683,100,6,13
3752.848927,32.440914,100,6,13
8529.222717,59.406491,100,6,13
