Distance,Tx Power,Bandwidth,Subband BW,Subband Offset
2448.506424,50.327966,75,12,32
4539.377346,17.373789,75,12,32
5446.481628,23.519057,75,12,32
9056.609282,25.132847,75,12,32
4811.135793,30.394061,75,12,32
1905.505261,39.729940,75,12,32
1195.459421,18.772283,75,12,32
4271.445267,26.509603,75,12,32
8282.578081,29.139704,75,12,32
8408.747988,15.200389,75,12,32
