Distance,Tx Power,Bandwidth,Subband BW,Subband Offset
8468.690716,35.452753,75,27,10
4768.330784,24.715424,75,27,10
3546.507655,59.776481,75,27,10
7026.608972,24.540493,75,27,10
1174.096022,45.566342,75,27,10
3111.030223,56.399056,75,27,10
5387.371205,35.405803,75,27,10
5159.488124,48.604016,75,27,10
1599.775086,45.442127,75,27,10
984.486681,27.997463,75,27,10
