Distance,Tx Power,Bandwidth,Subband BW,Subband Offset
3895.771246,24.481894,50,9,22
5116.942629,42.653997,50,9,22
5396.257051,40.250309,50,9,22
6284.637796,26.092135,50,9,22
1104.285789,29.776079,50,9,22
834.043275,19.599509,50,9,22
5552.762861,31.687676,50,9,22
1548.183874,35.257236,50,9,22
8477.290657,36.436639,50,9,22
2889.090308,31.829451,50,9,22
