Distance,Tx Power,Bandwidth,Subband BW,Subband Offset
8824.067312,29.578797,75,30,43
3495.177426,34.110426,75,30,43
1691.787782,29.966423,75,30,43
112.035492,40.467152,75,30,43
1336.408953,38.249741,75,30,43
4438.967368,50.079364,75,30,43
8247.556880,59.380111,75,30,43
7083.163482,18.037127,75,30,43
9278.924330,22.595415,75,30,43
3017.930366,29.317109,75,30,43
