Distance,Tx Power,Bandwidth,Subband BW,Subband Offset
6625.608772,50.594456,15,10,3
1674.716566,24.470173,15,10,3
210.124763,59.661737,15,10,3
3616.712346,27.500555,15,10,3
9917.345675,18.449664,15,10,3
5623.229284,33.027290,15,10,3
7112.713361,31.690507,15,10,3
5346.466415,18.958622,15,10,3
4261.237778,58.777267,15,10,3
2760.063109,45.846091,15,10,3
