Distance,Tx Power,Bandwidth,Subband BW,Subband Offset
4380.798607,54.658792,100,30,16
8376.745864,20.653780,100,30,16
2100.736828,33.924726,100,30,16
7256.993862,34.713029,100,30,16
7097.666786,25.304320,100,30,16
3574.744518,25.486930,100,30,16
2064.744127,53.104969,100,30,16
1218.613221,19.997348,100,30,16
6604.926948,24.147209,100,30,16
3672.799258,28.651564,100,30,16
