Distance,Tx Power,Bandwidth,Subband BW,Subband Offset
2795.847906,44.749830,15,7,1
6738.390855,48.875884,15,7,1
2452.359923,47.397939,15,7,1
8715.259447,44.342999,15,7,1
5355.704027,58.892903,15,7,1
5739.904261,43.823781,15,7,1
8439.042965,42.854765,15,7,1
994.445157,53.422867,15,7,1
810.141037,42.472114,15,7,1
2662.228760,25.309002,15,7,1
