Distance,Tx Power,Bandwidth,Subband BW,Subband Offset
4970.165605,32.885746,15,6,5
8620.307160,39.978519,15,6,5
1966.413463,44.232972,15,6,5
4968.366084,26.196169,15,6,5
3286.172445,24.473843,15,6,5
9480.105413,39.761904,15,6,5
5493.830233,34.202768,15,6,5
8680.352013,16.848631,15,6,5
5067.064061,51.865299,15,6,5
6870.234567,22.150854,15,6,5
