Distance,Tx Power,Bandwidth,Subband BW,Subband Offset
5117.821929,20.528287,100,46,19
6058.485688,49.492061,100,46,19
5431.622490,22.529723,100,46,19
1365.128932,49.436043,100,46,19
7449.185044,25.181555,100,46,19
7048.719917,57.343303,100,46,19
6580.205406,42.188078,100,46,19
7021.275903,18.729866,100,46,19
6030.399197,35.204135,100,46,19
1523.297515,51.937149,100,46,19
