Distance,Tx Power,Bandwidth,Subband BW,Subband Offset
8071.856866,44.690965,75,38,0
1937.953472,58.907346,75,38,0
5603.545592,35.076621,75,38,0
3753.903302,21.403055,75,38,0
3239.274569,57.278315,75,38,0
6348.127969,39.215513,75,38,0
8037.672430,24.811388,75,38,0
6933.059686,55.756324,75,38,0
1571.045354,17.169734,75,38,0
3968.417605,46.818116,75,38,0
