Distance,Tx Power,Bandwidth,Subband BW,Subband Offset
3425.254708,18.158308,15,7,4
2723.643607,25.629365,15,7,4
110.517719,49.394380,15,7,4
1611.050682,41.293444,15,7,4
9041.241724,49.893405,15,7,4
8209.677724,52.315453,15,7,4
4669.039434,47.507952,15,7,4
6317.777346,56.893168,15,7,4
8429.924693,48.484610,15,7,4
1023.358436,46.446474,15,7,4
