Distance,Tx Power,Bandwidth,Subband BW,Subband Offset
1246.691667,18.880241,25,11,8
1152.672603,37.244954,25,11,8
1227.945777,29.844029,25,11,8
2234.937214,36.988996,25,11,8
2874.148172,52.386547,25,11,8
114.566515,52.829795,25,11,8
8001.621602,46.740216,25,11,8
8580.299022,23.331539,25,11,8
7771.710644,16.778932,25,11,8
760.242935,44.159238,25,11,8
