Distance,Tx Power,Bandwidth,Subband BW,Subband Offset
1475.289324,47.154919,100,51,29
890.959830,48.725217,100,51,29
1510.265846,58.672655,100,51,29
1842.029290,45.536304,100,51,29
5380.133498,45.008411,100,51,29
8734.716045,24.705756,100,51,29
8665.855996,51.719967,100,51,29
516.298511,22.470470,100,51,29
5474.488789,52.981454,100,51,29
1391.817309,23.884116,100,51,29
