Distance,Tx Power,Bandwidth,Subband BW,Subband Offset
6201.732043,53.242501,75,54,21
9560.202211,42.458920,75,54,21
3345.686335,24.808027,75,54,21
4245.918530,41.924227,75,54,21
4529.448594,34.244214,75,54,21
9124.448602,24.970762,75,54,21
8637.382574,27.850767,75,54,21
4675.451490,34.692216,75,54,21
7008.702182,42.983038,75,54,21
6276.141847,58.563899,75,54,21
