Distance,Tx Power,Bandwidth,Subband BW,Subband Offset
8988.819735,19.933131,75,34,28
3867.448063,57.910089,75,34,28
8214.547391,21.205584,75,34,28
7609.617508,42.417463,75,34,28
9673.134472,49.077632,75,34,28
5875.370355,49.237761,75,34,28
5829.450400,49.176656,75,34,28
4185.184877,43.911517,75,34,28
9430.852487,32.574167,75,34,28
6395.230469,57.565033,75,34,28
