Distance,Tx Power,Bandwidth,Subband BW,Subband Offset
4634.272097,52.325341,100,12,67
6605.514050,55.035337,100,12,67
5909.266248,49.038958,100,12,67
7225.672097,23.046959,100,12,67
9632.246948,54.012968,100,12,67
3082.448679,32.469318,100,12,67
5303.935634,35.169867,100,12,67
4950.882254,43.990874,100,12,67
7177.163534,42.356686,100,12,67
8543.661526,30.202852,100,12,67
