Distance,Tx Power,Bandwidth,Subband BW,Subband Offset
9175.219151,54.757211,50,20,0
6632.274748,38.980824,50,20,0
9792.601151,16.784857,50,20,0
1653.515123,21.245470,50,20,0
6614.834145,59.503311,50,20,0
2458.485939,33.507016,50,20,0
5234.197914,15.192239,50,20,0
7949.036821,29.194434,50,20,0
2466.088239,16.096858,50,20,0
1173.806111,18.373695,50,20,0
