Distance,Tx Power,Bandwidth,Subband BW,Subband Offset
173.791459,39.144205,50,14,26
4136.214397,26.120801,50,14,26
2450.480898,21.673097,50,14,26
8314.946888,29.077604,50,14,26
642.860854,26.078621,50,14,26
615.965018,59.303817,50,14,26
890.257838,26.285309,50,14,26
8275.256592,51.423017,50,14,26
7392.340203,59.652745,50,14,26
6830.258875,29.998040,50,14,26
