Distance,Tx Power,Bandwidth,Subband BW,Subband Offset
1221.532217,47.904570,50,19,15
8245.609599,42.040065,50,19,15
709.819807,36.750181,50,19,15
3694.171477,49.703009,50,19,15
5506.228312,35.703535,50,19,15
2831.269599,41.418515,50,19,15
7474.004784,59.438097,50,19,15
3723.625850,56.299196,50,19,15
4880.084575,20.132530,50,19,15
8472.960829,57.238166,50,19,15
