Distance,Tx Power,Bandwidth,Subband BW,Subband Offset
3820.307318,21.432799,50,27,8
7657.611914,39.541625,50,27,8
4104.151996,16.809510,50,27,8
6082.469266,36.937436,50,27,8
5145.159333,36.063178,50,27,8
705.214852,50.997863,50,27,8
2661.932914,31.766983,50,27,8
1159.026640,33.865887,50,27,8
6649.703167,42.250079,50,27,8
4939.074428,45.967433,50,27,8
