Distance,Tx Power,Bandwidth,Subband BW,Subband Offset
4248.471899,51.130458,75,8,12
1721.334364,56.879210,75,8,12
2702.372806,21.602054,75,8,12
5284.834931,33.270159,75,8,12
795.742022,39.924523,75,8,12
2447.228045,19.089411,75,8,12
2126.008856,48.723448,75,8,12
919.261354,55.693400,75,8,12
1803.035337,59.552284,75,8,12
3493.739068,47.133739,75,8,12
