Distance,Tx Power,Bandwidth,Subband BW,Subband Offset
9549.509858,57.623373,25,12,0
4058.281998,16.118070,25,12,0
4810.586979,15.121708,25,12,0
1904.662462,52.680773,25,12,0
8290.894540,39.215749,25,12,0
1288.301198,23.137616,25,12,0
3354.607994,19.445971,25,12,0
7755.504414,31.309125,25,12,0
6714.537380,28.606808,25,12,0
6364.298413,53.893639,25,12,0
