Distance,Tx Power,Bandwidth,Subband BW,Subband Offset
7003.522636,24.589216,25,11,12
6929.968377,43.261218,25,11,12
5681.270826,47.969338,25,11,12
9646.721319,18.379793,25,11,12
6199.324801,45.442631,25,11,12
6945.640569,15.751250,25,11,12
8645.998789,33.150835,25,11,12
4416.701797,42.767064,25,11,12
407.194413,17.866502,25,11,12
4235.516918,17.503439,25,11,12
