Distance,Tx Power,Bandwidth,Subband BW,Subband Offset
3329.971516,35.611465,75,20,21
7456.408501,49.011757,75,20,21
3377.581767,28.013681,75,20,21
7865.524664,26.039947,75,20,21
6154.144283,16.054780,75,20,21
9028.953041,22.344895,75,20,21
5838.039554,33.796381,75,20,21
1658.519556,59.072101,75,20,21
4905.062075,49.799589,75,20,21
3053.372182,44.712684,75,20,21
