Distance,Tx Power,Bandwidth,Subband BW,Subband Offset
3712.775333,48.458002,15,6,4
6459.906896,29.747508,15,6,4
7210.316813,36.585350,15,6,4
7972.580424,50.000835,15,6,4
8257.657867,40.790303,15,6,4
8182.112491,36.159353,15,6,4
6333.375557,39.827831,15,6,4
8827.662688,53.394208,15,6,4
3065.338996,37.590039,15,6,4
9785.900991,29.751744,15,6,4
