Distance,Tx Power,Bandwidth,Subband BW,Subband Offset
9874.024636,15.298122,15,13,2
5932.911024,25.855634,15,13,2
3942.542842,25.869634,15,13,2
3476.497877,29.391777,15,13,2
9568.996982,22.575119,15,13,2
2188.747061,28.516543,15,13,2
1682.155148,33.781562,15,13,2
5864.893308,33.613979,15,13,2
1244.102065,34.797932,15,13,2
6251.163717,24.151262,15,13,2
