Distance,Tx Power,Bandwidth,Subband BW,Subband Offset
9948.977349,56.085012,25,9,7
7571.210523,39.846001,25,9,7
4605.696369,39.768346,25,9,7
7420.984409,28.212284,25,9,7
3618.280309,23.244126,25,9,7
8897.796645,19.300913,25,9,7
8691.401116,56.408207,25,9,7
8079.877296,55.023914,25,9,7
6152.975117,17.393117,25,9,7
5620.146418,53.651485,25,9,7
