Distance,Tx Power,Bandwidth,Subband BW,Subband Offset
4327.792359,46.644240,50,17,2
9375.017658,18.227626,50,17,2
5283.066187,53.711044,50,17,2
422.468795,57.452443,50,17,2
5986.317459,32.191637,50,17,2
2230.350308,38.172304,50,17,2
6339.279182,49.168535,50,17,2
1867.900387,49.886368,50,17,2
4832.903371,36.698413,50,17,2
4046.202972,26.595965,50,17,2
