Distance,Tx Power,Bandwidth,Subband BW,Subband Offset
3785.343765,23.953684,75,19,5
4576.858288,27.776117,75,19,5
7337.962441,41.841597,75,19,5
6233.814033,54.462825,75,19,5
7271.192383,46.116904,75,19,5
7352.423219,31.777351,75,19,5
7092.673935,35.025276,75,19,5
5405.254539,39.597068,75,19,5
4643.906594,28.645271,75,19,5
7361.244126,21.115624,75,19,5
