Distance,Tx Power,Bandwidth,Subband BW,Subband Offset
4367.603250,54.816763,25,7,13
9061.268583,20.155710,25,7,13
8146.157232,39.540241,25,7,13
4376.765604,24.400829,25,7,13
7225.049173,28.701606,25,7,13
6258.033210,27.804795,25,7,13
4538.578858,36.054828,25,7,13
7690.995976,40.570162,25,7,13
5985.611335,18.022657,25,7,13
7902.372116,19.283804,25,7,13
