Distance,Tx Power,Bandwidth,Subband BW,Subband Offset
751.454142,43.200055,100,76,20
3764.007735,50.752691,100,76,20
369.093992,21.274302,100,76,20
1815.832041,24.069277,100,76,20
2079.715081,57.164200,100,76,20
6327.216156,31.961468,100,76,20
2118.469587,49.982924,100,76,20
5110.350164,50.204025,100,76,20
7459.967156,39.091613,100,76,20
3780.487405,19.309539,100,76,20
