Distance,Tx Power,Bandwidth,Subband BW,Subband Offset
6694.202018,21.894434,15,6,3
6339.059372,17.699556,15,6,3
8323.238529,56.327069,15,6,3
1935.296688,24.643120,15,6,3
8359.927558,29.083534,15,6,3
9020.483242,50.043457,15,6,3
253.837504,38.342306,15,6,3
1726.867181,27.973541,15,6,3
9261.898796,44.159027,15,6,3
8313.221566,58.713166,15,6,3
