Distance,Tx Power,Bandwidth,Subband BW,Subband Offset
723.665214,56.275316,15,10,0
5261.421563,56.248651,15,10,0
4905.339853,21.422931,15,10,0
6145.763017,15.498973,15,10,0
8484.864689,18.217165,15,10,0
6644.091589,28.465967,15,10,0
8368.947179,36.979161,15,10,0
2339.126884,49.048507,15,10,0
8977.167600,33.660343,15,10,0
384.699370,27.786038,15,10,0
