Distance,Tx Power,Bandwidth,Subband BW,Subband Offset
434.727109,53.846996,50,6,26
3946.232550,55.632262,50,6,26
9665.237413,38.715398,50,6,26
9786.753349,22.004461,50,6,26
5418.590949,49.211696,50,6,26
6818.503576,34.200767,50,6,26
534.833467,51.495863,50,6,26
1304.276434,24.491772,50,6,26
6226.563544,15.476579,50,6,26
170.703983,36.078870,50,6,26
