Distance,Tx Power,Bandwidth,Subband BW,Subband Offset
1325.877050,24.790269,75,38,36
7010.573354,18.549940,75,38,36
9596.756839,24.880744,75,38,36
8210.082043,19.594427,75,38,36
3342.444671,18.682940,75,38,36
1486.250505,48.529002,75,38,36
6274.312936,24.118933,75,38,36
6741.730416,53.518660,75,38,36
377.859029,24.809345,75,38,36
7301.561256,18.728171,75,38,36
