Distance,Tx Power,Bandwidth,Subband BW,Subband Offset
9708.479293,42.353810,75,12,11
247.897302,31.925247,75,12,11
6147.810842,50.363208,75,12,11
133.305889,22.961190,75,12,11
359.799986,34.069978,75,12,11
3224.845068,56.781664,75,12,11
5333.784818,51.357031,75,12,11
5992.386405,36.851194,75,12,11
9123.660692,31.646253,75,12,11
481.069087,37.127243,75,12,11
