Distance,Tx Power,Bandwidth,Subband BW,Subband Offset
3130.956186,27.905350,50,13,16
9901.047839,48.455679,50,13,16
5738.446476,41.124700,50,13,16
7920.813264,50.769031,50,13,16
9398.720229,45.786524,50,13,16
1731.520074,29.179875,50,13,16
7762.268736,44.630465,50,13,16
4862.012809,19.240258,50,13,16
3601.572304,45.056442,50,13,16
5780.422743,33.710775,50,13,16
