Distance,Tx Power,Bandwidth,Subband BW,Subband Offset
3400.179652,26.931940,75,49,23
6641.677594,33.939775,75,49,23
8110.687328,18.780760,75,49,23
1363.228314,44.634768,75,49,23
7447.688003,47.102360,75,49,23
1101.209681,46.174020,75,49,23
6784.695101,54.498873,75,49,23
8015.032632,19.176680,75,49,23
9292.749417,38.550264,75,49,23
4458.929744,17.687451,75,49,23
