Distance,Tx Power,Bandwidth,Subband BW,Subband Offset
8312.370986,18.840305,25,18,6
3232.019668,40.670832,25,18,6
4002.627282,51.956807,25,18,6
2760.212936,16.492706,25,18,6
6128.736676,45.458419,25,18,6
6879.727809,23.633154,25,18,6
4715.714191,23.123619,25,18,6
9908.056659,39.105406,25,18,6
9736.260074,37.098508,25,18,6
6932.834350,41.395179,25,18,6
