Distance,Tx Power,Bandwidth,Subband BW,Subband Offset
4145.267295,32.290471,50,15,25
2879.357332,26.016804,50,15,25
8496.387646,15.990721,50,15,25
5588.031801,47.043805,50,15,25
402.895601,35.305681,50,15,25
7220.445504,24.196094,50,15,25
8058.138635,39.385016,50,15,25
6999.583812,31.894082,50,15,25
6672.731701,43.960186,50,15,25
4473.648730,15.086515,50,15,25
