Distance,Tx Power,Bandwidth,Subband BW,Subband Offset
2641.413327,37.546762,100,65,3
1745.942046,40.223236,100,65,3
7397.895774,55.556825,100,65,3
3981.521841,31.168853,100,65,3
5418.084715,42.661877,100,65,3
7845.766057,22.694602,100,65,3
6620.371429,29.733238,100,65,3
5215.797502,27.064325,100,65,3
9803.579569,25.804209,100,65,3
5744.494039,51.167832,100,65,3
