Distance,Tx Power,Bandwidth,Subband BW,Subband Offset
7691.327313,51.884628,15,7,1
8636.837946,19.437892,15,7,1
8276.589208,20.529228,15,7,1
229.727642,40.471401,15,7,1
2253.593980,48.737275,15,7,1
5858.632402,27.687490,15,7,1
1681.533067,23.907946,15,7,1
6052.545655,23.934971,15,7,1
6271.820170,16.294487,15,7,1
7041.822982,49.611139,15,7,1
