Distance,Tx Power,Bandwidth,Subband BW,Subband Offset
1784.712345,26.951605,75,13,49
5666.680714,31.626397,75,13,49
7824.854579,36.571640,75,13,49
1227.136207,24.908620,75,13,49
5677.350879,26.162691,75,13,49
7206.143683,57.681371,75,13,49
1501.171125,46.998523,75,13,49
3704.650439,44.158294,75,13,49
3178.961991,40.357318,75,13,49
9295.037813,28.646828,75,13,49
