Distance,Tx Power,Bandwidth,Subband BW,Subband Offset
213.724430,20.329201,75,14,12
9601.021033,30.686268,75,14,12
1301.150877,40.128261,75,14,12
120.153003,46.385352,75,14,12
4025.935073,56.529949,75,14,12
1683.970177,50.299162,75,14,12
5492.420456,19.121234,75,14,12
2838.381741,38.682330,75,14,12
5542.568413,53.031444,75,14,12
3516.027784,22.030361,75,14,12
