Distance,Tx Power,Bandwidth,Subband BW,Subband Offset
923.180987,50.022066,100,7,75
9241.353514,58.705669,100,7,75
8057.375514,31.340162,100,7,75
1556.809233,53.686865,100,7,75
2331.837461,20.190971,100,7,75
7281.385536,21.243878,100,7,75
6444.456968,18.549601,100,7,75
176.899798,48.133519,100,7,75
1492.417044,30.355674,100,7,75
5804.527643,23.944307,100,7,75
