Distance,Tx Power,Bandwidth,Subband BW,Subband Offset
832.537321,39.307924,75,23,25
3180.603095,40.993948,75,23,25
8808.350944,50.243412,75,23,25
5992.377723,31.112305,75,23,25
4672.186339,52.477418,75,23,25
4946.185256,36.131590,75,23,25
1359.723116,52.733937,75,23,25
3163.658872,39.264447,75,23,25
9057.802907,41.402904,75,23,25
3964.574173,59.166779,75,23,25
