Distance,Tx Power,Bandwidth,Subband BW,Subband Offset
6224.883679,24.246679,100,27,54
532.395486,20.611476,100,27,54
2680.953531,37.658132,100,27,54
5958.120896,25.176088,100,27,54
8458.314336,28.216135,100,27,54
5738.447401,19.165906,100,27,54
9190.164770,22.751802,100,27,54
3926.650591,32.258029,100,27,54
9149.179412,35.012649,100,27,54
4036.791849,46.006160,100,27,54
