Distance,Tx Power,Bandwidth,Subband BW,Subband Offset
1172.752342,27.039956,25,7,13
4633.175081,46.855000,25,7,13
3525.892477,32.458426,25,7,13
7502.963431,15.282629,25,7,13
7562.757849,56.585488,25,7,13
8582.378244,42.647706,25,7,13
849.105606,27.053898,25,7,13
7244.895356,48.074539,25,7,13
2091.249541,52.822823,25,7,13
6735.162942,37.241914,25,7,13
