Distance,Tx Power,Bandwidth,Subband BW,Subband Offset
1554.061583,30.994767,50,36,2
4884.351626,39.384902,50,36,2
6904.041312,40.475145,50,36,2
5212.013941,51.028477,50,36,2
8475.432951,16.431454,50,36,2
6293.879910,59.755228,50,36,2
6075.704161,44.333300,50,36,2
9805.061207,35.188521,50,36,2
6279.059132,42.150822,50,36,2
9122.112999,59.103974,50,36,2
