Distance,Tx Power,Bandwidth,Subband BW,Subband Offset
6985.212042,20.606068,100,90,10
8657.802318,20.370394,100,90,10
5383.256091,30.253766,100,90,10
4383.037448,31.479488,100,90,10
651.897635,59.116122,100,90,10
4380.485428,26.280710,100,90,10
825.631505,27.534772,100,90,10
752.834784,35.814111,100,90,10
5099.218823,38.061200,100,90,10
2993.142485,49.816050,100,90,10
