Distance,Tx Power,Bandwidth,Subband BW,Subband Offset
9389.191669,29.966956,50,47,2
4224.226379,22.993682,50,47,2
2894.569622,21.193045,50,47,2
7981.431781,16.706755,50,47,2
4119.749058,16.050092,50,47,2
4674.574766,28.316205,50,47,2
7899.242703,29.952803,50,47,2
6012.789010,36.314423,50,47,2
6155.059709,45.246914,50,47,2
284.366080,59.761890,50,47,2
