Distance,Tx Power,Bandwidth,Subband BW,Subband Offset
8356.871553,20.484223,100,33,54
7454.017069,26.441836,100,33,54
6653.534723,24.342274,100,33,54
2293.307670,15.045523,100,33,54
8110.819971,38.636790,100,33,54
4529.143306,19.537276,100,33,54
4093.986612,35.410884,100,33,54
1676.046608,40.610257,100,33,54
8969.257171,17.058265,100,33,54
3492.732606,43.947021,100,33,54
