Distance,Tx Power,Bandwidth,Subband BW,Subband Offset
6402.865838,30.225896,50,8,26
3549.362873,56.028043,50,8,26
6722.265619,49.652689,50,8,26
229.679521,52.950198,50,8,26
1766.616386,51.563399,50,8,26
8835.902653,23.861348,50,8,26
7855.925170,27.364286,50,8,26
2332.451641,46.443989,50,8,26
5610.742663,57.563607,50,8,26
5633.666336,16.130989,50,8,26
