Distance,Tx Power,Bandwidth,Subband BW,Subband Offset
7672.510600,23.402477,50,22,13
9846.155088,42.598147,50,22,13
7126.004677,35.643385,50,22,13
7752.380479,57.557081,50,22,13
6855.149824,21.741715,50,22,13
1844.554234,32.449207,50,22,13
8838.216314,25.544434,50,22,13
7480.978881,36.799646,50,22,13
3305.714293,18.288293,50,22,13
6915.546242,59.931033,50,22,13
