Distance,Tx Power,Bandwidth,Subband BW,Subband Offset
3274.691869,46.425655,75,18,2
2026.886447,30.131597,75,18,2
6047.663661,27.945604,75,18,2
8339.825049,39.235112,75,18,2
9531.928000,36.713614,75,18,2
9690.203550,39.700926,75,18,2
9317.754596,55.238291,75,18,2
4997.812010,18.270943,75,18,2
3123.326699,31.429033,75,18,2
7580.245475,27.426945,75,18,2
