Distance,Tx Power,Bandwidth,Subband BW,Subband Offset
1646.373016,43.962169,50,15,6
9454.515934,49.861452,50,15,6
2646.216048,43.557117,50,15,6
2189.179707,48.053261,50,15,6
3804.935454,57.135481,50,15,6
4931.652853,39.152626,50,15,6
9102.125536,29.977090,50,15,6
1073.973574,32.294336,50,15,6
3726.273226,39.159243,50,15,6
4335.336084,57.670694,50,15,6
