Distance,Tx Power,Bandwidth,Subband BW,Subband Offset
3693.948636,38.051142,100,76,21
2284.356902,57.124393,100,76,21
1526.283205,55.115102,100,76,21
6413.434596,18.340106,100,76,21
8618.795279,54.587413,100,76,21
5691.397497,39.954179,100,76,21
4952.472424,35.856134,100,76,21
6490.651426,43.792329,100,76,21
5371.065426,42.879035,100,76,21
5256.366816,55.779547,100,76,21
