Distance,Tx Power,Bandwidth,Subband BW,Subband Offset
6412.112812,41.374722,25,8,3
8006.642820,21.562055,25,8,3
3851.357331,39.477538,25,8,3
1545.505604,55.537793,25,8,3
7599.995609,48.258494,25,8,3
8475.996343,43.718732,25,8,3
7268.935109,26.181482,25,8,3
9515.845615,40.431598,25,8,3
8191.112112,23.526146,25,8,3
8369.888893,43.757004,25,8,3
