Distance,Tx Power,Bandwidth,Subband BW,Subband Offset
5261.043965,47.551471,50,7,23
6527.526518,30.121552,50,7,23
6951.160194,26.484540,50,7,23
9153.265250,58.689718,50,7,23
5445.850066,33.873176,50,7,23
425.586168,46.512935,50,7,23
8943.140164,23.901726,50,7,23
5686.228604,33.464434,50,7,23
1621.257998,56.812596,50,7,23
5492.271065,34.063538,50,7,23
