Distance,Tx Power,Bandwidth,Subband BW,Subband Offset
5846.288787,44.929534,75,48,18
8667.476396,20.601124,75,48,18
6262.774518,19.370364,75,48,18
7918.732361,56.511223,75,48,18
823.540054,17.264015,75,48,18
8308.727650,32.261150,75,48,18
5013.106762,41.383716,75,48,18
4537.804245,27.672543,75,48,18
9558.478271,15.037800,75,48,18
3586.568309,58.810755,75,48,18
