Distance,Tx Power,Bandwidth,Subband BW,Subband Offset
649.504694,51.126482,75,36,14
3314.269820,33.767764,75,36,14
7845.191785,45.960713,75,36,14
4982.193063,20.311605,75,36,14
4396.818287,23.760273,75,36,14
751.699937,36.362478,75,36,14
4711.951790,40.592320,75,36,14
9450.496653,18.561286,75,36,14
833.161135,21.718265,75,36,14
220.100778,24.732863,75,36,14
