Distance,Tx Power,Bandwidth,Subband BW,Subband Offset
3155.435113,29.969344,100,28,40
4049.023460,45.060255,100,28,40
133.958781,59.950514,100,28,40
5093.259064,48.405145,100,28,40
3442.004236,21.071031,100,28,40
6114.750095,40.079400,100,28,40
7949.191633,54.936143,100,28,40
3914.358805,18.137284,100,28,40
7744.720821,42.772605,100,28,40
5684.972575,52.592310,100,28,40
