Distance,Tx Power,Bandwidth,Subband BW,Subband Offset
9111.436990,37.811802,75,38,6
600.182308,34.422831,75,38,6
6287.897437,50.154271,75,38,6
6578.040985,36.183910,75,38,6
5998.479035,24.652398,75,38,6
8751.490962,46.911193,75,38,6
2531.781314,23.478361,75,38,6
9732.958446,33.206648,75,38,6
8330.963660,24.779741,75,38,6
7218.088241,46.733218,75,38,6
