Distance,Tx Power,Bandwidth,Subband BW,Subband Offset
4361.899918,44.440881,100,19,68
6790.520908,37.304320,100,19,68
7069.762257,53.046030,100,19,68
5867.778117,20.592082,100,19,68
4442.401896,39.414150,100,19,68
3618.889327,35.471616,100,19,68
4278.864906,48.504798,100,19,68
8307.012605,27.901619,100,19,68
4842.989039,46.345036,100,19,68
1287.282450,41.298398,100,19,68
