Distance,Tx Power,Bandwidth,Subband BW,Subband Offset
6290.597051,33.368980,25,11,10
3035.705652,41.304020,25,11,10
207.279951,49.665572,25,11,10
8501.681276,51.888655,25,11,10
8137.537679,50.132704,25,11,10
708.489465,34.651552,25,11,10
1097.910988,26.259539,25,11,10
6905.966613,20.841253,25,11,10
7803.913181,15.317534,25,11,10
8804.955629,15.222360,25,11,10
