Distance,Tx Power,Bandwidth,Subband BW,Subband Offset
9199.874236,18.108905,15,12,1
4404.362285,26.556970,15,12,1
3280.695528,24.487264,15,12,1
7212.342804,34.784863,15,12,1
6438.460622,55.398846,15,12,1
3549.198290,30.512135,15,12,1
7979.800774,29.172932,15,12,1
586.623841,17.164406,15,12,1
2242.122186,49.007586,15,12,1
4816.672333,23.393638,15,12,1
