Distance,Tx Power,Bandwidth,Subband BW,Subband Offset
1457.696684,31.771557,100,19,55
7022.129758,32.015128,100,19,55
9159.230375,17.189744,100,19,55
8112.443747,57.543881,100,19,55
9089.069801,55.388807,100,19,55
414.428279,41.861007,100,19,55
1871.540692,29.022498,100,19,55
7596.993873,47.894488,100,19,55
229.580197,54.861387,100,19,55
815.484739,51.060802,100,19,55
