Distance,Tx Power,Bandwidth,Subband BW,Subband Offset
2154.241014,54.258719,15,11,3
5375.659200,43.148095,15,11,3
4288.083783,59.049571,15,11,3
2435.446277,49.200556,15,11,3
4966.736657,37.622468,15,11,3
4781.837388,16.482015,15,11,3
9217.611648,34.521663,15,11,3
1924.718643,26.609987,15,11,3
2292.867499,25.620876,15,11,3
1611.697066,32.188570,15,11,3
