Distance,Tx Power,Bandwidth,Subband BW,Subband Offset
3599.720166,26.167244,15,10,4
3036.538812,51.072921,15,10,4
7701.575499,38.224071,15,10,4
5667.386700,47.473060,15,10,4
2773.427992,37.579577,15,10,4
6650.326963,19.958303,15,10,4
8114.965098,25.423556,15,10,4
1061.964427,49.071589,15,10,4
2423.335156,30.224797,15,10,4
4123.389140,27.906103,15,10,4
