Distance,Tx Power,Bandwidth,Subband BW,Subband Offset
4330.605931,42.632320,15,12,1
6183.865051,28.446981,15,12,1
6141.530582,41.467184,15,12,1
3135.864909,59.276910,15,12,1
8193.906797,35.647160,15,12,1
1659.193730,16.790211,15,12,1
3931.487200,56.745272,15,12,1
8570.197055,44.329723,15,12,1
7132.027822,23.612345,15,12,1
4146.413585,53.348628,15,12,1
