Distance,Tx Power,Bandwidth,Subband BW,Subband Offset
5058.124011,37.026996,75,8,50
4829.304387,37.010270,75,8,50
400.060451,40.589499,75,8,50
4295.366059,50.467688,75,8,50
914.293669,17.222833,75,8,50
5658.481506,47.194550,75,8,50
294.084561,30.881194,75,8,50
7296.769032,50.398582,75,8,50
9062.329313,17.847048,75,8,50
1603.349125,27.630518,75,8,50
