Distance,Tx Power,Bandwidth,Subband BW,Subband Offset
7550.744978,28.964567,25,19,0
4785.575998,47.710919,25,19,0
6817.665600,37.175239,25,19,0
2939.154739,19.645170,25,19,0
592.297484,29.185994,25,19,0
1444.337755,16.870474,25,19,0
6833.848684,28.147869,25,19,0
9151.718818,59.113765,25,19,0
7728.803918,55.194050,25,19,0
836.271775,59.399534,25,19,0
