Distance,Tx Power,Bandwidth,Subband BW,Subband Offset
1976.026801,39.904737,100,17,8
4429.730793,53.075782,100,17,8
6261.478071,43.822463,100,17,8
7149.231219,47.161052,100,17,8
9750.090394,25.525623,100,17,8
6662.601483,59.257297,100,17,8
3064.852168,34.681180,100,17,8
8659.495161,48.092561,100,17,8
6405.308347,56.327065,100,17,8
3488.382925,58.653598,100,17,8
