Distance,Tx Power,Bandwidth,Subband BW,Subband Offset
8857.519906,43.717009,25,16,0
2839.886744,40.870469,25,16,0
412.098903,49.239773,25,16,0
3748.724366,30.876661,25,16,0
9306.500901,58.413971,25,16,0
3592.404856,35.021816,25,16,0
1439.331998,39.762952,25,16,0
3955.576333,34.795490,25,16,0
8550.462587,50.492219,25,16,0
1589.341259,19.205563,25,16,0
