Distance,Tx Power,Bandwidth,Subband BW,Subband Offset
3765.663597,52.922284,75,13,26
9955.139124,52.460634,75,13,26
5492.959363,37.764287,75,13,26
7280.326026,59.075933,75,13,26
4084.123324,55.350479,75,13,26
2216.588636,43.614105,75,13,26
397.348798,54.108388,75,13,26
774.922657,48.448894,75,13,26
4726.870843,35.660881,75,13,26
6786.060207,30.432424,75,13,26
