Distance,Tx Power,Bandwidth,Subband BW,Subband Offset
8985.182983,40.192268,50,43,3
7403.972052,25.145128,50,43,3
587.587226,20.842918,50,43,3
7999.820441,21.403820,50,43,3
5518.291574,42.099423,50,43,3
5845.797842,45.620483,50,43,3
9523.202548,50.012144,50,43,3
4874.078837,21.235615,50,43,3
4175.746176,18.171638,50,43,3
4683.190051,44.635940,50,43,3
