Distance,Tx Power,Bandwidth,Subband BW,Subband Offset
9848.870495,16.069030,100,72,1
5483.512435,38.019886,100,72,1
3433.244985,52.565254,100,72,1
6131.809814,22.185819,100,72,1
4170.488075,28.199601,100,72,1
7033.540494,59.964419,100,72,1
2717.776185,39.195951,100,72,1
9001.670891,51.143305,100,72,1
1346.525308,15.460220,100,72,1
778.380140,28.943917,100,72,1
