Distance,Tx Power,Bandwidth,Subband BW,Subband Offset
7151.485787,54.324114,75,56,14
7853.591713,18.962363,75,56,14
8696.157374,44.885203,75,56,14
7874.452437,39.902196,75,56,14
2238.973657,19.363735,75,56,14
7507.615771,48.581814,75,56,14
2006.907058,49.895597,75,56,14
188.107087,57.435796,75,56,14
402.273717,46.521447,75,56,14
3033.859411,43.214104,75,56,14
