Distance,Tx Power,Bandwidth,Subband BW,Subband Offset
3002.481450,34.676762,75,25,47
1400.885730,29.369148,75,25,47
4717.261127,18.197970,75,25,47
7424.586474,32.725174,75,25,47
2825.536530,51.133161,75,25,47
541.035165,38.964215,75,25,47
1895.225719,39.991292,75,25,47
9365.207785,28.648023,75,25,47
8113.392822,36.424484,75,25,47
8396.268866,44.796243,75,25,47
