Distance,Tx Power,Bandwidth,Subband BW,Subband Offset
1932.857801,54.078225,100,16,56
694.522715,15.359517,100,16,56
5558.520134,35.824800,100,16,56
5610.205850,47.017774,100,16,56
4312.022804,21.080002,100,16,56
4484.276668,57.588975,100,16,56
9860.098006,52.962822,100,16,56
626.100205,46.218303,100,16,56
2837.735057,42.492756,100,16,56
7632.132289,18.683077,100,16,56
