Distance,Tx Power,Bandwidth,Subband BW,Subband Offset
558.262380,33.569250,75,26,12
3799.169719,56.936299,75,26,12
7812.551153,40.208492,75,26,12
2750.511671,43.760504,75,26,12
465.294624,51.820258,75,26,12
7662.747015,24.997373,75,26,12
7266.105071,33.659981,75,26,12
2880.822673,45.925927,75,26,12
8647.813287,17.586822,75,26,12
6908.440196,21.424792,75,26,12
