Distance,Tx Power,Bandwidth,Subband BW,Subband Offset
1973.092651,55.243620,75,10,59
1917.427706,30.128766,75,10,59
1089.721498,59.869689,75,10,59
2752.567154,22.445565,75,10,59
8434.657620,27.018843,75,10,59
2942.798245,46.961283,75,10,59
1553.496051,22.984296,75,10,59
3987.515528,38.674913,75,10,59
4402.655100,28.777430,75,10,59
9104.707953,26.136286,75,10,59
