Distance,Tx Power,Bandwidth,Subband BW,Subband Offset
8698.328138,41.531677,15,7,8
7367.925152,30.932570,15,7,8
3525.068914,46.920682,15,7,8
3178.192383,45.774754,15,7,8
7853.935708,21.952980,15,7,8
9640.990797,28.004247,15,7,8
5774.195589,43.800552,15,7,8
3966.398462,29.943547,15,7,8
8990.598788,39.064532,15,7,8
7776.122569,26.906416,15,7,8
