Distance,Tx Power,Bandwidth,Subband BW,Subband Offset
695.247370,35.705149,75,22,43
9593.645391,59.064649,75,22,43
4625.657502,40.939780,75,22,43
7427.593797,58.874597,75,22,43
8078.988643,57.325917,75,22,43
4020.841431,51.516413,75,22,43
5638.918370,38.498440,75,22,43
4089.808888,46.728564,75,22,43
3700.154411,38.377812,75,22,43
9903.859136,48.943871,75,22,43
