Distance,Tx Power,Bandwidth,Subband BW,Subband Offset
5660.359035,19.618467,15,7,6
6186.933206,38.414839,15,7,6
8174.850195,36.347660,15,7,6
3898.383906,50.799493,15,7,6
9269.558507,36.323509,15,7,6
2280.228892,20.055757,15,7,6
4538.169264,31.268849,15,7,6
3326.726358,38.424221,15,7,6
1985.085909,46.102336,15,7,6
4986.144137,38.958059,15,7,6
