Distance,Tx Power,Bandwidth,Subband BW,Subband Offset
3246.644327,30.584939,25,13,1
5659.036194,50.543866,25,13,1
9266.731979,44.646156,25,13,1
7826.846160,35.798406,25,13,1
7525.398468,37.114687,25,13,1
6306.036887,55.049259,25,13,1
4380.450904,56.412740,25,13,1
8867.860699,54.084544,25,13,1
5579.147527,45.240893,25,13,1
4644.176465,27.168119,25,13,1
