Distance,Tx Power,Bandwidth,Subband BW,Subband Offset
6766.953543,26.336009,75,19,36
6391.666331,40.038991,75,19,36
1344.591017,45.599299,75,19,36
7369.886582,32.554701,75,19,36
1683.436186,36.340579,75,19,36
8281.695563,57.094642,75,19,36
5587.434830,30.152595,75,19,36
6812.173608,17.567076,75,19,36
4075.443735,39.993516,75,19,36
7382.267425,45.775961,75,19,36
