Distance,Tx Power,Bandwidth,Subband BW,Subband Offset
6956.336887,59.757404,25,9,13
8752.573278,56.118101,25,9,13
6950.417265,58.772509,25,9,13
4621.499807,26.828352,25,9,13
8233.346564,37.963801,25,9,13
9357.512632,27.570179,25,9,13
895.432729,49.602357,25,9,13
2022.105960,37.252759,25,9,13
6052.666032,54.395070,25,9,13
6192.375601,15.189955,25,9,13
