Distance,Tx Power,Bandwidth,Subband BW,Subband Offset
5476.664137,27.928872,75,22,50
1728.782733,18.107627,75,22,50
234.755285,31.585232,75,22,50
7787.072585,26.861927,75,22,50
4935.160424,22.300639,75,22,50
5120.551897,35.172611,75,22,50
5061.148086,52.656625,75,22,50
2126.940911,55.824863,75,22,50
1062.371449,17.348545,75,22,50
8414.219756,41.088227,75,22,50
