Distance,Tx Power,Bandwidth,Subband BW,Subband Offset
662.921368,34.329242,50,13,2
8470.556067,31.545577,50,13,2
3800.186669,42.961349,50,13,2
1463.640757,28.349667,50,13,2
1113.482010,29.040695,50,13,2
4876.027109,33.724807,50,13,2
8226.460423,39.198695,50,13,2
5646.965216,52.614421,50,13,2
9297.288063,23.324056,50,13,2
2519.143264,43.334885,50,13,2
