Distance,Tx Power,Bandwidth,Subband BW,Subband Offset
2184.753912,34.793251,100,8,8
9329.289282,47.091140,100,8,8
2286.841548,53.008252,100,8,8
9862.857687,25.906446,100,8,8
4548.151594,58.126460,100,8,8
1084.987943,47.112892,100,8,8
5520.741663,46.590375,100,8,8
315.157773,20.516908,100,8,8
8817.176719,40.801734,100,8,8
5455.902400,21.167183,100,8,8
