Distance,Tx Power,Bandwidth,Subband BW,Subband Offset
3156.078964,41.185193,15,7,0
6453.477386,50.032018,15,7,0
8140.473581,32.408399,15,7,0
5239.584915,18.608943,15,7,0
8328.577046,22.144384,15,7,0
1839.749702,17.080172,15,7,0
8081.584366,42.060804,15,7,0
6867.324100,41.346621,15,7,0
699.950005,26.558890,15,7,0
4610.523626,57.118179,15,7,0
