Distance,Tx Power,Bandwidth,Subband BW,Subband Offset
8382.646884,47.273357,75,6,7
2590.961338,49.474362,75,6,7
4518.188822,16.085545,75,6,7
1074.247860,16.628525,75,6,7
9008.172627,43.313162,75,6,7
5577.917729,35.363024,75,6,7
9930.740018,59.443818,75,6,7
6370.767493,35.278208,75,6,7
9857.628230,41.154142,75,6,7
9297.933572,47.126283,75,6,7
