Distance,Tx Power,Bandwidth,Subband BW,Subband Offset
6092.282298,39.337687,25,10,10
3078.432067,15.705918,25,10,10
1737.159215,24.578847,25,10,10
3414.564530,47.375027,25,10,10
1158.069115,52.103231,25,10,10
7360.516789,50.686900,25,10,10
3652.224140,56.888311,25,10,10
7705.512408,55.974739,25,10,10
9432.026538,58.401403,25,10,10
9097.963657,27.094138,25,10,10
