Distance,Tx Power,Bandwidth,Subband BW,Subband Offset
3299.645232,39.064750,75,16,33
1027.295271,49.959151,75,16,33
421.578133,50.476713,75,16,33
9108.850887,17.947641,75,16,33
7924.709721,43.871236,75,16,33
5238.627582,19.758791,75,16,33
8304.004329,47.084102,75,16,33
2500.852922,24.956318,75,16,33
855.451703,53.429809,75,16,33
9461.127806,51.464790,75,16,33
