Distance,Tx Power,Bandwidth,Subband BW,Subband Offset
8682.052133,39.534672,15,9,5
6441.222807,28.405822,15,9,5
284.365954,45.834452,15,9,5
9408.013999,17.348392,15,9,5
1866.840118,26.659395,15,9,5
4597.396762,41.889073,15,9,5
6522.852954,40.506871,15,9,5
1289.271463,30.903373,15,9,5
1350.592032,25.458349,15,9,5
5455.886207,23.772313,15,9,5
