Distance,Tx Power,Bandwidth,Subband BW,Subband Offset
9664.303395,34.286849,25,21,3
2989.860642,54.404552,25,21,3
1847.845440,43.188558,25,21,3
594.185694,18.050658,25,21,3
5649.287820,58.009209,25,21,3
8381.616480,33.449052,25,21,3
3409.387663,56.880854,25,21,3
2588.062473,22.075570,25,21,3
103.594255,59.493244,25,21,3
3055.710716,41.335665,25,21,3
