Distance,Tx Power,Bandwidth,Subband BW,Subband Offset
5515.933412,41.939031,75,17,42
5013.674299,15.281489,75,17,42
1579.320680,22.366496,75,17,42
7185.825652,25.815613,75,17,42
3777.433092,30.549539,75,17,42
3201.747000,48.892179,75,17,42
2112.035009,33.879450,75,17,42
3939.597855,43.687930,75,17,42
5564.302198,27.586201,75,17,42
4766.320034,57.605273,75,17,42
