Distance,Tx Power,Bandwidth,Subband BW,Subband Offset
111.155103,56.248772,75,24,9
9052.814777,44.267901,75,24,9
1603.240599,58.452628,75,24,9
2406.800189,27.590835,75,24,9
9982.028551,45.739783,75,24,9
9009.310198,38.512797,75,24,9
6658.343129,48.154348,75,24,9
4294.990618,35.610091,75,24,9
4969.199068,22.586599,75,24,9
4535.758030,34.060452,75,24,9
