Distance,Tx Power,Bandwidth,Subband BW,Subband Offset
3232.311579,30.977768,25,11,9
397.969443,41.926560,25,11,9
9908.305961,16.286861,25,11,9
3737.337866,23.706665,25,11,9
4542.605055,40.556039,25,11,9
8332.434311,44.831249,25,11,9
8500.105323,34.689889,25,11,9
5294.026517,32.700608,25,11,9
6600.140191,41.487041,25,11,9
553.269959,38.151589,25,11,9
