Distance,Tx Power,Bandwidth,Subband BW,Subband Offset
3664.057952,44.388322,15,6,3
5813.863490,57.298035,15,6,3
7375.563959,25.801507,15,6,3
6289.696568,46.362728,15,6,3
9571.107508,18.878930,15,6,3
2662.002002,45.309133,15,6,3
5405.395241,15.121468,15,6,3
2477.535861,51.519257,15,6,3
2937.844567,28.094821,15,6,3
507.916153,27.313086,15,6,3
