Distance,Tx Power,Bandwidth,Subband BW,Subband Offset
2324.881334,39.983244,50,12,3
5753.872456,37.199931,50,12,3
4054.787181,17.374017,50,12,3
3883.122288,17.682423,50,12,3
3242.383428,28.070649,50,12,3
7385.158393,20.114069,50,12,3
9285.022543,40.887322,50,12,3
4941.870175,53.145128,50,12,3
5280.476522,56.160992,50,12,3
9330.785622,21.795865,50,12,3
