Distance,Tx Power,Bandwidth,Subband BW,Subband Offset
7054.120675,43.029480,50,14,21
6142.075340,51.376286,50,14,21
9850.263028,47.262373,50,14,21
1939.275257,48.081000,50,14,21
742.964658,15.504333,50,14,21
6359.619451,46.487612,50,14,21
3642.252246,26.092084,50,14,21
2854.475872,57.176111,50,14,21
7577.319461,18.962614,50,14,21
9950.270179,38.239586,50,14,21
