Distance,Tx Power,Bandwidth,Subband BW,Subband Offset
718.870374,29.360236,75,6,53
3511.693350,58.149759,75,6,53
6138.118633,42.206700,75,6,53
2754.047425,49.984418,75,6,53
4460.438383,55.315942,75,6,53
4924.782390,17.285050,75,6,53
7230.167846,43.138295,75,6,53
1718.047757,56.111881,75,6,53
7195.160628,52.166781,75,6,53
4980.923420,17.940780,75,6,53
