Distance,Tx Power,Bandwidth,Subband BW,Subband Offset
5147.667389,37.077494,75,34,20
7600.073168,47.120599,75,34,20
9348.989566,56.009945,75,34,20
8508.982995,22.533672,75,34,20
5640.950032,56.579725,75,34,20
8342.397779,33.356413,75,34,20
5199.894673,17.558060,75,34,20
3463.019102,48.861069,75,34,20
1911.811379,29.323895,75,34,20
6383.041727,56.549735,75,34,20
