Distance,Tx Power,Bandwidth,Subband BW,Subband Offset
6967.550403,26.068397,15,12,2
4016.382114,36.197392,15,12,2
5415.099683,35.282876,15,12,2
9430.778229,45.885760,15,12,2
7779.798815,46.960764,15,12,2
2848.951207,35.477096,15,12,2
6099.129539,43.811590,15,12,2
2067.303398,19.187254,15,12,2
1971.729270,18.994294,15,12,2
3878.783236,18.784851,15,12,2
