Distance,Tx Power,Bandwidth,Subband BW,Subband Offset
9283.536004,47.334522,15,10,1
6586.143065,39.563052,15,10,1
7379.676689,40.112083,15,10,1
7559.349711,42.452967,15,10,1
9990.881478,46.212368,15,10,1
7070.661626,37.449335,15,10,1
1587.513689,57.902049,15,10,1
2212.918268,27.119064,15,10,1
9925.260622,26.974508,15,10,1
5346.303282,45.033634,15,10,1
