Distance,Tx Power,Bandwidth,Subband BW,Subband Offset
3875.209505,59.471755,25,6,12
581.642105,58.442120,25,6,12
1140.746140,59.286051,25,6,12
1666.371177,56.294144,25,6,12
8009.995160,36.374478,25,6,12
5227.847569,15.828645,25,6,12
4178.255124,29.846949,25,6,12
4230.098704,36.616630,25,6,12
3688.976176,50.598475,25,6,12
9646.602476,30.603776,25,6,12
