Distance,Tx Power,Bandwidth,Subband BW,Subband Offset
4032.846924,34.067268,100,57,30
3453.941192,29.038636,100,57,30
5100.722747,56.642387,100,57,30
8744.389440,48.644941,100,57,30
9840.160500,16.892488,100,57,30
3581.193937,38.631674,100,57,30
215.783878,26.002675,100,57,30
4931.211030,52.586528,100,57,30
5796.365304,59.940341,100,57,30
8686.600036,32.962722,100,57,30
