Distance,Tx Power,Bandwidth,Subband BW,Subband Offset
4898.634845,55.911604,75,52,6
7922.764472,59.944099,75,52,6
6468.949381,54.351446,75,52,6
8609.062199,18.991289,75,52,6
6906.754865,25.139150,75,52,6
6141.342361,36.100766,75,52,6
6899.441443,58.168756,75,52,6
979.475231,43.512302,75,52,6
2590.606040,59.644997,75,52,6
5172.069798,33.114862,75,52,6
