Distance,Tx Power,Bandwidth,Subband BW,Subband Offset
3179.065353,50.342897,25,9,10
2236.067877,48.400131,25,9,10
3135.582021,47.588627,25,9,10
592.406478,48.297110,25,9,10
6375.841396,41.149595,25,9,10
7479.679717,45.122615,25,9,10
1320.955650,16.521480,25,9,10
1066.529260,24.849198,25,9,10
9183.303729,30.955816,25,9,10
2922.879015,21.300484,25,9,10
