Distance,Tx Power,Bandwidth,Subband BW,Subband Offset
5808.599959,25.800159,25,14,6
5080.582636,15.926260,25,14,6
2370.507078,54.456492,25,14,6
5756.949545,18.098687,25,14,6
9961.475941,20.329005,25,14,6
7441.085903,42.653683,25,14,6
2487.289880,57.159595,25,14,6
7674.510053,18.035171,25,14,6
6644.775763,32.241614,25,14,6
7228.618334,42.921815,25,14,6
