Distance,Tx Power,Bandwidth,Subband BW,Subband Offset
3125.340423,57.613948,100,17,4
8476.533002,28.833751,100,17,4
1603.126760,20.168126,100,17,4
368.592536,24.510477,100,17,4
7396.229664,57.406427,100,17,4
3845.120950,30.591900,100,17,4
8599.010808,59.601708,100,17,4
2335.771692,19.879933,100,17,4
4507.630587,16.160968,100,17,4
7162.707231,30.155151,100,17,4
