Distance,Tx Power,Bandwidth,Subband BW,Subband Offset
4578.225920,15.565962,50,17,16
2054.056689,49.036441,50,17,16
8595.612449,31.697411,50,17,16
1990.408705,20.731671,50,17,16
4794.940406,50.799213,50,17,16
3332.380244,30.400489,50,17,16
1841.566813,56.445007,50,17,16
2348.743877,45.258650,50,17,16
5622.708370,19.048990,50,17,16
2582.640498,57.263140,50,17,16
