Distance,Tx Power,Bandwidth,Subband BW,Subband Offset
7152.391555,22.643865,15,6,5
300.032540,49.555016,15,6,5
9325.864156,42.158589,15,6,5
9840.880030,27.826063,15,6,5
9968.496198,46.903947,15,6,5
2130.792425,43.719003,15,6,5
1356.905760,19.447457,15,6,5
8032.786102,59.421108,15,6,5
7114.530983,39.406393,15,6,5
5461.672960,18.366437,15,6,5
