Distance,Tx Power,Bandwidth,Subband BW,Subband Offset
7351.474558,59.308079,25,9,12
6586.753895,31.954065,25,9,12
8917.838488,41.530660,25,9,12
9275.129048,52.214482,25,9,12
4098.254750,31.749786,25,9,12
921.418178,53.197129,25,9,12
3142.244068,55.621920,25,9,12
2038.766188,58.150785,25,9,12
2493.214611,27.393846,25,9,12
3645.952890,18.021831,25,9,12
