Distance,Tx Power,Bandwidth,Subband BW,Subband Offset
4506.895075,28.590712,75,11,45
4668.324175,19.828551,75,11,45
4679.016975,20.961343,75,11,45
9374.052237,36.976558,75,11,45
7484.447676,21.359651,75,11,45
8291.875366,15.922347,75,11,45
3065.792358,17.550140,75,11,45
8963.341392,32.957528,75,11,45
5861.049273,36.716652,75,11,45
9115.456614,23.177968,75,11,45
