Distance,Tx Power,Bandwidth,Subband BW,Subband Offset
4647.681746,44.587595,100,27,39
9989.850029,56.153209,100,27,39
6987.503751,49.800258,100,27,39
7351.483191,48.093993,100,27,39
4657.501340,43.589457,100,27,39
1736.153600,56.932273,100,27,39
4394.831206,30.201500,100,27,39
815.381122,23.166956,100,27,39
1237.720092,52.803519,100,27,39
9489.330071,59.094547,100,27,39
