Distance,Tx Power,Bandwidth,Subband BW,Subband Offset
7431.235220,27.532337,100,27,2
2335.966084,58.007738,100,27,2
1805.851870,43.257754,100,27,2
3947.865838,28.620254,100,27,2
6287.356594,49.945705,100,27,2
415.923740,21.984763,100,27,2
7677.580148,46.326219,100,27,2
6105.099782,34.427400,100,27,2
3958.876925,57.925614,100,27,2
1067.417816,46.666924,100,27,2
