Distance,Tx Power,Bandwidth,Subband BW,Subband Offset
8583.846936,21.396739,50,19,5
5893.965475,32.257025,50,19,5
8216.644805,35.908783,50,19,5
7448.258109,29.184823,50,19,5
9922.964099,37.487045,50,19,5
6214.887313,48.374388,50,19,5
323.756912,52.191554,50,19,5
8115.131581,49.174997,50,19,5
6942.237195,46.654732,50,19,5
9149.107968,28.159902,50,19,5
