Distance,Tx Power,Bandwidth,Subband BW,Subband Offset
7091.621828,54.113068,25,14,2
6305.951388,41.386506,25,14,2
3772.917639,30.380634,25,14,2
8870.894998,21.033833,25,14,2
7681.978436,28.889509,25,14,2
1622.261657,17.767675,25,14,2
9985.023172,37.305298,25,14,2
8222.306344,35.591243,25,14,2
1809.583522,29.970631,25,14,2
5084.462489,39.847554,25,14,2
