Distance,Tx Power,Bandwidth,Subband BW,Subband Offset
2695.697730,45.576815,50,43,2
4904.997155,35.146196,50,43,2
5121.472677,44.646128,50,43,2
6219.741751,15.574913,50,43,2
9920.081342,45.604534,50,43,2
2923.323866,51.713197,50,43,2
1682.564403,44.090746,50,43,2
8769.591860,37.415572,50,43,2
4586.294018,20.023749,50,43,2
156.890400,25.882391,50,43,2
