Distance,Tx Power,Bandwidth,Subband BW,Subband Offset
7191.864144,59.010422,100,69,24
4822.453920,59.981211,100,69,24
3221.742136,21.779415,100,69,24
7992.275594,45.932313,100,69,24
743.600086,31.537670,100,69,24
9315.489845,46.522052,100,69,24
3443.451661,53.146841,100,69,24
925.570061,51.244174,100,69,24
7780.717717,19.285186,100,69,24
7367.234632,18.890429,100,69,24
