Distance,Tx Power,Bandwidth,Subband BW,Subband Offset
7514.704789,34.341929,50,12,21
6013.263709,35.504449,50,12,21
9326.894097,43.078799,50,12,21
4840.228842,42.022192,50,12,21
5059.620004,40.158661,50,12,21
5818.966054,57.865474,50,12,21
8272.741009,30.078787,50,12,21
9347.626822,52.148152,50,12,21
4125.285719,49.468092,50,12,21
6198.928597,15.497441,50,12,21
