Distance,Tx Power,Bandwidth,Subband BW,Subband Offset
3735.789313,55.743844,100,61,37
3072.010396,23.318374,100,61,37
9833.167257,43.620166,100,61,37
3615.061142,34.271526,100,61,37
7700.056157,54.307957,100,61,37
3739.965590,18.586209,100,61,37
1095.872780,59.732170,100,61,37
7685.748721,25.086872,100,61,37
7089.142367,52.269659,100,61,37
941.949388,38.174478,100,61,37
