Distance,Tx Power,Bandwidth,Subband BW,Subband Offset
9813.729502,53.782943,50,47,1
5953.194492,28.662966,50,47,1
6125.265026,47.478845,50,47,1
7535.435436,20.019454,50,47,1
4001.362715,58.758904,50,47,1
3966.783093,35.962530,50,47,1
4203.759225,39.350388,50,47,1
4979.289107,22.736949,50,47,1
6186.261455,55.166835,50,47,1
1799.230227,20.118911,50,47,1
