Distance,Tx Power,Bandwidth,Subband BW,Subband Offset
664.168210,30.306450,15,14,1
7947.906622,31.625822,15,14,1
8083.426859,47.847598,15,14,1
5788.009790,35.216821,15,14,1
1000.151994,47.177661,15,14,1
662.215936,43.529319,15,14,1
2232.474711,47.552946,15,14,1
8458.419087,57.048249,15,14,1
9108.397997,56.836208,15,14,1
1846.356341,57.740143,15,14,1
