Distance,Tx Power,Bandwidth,Subband BW,Subband Offset
2183.726744,21.481623,75,27,20
9203.167117,26.461535,75,27,20
5272.581356,39.988193,75,27,20
6464.063040,41.881018,75,27,20
137.559896,51.568381,75,27,20
7984.322967,37.150653,75,27,20
9583.050357,16.878445,75,27,20
9959.050754,40.616367,75,27,20
5524.492358,47.359816,75,27,20
5837.262646,49.077315,75,27,20
