Distance,Tx Power,Bandwidth,Subband BW,Subband Offset
9969.194465,54.881327,50,9,26
5116.431202,48.408249,50,9,26
9155.897789,32.668936,50,9,26
6161.458473,32.287792,50,9,26
5275.487342,38.574349,50,9,26
9406.613566,31.675365,50,9,26
8711.512346,40.790700,50,9,26
4210.788217,33.294672,50,9,26
7016.674830,24.351943,50,9,26
1799.484307,27.369636,50,9,26
