Distance,Tx Power,Bandwidth,Subband BW,Subband Offset
3990.925456,58.566445,50,15,33
4170.505066,21.795767,50,15,33
9163.714083,37.368307,50,15,33
6095.850704,17.219988,50,15,33
6046.891945,48.615400,50,15,33
3539.300591,20.871727,50,15,33
2021.982364,27.286330,50,15,33
8709.728724,57.004768,50,15,33
7087.993617,50.808384,50,15,33
4467.007980,53.325991,50,15,33
