Distance,Tx Power,Bandwidth,Subband BW,Subband Offset
4253.401599,40.953014,25,8,12
9958.500015,21.004205,25,8,12
6296.850966,41.825992,25,8,12
5534.088885,16.068017,25,8,12
4547.197313,33.343729,25,8,12
6337.700846,35.790489,25,8,12
8602.352215,55.008592,25,8,12
8033.575483,25.212252,25,8,12
7341.235663,46.810967,25,8,12
8358.335526,17.237457,25,8,12
