Distance,Tx Power,Bandwidth,Subband BW,Subband Offset
5809.324795,43.016280,15,7,0
6468.928623,53.142564,15,7,0
6208.405916,40.016506,15,7,0
9623.876110,56.001484,15,7,0
8446.727870,17.974293,15,7,0
4324.498508,32.106288,15,7,0
8193.138381,17.802819,15,7,0
9156.301580,55.803137,15,7,0
978.677877,46.081061,15,7,0
3162.590904,58.843029,15,7,0
