Distance,Tx Power,Bandwidth,Subband BW,Subband Offset
9577.803192,59.661283,50,14,6
4135.395769,39.403483,50,14,6
637.780208,55.123450,50,14,6
8413.715879,47.523949,50,14,6
4410.161194,35.467185,50,14,6
4849.008280,35.842644,50,14,6
9986.460694,18.417980,50,14,6
5951.877217,56.774526,50,14,6
6963.698371,57.119414,50,14,6
5427.060895,17.345754,50,14,6
