Distance,Tx Power,Bandwidth,Subband BW,Subband Offset
8991.794895,53.571058,50,29,1
2731.730762,52.139804,50,29,1
2943.034937,32.589678,50,29,1
464.899053,18.545899,50,29,1
1167.859467,59.072223,50,29,1
6077.531657,33.835543,50,29,1
3148.228606,28.853017,50,29,1
666.400670,57.601626,50,29,1
6025.696406,21.201394,50,29,1
3299.066105,31.797077,50,29,1
