Distance,Tx Power,Bandwidth,Subband BW,Subband Offset
6393.926003,17.225324,25,24,0
3316.732449,25.951222,25,24,0
3793.821065,40.174043,25,24,0
4940.519620,39.731387,25,24,0
4749.686631,40.283943,25,24,0
8618.068093,50.403359,25,24,0
4743.318584,58.261547,25,24,0
6733.246224,47.193717,25,24,0
5800.716296,41.894847,25,24,0
7997.862842,35.702612,25,24,0
