Distance,Tx Power,Bandwidth,Subband BW,Subband Offset
1130.697099,16.913157,50,7,7
8429.289996,40.662119,50,7,7
1911.232668,20.442210,50,7,7
8032.757023,39.817570,50,7,7
7863.634264,58.617129,50,7,7
8542.726341,32.878856,50,7,7
9459.780277,29.660022,50,7,7
794.434939,28.987077,50,7,7
1335.955918,47.577447,50,7,7
5561.858706,55.841152,50,7,7
