Distance,Tx Power,Bandwidth,Subband BW,Subband Offset
4231.070415,49.279202,50,32,3
8258.104521,58.976436,50,32,3
5211.209327,15.542873,50,32,3
7811.966243,29.023747,50,32,3
7582.296586,22.026248,50,32,3
7652.716357,50.261281,50,32,3
3220.705129,40.186762,50,32,3
4811.544481,47.286170,50,32,3
2721.561613,44.199007,50,32,3
9897.544678,24.607775,50,32,3
