Distance,Tx Power,Bandwidth,Subband BW,Subband Offset
1362.935108,56.772061,75,40,25
6074.324322,33.890327,75,40,25
9312.811687,57.953752,75,40,25
4202.534326,24.250684,75,40,25
6660.465930,20.131372,75,40,25
8814.733878,47.715656,75,40,25
1775.778216,57.470262,75,40,25
1468.463483,43.557462,75,40,25
5933.569380,49.733702,75,40,25
4540.553085,49.506158,75,40,25
