Distance,Tx Power,Bandwidth,Subband BW,Subband Offset
7979.965980,32.305777,15,6,8
7574.922712,55.328803,15,6,8
8592.453828,20.842636,15,6,8
2133.994312,19.846914,15,6,8
5465.601853,21.348585,15,6,8
9996.159167,49.785449,15,6,8
7463.055464,32.621219,15,6,8
5606.417897,46.151206,15,6,8
6372.641105,50.745994,15,6,8
4617.723323,25.338947,15,6,8
