Distance,Tx Power,Bandwidth,Subband BW,Subband Offset
9250.208919,18.877606,50,12,23
9852.911169,55.001122,50,12,23
479.489189,34.590376,50,12,23
4323.971698,54.136702,50,12,23
4974.909421,20.555837,50,12,23
5352.762412,51.626234,50,12,23
2803.283309,59.630173,50,12,23
1489.500494,31.583759,50,12,23
335.256648,20.898162,50,12,23
5455.489692,44.472032,50,12,23
