Distance,Tx Power,Bandwidth,Subband BW,Subband Offset
2291.761133,36.115603,25,6,11
516.098744,47.928298,25,6,11
806.186267,46.253857,25,6,11
4306.441792,24.059504,25,6,11
5789.060007,37.274360,25,6,11
9936.300093,55.731539,25,6,11
8570.494307,41.155789,25,6,11
5910.707261,58.008727,25,6,11
1184.503693,20.360661,25,6,11
4690.316593,51.335511,25,6,11
