Distance,Tx Power,Bandwidth,Subband BW,Subband Offset
4613.749352,49.921545,75,40,25
1260.455070,37.251652,75,40,25
6761.513257,43.279649,75,40,25
7831.659781,27.786796,75,40,25
7438.443757,44.355777,75,40,25
1895.405297,26.449814,75,40,25
4510.436825,59.506576,75,40,25
5400.483944,59.831057,75,40,25
8359.127180,40.796722,75,40,25
4400.672258,30.199760,75,40,25
