Distance,Tx Power,Bandwidth,Subband BW,Subband Offset
9301.133308,18.812667,15,6,5
6526.665736,56.902830,15,6,5
4428.186495,48.185259,15,6,5
7900.482487,47.684513,15,6,5
543.254991,40.706568,15,6,5
8646.206069,42.082213,15,6,5
2936.588655,35.737822,15,6,5
3549.587952,20.545127,15,6,5
2099.287611,41.198124,15,6,5
5324.431024,27.376455,15,6,5
