Distance,Tx Power,Bandwidth,Subband BW,Subband Offset
9855.194226,17.352220,75,42,16
5129.227476,16.388743,75,42,16
2462.382411,25.579506,75,42,16
8486.839440,59.809671,75,42,16
1698.285534,16.745625,75,42,16
3704.821791,58.674199,75,42,16
6540.954806,48.812015,75,42,16
8887.400327,40.132892,75,42,16
4204.115900,42.021020,75,42,16
8650.874255,22.372657,75,42,16
