Distance,Tx Power,Bandwidth,Subband BW,Subband Offset
6765.353674,46.279944,50,23,27
5172.223495,25.171841,50,23,27
2182.042564,20.690787,50,23,27
3595.673112,50.950142,50,23,27
2724.591329,52.477865,50,23,27
230.638410,35.549302,50,23,27
4505.579769,50.533929,50,23,27
6495.127452,44.588856,50,23,27
3797.080793,16.119986,50,23,27
3435.434833,54.977550,50,23,27
