Distance,Tx Power,Bandwidth,Subband BW,Subband Offset
1764.616491,23.112517,50,15,4
3141.045989,22.590794,50,15,4
1298.387513,32.643888,50,15,4
3438.058591,22.594200,50,15,4
4450.954648,49.243960,50,15,4
4027.765558,16.730173,50,15,4
2874.690435,59.224795,50,15,4
1995.697174,53.723337,50,15,4
5811.239369,26.472289,50,15,4
5351.975317,43.613930,50,15,4
