Distance,Tx Power,Bandwidth,Subband BW,Subband Offset
4571.462804,24.511602,75,15,46
9695.391596,37.770989,75,15,46
7570.698515,21.667056,75,15,46
2055.879683,17.776212,75,15,46
3956.959292,56.959976,75,15,46
9096.319601,33.230819,75,15,46
8355.881310,33.528162,75,15,46
9588.717909,36.007865,75,15,46
4704.017278,54.304278,75,15,46
7307.933582,47.644210,75,15,46
