Distance,Tx Power,Bandwidth,Subband BW,Subband Offset
2973.940307,18.017322,25,6,9
9071.015606,19.878857,25,6,9
9967.270179,52.921411,25,6,9
5295.971222,57.812364,25,6,9
5544.795038,18.383541,25,6,9
9377.999053,39.861846,25,6,9
5457.185091,51.475357,25,6,9
4762.729817,56.859281,25,6,9
1229.942394,39.701266,25,6,9
1400.496438,17.786155,25,6,9
