Distance,Tx Power,Bandwidth,Subband BW,Subband Offset
4752.775532,27.434211,25,20,3
9091.271420,17.081176,25,20,3
3331.841517,58.210222,25,20,3
2889.423916,40.147959,25,20,3
6064.803887,30.934140,25,20,3
542.973714,59.212929,25,20,3
5765.246259,31.781595,25,20,3
6080.255397,23.716470,25,20,3
5321.635936,23.533550,25,20,3
6977.671948,21.968172,25,20,3
