Distance,Tx Power,Bandwidth,Subband BW,Subband Offset
6786.320438,49.315711,15,7,1
207.866179,43.375584,15,7,1
7770.352000,38.128882,15,7,1
3810.314403,34.357681,15,7,1
3401.601593,19.773754,15,7,1
8337.463194,26.331342,15,7,1
3575.339765,44.315049,15,7,1
3780.290200,24.337555,15,7,1
5543.879552,15.739727,15,7,1
6710.422269,49.735805,15,7,1
