Distance,Tx Power,Bandwidth,Subband BW,Subband Offset
6814.502277,35.610514,15,8,7
3726.172411,25.946848,15,8,7
9881.854885,30.951262,15,8,7
1903.249704,36.784675,15,8,7
4505.598195,21.399468,15,8,7
9951.864340,39.603809,15,8,7
4760.212528,30.826391,15,8,7
8910.573393,49.448408,15,8,7
9036.064970,44.983424,15,8,7
4918.376739,19.438556,15,8,7
