Distance,Tx Power,Bandwidth,Subband BW,Subband Offset
9312.180607,55.978099,75,10,20
8238.914788,20.039931,75,10,20
2281.436133,38.082356,75,10,20
9071.977053,55.655483,75,10,20
6378.459846,47.630352,75,10,20
760.820549,43.062018,75,10,20
8151.287867,34.290038,75,10,20
2663.464067,43.637778,75,10,20
1088.008962,43.001413,75,10,20
4329.976780,58.714672,75,10,20
