Distance,Tx Power,Bandwidth,Subband BW,Subband Offset
5791.791866,30.181248,50,12,6
7866.861038,30.740193,50,12,6
2520.871371,22.814115,50,12,6
9513.707588,39.937253,50,12,6
824.306704,58.648895,50,12,6
284.440374,24.537431,50,12,6
8013.086164,18.227631,50,12,6
1332.617598,37.592772,50,12,6
8401.802461,46.957778,50,12,6
6767.908363,45.364907,50,12,6
