Distance,Tx Power,Bandwidth,Subband BW,Subband Offset
8713.575413,46.820603,25,10,2
9208.536706,24.327517,25,10,2
7639.343172,36.102698,25,10,2
5466.001143,49.217185,25,10,2
6712.537455,44.805382,25,10,2
2547.784385,17.261252,25,10,2
7300.787417,15.050728,25,10,2
3500.686804,41.040367,25,10,2
6608.332737,53.554827,25,10,2
8180.809916,52.696999,25,10,2
