Distance,Tx Power,Bandwidth,Subband BW,Subband Offset
2823.034138,45.850503,100,50,36
289.001007,54.198810,100,50,36
7446.460370,25.231851,100,50,36
217.916108,50.479211,100,50,36
3994.218532,30.024200,100,50,36
6628.325413,38.154213,100,50,36
8091.379230,19.988950,100,50,36
4408.450512,40.335916,100,50,36
8654.560472,28.017670,100,50,36
2584.023365,21.865032,100,50,36
