Distance,Tx Power,Bandwidth,Subband BW,Subband Offset
4293.557800,37.896940,100,20,37
9378.197045,24.542769,100,20,37
9556.437725,58.930630,100,20,37
2545.303355,44.349462,100,20,37
2551.404856,18.492062,100,20,37
4167.544044,33.049910,100,20,37
6740.291710,37.829785,100,20,37
5036.281440,24.062051,100,20,37
894.478488,55.559716,100,20,37
8797.765254,46.674001,100,20,37
