Distance,Tx Power,Bandwidth,Subband BW,Subband Offset
6099.229991,29.868580,100,7,22
9775.787187,47.704402,100,7,22
7938.878092,27.943835,100,7,22
7275.410507,39.288938,100,7,22
8714.000499,40.248409,100,7,22
8616.725983,15.416574,100,7,22
8362.008041,21.925107,100,7,22
851.887664,46.586997,100,7,22
6819.221243,22.151549,100,7,22
6372.426492,25.647488,100,7,22
