Distance,Tx Power,Bandwidth,Subband BW,Subband Offset
9985.496495,58.157713,15,12,1
8503.553743,53.197130,15,12,1
3295.338231,42.475613,15,12,1
794.954348,59.345635,15,12,1
5771.869772,54.396601,15,12,1
1390.845812,21.528373,15,12,1
8974.717185,19.838728,15,12,1
2374.179197,43.171877,15,12,1
4411.767780,45.668566,15,12,1
1687.369021,21.282916,15,12,1
