Distance,Tx Power,Bandwidth,Subband BW,Subband Offset
1372.571129,51.070947,50,24,20
5271.090311,27.481868,50,24,20
350.893811,44.976102,50,24,20
2442.378919,49.326386,50,24,20
2829.541416,46.133895,50,24,20
5584.729805,55.319765,50,24,20
4172.418864,43.104894,50,24,20
3351.028316,22.175568,50,24,20
5593.655702,27.873100,50,24,20
8318.339930,42.227530,50,24,20
