Distance,Tx Power,Bandwidth,Subband BW,Subband Offset
5964.577505,40.984000,75,42,27
6158.944421,58.688073,75,42,27
1575.099849,42.761956,75,42,27
8383.623120,46.185087,75,42,27
1236.138042,44.237542,75,42,27
6794.908906,38.686049,75,42,27
1109.606433,57.228868,75,42,27
278.818417,29.081038,75,42,27
4742.750092,18.064797,75,42,27
5712.036493,36.025979,75,42,27
