Distance,Tx Power,Bandwidth,Subband BW,Subband Offset
5124.154716,37.489253,25,10,0
8646.638321,29.160651,25,10,0
3642.371477,35.076812,25,10,0
4425.775702,45.842431,25,10,0
7093.653085,30.140213,25,10,0
9475.156357,21.229120,25,10,0
6928.380699,54.055183,25,10,0
9789.658240,43.632762,25,10,0
6198.899944,34.315696,25,10,0
805.349575,41.540962,25,10,0
