Distance,Tx Power,Bandwidth,Subband BW,Subband Offset
3426.809639,47.791555,25,9,10
5191.117945,40.500350,25,9,10
1253.537779,56.928392,25,9,10
3388.632358,54.299211,25,9,10
2553.286547,33.942096,25,9,10
6408.783393,50.466400,25,9,10
3767.501551,51.671984,25,9,10
4521.497329,26.097284,25,9,10
4215.602790,41.876662,25,9,10
7756.043943,54.405559,25,9,10
