Distance,Tx Power,Bandwidth,Subband BW,Subband Offset
6500.136285,44.162917,75,23,9
2512.299462,57.582678,75,23,9
8814.128177,43.945397,75,23,9
5235.465327,57.040434,75,23,9
3051.746344,38.666563,75,23,9
5365.791046,50.802101,75,23,9
5667.214976,23.880978,75,23,9
9898.653443,29.625568,75,23,9
6506.969461,17.861834,75,23,9
5845.451700,17.236031,75,23,9
