Distance,Tx Power,Bandwidth,Subband BW,Subband Offset
7182.549519,46.427581,25,11,7
2713.449857,39.028704,25,11,7
8951.518132,45.558982,25,11,7
1948.946765,55.558478,25,11,7
6249.086536,29.152056,25,11,7
9348.636806,56.755504,25,11,7
8242.187350,57.081616,25,11,7
7462.861315,31.020161,25,11,7
6457.988076,53.284165,25,11,7
8272.973955,41.956207,25,11,7
