Distance,Tx Power,Bandwidth,Subband BW,Subband Offset
3740.664866,23.864915,100,23,55
9812.535681,34.327560,100,23,55
4955.424016,29.293600,100,23,55
9069.970344,23.533453,100,23,55
3698.794018,33.586597,100,23,55
1035.734923,15.557891,100,23,55
3126.181562,29.972821,100,23,55
9426.489764,24.043501,100,23,55
3173.406334,28.486800,100,23,55
9431.808928,17.132605,100,23,55
