Distance,Tx Power,Bandwidth,Subband BW,Subband Offset
202.394956,47.789850,25,7,10
7295.703174,41.091295,25,7,10
1231.602432,45.276547,25,7,10
7654.505926,56.708084,25,7,10
8395.165603,18.330707,25,7,10
337.051231,30.483303,25,7,10
9103.311702,35.186873,25,7,10
494.424356,47.703927,25,7,10
1203.844603,15.170897,25,7,10
4588.887045,55.184687,25,7,10
