Distance,Tx Power,Bandwidth,Subband BW,Subband Offset
4350.063758,38.923947,15,8,4
6953.361110,24.018015,15,8,4
4309.642556,53.348271,15,8,4
4572.879009,45.660214,15,8,4
9883.960490,27.205060,15,8,4
3805.527247,32.456261,15,8,4
4749.050438,46.545254,15,8,4
764.472380,59.922787,15,8,4
7605.590665,33.360329,15,8,4
4637.308051,28.971054,15,8,4
