Distance,Tx Power,Bandwidth,Subband BW,Subband Offset
4241.841754,44.443051,25,8,14
274.849265,28.334679,25,8,14
1892.420016,16.864097,25,8,14
8926.142254,41.452033,25,8,14
1875.072022,47.763964,25,8,14
9200.774550,57.924937,25,8,14
4087.313027,25.505157,25,8,14
9549.829456,22.751303,25,8,14
8292.206563,40.111298,25,8,14
7928.085612,22.225211,25,8,14
