Distance,Tx Power,Bandwidth,Subband BW,Subband Offset
5852.925691,31.643549,50,26,0
6804.987147,41.866732,50,26,0
8222.249368,16.915055,50,26,0
2960.214320,32.499252,50,26,0
9434.401041,27.238731,50,26,0
5845.052848,52.552252,50,26,0
9637.809131,46.442998,50,26,0
4649.697654,15.083385,50,26,0
8680.632658,55.358556,50,26,0
1374.610839,43.541402,50,26,0
