Distance,Tx Power,Bandwidth,Subband BW,Subband Offset
1422.439659,52.512298,25,9,4
9683.638192,56.474863,25,9,4
8696.531418,34.690675,25,9,4
3805.936272,58.906523,25,9,4
4420.428461,44.036417,25,9,4
8927.366730,50.339989,25,9,4
4148.812337,40.762115,25,9,4
2654.837654,26.372682,25,9,4
2788.772496,41.128576,25,9,4
7717.991844,47.303679,25,9,4
