Distance,Tx Power,Bandwidth,Subband BW,Subband Offset
676.129995,41.686171,50,8,19
7745.977954,15.741999,50,8,19
7691.719787,38.933549,50,8,19
3936.086797,21.371701,50,8,19
8125.492011,20.571744,50,8,19
421.332320,50.937369,50,8,19
8973.001288,24.611171,50,8,19
9254.735042,48.173800,50,8,19
3665.698385,23.434632,50,8,19
578.271287,27.551704,50,8,19
