Distance,Tx Power,Bandwidth,Subband BW,Subband Offset
6573.639774,19.800024,15,6,2
724.168420,59.775669,15,6,2
3160.229847,42.656444,15,6,2
7078.976087,49.144814,15,6,2
5672.083577,46.773798,15,6,2
3609.665142,18.247786,15,6,2
8336.299258,29.404515,15,6,2
4355.362086,37.170566,15,6,2
5082.426751,29.631051,15,6,2
2400.300333,21.420102,15,6,2
