Distance,Tx Power,Bandwidth,Subband BW,Subband Offset
7318.028710,27.797836,50,22,18
5863.158598,27.453464,50,22,18
1992.999454,36.331619,50,22,18
315.962963,31.555354,50,22,18
4082.355575,58.124420,50,22,18
7437.518360,57.850370,50,22,18
4758.048799,34.121809,50,22,18
7753.715844,21.493955,50,22,18
8847.075786,45.820885,50,22,18
9956.012313,30.039868,50,22,18
