Distance,Tx Power,Bandwidth,Subband BW,Subband Offset
2551.568319,38.427468,100,17,42
1745.607169,18.534549,100,17,42
4054.728703,20.190760,100,17,42
1366.245677,31.810574,100,17,42
9441.140726,32.254616,100,17,42
8675.218360,50.684739,100,17,42
978.187445,29.880629,100,17,42
5357.180329,22.993435,100,17,42
2254.200893,25.883516,100,17,42
9971.862356,57.743086,100,17,42
