Distance,Tx Power,Bandwidth,Subband BW,Subband Offset
177.581400,23.849128,15,11,0
5230.848330,40.156063,15,11,0
5313.571672,52.178637,15,11,0
5475.700358,44.168042,15,11,0
1585.356120,59.175770,15,11,0
4309.476856,54.017365,15,11,0
8927.141161,56.683442,15,11,0
2179.016327,57.843732,15,11,0
4945.964648,32.418034,15,11,0
6136.378135,47.039480,15,11,0
