Distance,Tx Power,Bandwidth,Subband BW,Subband Offset
186.546900,19.558592,100,35,42
7780.180981,40.381714,100,35,42
2434.673940,31.698189,100,35,42
3696.517231,42.930918,100,35,42
2879.932318,47.794992,100,35,42
9275.216179,24.439780,100,35,42
2432.330433,29.779852,100,35,42
1287.236933,21.587047,100,35,42
9567.890667,55.727723,100,35,42
9451.585135,37.635088,100,35,42
