Distance,Tx Power,Bandwidth,Subband BW,Subband Offset
7229.096466,31.384585,15,11,4
7405.099041,22.869754,15,11,4
936.682432,32.280409,15,11,4
2877.852272,44.216335,15,11,4
5525.991946,45.070642,15,11,4
664.522874,36.156313,15,11,4
4175.271754,56.587500,15,11,4
6648.087610,20.620080,15,11,4
4076.000288,20.969126,15,11,4
5651.915594,27.832052,15,11,4
