Distance,Tx Power,Bandwidth,Subband BW,Subband Offset
1965.716429,22.179551,15,6,2
7706.114515,45.167087,15,6,2
620.259312,43.982073,15,6,2
8550.089749,34.034998,15,6,2
9635.403900,29.465181,15,6,2
6809.216768,19.326207,15,6,2
9819.295270,38.164628,15,6,2
509.095910,32.460716,15,6,2
9002.675410,44.296931,15,6,2
2270.253417,55.868295,15,6,2
