Distance,Tx Power,Bandwidth,Subband BW,Subband Offset
2720.187271,39.348174,25,11,11
3852.848917,50.822073,25,11,11
9058.179910,21.616951,25,11,11
1959.045060,21.472289,25,11,11
8197.045629,44.821404,25,11,11
3365.943281,49.970038,25,11,11
1607.228511,56.357579,25,11,11
8141.848564,33.576738,25,11,11
4724.625028,52.536977,25,11,11
8548.850550,57.965309,25,11,11
