Distance,Tx Power,Bandwidth,Subband BW,Subband Offset
5664.958262,34.145776,25,8,9
4111.779278,22.653451,25,8,9
5306.542453,45.840616,25,8,9
8942.253254,36.660972,25,8,9
3069.651645,49.420175,25,8,9
2885.348008,59.231202,25,8,9
1203.218892,51.756502,25,8,9
9206.061592,20.736627,25,8,9
1555.737523,40.826404,25,8,9
9936.006425,31.041225,25,8,9
