Distance,Tx Power,Bandwidth,Subband BW,Subband Offset
9659.863406,52.479561,50,42,4
9686.156332,27.212986,50,42,4
270.341850,52.386350,50,42,4
6337.093103,35.922534,50,42,4
5440.800945,34.539982,50,42,4
1354.043765,19.438882,50,42,4
7047.807918,27.913178,50,42,4
8036.212933,22.392719,50,42,4
9771.849178,52.358629,50,42,4
7546.292945,47.467870,50,42,4
