Distance,Tx Power,Bandwidth,Subband BW,Subband Offset
4921.268287,49.576706,75,57,12
8455.044324,26.337068,75,57,12
174.230212,29.138507,75,57,12
3091.036274,47.750980,75,57,12
9715.213325,29.161650,75,57,12
2022.475515,21.899766,75,57,12
2480.759075,39.010709,75,57,12
119.100573,38.990068,75,57,12
6065.956940,29.148188,75,57,12
3381.428246,57.107993,75,57,12
