Distance,Tx Power,Bandwidth,Subband BW,Subband Offset
7186.738683,51.504083,15,7,8
3136.810346,53.433907,15,7,8
905.559455,28.913639,15,7,8
8031.260628,56.763361,15,7,8
6763.998784,48.862307,15,7,8
1472.377856,41.471954,15,7,8
6734.989317,28.710011,15,7,8
126.115458,49.027961,15,7,8
4625.624841,21.872775,15,7,8
2388.947670,16.497358,15,7,8
