Distance,Tx Power,Bandwidth,Subband BW,Subband Offset
9259.342440,48.558001,15,10,2
1910.661455,33.076339,15,10,2
7829.327111,54.546593,15,10,2
4256.488332,24.597776,15,10,2
5573.150072,19.838196,15,10,2
2452.594171,25.515636,15,10,2
5004.654103,23.949130,15,10,2
9174.774157,41.387084,15,10,2
8557.208497,23.452471,15,10,2
5035.809468,55.828511,15,10,2
