Distance,Tx Power,Bandwidth,Subband BW,Subband Offset
6500.634023,56.146947,25,14,4
578.040249,28.665712,25,14,4
3299.040596,58.742436,25,14,4
6847.348866,39.423622,25,14,4
770.290717,49.617495,25,14,4
6580.993522,45.506576,25,14,4
3778.833422,20.147674,25,14,4
3914.302380,33.849386,25,14,4
6633.646190,36.661751,25,14,4
4657.235928,52.466049,25,14,4
