Distance,Tx Power,Bandwidth,Subband BW,Subband Offset
8214.748731,39.165057,100,6,49
2926.741189,28.092741,100,6,49
1322.922460,21.289078,100,6,49
8033.286863,23.288443,100,6,49
3540.349245,19.359025,100,6,49
6091.443081,33.683379,100,6,49
7638.459843,50.999903,100,6,49
3676.244912,27.212216,100,6,49
7255.150450,54.220438,100,6,49
406.087463,45.076389,100,6,49
