Distance,Tx Power,Bandwidth,Subband BW,Subband Offset
710.307473,51.080986,50,19,27
8323.914703,45.283128,50,19,27
9520.007817,53.181029,50,19,27
1806.590270,47.511107,50,19,27
4742.852717,39.291384,50,19,27
4336.718837,43.703278,50,19,27
893.578037,54.250764,50,19,27
9708.434993,18.667982,50,19,27
4116.743194,34.674941,50,19,27
7599.970585,58.294160,50,19,27
