Distance,Tx Power,Bandwidth,Subband BW,Subband Offset
5943.487944,29.002408,75,42,5
8458.989197,52.182405,75,42,5
6306.176378,24.608988,75,42,5
4847.414185,15.505391,75,42,5
9611.628192,39.095345,75,42,5
5022.996308,50.314254,75,42,5
8851.328729,20.376853,75,42,5
2113.380201,56.614817,75,42,5
5772.221829,34.395994,75,42,5
9442.400425,56.518949,75,42,5
