Distance,Tx Power,Bandwidth,Subband BW,Subband Offset
5016.597877,29.513596,75,49,0
8896.792202,42.993288,75,49,0
2039.301477,22.132386,75,49,0
8632.010961,45.954714,75,49,0
856.237067,54.039218,75,49,0
9919.637937,49.091575,75,49,0
2216.673982,42.222409,75,49,0
3068.679717,17.774876,75,49,0
7671.002630,33.073358,75,49,0
6699.849119,55.694881,75,49,0
