Distance,Tx Power,Bandwidth,Subband BW,Subband Offset
1835.572367,38.457316,100,30,19
9143.841228,46.686879,100,30,19
684.232202,32.413007,100,30,19
5872.738298,55.554240,100,30,19
5326.526505,51.406297,100,30,19
8871.049939,32.556861,100,30,19
1794.644413,21.024773,100,30,19
1380.059777,53.749274,100,30,19
4505.066988,22.404942,100,30,19
4085.374410,29.799988,100,30,19
