Distance,Tx Power,Bandwidth,Subband BW,Subband Offset
3119.631640,38.128829,75,39,0
7544.776042,51.444810,75,39,0
7302.071974,30.995150,75,39,0
3335.941581,30.323426,75,39,0
348.712183,19.070653,75,39,0
5968.643957,22.860283,75,39,0
3736.161060,47.095076,75,39,0
6582.626297,45.810122,75,39,0
9053.135800,51.913890,75,39,0
2939.900768,59.721816,75,39,0
