Distance,Tx Power,Bandwidth,Subband BW,Subband Offset
3325.275810,37.120153,75,32,35
2001.799796,32.603621,75,32,35
328.195226,24.013156,75,32,35
4406.244114,30.237366,75,32,35
2010.956527,21.918556,75,32,35
2553.855597,46.384238,75,32,35
7677.335707,18.581829,75,32,35
7047.945072,18.101210,75,32,35
8914.077541,30.529469,75,32,35
6944.104784,25.031226,75,32,35
