Distance,Tx Power,Bandwidth,Subband BW,Subband Offset
5716.402694,16.785758,75,19,37
1148.817344,42.064753,75,19,37
6608.291575,56.971367,75,19,37
8794.507873,28.504831,75,19,37
1303.671062,18.522368,75,19,37
8232.793272,28.354237,75,19,37
3376.472079,23.682931,75,19,37
6238.459114,41.619829,75,19,37
352.745196,53.933247,75,19,37
6087.984915,32.625964,75,19,37
