Distance,Tx Power,Bandwidth,Subband BW,Subband Offset
1893.896714,15.244686,25,18,4
9720.025921,17.480641,25,18,4
751.056832,29.045263,25,18,4
6437.583959,21.624014,25,18,4
6727.185055,40.225728,25,18,4
4807.449031,56.278003,25,18,4
1473.082815,27.003662,25,18,4
3419.648406,47.022343,25,18,4
3926.779814,17.444202,25,18,4
9114.305878,42.286373,25,18,4
