Distance,Tx Power,Bandwidth,Subband BW,Subband Offset
4597.477524,58.751139,75,40,16
6897.381230,32.404175,75,40,16
5381.315641,37.065655,75,40,16
4239.777118,40.317400,75,40,16
5634.084674,19.396529,75,40,16
4859.961367,36.357917,75,40,16
727.969873,46.748668,75,40,16
4896.655456,25.621101,75,40,16
9112.173307,15.314352,75,40,16
1198.843420,19.807748,75,40,16
