Distance,Tx Power,Bandwidth,Subband BW,Subband Offset
2557.595279,50.676151,25,9,4
7498.090109,25.028992,25,9,4
9815.402131,53.618304,25,9,4
8678.938179,29.094727,25,9,4
155.808625,41.969955,25,9,4
2813.828344,55.422024,25,9,4
4340.562682,30.599225,25,9,4
8867.321454,43.690885,25,9,4
3344.639147,38.156562,25,9,4
7825.993958,18.901306,25,9,4
