Distance,Tx Power,Bandwidth,Subband BW,Subband Offset
7598.506652,48.708862,25,19,2
5242.863453,54.349851,25,19,2
1493.963200,55.155080,25,19,2
7549.572950,49.272300,25,19,2
1026.424308,35.839079,25,19,2
7981.292179,21.449462,25,19,2
9796.143710,49.598131,25,19,2
7903.884039,47.195844,25,19,2
113.867326,46.442897,25,19,2
8598.639624,44.537092,25,19,2
