Distance,Tx Power,Bandwidth,Subband BW,Subband Offset
5632.615355,23.842348,15,7,1
1896.168083,53.642780,15,7,1
7468.671307,53.003999,15,7,1
9052.207401,17.617816,15,7,1
2235.348692,54.296050,15,7,1
2467.535392,53.501544,15,7,1
8522.544807,47.256283,15,7,1
5387.418058,21.617962,15,7,1
4048.860379,32.826248,15,7,1
1773.191463,48.815861,15,7,1
