Distance,Tx Power,Bandwidth,Subband BW,Subband Offset
846.031391,53.328259,75,35,9
2194.312970,44.621077,75,35,9
2277.571134,17.104518,75,35,9
2834.978485,24.511031,75,35,9
2476.126047,44.428606,75,35,9
8544.316593,24.225022,75,35,9
1382.023235,35.438078,75,35,9
2700.875667,57.961452,75,35,9
2811.517500,54.231089,75,35,9
6974.938840,50.079171,75,35,9
