Distance,Tx Power,Bandwidth,Subband BW,Subband Offset
6530.342402,54.749914,75,15,43
5824.129594,45.224391,75,15,43
5353.313519,39.859387,75,15,43
3503.505495,47.175171,75,15,43
589.470838,26.430493,75,15,43
3274.005219,23.648214,75,15,43
7614.694955,43.569256,75,15,43
464.255805,26.393510,75,15,43
6539.511235,51.454157,75,15,43
5355.353148,43.372721,75,15,43
