Distance,Tx Power,Bandwidth,Subband BW,Subband Offset
7643.913495,39.218988,50,22,23
4266.659101,59.736732,50,22,23
4048.782310,26.341448,50,22,23
4822.722919,54.961604,50,22,23
6048.497412,51.552803,50,22,23
1691.264567,32.936902,50,22,23
7407.921193,55.399808,50,22,23
8977.394225,17.408634,50,22,23
2342.472289,57.981652,50,22,23
1083.268859,24.733271,50,22,23
