Distance,Tx Power,Bandwidth,Subband BW,Subband Offset
3338.688232,58.956494,15,8,5
1976.454807,15.451745,15,8,5
5196.987199,59.581563,15,8,5
9698.350802,46.971772,15,8,5
6269.012064,56.421565,15,8,5
1832.587406,50.071397,15,8,5
7259.594180,55.622134,15,8,5
9608.418936,42.416370,15,8,5
6696.152605,58.383100,15,8,5
1505.236383,29.912525,15,8,5
