Distance,Tx Power,Bandwidth,Subband BW,Subband Offset
8110.858788,45.566993,100,21,78
5049.020451,34.979076,100,21,78
4207.940871,28.486884,100,21,78
2784.421993,43.782838,100,21,78
1660.223651,31.633198,100,21,78
1874.715196,34.593205,100,21,78
9751.611267,39.745934,100,21,78
5331.812590,53.651388,100,21,78
7857.332608,20.089421,100,21,78
3609.814625,29.956780,100,21,78
