Distance,Tx Power,Bandwidth,Subband BW,Subband Offset
5844.941174,44.995728,25,7,1
3397.227233,38.755407,25,7,1
3357.371245,18.273511,25,7,1
4795.902013,51.826941,25,7,1
2591.696817,18.602166,25,7,1
529.482222,40.083789,25,7,1
1580.111735,35.391666,25,7,1
9074.987859,36.361014,25,7,1
3007.104675,40.422675,25,7,1
4549.671162,43.799825,25,7,1
