Distance,Tx Power,Bandwidth,Subband BW,Subband Offset
8844.052029,47.806016,25,10,6
4748.945866,26.339079,25,10,6
8441.528927,17.118031,25,10,6
2663.433622,33.599783,25,10,6
1465.401925,15.631832,25,10,6
1214.805235,40.166711,25,10,6
3659.995397,22.748618,25,10,6
5528.821316,33.704370,25,10,6
8383.485364,37.947120,25,10,6
502.102763,31.359143,25,10,6
