Distance,Tx Power,Bandwidth,Subband BW,Subband Offset
5735.325512,23.092266,25,16,0
2929.746927,22.830345,25,16,0
3189.638772,47.738119,25,16,0
3449.891390,53.103890,25,16,0
5534.571600,39.905304,25,16,0
6205.942383,21.792659,25,16,0
3857.667464,17.176796,25,16,0
8148.671122,51.540194,25,16,0
9420.226260,54.572363,25,16,0
516.976252,15.908073,25,16,0
