Distance,Tx Power,Bandwidth,Subband BW,Subband Offset
2004.868617,52.387947,75,18,18
1910.222900,27.812789,75,18,18
4878.092014,22.558747,75,18,18
4795.383721,34.334596,75,18,18
7469.061610,30.582387,75,18,18
4852.460165,45.295544,75,18,18
4350.482061,30.018811,75,18,18
9729.083928,26.372641,75,18,18
7888.814146,41.732564,75,18,18
4377.990300,17.108520,75,18,18
