Distance,Tx Power,Bandwidth,Subband BW,Subband Offset
8491.478273,15.695870,25,9,2
6552.648572,50.333625,25,9,2
7801.787825,25.030211,25,9,2
2966.655378,41.386539,25,9,2
3055.816572,40.953982,25,9,2
3355.063678,43.088163,25,9,2
8603.649944,49.321340,25,9,2
8628.710832,24.120017,25,9,2
3535.818858,25.248474,25,9,2
2518.002983,58.338470,25,9,2
