Distance,Tx Power,Bandwidth,Subband BW,Subband Offset
1752.656940,36.393596,15,11,2
2297.275551,51.486541,15,11,2
2779.282543,29.041303,15,11,2
1572.992774,43.083610,15,11,2
4588.201265,29.200645,15,11,2
258.088506,44.309028,15,11,2
3766.975027,41.040963,15,11,2
5935.467203,52.559620,15,11,2
5215.381098,25.666340,15,11,2
7601.508416,59.116988,15,11,2
