Distance,Tx Power,Bandwidth,Subband BW,Subband Offset
2760.935997,52.168115,50,9,38
7192.621621,26.377705,50,9,38
5596.121458,58.752836,50,9,38
6536.925009,56.257789,50,9,38
4065.820299,18.220090,50,9,38
4646.828278,52.682501,50,9,38
3663.964134,27.540570,50,9,38
9403.619270,16.428989,50,9,38
8173.498573,27.161899,50,9,38
2814.426067,18.163923,50,9,38
