Distance,Tx Power,Bandwidth,Subband BW,Subband Offset
7530.778826,26.904633,75,65,3
9344.491538,17.167787,75,65,3
7178.918539,22.023096,75,65,3
3513.822523,58.098718,75,65,3
3176.412865,55.400993,75,65,3
3746.549678,34.077289,75,65,3
769.390249,38.859437,75,65,3
8320.534020,30.050511,75,65,3
1563.727529,38.945566,75,65,3
4227.682234,41.552342,75,65,3
