Distance,Tx Power,Bandwidth,Subband BW,Subband Offset
6327.441534,51.293045,100,60,21
3484.697148,31.676861,100,60,21
643.809297,18.161851,100,60,21
527.304130,42.579208,100,60,21
232.767192,24.690121,100,60,21
6451.651357,22.266128,100,60,21
6020.685492,44.445345,100,60,21
7416.855664,30.825166,100,60,21
1981.636988,41.377673,100,60,21
9161.946788,25.259736,100,60,21
