Distance,Tx Power,Bandwidth,Subband BW,Subband Offset
379.221480,52.438522,50,41,6
1671.479425,48.626105,50,41,6
2685.959235,40.696757,50,41,6
2446.600863,20.676881,50,41,6
1894.420312,43.456128,50,41,6
6467.746551,34.308361,50,41,6
7040.257329,55.399756,50,41,6
3256.470034,20.415828,50,41,6
2670.107870,32.222577,50,41,6
3035.027765,42.928193,50,41,6
