Distance,Tx Power,Bandwidth,Subband BW,Subband Offset
5378.630424,59.890307,75,9,48
9056.520722,23.974407,75,9,48
5825.442230,44.753003,75,9,48
3755.448898,48.971783,75,9,48
6718.221389,54.029572,75,9,48
2761.512741,46.679460,75,9,48
4470.519118,52.722345,75,9,48
2899.662310,51.764715,75,9,48
2206.257263,17.922504,75,9,48
7282.694389,26.790502,75,9,48
