Distance,Tx Power,Bandwidth,Subband BW,Subband Offset
7670.456707,51.580269,15,13,1
2816.022589,42.755341,15,13,1
2966.424693,38.109402,15,13,1
2328.134944,33.033100,15,13,1
1095.625070,19.730434,15,13,1
1968.407623,24.756887,15,13,1
7763.252780,55.173317,15,13,1
1013.698903,37.699987,15,13,1
1943.092255,24.335225,15,13,1
2150.681464,35.586869,15,13,1
