Distance,Tx Power,Bandwidth,Subband BW,Subband Offset
3690.886831,45.429591,75,52,10
8770.438945,49.768571,75,52,10
1504.671692,29.824218,75,52,10
5642.120572,15.614841,75,52,10
6868.208093,16.062790,75,52,10
7638.985962,43.406270,75,52,10
8351.337416,42.532584,75,52,10
1032.146948,53.689081,75,52,10
2575.119364,37.944364,75,52,10
8700.917630,27.813491,75,52,10
