Distance,Tx Power,Bandwidth,Subband BW,Subband Offset
4214.805100,38.162154,75,65,5
4535.768699,40.852002,75,65,5
9201.913501,20.967254,75,65,5
9768.861983,21.608070,75,65,5
8700.876599,48.120487,75,65,5
9669.339708,53.895457,75,65,5
1583.915616,37.110146,75,65,5
5577.926452,58.715352,75,65,5
2224.585864,35.451475,75,65,5
4659.861447,19.408082,75,65,5
