Distance,Tx Power,Bandwidth,Subband BW,Subband Offset
5468.779916,55.912077,50,10,18
4366.286411,45.917374,50,10,18
2178.080937,47.105974,50,10,18
2119.754486,59.513126,50,10,18
9049.111851,59.405696,50,10,18
3932.332759,55.525779,50,10,18
227.969046,27.988411,50,10,18
3388.303252,32.233085,50,10,18
2834.485223,44.545632,50,10,18
7662.192775,50.008523,50,10,18
