Distance,Tx Power,Bandwidth,Subband BW,Subband Offset
5271.389753,39.556991,15,11,2
6104.184721,26.911177,15,11,2
8462.944254,49.231999,15,11,2
9159.256789,57.719590,15,11,2
3332.383827,33.759999,15,11,2
8163.332321,27.069491,15,11,2
1913.975129,32.226761,15,11,2
2881.875995,55.077343,15,11,2
4388.689375,19.676204,15,11,2
8192.523054,54.850281,15,11,2
