Distance,Tx Power,Bandwidth,Subband BW,Subband Offset
3603.471068,42.829967,50,11,2
6407.884576,16.771540,50,11,2
7218.014446,17.758200,50,11,2
9055.757526,52.568940,50,11,2
8535.925825,21.071228,50,11,2
8467.065141,20.482900,50,11,2
1105.963971,50.115722,50,11,2
7325.191823,51.333051,50,11,2
6732.109732,58.465389,50,11,2
208.267827,44.225179,50,11,2
