Distance,Tx Power,Bandwidth,Subband BW,Subband Offset
1717.525470,59.208431,25,9,13
4051.947062,49.291172,25,9,13
2675.354627,44.602218,25,9,13
2872.487994,51.235177,25,9,13
1446.814044,44.977697,25,9,13
3225.071987,41.331970,25,9,13
4650.959523,30.628511,25,9,13
7491.179839,19.397677,25,9,13
759.034017,45.719556,25,9,13
7049.969007,48.676056,25,9,13
