Distance,Tx Power,Bandwidth,Subband BW,Subband Offset
4591.867651,24.017496,100,37,47
3717.962451,36.849804,100,37,47
6136.686426,46.834879,100,37,47
3365.205105,56.087752,100,37,47
2444.868143,42.739537,100,37,47
6471.668578,20.060936,100,37,47
3440.992869,28.154390,100,37,47
1100.012139,22.277270,100,37,47
7182.689158,42.476473,100,37,47
1026.104461,37.983666,100,37,47
