Distance,Tx Power,Bandwidth,Subband BW,Subband Offset
282.664720,58.687964,50,25,11
1634.708427,47.435362,50,25,11
3372.029445,55.562061,50,25,11
8863.388868,29.337262,50,25,11
962.009296,38.990524,50,25,11
1677.603757,25.592241,50,25,11
4440.457463,43.923390,50,25,11
8538.247214,28.423666,50,25,11
6155.850875,19.872245,50,25,11
2409.183269,35.021574,50,25,11
