Distance,Tx Power,Bandwidth,Subband BW,Subband Offset
6199.224145,20.107416,100,54,11
6612.518033,38.079502,100,54,11
3841.237112,59.626395,100,54,11
5508.157825,45.601826,100,54,11
1555.515752,45.627102,100,54,11
4770.257675,32.221921,100,54,11
7193.931049,47.289099,100,54,11
9885.178979,16.393593,100,54,11
4205.381015,59.444678,100,54,11
8796.095710,48.898983,100,54,11
