Distance,Tx Power,Bandwidth,Subband BW,Subband Offset
5416.142927,52.055188,25,18,0
3531.607829,54.175493,25,18,0
8963.603127,51.880954,25,18,0
4313.663583,38.444652,25,18,0
3208.776372,40.335184,25,18,0
9058.698504,26.630215,25,18,0
8765.715067,54.891362,25,18,0
6231.675798,22.137821,25,18,0
6139.529301,28.484902,25,18,0
7507.426908,30.387916,25,18,0
