Distance,Tx Power,Bandwidth,Subband BW,Subband Offset
188.237919,15.881071,100,8,3
2044.091161,20.382135,100,8,3
4963.367359,33.972469,100,8,3
2112.198889,31.932497,100,8,3
4501.078123,33.046027,100,8,3
2146.252603,32.314599,100,8,3
3744.425512,16.344148,100,8,3
9385.017816,33.546001,100,8,3
6064.314772,29.590100,100,8,3
6608.095142,22.114059,100,8,3
