Distance,Tx Power,Bandwidth,Subband BW,Subband Offset
5222.463968,42.999100,100,20,71
1765.123625,47.947489,100,20,71
8856.458528,59.748633,100,20,71
5815.271704,34.893614,100,20,71
9173.071698,28.813699,100,20,71
8895.998484,15.458798,100,20,71
3937.548188,31.783710,100,20,71
8048.390937,22.989594,100,20,71
4372.796898,39.126401,100,20,71
4004.454750,33.010592,100,20,71
