Distance,Tx Power,Bandwidth,Subband BW,Subband Offset
5469.270735,45.192215,75,24,23
3327.708292,27.648007,75,24,23
3695.431753,17.036203,75,24,23
8420.310895,58.321031,75,24,23
7378.709715,34.471444,75,24,23
2946.256303,45.633585,75,24,23
4219.020036,46.423929,75,24,23
9390.311732,18.256417,75,24,23
1154.492521,22.257998,75,24,23
5233.215267,21.019098,75,24,23
