Distance,Tx Power,Bandwidth,Subband BW,Subband Offset
1310.318717,46.335426,15,7,7
4151.775665,51.454448,15,7,7
9143.833660,20.155585,15,7,7
9846.834881,16.264316,15,7,7
3185.963195,38.556224,15,7,7
7057.431904,25.751052,15,7,7
8933.698990,59.648792,15,7,7
4711.876314,15.390454,15,7,7
9207.642043,25.486076,15,7,7
581.573506,19.260844,15,7,7
