Distance,Tx Power,Bandwidth,Subband BW,Subband Offset
5762.600296,40.715010,50,6,2
1579.186431,57.340409,50,6,2
1869.909535,15.072501,50,6,2
9769.367564,25.850766,50,6,2
8101.323002,52.907021,50,6,2
1302.036382,54.886195,50,6,2
1331.605102,45.234137,50,6,2
1266.374848,36.236902,50,6,2
1724.191272,51.709417,50,6,2
7616.344528,26.816230,50,6,2
