Distance,Tx Power,Bandwidth,Subband BW,Subband Offset
8980.502945,42.344723,15,9,5
6752.298130,22.826296,15,9,5
7461.670667,23.567519,15,9,5
4003.951062,54.693633,15,9,5
8976.666763,15.776103,15,9,5
3876.309354,45.958380,15,9,5
9325.064549,33.831484,15,9,5
6814.889347,38.143680,15,9,5
1914.236670,40.339946,15,9,5
2314.103861,31.430236,15,9,5
