Distance,Tx Power,Bandwidth,Subband BW,Subband Offset
9150.891386,40.232184,75,19,8
4728.045880,57.010999,75,19,8
5383.931168,44.932082,75,19,8
8279.438058,37.608703,75,19,8
2161.313628,20.666142,75,19,8
9124.175811,35.868431,75,19,8
7310.178874,43.058450,75,19,8
416.439922,55.099655,75,19,8
3443.816730,18.511355,75,19,8
7370.547732,29.701981,75,19,8
