Distance,Tx Power,Bandwidth,Subband BW,Subband Offset
955.963785,36.949661,15,8,1
1301.564349,59.318382,15,8,1
4124.871411,37.756286,15,8,1
1272.234244,55.430089,15,8,1
5129.421397,38.175589,15,8,1
3314.907631,31.238901,15,8,1
2869.369717,32.549244,15,8,1
5024.281026,50.943975,15,8,1
2839.640210,25.188692,15,8,1
4035.668481,41.291592,15,8,1
