Distance,Tx Power,Bandwidth,Subband BW,Subband Offset
7305.329294,45.033401,100,33,5
1747.350816,42.728470,100,33,5
6520.321698,49.328701,100,33,5
2982.471787,36.048698,100,33,5
418.045918,27.227226,100,33,5
9739.249495,24.452953,100,33,5
6781.929448,34.811463,100,33,5
6276.180203,58.522097,100,33,5
3728.838308,46.195986,100,33,5
7238.665517,39.203014,100,33,5
