Distance,Tx Power,Bandwidth,Subband BW,Subband Offset
6580.638077,20.581808,75,33,27
2317.157056,24.484977,75,33,27
2266.894641,35.050810,75,33,27
3895.325458,27.997665,75,33,27
3135.034475,40.867608,75,33,27
8579.954269,43.342314,75,33,27
3623.578265,25.166026,75,33,27
294.435187,49.686240,75,33,27
2495.532977,34.935378,75,33,27
7568.604846,53.644625,75,33,27
