Distance,Tx Power,Bandwidth,Subband BW,Subband Offset
7950.269403,44.746718,100,79,11
612.200898,16.780536,100,79,11
4613.929976,35.912181,100,79,11
1482.550225,57.004764,100,79,11
1633.322084,53.041181,100,79,11
8674.268166,30.064395,100,79,11
7798.245247,23.487544,100,79,11
1516.020503,45.684686,100,79,11
8279.444413,22.618504,100,79,11
3907.767474,26.966233,100,79,11
