Distance,Tx Power,Bandwidth,Subband BW,Subband Offset
5298.156373,45.347996,25,7,18
6790.339717,25.390899,25,7,18
3872.823138,46.534906,25,7,18
8541.918787,32.032050,25,7,18
2042.380119,50.452771,25,7,18
8793.863309,27.160730,25,7,18
3378.348105,25.968116,25,7,18
1296.514594,26.007832,25,7,18
1652.927354,28.698099,25,7,18
8457.652206,23.031481,25,7,18
