Distance,Tx Power,Bandwidth,Subband BW,Subband Offset
4774.879422,20.776210,15,14,1
7089.489063,51.197710,15,14,1
3616.898442,33.252433,15,14,1
4214.832791,53.276364,15,14,1
7660.975955,21.148485,15,14,1
2975.160815,56.652403,15,14,1
7635.966833,56.673486,15,14,1
1604.721555,30.393072,15,14,1
7330.359414,53.229493,15,14,1
9941.381488,23.654243,15,14,1
