Distance,Tx Power,Bandwidth,Subband BW,Subband Offset
3297.673291,59.063451,15,10,1
3803.993148,52.581355,15,10,1
4522.781340,19.024665,15,10,1
1524.538786,21.522251,15,10,1
4736.668302,42.824006,15,10,1
7413.493801,29.661984,15,10,1
2230.716087,32.662194,15,10,1
4342.404000,33.777706,15,10,1
2334.484847,28.088144,15,10,1
6606.492009,37.064722,15,10,1
