Distance,Tx Power,Bandwidth,Subband BW,Subband Offset
4217.951596,39.760323,75,38,16
8386.613154,31.153820,75,38,16
7859.697331,27.853054,75,38,16
513.603526,52.330703,75,38,16
7157.742402,44.065185,75,38,16
9148.243743,41.512684,75,38,16
9149.766248,29.075787,75,38,16
7655.689213,53.627809,75,38,16
1049.815262,35.121531,75,38,16
9226.611625,46.291617,75,38,16
