Distance,Tx Power,Bandwidth,Subband BW,Subband Offset
4018.270867,43.202764,75,16,2
3189.939630,33.692866,75,16,2
4876.431837,41.271722,75,16,2
4840.941594,30.497960,75,16,2
8144.956344,56.328554,75,16,2
3393.603267,33.038724,75,16,2
2514.626665,32.911911,75,16,2
1765.270993,17.344403,75,16,2
971.614207,43.981188,75,16,2
9682.718799,30.588883,75,16,2
