Distance,Tx Power,Bandwidth,Subband BW,Subband Offset
7062.267875,47.003807,15,6,7
3897.094310,57.980586,15,6,7
6292.830197,58.649032,15,6,7
3669.404954,42.053404,15,6,7
9490.573416,45.150418,15,6,7
2322.132174,36.773984,15,6,7
2667.644740,47.388563,15,6,7
1880.082567,24.204301,15,6,7
1854.499872,45.247157,15,6,7
6942.996873,38.309505,15,6,7
