Distance,Tx Power,Bandwidth,Subband BW,Subband Offset
9593.876539,45.093987,50,11,30
7383.665245,55.772114,50,11,30
9283.210862,19.698211,50,11,30
7906.007899,58.142786,50,11,30
6893.529424,54.439707,50,11,30
3488.529071,32.202537,50,11,30
4600.262078,41.024269,50,11,30
3338.943541,41.290839,50,11,30
9753.649179,19.753479,50,11,30
814.545243,46.067961,50,11,30
