Distance,Tx Power,Bandwidth,Subband BW,Subband Offset
8606.398524,28.302924,15,6,3
510.028619,32.483315,15,6,3
1226.996014,35.288583,15,6,3
8038.854087,17.173482,15,6,3
2799.303555,18.099715,15,6,3
3947.486227,58.630757,15,6,3
7666.244088,16.134534,15,6,3
8231.578352,57.555501,15,6,3
5684.622368,28.822130,15,6,3
9884.803085,53.708898,15,6,3
