Distance,Tx Power,Bandwidth,Subband BW,Subband Offset
823.576366,16.891793,50,9,12
4065.872046,33.327699,50,9,12
2052.225115,56.627288,50,9,12
7937.248736,28.884390,50,9,12
2093.786842,52.416350,50,9,12
6343.576748,36.504592,50,9,12
5897.875397,48.400081,50,9,12
6427.056949,51.859881,50,9,12
9961.360901,49.237188,50,9,12
6126.487889,58.470907,50,9,12
