Distance,Tx Power,Bandwidth,Subband BW,Subband Offset
4258.104744,21.163224,100,32,1
9382.982592,42.804717,100,32,1
4658.192548,19.256992,100,32,1
5546.307323,54.132577,100,32,1
4001.834649,37.457473,100,32,1
6239.434461,24.135716,100,32,1
2010.777348,49.287648,100,32,1
9753.094368,36.661311,100,32,1
8217.224064,43.890658,100,32,1
7189.254990,39.315329,100,32,1
