Distance,Tx Power,Bandwidth,Subband BW,Subband Offset
7073.946296,52.694306,50,12,34
9883.706415,48.442868,50,12,34
4350.498364,42.545673,50,12,34
750.429140,49.928447,50,12,34
859.162964,59.713816,50,12,34
1988.886870,41.912123,50,12,34
4063.796767,42.456180,50,12,34
6107.843871,21.107477,50,12,34
4779.115131,45.318445,50,12,34
8207.031049,42.667175,50,12,34
