Distance,Tx Power,Bandwidth,Subband BW,Subband Offset
1936.195565,49.853337,100,53,10
5900.142188,38.298635,100,53,10
6922.238463,23.071681,100,53,10
2758.672788,33.409550,100,53,10
3216.541583,44.435493,100,53,10
6114.020211,49.748342,100,53,10
2414.352952,47.385314,100,53,10
9985.086803,31.413410,100,53,10
7519.082533,40.349179,100,53,10
308.537496,25.004204,100,53,10
