Distance,Tx Power,Bandwidth,Subband BW,Subband Offset
6659.067127,56.303674,75,9,49
6368.280405,37.280368,75,9,49
892.784467,53.376758,75,9,49
8171.399215,30.276537,75,9,49
2989.689019,31.630971,75,9,49
5392.642286,57.896200,75,9,49
7603.847532,45.531708,75,9,49
9424.434540,53.432026,75,9,49
8524.282920,48.524981,75,9,49
8453.325723,17.579824,75,9,49
