Distance,Tx Power,Bandwidth,Subband BW,Subband Offset
5601.251794,30.754746,75,16,27
7561.381889,15.796556,75,16,27
1312.372133,29.948053,75,16,27
4107.696010,48.888853,75,16,27
6709.711649,49.115051,75,16,27
114.591846,53.383912,75,16,27
4803.627231,36.278874,75,16,27
4528.695206,21.508682,75,16,27
2367.831384,52.571142,75,16,27
9642.209739,56.190035,75,16,27
