Distance,Tx Power,Bandwidth,Subband BW,Subband Offset
7322.465147,31.852247,25,11,12
198.300371,50.877898,25,11,12
1820.557790,18.466960,25,11,12
1032.482773,30.435452,25,11,12
5632.937373,47.677301,25,11,12
3812.473192,43.206583,25,11,12
189.310253,36.853328,25,11,12
9967.762510,27.642466,25,11,12
5572.502024,35.459315,25,11,12
5133.364877,25.929726,25,11,12
