Distance,Tx Power,Bandwidth,Subband BW,Subband Offset
3922.909566,47.399326,100,21,62
7714.450050,30.635135,100,21,62
7049.010161,43.943391,100,21,62
4924.578601,39.670972,100,21,62
1474.751523,34.824604,100,21,62
5544.511035,27.805838,100,21,62
7892.737355,43.074731,100,21,62
7743.941753,37.242231,100,21,62
3365.645767,44.749753,100,21,62
8914.590903,30.789789,100,21,62
