Distance,Tx Power,Bandwidth,Subband BW,Subband Offset
2544.587334,30.285164,100,44,31
6766.958651,35.473718,100,44,31
4540.788651,36.670862,100,44,31
3239.926695,52.912097,100,44,31
9062.336171,45.795094,100,44,31
1528.970716,38.349774,100,44,31
9587.198319,52.582384,100,44,31
2313.615160,51.125367,100,44,31
2131.607461,24.451918,100,44,31
3149.483424,30.439434,100,44,31
