Distance,Tx Power,Bandwidth,Subband BW,Subband Offset
7622.762823,49.254572,15,9,5
7682.027486,27.434898,15,9,5
7316.429414,28.582427,15,9,5
9090.983278,16.694471,15,9,5
3313.663413,49.748951,15,9,5
173.729325,38.046409,15,9,5
8134.746009,21.291606,15,9,5
9638.531943,24.844090,15,9,5
2727.235754,48.717201,15,9,5
3698.418137,23.040707,15,9,5
