Distance,Tx Power,Bandwidth,Subband BW,Subband Offset
6802.544771,43.005107,50,16,34
3203.544995,39.321752,50,16,34
4499.573299,52.704280,50,16,34
9552.113064,51.146591,50,16,34
1125.432573,29.763823,50,16,34
6130.984416,16.422195,50,16,34
3105.683470,21.676300,50,16,34
7601.467012,28.709621,50,16,34
5399.725749,30.046479,50,16,34
9098.053863,55.608496,50,16,34
