Distance,Tx Power,Bandwidth,Subband BW,Subband Offset
9921.078649,57.150777,50,23,10
4239.074896,16.237907,50,23,10
8471.272989,53.548900,50,23,10
812.396863,59.072139,50,23,10
9355.041887,28.505453,50,23,10
477.552702,19.396849,50,23,10
6233.840401,24.232256,50,23,10
6425.244889,32.464085,50,23,10
9944.597664,56.302583,50,23,10
8396.601341,40.829454,50,23,10
