Distance,Tx Power,Bandwidth,Subband BW,Subband Offset
6462.776246,34.007785,25,12,3
5813.087229,16.181593,25,12,3
6158.263159,31.562034,25,12,3
4394.795272,44.504832,25,12,3
7221.691784,31.745472,25,12,3
6703.827752,20.845048,25,12,3
6009.234530,40.307688,25,12,3
7454.589814,30.894225,25,12,3
8397.292024,38.720513,25,12,3
5123.214970,49.796187,25,12,3
