Distance,Tx Power,Bandwidth,Subband BW,Subband Offset
2482.658516,53.599775,15,9,0
2214.744735,32.219140,15,9,0
9565.406006,52.520891,15,9,0
6043.151640,52.738386,15,9,0
5826.089294,36.745076,15,9,0
876.068210,47.975003,15,9,0
7158.818070,51.839468,15,9,0
9983.663089,34.453360,15,9,0
7302.426396,46.903809,15,9,0
7907.917903,18.085020,15,9,0
