Distance,Tx Power,Bandwidth,Subband BW,Subband Offset
6589.305297,20.537703,25,11,10
1210.331376,45.142599,25,11,10
3284.610321,17.819412,25,11,10
7578.024080,34.722555,25,11,10
2833.254539,19.554716,25,11,10
5356.271642,41.214757,25,11,10
5424.660245,37.816361,25,11,10
7370.613068,38.437770,25,11,10
1994.241375,54.031839,25,11,10
3675.820665,52.377014,25,11,10
