Distance,Tx Power,Bandwidth,Subband BW,Subband Offset
5249.463380,28.469315,100,68,32
8956.293920,38.522343,100,68,32
7630.717810,35.228876,100,68,32
3015.326837,47.895529,100,68,32
8429.186237,51.435307,100,68,32
5255.059683,59.565512,100,68,32
4881.826256,35.943764,100,68,32
812.251628,23.747892,100,68,32
8001.750594,41.781673,100,68,32
7783.952650,18.332982,100,68,32
