Distance,Tx Power,Bandwidth,Subband BW,Subband Offset
8361.817210,44.224796,25,23,0
7950.601951,37.186822,25,23,0
3250.346158,23.885527,25,23,0
891.761688,26.742642,25,23,0
3584.513131,29.157327,25,23,0
211.143168,51.666256,25,23,0
5045.196982,22.458532,25,23,0
2170.980896,53.346725,25,23,0
8862.710557,51.467159,25,23,0
2548.369550,58.283736,25,23,0
