Distance,Tx Power,Bandwidth,Subband BW,Subband Offset
8334.791920,26.568973,15,6,2
7294.104934,15.340819,15,6,2
5729.943566,38.793645,15,6,2
5275.857575,21.903577,15,6,2
5362.105727,28.218450,15,6,2
8220.307934,36.116973,15,6,2
6113.647078,44.177670,15,6,2
6391.226256,23.774639,15,6,2
4979.364092,22.441904,15,6,2
8221.130611,31.712994,15,6,2
