Distance,Tx Power,Bandwidth,Subband BW,Subband Offset
2694.045138,47.695318,100,49,29
9558.622859,25.278278,100,49,29
3463.380394,32.029444,100,49,29
6983.556061,20.466098,100,49,29
7483.030251,40.198907,100,49,29
4426.158353,38.903023,100,49,29
9545.597921,51.171521,100,49,29
9171.512659,37.158769,100,49,29
1128.860511,46.536941,100,49,29
7828.534016,23.139261,100,49,29
