Distance,Tx Power,Bandwidth,Subband BW,Subband Offset
8609.667364,20.292118,75,14,45
454.543009,25.671995,75,14,45
1312.657376,51.975922,75,14,45
661.607678,58.130914,75,14,45
2341.532626,49.266586,75,14,45
1232.314014,57.050244,75,14,45
2997.705334,26.558258,75,14,45
3022.576851,52.813573,75,14,45
6934.497805,50.870952,75,14,45
9041.710354,58.287227,75,14,45
