Distance,Tx Power,Bandwidth,Subband BW,Subband Offset
156.955757,19.405818,15,10,0
4521.900117,46.568033,15,10,0
2065.684011,48.633715,15,10,0
4608.128350,55.668812,15,10,0
8693.764046,43.359407,15,10,0
3787.784931,41.868228,15,10,0
1175.721212,21.164664,15,10,0
9430.034709,55.536543,15,10,0
9459.082294,24.466525,15,10,0
741.860845,27.528042,15,10,0
