Distance,Tx Power,Bandwidth,Subband BW,Subband Offset
5682.078468,45.516330,25,14,5
9367.051601,23.721359,25,14,5
8338.351280,29.667192,25,14,5
3405.248344,53.472206,25,14,5
7885.077213,21.385364,25,14,5
7845.074615,30.395899,25,14,5
8961.711865,16.627173,25,14,5
8950.467651,40.460661,25,14,5
8514.384394,19.474254,25,14,5
5510.809528,30.092226,25,14,5
