Distance,Tx Power,Bandwidth,Subband BW,Subband Offset
7907.514534,34.961696,15,7,2
1534.630034,23.023345,15,7,2
8004.991711,22.757332,15,7,2
6367.968348,27.116010,15,7,2
1717.259418,52.569585,15,7,2
7970.442217,47.762614,15,7,2
3894.753890,28.356619,15,7,2
4679.087663,37.687304,15,7,2
4768.622691,55.856306,15,7,2
677.210955,32.134644,15,7,2
