Distance,Tx Power,Bandwidth,Subband BW,Subband Offset
4088.069674,17.095313,100,31,63
6612.167045,34.065605,100,31,63
7868.942742,42.727161,100,31,63
1397.311175,39.451971,100,31,63
3739.387305,26.491134,100,31,63
2623.219004,44.807913,100,31,63
5230.013171,51.343141,100,31,63
9428.278461,31.070803,100,31,63
3710.442332,51.417663,100,31,63
4399.750150,25.290669,100,31,63
