Distance,Tx Power,Bandwidth,Subband BW,Subband Offset
1040.346551,23.685291,100,45,54
8566.499430,20.144600,100,45,54
8580.140445,53.666841,100,45,54
4752.403871,23.857955,100,45,54
7164.901859,47.549945,100,45,54
2019.427396,47.441271,100,45,54
5679.159298,59.205480,100,45,54
6735.100998,35.950421,100,45,54
5303.174743,37.874159,100,45,54
4142.024062,58.980895,100,45,54
