Distance,Tx Power,Bandwidth,Subband BW,Subband Offset
8246.826280,37.510535,75,10,31
2055.917548,28.402535,75,10,31
5944.404027,23.905078,75,10,31
7167.934168,30.118839,75,10,31
2748.205899,19.294031,75,10,31
6648.031761,37.297435,75,10,31
716.645390,27.322446,75,10,31
7843.764020,59.018535,75,10,31
8930.699637,31.679795,75,10,31
6955.718361,46.349668,75,10,31
