Distance,Tx Power,Bandwidth,Subband BW,Subband Offset
9822.693048,58.879085,25,8,14
1014.913871,32.655647,25,8,14
5172.462894,32.010868,25,8,14
2111.239081,21.676736,25,8,14
1933.556719,22.984552,25,8,14
1136.936013,27.381266,25,8,14
6926.905887,26.076581,25,8,14
6918.605281,19.906880,25,8,14
808.065840,47.702507,25,8,14
8049.614317,19.956165,25,8,14
