Distance,Tx Power,Bandwidth,Subband BW,Subband Offset
2730.329694,48.590562,75,12,57
3498.928166,27.446034,75,12,57
6770.961954,35.997922,75,12,57
237.771592,26.797867,75,12,57
6309.314176,44.844560,75,12,57
5901.576410,39.294341,75,12,57
7010.071582,54.850713,75,12,57
2735.593408,34.538559,75,12,57
4757.796701,50.688312,75,12,57
750.834626,38.948895,75,12,57
