Distance,Tx Power,Bandwidth,Subband BW,Subband Offset
1574.230323,48.311101,75,20,47
7192.411487,49.018734,75,20,47
919.090603,36.187166,75,20,47
1803.229023,27.886667,75,20,47
7896.498824,48.354457,75,20,47
5641.346326,53.378032,75,20,47
9437.449043,55.181618,75,20,47
2131.787608,36.651412,75,20,47
6458.885891,49.193918,75,20,47
4188.699523,40.145652,75,20,47
