Distance,Tx Power,Bandwidth,Subband BW,Subband Offset
8971.561370,41.576261,15,8,1
5153.520731,21.401838,15,8,1
1984.934927,50.506156,15,8,1
2342.088259,21.310730,15,8,1
3302.278881,50.718697,15,8,1
8751.594834,43.708065,15,8,1
7980.394177,38.397365,15,8,1
340.504826,33.118571,15,8,1
6757.944386,48.116058,15,8,1
1524.974765,43.826703,15,8,1
