Distance,Tx Power,Bandwidth,Subband BW,Subband Offset
7158.954676,54.677473,50,28,8
4859.866902,53.687563,50,28,8
7413.305143,44.762867,50,28,8
8188.220766,46.926690,50,28,8
267.971228,44.434019,50,28,8
135.225588,44.855804,50,28,8
2622.112212,44.119560,50,28,8
800.101046,24.118697,50,28,8
6923.213804,31.666646,50,28,8
5393.935754,45.879478,50,28,8
