Distance,Tx Power,Bandwidth,Subband BW,Subband Offset
7309.103431,30.244974,15,8,2
483.877649,40.272826,15,8,2
3738.621685,52.166884,15,8,2
1712.511032,19.253939,15,8,2
3406.659276,32.304328,15,8,2
5361.324164,35.638490,15,8,2
462.282258,52.038826,15,8,2
7652.519804,46.613109,15,8,2
9651.484372,54.603719,15,8,2
1209.609920,36.152458,15,8,2
