Distance,Tx Power,Bandwidth,Subband BW,Subband Offset
8524.684379,34.257117,75,7,26
8739.838412,20.466371,75,7,26
6923.483046,25.105331,75,7,26
8720.785820,28.303289,75,7,26
1833.158456,48.025450,75,7,26
9873.778900,39.706674,75,7,26
8735.659561,40.423192,75,7,26
3169.890260,29.714775,75,7,26
159.495664,39.030143,75,7,26
2653.156302,42.830071,75,7,26
