Distance,Tx Power,Bandwidth,Subband BW,Subband Offset
8028.184092,26.961912,25,10,13
522.638620,23.640863,25,10,13
8942.224423,55.524181,25,10,13
9526.324303,48.238049,25,10,13
1056.582308,16.414034,25,10,13
8949.766195,58.067548,25,10,13
1113.532222,43.043835,25,10,13
7859.631764,47.889694,25,10,13
4437.105178,54.766096,25,10,13
9021.956223,43.329439,25,10,13
