Distance,Tx Power,Bandwidth,Subband BW,Subband Offset
1839.998616,41.372742,75,21,10
632.233238,43.185700,75,21,10
7367.299861,50.683704,75,21,10
1820.003444,27.105458,75,21,10
2408.721693,20.742478,75,21,10
9359.563356,40.349431,75,21,10
7015.629236,55.641456,75,21,10
5112.707977,44.139659,75,21,10
9756.439857,21.459602,75,21,10
7200.899391,29.165518,75,21,10
