Distance,Tx Power,Bandwidth,Subband BW,Subband Offset
6232.738471,35.833085,25,19,4
7418.012534,55.099311,25,19,4
8324.411815,20.799805,25,19,4
4605.304196,40.798358,25,19,4
3908.528850,59.516045,25,19,4
8577.585195,18.371916,25,19,4
5621.202800,39.784107,25,19,4
4433.533257,46.713959,25,19,4
6344.317894,45.698608,25,19,4
8472.001317,36.244496,25,19,4
