Distance,Tx Power,Bandwidth,Subband BW,Subband Offset
1406.532089,17.840409,50,13,28
5583.088612,54.254150,50,13,28
8644.502228,15.662339,50,13,28
9681.632707,18.132328,50,13,28
2581.508390,27.109680,50,13,28
1695.962479,34.880837,50,13,28
2625.948470,28.531648,50,13,28
7639.538124,34.602899,50,13,28
5998.601637,52.767735,50,13,28
574.146372,34.666124,50,13,28
