Distance,Tx Power,Bandwidth,Subband BW,Subband Offset
3265.353242,19.528719,100,63,32
6861.777302,30.242418,100,63,32
3213.229864,43.113558,100,63,32
4978.710533,46.073682,100,63,32
8748.265842,17.413828,100,63,32
3028.435484,56.496929,100,63,32
8433.801510,49.673799,100,63,32
1748.781251,26.818591,100,63,32
5106.901203,38.952084,100,63,32
5104.688644,28.183887,100,63,32
