Distance,Tx Power,Bandwidth,Subband BW,Subband Offset
3982.617064,28.811197,100,51,47
9850.702669,33.507781,100,51,47
9248.854375,26.554818,100,51,47
6140.790844,44.674964,100,51,47
746.943629,21.977646,100,51,47
6062.552286,28.609486,100,51,47
2210.146735,44.929245,100,51,47
7606.910904,54.043154,100,51,47
3219.829180,24.870955,100,51,47
4770.561713,20.736723,100,51,47
