Distance,Tx Power,Bandwidth,Subband BW,Subband Offset
9867.312204,40.084854,75,16,36
3880.612574,18.191450,75,16,36
846.625109,52.107907,75,16,36
9250.409082,50.766607,75,16,36
9231.976227,23.787237,75,16,36
6401.293521,54.768269,75,16,36
605.601195,30.264134,75,16,36
3292.402407,50.961127,75,16,36
4031.328086,54.435763,75,16,36
537.783071,24.599240,75,16,36
