Distance,Tx Power,Bandwidth,Subband BW,Subband Offset
3041.776225,28.481931,75,58,13
8505.670770,49.815308,75,58,13
2123.814963,22.083117,75,58,13
2532.994016,55.365867,75,58,13
8382.213731,29.990323,75,58,13
5880.509528,18.062777,75,58,13
7807.115391,16.735687,75,58,13
7479.612251,58.521295,75,58,13
125.187977,49.967246,75,58,13
6207.269932,39.187725,75,58,13
