Distance,Tx Power,Bandwidth,Subband BW,Subband Offset
3298.576143,38.437340,75,19,18
5405.760625,22.171978,75,19,18
4967.941291,22.318552,75,19,18
642.369169,20.911068,75,19,18
6423.124679,19.180905,75,19,18
3642.797521,19.542382,75,19,18
7101.217248,31.849079,75,19,18
7398.944157,30.383201,75,19,18
6249.959293,22.783556,75,19,18
1084.337230,22.622265,75,19,18
