Distance,Tx Power,Bandwidth,Subband BW,Subband Offset
1985.719520,59.865439,100,22,60
384.312665,15.454165,100,22,60
2778.196233,21.125834,100,22,60
4900.072536,22.577834,100,22,60
7384.900517,34.895837,100,22,60
2118.343848,47.886840,100,22,60
5163.009841,44.520907,100,22,60
3711.718250,38.933367,100,22,60
6048.345283,54.523150,100,22,60
2762.479466,36.381951,100,22,60
