Distance,Tx Power,Bandwidth,Subband BW,Subband Offset
1449.796493,48.349351,50,15,2
6177.794802,29.409607,50,15,2
1818.042035,34.410954,50,15,2
3755.307678,51.242017,50,15,2
5866.020301,48.373767,50,15,2
8459.068912,45.390296,50,15,2
3970.570776,44.941061,50,15,2
5950.054851,24.572869,50,15,2
8069.370487,33.284532,50,15,2
8842.981518,27.815364,50,15,2
