Distance,Tx Power,Bandwidth,Subband BW,Subband Offset
5450.983585,39.785853,100,30,4
5255.711524,44.346864,100,30,4
7351.043391,21.479877,100,30,4
1163.053638,17.917551,100,30,4
5630.264179,44.571795,100,30,4
2331.670125,43.268999,100,30,4
5048.356493,31.666430,100,30,4
2729.948739,28.904708,100,30,4
8674.375928,37.694923,100,30,4
8144.124175,58.643504,100,30,4
