Distance,Tx Power,Bandwidth,Subband BW,Subband Offset
1181.623734,55.387678,15,8,5
5832.057281,45.887617,15,8,5
8170.296140,42.356883,15,8,5
8392.334740,56.400669,15,8,5
8646.946895,41.664134,15,8,5
2053.782767,42.884198,15,8,5
7305.086656,52.327077,15,8,5
7484.090213,34.597399,15,8,5
2777.675624,51.712713,15,8,5
5891.688001,53.827972,15,8,5
