Distance,Tx Power,Bandwidth,Subband BW,Subband Offset
9239.292326,30.868070,15,10,5
798.467966,30.174639,15,10,5
4520.745375,45.342619,15,10,5
8670.537051,21.791638,15,10,5
665.786548,36.488198,15,10,5
5324.378538,56.060238,15,10,5
4387.191187,46.427224,15,10,5
9379.930166,19.505742,15,10,5
4912.599237,41.690791,15,10,5
4308.000063,31.480063,15,10,5
