Distance,Tx Power,Bandwidth,Subband BW,Subband Offset
3416.508403,44.391242,25,18,7
9698.087016,31.432559,25,18,7
7123.083142,31.546168,25,18,7
4908.930400,32.000387,25,18,7
745.774925,48.983767,25,18,7
855.336291,57.804280,25,18,7
9558.230635,17.312277,25,18,7
6322.405821,40.863387,25,18,7
2778.340633,25.687969,25,18,7
9522.611884,22.468919,25,18,7
