Distance,Tx Power,Bandwidth,Subband BW,Subband Offset
3153.883047,33.821596,25,11,1
1289.145440,57.324019,25,11,1
9244.146341,23.528956,25,11,1
2467.782409,29.986623,25,11,1
8199.776599,21.708667,25,11,1
9012.324527,41.084824,25,11,1
1314.209918,22.712551,25,11,1
5565.841693,43.837087,25,11,1
9795.638811,19.487288,25,11,1
907.061213,56.644067,25,11,1
