Distance,Tx Power,Bandwidth,Subband BW,Subband Offset
4670.113047,35.861539,75,47,14
8247.430325,25.177562,75,47,14
8219.764779,16.198412,75,47,14
2034.035142,24.690290,75,47,14
3724.031762,58.098772,75,47,14
7552.294601,20.357097,75,47,14
6324.351463,40.934795,75,47,14
3014.559551,57.558326,75,47,14
7012.693924,45.413883,75,47,14
5514.451883,39.119469,75,47,14
