Distance,Tx Power,Bandwidth,Subband BW,Subband Offset
6030.417946,25.846850,15,6,3
8084.501437,56.072057,15,6,3
7780.399191,59.491606,15,6,3
7337.650326,17.513089,15,6,3
6864.661639,54.393415,15,6,3
8507.209011,55.129703,15,6,3
7852.321430,18.758567,15,6,3
6344.905347,24.299713,15,6,3
5437.495078,42.933001,15,6,3
679.688338,58.933607,15,6,3
