Distance,Tx Power,Bandwidth,Subband BW,Subband Offset
4673.486589,36.727345,50,7,0
1401.451193,58.148621,50,7,0
1792.634271,30.771222,50,7,0
301.801417,39.636249,50,7,0
5212.915680,50.697313,50,7,0
9741.464728,58.104375,50,7,0
2761.827957,56.653030,50,7,0
6495.800693,51.893291,50,7,0
9734.465793,51.666777,50,7,0
454.698751,23.966789,50,7,0
