Distance,Tx Power,Bandwidth,Subband BW,Subband Offset
6680.616803,28.756611,25,7,1
865.933853,30.043334,25,7,1
506.848065,46.040189,25,7,1
7363.560966,45.666900,25,7,1
9706.940034,36.825024,25,7,1
7666.222610,29.852921,25,7,1
1084.709682,51.362282,25,7,1
7342.509348,45.154882,25,7,1
6045.542431,51.747341,25,7,1
5302.243501,22.053743,25,7,1
