Distance,Tx Power,Bandwidth,Subband BW,Subband Offset
3226.011067,56.170592,25,22,2
1873.011700,23.793146,25,22,2
3009.944883,44.518814,25,22,2
1314.924663,59.563334,25,22,2
744.280946,45.667481,25,22,2
1845.946035,52.816680,25,22,2
4313.275494,44.995570,25,22,2
7605.685170,51.346280,25,22,2
7389.873956,49.727803,25,22,2
8549.549972,26.593201,25,22,2
