Distance,Tx Power,Bandwidth,Subband BW,Subband Offset
4329.310123,50.752389,75,43,32
3550.343232,59.934783,75,43,32
7432.288580,42.571396,75,43,32
9275.325204,22.154573,75,43,32
4078.737424,41.603347,75,43,32
4278.519891,58.336179,75,43,32
4904.665687,25.150146,75,43,32
3768.843354,53.155354,75,43,32
1488.821564,31.642810,75,43,32
6280.179829,48.891254,75,43,32
