Distance,Tx Power,Bandwidth,Subband BW,Subband Offset
3136.030802,29.719496,100,87,4
3890.204940,37.594356,100,87,4
6364.359150,32.400610,100,87,4
8537.568954,30.821737,100,87,4
8133.716272,41.248998,100,87,4
6652.448178,17.818642,100,87,4
6621.943524,40.947947,100,87,4
6216.107926,31.993327,100,87,4
6621.508797,43.450610,100,87,4
352.006956,26.042177,100,87,4
