Distance,Tx Power,Bandwidth,Subband BW,Subband Offset
1802.292791,33.891408,50,12,26
4644.555600,27.124088,50,12,26
229.005075,28.796479,50,12,26
6058.939750,26.364378,50,12,26
2869.001720,36.575441,50,12,26
7771.449189,17.900877,50,12,26
1347.103078,36.061719,50,12,26
507.201777,16.503855,50,12,26
1137.300502,38.869030,50,12,26
5247.081097,20.763631,50,12,26
