Distance,Tx Power,Bandwidth,Subband BW,Subband Offset
5001.997956,22.850918,75,19,34
6525.943384,32.564678,75,19,34
2912.082418,53.561979,75,19,34
7604.019915,17.388209,75,19,34
965.216161,18.397528,75,19,34
5496.827905,51.857077,75,19,34
8395.896758,30.639913,75,19,34
6085.800689,48.695645,75,19,34
2082.856729,45.468522,75,19,34
3849.700689,16.574430,75,19,34
