Distance,Tx Power,Bandwidth,Subband BW,Subband Offset
4828.408924,20.839690,25,13,7
382.274213,36.076864,25,13,7
2865.843836,25.368897,25,13,7
992.532394,59.340470,25,13,7
1444.151422,45.439398,25,13,7
9219.479262,17.410773,25,13,7
854.199561,21.472774,25,13,7
9767.390626,52.433845,25,13,7
7618.567276,15.543165,25,13,7
9265.481337,35.854086,25,13,7
