Distance,Tx Power,Bandwidth,Subband BW,Subband Offset
8707.391910,34.595152,75,42,15
8414.632293,45.491308,75,42,15
7450.033292,34.389596,75,42,15
4722.256019,37.713073,75,42,15
1083.102753,15.045300,75,42,15
3640.110820,52.627175,75,42,15
9423.165746,46.502267,75,42,15
2327.983572,20.725273,75,42,15
6950.801822,49.902904,75,42,15
4847.818675,48.838266,75,42,15
