Distance,Tx Power,Bandwidth,Subband BW,Subband Offset
9658.361400,59.861550,75,40,19
2091.330211,33.726418,75,40,19
5539.878254,24.060401,75,40,19
805.248561,41.869759,75,40,19
3191.373230,15.656614,75,40,19
846.460802,41.743076,75,40,19
7610.789034,25.330793,75,40,19
355.656561,56.886321,75,40,19
5398.072895,59.134139,75,40,19
326.075646,45.500269,75,40,19
