Distance,Tx Power,Bandwidth,Subband BW,Subband Offset
1826.999818,16.407759,25,21,1
5560.548710,16.116353,25,21,1
8748.646295,30.806564,25,21,1
5787.972459,39.350702,25,21,1
5014.441071,48.594418,25,21,1
6011.816104,57.575708,25,21,1
3808.605695,30.037840,25,21,1
4779.787519,26.018600,25,21,1
722.788552,17.038129,25,21,1
6142.190628,42.808700,25,21,1
