Distance,Tx Power,Bandwidth,Subband BW,Subband Offset
7107.836505,41.183805,50,24,5
238.177846,49.069299,50,24,5
1468.825922,44.614480,50,24,5
4929.135416,54.428922,50,24,5
5452.635643,40.992434,50,24,5
4189.949007,49.890533,50,24,5
7571.620457,43.996318,50,24,5
1938.411509,49.486122,50,24,5
7567.825509,32.026948,50,24,5
6938.818196,49.336264,50,24,5
