Distance,Tx Power,Bandwidth,Subband BW,Subband Offset
3801.238240,59.725412,50,11,33
9239.924749,43.294878,50,11,33
1914.629971,17.218511,50,11,33
8175.845979,29.464532,50,11,33
9742.125917,50.844944,50,11,33
3819.276725,46.726941,50,11,33
8436.921743,42.080479,50,11,33
8352.825801,58.823279,50,11,33
7301.669965,20.241668,50,11,33
4352.860400,44.838202,50,11,33
