Distance,Tx Power,Bandwidth,Subband BW,Subband Offset
2050.022048,40.592153,25,8,7
5816.425368,43.601678,25,8,7
490.509692,55.060374,25,8,7
4895.391756,50.261837,25,8,7
3236.715130,16.464561,25,8,7
6934.104123,45.292458,25,8,7
2430.018360,21.849523,25,8,7
7016.214239,44.712864,25,8,7
7950.043348,26.403987,25,8,7
8324.740613,26.477314,25,8,7
