Distance,Tx Power,Bandwidth,Subband BW,Subband Offset
6087.076942,58.487844,75,65,4
6115.976811,41.052864,75,65,4
9663.298574,47.816757,75,65,4
1943.037050,46.615082,75,65,4
2148.920956,39.856494,75,65,4
5344.730589,58.806884,75,65,4
2537.702469,37.013730,75,65,4
8399.426208,20.268168,75,65,4
1795.466682,16.330050,75,65,4
6168.571229,53.547628,75,65,4
