Distance,Tx Power,Bandwidth,Subband BW,Subband Offset
1230.987360,55.280020,25,9,9
7997.154425,28.569014,25,9,9
6833.012767,29.987289,25,9,9
2616.130693,50.615462,25,9,9
9091.370420,56.224360,25,9,9
2277.495318,54.957349,25,9,9
5126.012667,22.832136,25,9,9
5085.707800,34.304756,25,9,9
816.780210,29.620769,25,9,9
7318.738121,53.977674,25,9,9
