Distance,Tx Power,Bandwidth,Subband BW,Subband Offset
7279.923014,39.099568,25,20,1
4114.471255,19.115435,25,20,1
3855.982458,17.849697,25,20,1
8740.708733,36.045085,25,20,1
1827.852034,49.332689,25,20,1
6473.980474,26.966670,25,20,1
8181.238234,45.645242,25,20,1
8447.983392,38.420188,25,20,1
3355.512658,31.536719,25,20,1
7945.275384,46.676703,25,20,1
