Distance,Tx Power,Bandwidth,Subband BW,Subband Offset
5070.075664,38.207028,15,10,1
1141.610626,33.350359,15,10,1
7129.748693,42.268669,15,10,1
4060.261523,28.766771,15,10,1
5298.438254,25.013983,15,10,1
6834.190470,15.555050,15,10,1
6283.258649,18.488864,15,10,1
618.640991,26.548186,15,10,1
9798.833052,39.963058,15,10,1
5155.569592,15.572809,15,10,1
