Distance,Tx Power,Bandwidth,Subband BW,Subband Offset
3418.541153,19.011009,25,6,9
7525.567900,34.359128,25,6,9
6982.034381,23.471360,25,6,9
6371.767547,22.021275,25,6,9
3769.497264,35.538116,25,6,9
2795.499325,52.260122,25,6,9
5541.915393,37.059540,25,6,9
5460.698227,56.731057,25,6,9
6819.686157,36.978113,25,6,9
7364.142401,15.947182,25,6,9
