Distance,Tx Power,Bandwidth,Subband BW,Subband Offset
2516.361459,26.678877,50,15,6
9050.112762,37.638071,50,15,6
3703.064332,17.559781,50,15,6
4744.857371,26.184687,50,15,6
797.708842,42.231579,50,15,6
9908.543022,22.173987,50,15,6
3523.101886,45.904331,50,15,6
296.343638,15.602220,50,15,6
4884.176201,29.595501,50,15,6
740.886741,27.519073,50,15,6
