Distance,Tx Power,Bandwidth,Subband BW,Subband Offset
5875.949729,43.662654,15,11,2
3908.879111,47.282036,15,11,2
6698.893356,57.280932,15,11,2
492.775799,55.308159,15,11,2
2842.394997,27.146659,15,11,2
6363.672487,22.297941,15,11,2
3606.243453,50.971206,15,11,2
4274.191871,19.847085,15,11,2
8172.436813,17.874469,15,11,2
6982.254762,25.190077,15,11,2
