Distance,Tx Power,Bandwidth,Subband BW,Subband Offset
532.344461,15.219259,25,20,5
4254.852922,17.512350,25,20,5
1434.692041,33.626632,25,20,5
7656.684657,15.430533,25,20,5
9513.158819,16.728894,25,20,5
9947.193324,30.740029,25,20,5
983.174457,42.016868,25,20,5
4876.286595,38.358560,25,20,5
4463.230390,23.979065,25,20,5
917.209310,44.979550,25,20,5
