Distance,Tx Power,Bandwidth,Subband BW,Subband Offset
4980.538064,35.915642,25,8,11
9137.476524,40.624738,25,8,11
8784.394734,17.653920,25,8,11
921.305216,25.893884,25,8,11
5199.477385,37.892025,25,8,11
1291.461251,58.295948,25,8,11
9890.524993,31.619221,25,8,11
5574.590242,41.773815,25,8,11
4618.710148,27.899515,25,8,11
5139.269804,24.620935,25,8,11
