Distance,Tx Power,Bandwidth,Subband BW,Subband Offset
9775.030293,30.148196,75,18,10
5085.186861,16.691151,75,18,10
7002.591434,29.927471,75,18,10
2873.149003,35.680650,75,18,10
2638.028077,52.202961,75,18,10
2522.323478,58.803031,75,18,10
9243.756619,22.852631,75,18,10
6944.104165,35.142452,75,18,10
7264.952811,25.790620,75,18,10
285.726079,56.672988,75,18,10
