Distance,Tx Power,Bandwidth,Subband BW,Subband Offset
4098.372212,15.233381,75,17,5
9107.067213,46.552358,75,17,5
1976.112821,20.381076,75,17,5
3122.816315,51.270318,75,17,5
7981.222448,31.914903,75,17,5
4830.322404,32.064374,75,17,5
731.420806,25.579104,75,17,5
272.723894,21.310178,75,17,5
7135.842314,18.461939,75,17,5
5362.626417,24.411490,75,17,5
