Distance,Tx Power,Bandwidth,Subband BW,Subband Offset
9969.066179,50.105582,50,21,1
3319.617809,26.347894,50,21,1
8641.025187,25.750326,50,21,1
8324.538604,42.218252,50,21,1
153.754055,59.977804,50,21,1
8977.672160,24.168598,50,21,1
3596.262827,55.355174,50,21,1
873.616539,23.656336,50,21,1
7859.277946,43.326203,50,21,1
8630.799116,45.253818,50,21,1
