Distance,Tx Power,Bandwidth,Subband BW,Subband Offset
183.590012,19.553854,25,18,2
6504.482084,53.458825,25,18,2
7630.468827,34.852564,25,18,2
6467.079202,18.102560,25,18,2
2730.937913,37.213205,25,18,2
281.519237,40.988399,25,18,2
2861.323829,46.678322,25,18,2
1728.410988,24.681356,25,18,2
1903.626183,38.511324,25,18,2
6637.493425,23.015796,25,18,2
