Distance,Tx Power,Bandwidth,Subband BW,Subband Offset
4320.613886,23.921944,15,6,4
9800.565241,57.449298,15,6,4
4002.010660,57.332815,15,6,4
1134.534814,17.131558,15,6,4
2902.799026,40.795547,15,6,4
4552.859581,29.404386,15,6,4
7391.691310,46.169295,15,6,4
3394.086373,59.472728,15,6,4
3534.242711,43.807761,15,6,4
2110.585622,20.536788,15,6,4
