Distance,Tx Power,Bandwidth,Subband BW,Subband Offset
7089.646072,45.186101,50,31,12
5636.686001,57.602625,50,31,12
9983.006158,58.606614,50,31,12
4565.126878,26.536673,50,31,12
4713.522641,25.776929,50,31,12
7975.995737,24.007286,50,31,12
6844.570009,44.786843,50,31,12
6911.853988,36.092352,50,31,12
9962.686857,22.965782,50,31,12
6445.416454,51.676924,50,31,12
