Distance,Tx Power,Bandwidth,Subband BW,Subband Offset
3207.177031,35.176837,15,11,1
8350.222848,55.770876,15,11,1
7735.946451,17.935169,15,11,1
2728.292328,39.272551,15,11,1
1414.470706,39.465994,15,11,1
5919.045798,57.099814,15,11,1
4193.870935,52.416307,15,11,1
671.360781,49.440756,15,11,1
347.828084,19.166795,15,11,1
2422.192279,44.020077,15,11,1
