Distance,Tx Power,Bandwidth,Subband BW,Subband Offset
6400.616377,23.870277,100,45,41
4551.768643,20.808645,100,45,41
6353.392705,19.129297,100,45,41
9986.693294,51.944909,100,45,41
7211.950130,52.762703,100,45,41
3326.778521,45.842525,100,45,41
1615.704958,27.391037,100,45,41
263.760620,25.974994,100,45,41
606.407385,49.726494,100,45,41
6772.751869,41.920023,100,45,41
