Distance,Tx Power,Bandwidth,Subband BW,Subband Offset
1929.175520,38.670280,15,11,2
7543.059109,45.773935,15,11,2
3214.361770,21.074995,15,11,2
5924.940887,30.590486,15,11,2
7334.061414,18.963315,15,11,2
9254.447239,54.433532,15,11,2
5610.699904,31.139584,15,11,2
5925.664600,45.366296,15,11,2
3613.763335,21.369958,15,11,2
9443.816194,45.022124,15,11,2
