Distance,Tx Power,Bandwidth,Subband BW,Subband Offset
3230.368537,47.555778,50,24,6
7272.743506,34.074876,50,24,6
8671.126100,58.180117,50,24,6
8722.313164,42.134916,50,24,6
9866.107522,54.634839,50,24,6
3444.234499,28.320310,50,24,6
9420.478329,25.312025,50,24,6
3400.394558,37.805939,50,24,6
8270.363164,24.388827,50,24,6
8755.963620,40.960748,50,24,6
