Distance,Tx Power,Bandwidth,Subband BW,Subband Offset
3894.303109,18.300007,100,38,45
3083.727265,41.233853,100,38,45
4875.428556,15.757298,100,38,45
3176.445607,18.212412,100,38,45
877.589134,52.566542,100,38,45
406.931493,36.555016,100,38,45
2839.288097,38.287143,100,38,45
973.196106,44.653019,100,38,45
7043.113473,35.407742,100,38,45
5568.495838,40.037849,100,38,45
