Distance,Tx Power,Bandwidth,Subband BW,Subband Offset
5086.830686,43.628277,25,14,8
6144.301292,38.415133,25,14,8
3741.264194,37.383479,25,14,8
7526.044849,27.390753,25,14,8
9094.798371,53.278803,25,14,8
2244.368143,39.104614,25,14,8
1058.318817,27.813837,25,14,8
7599.918513,33.407161,25,14,8
5064.237567,53.421483,25,14,8
705.454469,50.636257,25,14,8
