Distance,Tx Power,Bandwidth,Subband BW,Subband Offset
188.592251,21.278527,75,13,44
1147.046873,32.058445,75,13,44
9300.343691,50.652404,75,13,44
7305.234507,16.213309,75,13,44
5903.085078,57.832311,75,13,44
3278.072647,15.973508,75,13,44
4269.683689,30.272026,75,13,44
4120.626827,43.947373,75,13,44
7189.557385,48.410655,75,13,44
687.064393,58.555726,75,13,44
