Distance,Tx Power,Bandwidth,Subband BW,Subband Offset
7527.578341,32.003408,100,91,9
6002.405297,19.417631,100,91,9
5897.863755,15.432632,100,91,9
9091.926882,22.146133,100,91,9
8416.930927,35.546788,100,91,9
1591.169149,40.734890,100,91,9
7646.190665,32.075952,100,91,9
5517.812304,41.420392,100,91,9
4041.953061,46.363484,100,91,9
9817.090627,46.738526,100,91,9
