Distance,Tx Power,Bandwidth,Subband BW,Subband Offset
5532.281729,45.407804,25,23,2
7132.747770,27.699441,25,23,2
1310.126681,15.438191,25,23,2
6200.320926,40.704119,25,23,2
5731.639907,34.266061,25,23,2
1578.105480,16.061273,25,23,2
1390.598262,35.682188,25,23,2
7737.039459,18.907415,25,23,2
2914.522206,53.868166,25,23,2
7287.172442,29.471558,25,23,2
