Distance,Tx Power,Bandwidth,Subband BW,Subband Offset
5905.126564,29.744542,75,26,12
1081.188987,50.354422,75,26,12
721.445752,26.920441,75,26,12
1717.864908,52.445735,75,26,12
7119.149317,29.833132,75,26,12
7583.780153,27.167034,75,26,12
2244.257473,28.975830,75,26,12
8556.340782,47.271553,75,26,12
1313.476672,40.807073,75,26,12
9433.145202,17.277520,75,26,12
