Distance,Tx Power,Bandwidth,Subband BW,Subband Offset
9136.129858,35.623733,25,8,4
2355.383782,52.470027,25,8,4
5013.752643,15.014083,25,8,4
3057.645397,47.649131,25,8,4
463.964858,40.255600,25,8,4
3351.626832,39.800985,25,8,4
7837.369916,16.770568,25,8,4
378.175959,22.059145,25,8,4
5623.055052,42.614965,25,8,4
5795.071333,39.419300,25,8,4
