Distance,Tx Power,Bandwidth,Subband BW,Subband Offset
9874.359316,21.418516,100,64,32
3946.701278,24.707546,100,64,32
8260.301908,54.866724,100,64,32
8044.162098,35.034962,100,64,32
3828.550027,34.631742,100,64,32
1114.390933,27.515456,100,64,32
7984.132362,20.006906,100,64,32
9030.437112,56.448208,100,64,32
1642.362755,56.459347,100,64,32
8539.624352,58.596194,100,64,32
