Distance,Tx Power,Bandwidth,Subband BW,Subband Offset
2011.837785,53.077590,25,16,5
4475.128304,27.504344,25,16,5
9897.120776,39.641034,25,16,5
2016.494750,19.283746,25,16,5
1053.241983,51.635082,25,16,5
313.145018,34.352486,25,16,5
3955.324678,50.968611,25,16,5
4309.568925,48.062149,25,16,5
2026.042810,45.452699,25,16,5
206.368853,26.120982,25,16,5
