Distance,Tx Power,Bandwidth,Subband BW,Subband Offset
4237.508267,33.175259,50,12,27
6183.506616,44.216535,50,12,27
6676.112958,45.941163,50,12,27
3331.477494,29.529538,50,12,27
5258.768818,48.306852,50,12,27
2452.938439,17.816955,50,12,27
1061.384192,51.238131,50,12,27
6054.847074,23.314818,50,12,27
5243.634400,31.364839,50,12,27
5772.104098,48.721709,50,12,27
