Distance,Tx Power,Bandwidth,Subband BW,Subband Offset
1634.344164,18.322410,75,21,53
1167.248563,46.843731,75,21,53
9829.935357,48.634736,75,21,53
3164.556053,15.041367,75,21,53
4213.428113,25.244296,75,21,53
3283.099478,24.933361,75,21,53
1095.053821,43.777949,75,21,53
2959.524639,29.663458,75,21,53
3350.062350,58.293326,75,21,53
9655.298416,26.515738,75,21,53
