Distance,Tx Power,Bandwidth,Subband BW,Subband Offset
8066.042822,17.294649,50,15,10
6960.105846,38.696567,50,15,10
6984.108495,50.764354,50,15,10
4397.274634,54.570675,50,15,10
5083.860295,31.177987,50,15,10
3126.470557,18.752081,50,15,10
4551.397940,34.723381,50,15,10
159.660577,26.784708,50,15,10
2198.082559,22.141286,50,15,10
552.615686,54.613641,50,15,10
