Distance,Tx Power,Bandwidth,Subband BW,Subband Offset
1830.399629,46.283174,25,22,1
4281.699584,40.433674,25,22,1
5512.829887,32.687844,25,22,1
564.239713,41.738980,25,22,1
5154.066087,44.329214,25,22,1
6834.919273,33.879235,25,22,1
8557.285887,26.924952,25,22,1
1964.711874,47.313030,25,22,1
2614.415469,29.152979,25,22,1
7287.384929,21.510829,25,22,1
