Distance,Tx Power,Bandwidth,Subband BW,Subband Offset
1205.221741,47.072964,100,20,9
7474.749978,38.403433,100,20,9
9942.229359,48.779030,100,20,9
8503.203249,29.071887,100,20,9
4641.507905,46.767824,100,20,9
1803.875751,49.742030,100,20,9
9584.780426,30.432739,100,20,9
387.853557,18.199731,100,20,9
6653.708307,41.981867,100,20,9
9953.718955,52.116250,100,20,9
