Distance,Tx Power,Bandwidth,Subband BW,Subband Offset
3207.190139,26.579196,100,51,10
9792.761388,19.737540,100,51,10
7052.198840,25.371298,100,51,10
9219.211510,32.356963,100,51,10
7645.681795,44.930654,100,51,10
3038.269789,58.749170,100,51,10
4480.053383,46.975699,100,51,10
5452.233588,18.110694,100,51,10
5805.467850,52.315541,100,51,10
6159.729342,25.751219,100,51,10
