Distance,Tx Power,Bandwidth,Subband BW,Subband Offset
9460.329689,43.068961,50,30,2
3619.778001,28.610694,50,30,2
4918.224147,40.373491,50,30,2
8024.354216,51.834883,50,30,2
8586.130175,59.778748,50,30,2
7440.189722,37.863111,50,30,2
4884.298074,58.681598,50,30,2
347.315843,56.198092,50,30,2
7855.424621,50.424412,50,30,2
2913.019210,57.377281,50,30,2
