Distance,Tx Power,Bandwidth,Subband BW,Subband Offset
6601.154988,26.912953,50,7,41
510.978935,59.892740,50,7,41
8776.245350,35.867788,50,7,41
570.574088,47.034614,50,7,41
745.894106,22.736890,50,7,41
8128.921390,47.444142,50,7,41
7663.972730,48.425153,50,7,41
2364.506784,49.094560,50,7,41
9494.462815,19.537954,50,7,41
2268.413724,36.324555,50,7,41
