Distance,Tx Power,Bandwidth,Subband BW,Subband Offset
9865.315791,55.065882,50,21,3
1256.977577,36.688943,50,21,3
6514.546667,54.858067,50,21,3
6561.918102,58.633384,50,21,3
3528.820443,37.369030,50,21,3
9686.141702,33.500477,50,21,3
505.748049,54.557411,50,21,3
4402.853034,30.226751,50,21,3
8202.727324,32.484020,50,21,3
5760.930174,36.314081,50,21,3
