Distance,Tx Power,Bandwidth,Subband BW,Subband Offset
7522.157863,26.597857,75,35,34
3734.462401,52.021987,75,35,34
804.746170,43.008790,75,35,34
2095.583798,23.032856,75,35,34
9300.160395,36.998369,75,35,34
3011.008680,41.042378,75,35,34
1507.795965,36.859237,75,35,34
1408.368922,34.168543,75,35,34
6862.486676,50.805562,75,35,34
2826.252129,56.564242,75,35,34
