Distance,Tx Power,Bandwidth,Subband BW,Subband Offset
839.573184,42.478775,100,50,26
642.105542,21.364813,100,50,26
7497.556282,43.272624,100,50,26
5836.607912,29.853074,100,50,26
8242.962582,51.894078,100,50,26
9868.481681,20.145374,100,50,26
5884.219628,28.374543,100,50,26
6193.423244,33.893013,100,50,26
626.246669,49.959144,100,50,26
6873.962793,53.859753,100,50,26
