Distance,Tx Power,Bandwidth,Subband BW,Subband Offset
3819.045392,28.728685,50,30,7
6705.126982,23.429551,50,30,7
4830.569624,49.728287,50,30,7
3353.400378,56.830080,50,30,7
9303.826856,42.404729,50,30,7
9402.171243,32.188825,50,30,7
3173.433565,58.722583,50,30,7
6098.565164,26.384022,50,30,7
3703.506765,34.228612,50,30,7
653.539092,48.083775,50,30,7
