Distance,Tx Power,Bandwidth,Subband BW,Subband Offset
7738.925247,50.262308,75,39,2
811.709126,19.187540,75,39,2
4925.101768,16.543165,75,39,2
4355.069906,34.924659,75,39,2
8732.544461,35.106827,75,39,2
3168.122253,41.067328,75,39,2
5542.937325,50.414167,75,39,2
7269.167501,16.406300,75,39,2
3389.200482,46.527898,75,39,2
5665.089536,54.093032,75,39,2
