Distance,Tx Power,Bandwidth,Subband BW,Subband Offset
7940.852356,31.162121,25,11,2
5216.641712,27.620438,25,11,2
2560.677682,41.896743,25,11,2
5195.790250,57.226684,25,11,2
4834.578404,51.631482,25,11,2
1650.903172,41.579778,25,11,2
817.164157,31.187483,25,11,2
8738.468116,50.908118,25,11,2
4489.545515,26.425537,25,11,2
5565.463358,54.476849,25,11,2
