Distance,Tx Power,Bandwidth,Subband BW,Subband Offset
7661.335029,57.477704,25,10,11
9762.998953,18.971182,25,10,11
6967.314484,40.226352,25,10,11
5249.887578,44.433662,25,10,11
5205.916694,54.116633,25,10,11
5071.015456,49.754809,25,10,11
8072.335707,37.127549,25,10,11
565.369020,57.184771,25,10,11
6280.622084,33.052700,25,10,11
2950.928178,26.291459,25,10,11
