Distance,Tx Power,Bandwidth,Subband BW,Subband Offset
784.039137,16.127240,15,13,0
8321.226310,37.237627,15,13,0
3592.107164,47.035921,15,13,0
6271.192220,15.061384,15,13,0
4020.344353,49.183423,15,13,0
7998.185484,37.641928,15,13,0
6504.442330,41.555050,15,13,0
1700.483563,54.398067,15,13,0
9218.668747,56.026895,15,13,0
8733.063033,42.996459,15,13,0
