Distance,Tx Power,Bandwidth,Subband BW,Subband Offset
638.940900,53.119799,15,11,2
8931.325445,59.335702,15,11,2
6124.587133,24.938023,15,11,2
9705.128860,46.727924,15,11,2
7076.773573,32.623961,15,11,2
5014.124286,59.594421,15,11,2
5005.230315,27.842984,15,11,2
6719.611841,57.156300,15,11,2
4450.591432,47.533120,15,11,2
347.485518,23.566562,15,11,2
