Distance,Tx Power,Bandwidth,Subband BW,Subband Offset
6586.050301,24.271481,100,21,63
6765.206561,19.934678,100,21,63
1278.504740,39.179828,100,21,63
7290.581073,30.042979,100,21,63
4132.599195,28.756691,100,21,63
5565.102052,24.120471,100,21,63
6272.081048,31.383447,100,21,63
403.777001,52.915809,100,21,63
3726.088656,57.452527,100,21,63
3899.054151,51.626136,100,21,63
