Distance,Tx Power,Bandwidth,Subband BW,Subband Offset
4624.549082,58.583156,75,35,38
4310.810340,37.138100,75,35,38
4106.158336,21.001507,75,35,38
9642.450606,48.166432,75,35,38
3084.615051,47.580449,75,35,38
2618.207990,39.452144,75,35,38
3322.137033,35.593657,75,35,38
9100.954261,26.050386,75,35,38
9069.184588,44.350369,75,35,38
8773.346896,45.523354,75,35,38
