Distance,Tx Power,Bandwidth,Subband BW,Subband Offset
6883.481198,19.001338,50,28,22
6977.420523,42.816577,50,28,22
9924.619448,38.747031,50,28,22
6957.423840,21.841893,50,28,22
4801.396236,58.454781,50,28,22
5642.647732,46.034535,50,28,22
5781.245574,43.265344,50,28,22
1892.632508,59.617130,50,28,22
1416.346815,36.413063,50,28,22
2577.027876,56.624629,50,28,22
