Distance,Tx Power,Bandwidth,Subband BW,Subband Offset
9783.925390,32.257091,75,43,31
3636.949290,36.982354,75,43,31
6606.803341,19.235599,75,43,31
9851.889646,42.954893,75,43,31
5087.927539,52.431718,75,43,31
2106.213600,25.285270,75,43,31
9988.846674,16.810443,75,43,31
4525.623574,18.653113,75,43,31
3515.355066,49.906496,75,43,31
591.731972,24.351530,75,43,31
