Distance,Tx Power,Bandwidth,Subband BW,Subband Offset
3132.342757,18.930280,15,6,8
9122.108307,47.123957,15,6,8
6307.495020,53.429267,15,6,8
5285.258141,20.894646,15,6,8
4140.058808,33.331445,15,6,8
798.017874,20.926247,15,6,8
3509.003869,59.628133,15,6,8
4370.071921,36.214534,15,6,8
5474.958848,47.997417,15,6,8
9041.825069,54.504603,15,6,8
