Distance,Tx Power,Bandwidth,Subband BW,Subband Offset
9144.569421,40.679489,50,26,13
5021.697050,48.925376,50,26,13
6836.604906,40.123103,50,26,13
6639.850003,18.046778,50,26,13
126.214729,20.929043,50,26,13
3534.409107,22.010527,50,26,13
3714.130026,33.438722,50,26,13
9075.931255,16.032024,50,26,13
733.854726,28.230029,50,26,13
7028.005193,28.391166,50,26,13
