Distance,Tx Power,Bandwidth,Subband BW,Subband Offset
4744.917216,47.941988,100,72,15
8646.229568,16.427728,100,72,15
8964.421818,17.100705,100,72,15
250.678432,39.383143,100,72,15
8565.144711,35.515528,100,72,15
5197.851767,49.245257,100,72,15
2926.758231,25.752937,100,72,15
8962.174302,38.574314,100,72,15
1145.576469,25.512358,100,72,15
4098.915976,39.616768,100,72,15
