Distance,Tx Power,Bandwidth,Subband BW,Subband Offset
4315.830414,50.624388,15,7,3
1105.433192,58.753264,15,7,3
558.568679,42.873647,15,7,3
201.549007,27.898127,15,7,3
8873.948998,43.402374,15,7,3
4443.855647,42.431593,15,7,3
9307.728912,38.253501,15,7,3
2996.827580,57.779353,15,7,3
601.703929,57.169205,15,7,3
1394.382254,59.566481,15,7,3
