Distance,Tx Power,Bandwidth,Subband BW,Subband Offset
4803.613901,16.573507,75,21,26
1401.011945,51.832554,75,21,26
368.660600,52.476342,75,21,26
6197.200221,53.720683,75,21,26
6805.510279,18.741499,75,21,26
846.265264,58.488142,75,21,26
3653.800241,53.761819,75,21,26
8007.361194,21.579703,75,21,26
6499.699539,58.259069,75,21,26
7775.842157,17.940061,75,21,26
