Distance,Tx Power,Bandwidth,Subband BW,Subband Offset
4071.470583,19.032382,100,46,1
9704.168278,49.392372,100,46,1
6864.426534,50.982435,100,46,1
2570.500789,27.275604,100,46,1
580.857839,19.515342,100,46,1
2509.168461,39.667457,100,46,1
5209.007813,36.424229,100,46,1
9683.549047,39.592794,100,46,1
6279.563156,41.930941,100,46,1
7014.193924,48.713607,100,46,1
