Distance,Tx Power,Bandwidth,Subband BW,Subband Offset
9189.520970,54.421678,75,11,30
2418.831181,51.241589,75,11,30
4612.021132,32.001715,75,11,30
6186.884792,24.912016,75,11,30
3453.287484,52.521023,75,11,30
2237.423479,18.671982,75,11,30
9916.142961,45.890270,75,11,30
1609.066394,31.066562,75,11,30
7400.317907,28.195324,75,11,30
5518.438781,45.773555,75,11,30
