Distance,Tx Power,Bandwidth,Subband BW,Subband Offset
2692.954127,53.379140,50,32,15
6927.061654,46.835333,50,32,15
5035.104497,16.827329,50,32,15
6133.328726,38.741160,50,32,15
8528.110500,28.934472,50,32,15
2716.477777,17.083779,50,32,15
1758.933311,59.566324,50,32,15
1450.283685,32.722735,50,32,15
8022.659463,44.729388,50,32,15
9104.954067,37.220514,50,32,15
