Distance,Tx Power,Bandwidth,Subband BW,Subband Offset
1966.257950,21.886570,50,7,25
9434.445104,57.826080,50,7,25
8215.127851,56.758235,50,7,25
8856.036843,20.717542,50,7,25
2714.891483,39.892323,50,7,25
6517.579923,34.448539,50,7,25
3763.706147,21.911990,50,7,25
1486.733615,51.690232,50,7,25
5512.485823,55.160319,50,7,25
7045.824085,21.936565,50,7,25
