Distance,Tx Power,Bandwidth,Subband BW,Subband Offset
5527.732540,44.749911,25,8,4
8111.095372,29.006976,25,8,4
9014.378424,31.084423,25,8,4
2064.035911,43.624589,25,8,4
2223.240707,41.989730,25,8,4
2057.494316,56.353575,25,8,4
3782.127361,53.282563,25,8,4
7418.798099,18.881615,25,8,4
4047.608582,41.434807,25,8,4
9740.498268,30.997326,25,8,4
