Distance,Tx Power,Bandwidth,Subband BW,Subband Offset
9034.115147,26.333874,25,18,6
9860.184474,16.175397,25,18,6
4501.130266,32.417696,25,18,6
7918.990420,35.956679,25,18,6
940.271025,18.444919,25,18,6
6086.149060,45.989084,25,18,6
2341.550644,48.752984,25,18,6
7510.931540,56.225032,25,18,6
6837.293605,33.269725,25,18,6
3999.597882,57.782237,25,18,6
