Distance,Tx Power,Bandwidth,Subband BW,Subband Offset
6384.293831,47.072966,50,13,17
191.970433,43.613304,50,13,17
3056.135822,45.705324,50,13,17
6059.063977,59.276124,50,13,17
8111.962673,23.539769,50,13,17
8871.555531,40.343346,50,13,17
384.627872,24.146282,50,13,17
7664.081214,20.113989,50,13,17
3983.421801,38.941718,50,13,17
2598.855126,15.057990,50,13,17
