Distance,Tx Power,Bandwidth,Subband BW,Subband Offset
3994.038847,42.799152,50,40,9
2242.033270,31.881061,50,40,9
7138.104426,55.644706,50,40,9
4559.344734,21.689372,50,40,9
1871.780755,53.469696,50,40,9
2821.733584,27.043575,50,40,9
919.804023,15.421310,50,40,9
1541.881992,28.719066,50,40,9
6934.636616,51.956260,50,40,9
9638.849571,16.142615,50,40,9
