Distance,Tx Power,Bandwidth,Subband BW,Subband Offset
4995.496836,19.099551,75,31,0
4431.792677,55.007871,75,31,0
4160.588447,39.015217,75,31,0
1168.795567,55.412976,75,31,0
3302.433719,49.269297,75,31,0
8465.758178,46.263936,75,31,0
6443.065799,16.047318,75,31,0
6143.101723,26.340665,75,31,0
1167.446447,27.474328,75,31,0
7787.343177,31.756433,75,31,0
