Distance,Tx Power,Bandwidth,Subband BW,Subband Offset
5927.096963,41.594002,100,39,31
2071.621234,54.246319,100,39,31
9752.759460,57.323502,100,39,31
8127.452149,43.705406,100,39,31
8776.498914,46.980318,100,39,31
1549.970333,37.664728,100,39,31
4881.073794,19.813801,100,39,31
2206.571855,56.364742,100,39,31
3149.494318,48.750789,100,39,31
8913.291354,59.261543,100,39,31
