Distance,Tx Power,Bandwidth,Subband BW,Subband Offset
4970.794269,38.723281,75,64,2
3277.958208,32.364952,75,64,2
4583.830805,47.222459,75,64,2
8427.818594,30.606629,75,64,2
5208.531317,34.723159,75,64,2
9718.541835,50.077491,75,64,2
4642.201268,31.803599,75,64,2
8953.473309,36.870337,75,64,2
2880.822465,52.807095,75,64,2
184.628821,23.275353,75,64,2
