Distance,Tx Power,Bandwidth,Subband BW,Subband Offset
5191.895059,43.983367,50,7,21
3139.819861,55.852107,50,7,21
2298.136783,26.406020,50,7,21
7470.325699,58.601011,50,7,21
2721.389659,35.898926,50,7,21
1355.172899,20.992464,50,7,21
5747.139020,43.146799,50,7,21
9857.482625,46.973139,50,7,21
1212.426805,56.179117,50,7,21
6431.620949,49.487904,50,7,21
