Distance,Tx Power,Bandwidth,Subband BW,Subband Offset
6823.964900,59.015722,100,13,80
6916.943712,43.180606,100,13,80
3546.956123,51.028727,100,13,80
8304.669912,20.017930,100,13,80
9640.686455,59.990890,100,13,80
7312.582969,42.381446,100,13,80
5145.146538,21.648145,100,13,80
163.664009,25.408332,100,13,80
4805.459924,32.645684,100,13,80
1648.616541,39.266808,100,13,80
