Distance,Tx Power,Bandwidth,Subband BW,Subband Offset
4526.832855,19.563088,50,6,37
9373.267767,15.547678,50,6,37
120.296313,36.303418,50,6,37
1983.202787,47.472073,50,6,37
7901.308045,33.945166,50,6,37
3503.362098,55.254710,50,6,37
6165.243571,20.181305,50,6,37
6049.722783,30.818228,50,6,37
7210.546464,31.924120,50,6,37
6651.273325,55.931498,50,6,37
