Distance,Tx Power,Bandwidth,Subband BW,Subband Offset
3622.150318,55.080045,50,20,2
3223.264347,42.517415,50,20,2
744.195870,57.804550,50,20,2
8260.205147,53.127213,50,20,2
1032.852823,48.857382,50,20,2
341.935000,18.069316,50,20,2
8459.003526,27.852727,50,20,2
517.325002,16.840544,50,20,2
8696.074940,41.856409,50,20,2
9665.166969,18.415845,50,20,2
