Distance,Tx Power,Bandwidth,Subband BW,Subband Offset
6270.092989,51.780415,50,35,5
5744.119813,31.969491,50,35,5
5465.332581,57.979248,50,35,5
591.217413,35.252028,50,35,5
2776.716630,30.723825,50,35,5
7543.989736,26.457524,50,35,5
3888.561745,16.943166,50,35,5
9979.083632,40.073326,50,35,5
7482.187998,47.998096,50,35,5
3709.883345,40.988619,50,35,5
