Distance,Tx Power,Bandwidth,Subband BW,Subband Offset
4007.759124,35.201941,15,8,7
5970.208699,26.657637,15,8,7
9824.398401,27.346151,15,8,7
3452.173238,56.254458,15,8,7
2879.529666,32.480245,15,8,7
2644.965749,25.207082,15,8,7
3343.404402,25.222751,15,8,7
8608.721797,41.582726,15,8,7
5047.355845,27.836753,15,8,7
6861.672150,51.541466,15,8,7
