Distance,Tx Power,Bandwidth,Subband BW,Subband Offset
4126.311189,51.021640,75,28,4
3819.750005,29.241013,75,28,4
9844.821594,23.866850,75,28,4
8606.340177,49.734838,75,28,4
2756.164036,16.430365,75,28,4
8543.361214,57.535171,75,28,4
7796.950361,33.155955,75,28,4
7278.012239,47.120975,75,28,4
4171.534833,44.366580,75,28,4
7175.883122,38.375020,75,28,4
