Distance,Tx Power,Bandwidth,Subband BW,Subband Offset
6597.929397,40.204200,15,7,8
2258.854512,40.222741,15,7,8
372.686265,18.340489,15,7,8
3172.255513,59.558372,15,7,8
7813.937190,50.185627,15,7,8
3018.529035,22.874426,15,7,8
6146.852865,55.232126,15,7,8
2089.586115,29.665829,15,7,8
3903.161452,19.210736,15,7,8
6927.204254,41.070767,15,7,8
