Distance,Tx Power,Bandwidth,Subband BW,Subband Offset
9400.312832,21.874846,75,17,7
7112.214659,27.388700,75,17,7
8801.327789,35.004162,75,17,7
5941.160542,50.736914,75,17,7
7572.149811,23.510384,75,17,7
7704.985407,25.850670,75,17,7
7844.366483,41.983787,75,17,7
5239.457408,29.733025,75,17,7
7369.675512,55.694999,75,17,7
4544.195930,45.151202,75,17,7
