Distance,Tx Power,Bandwidth,Subband BW,Subband Offset
3297.845763,49.988203,50,48,1
1836.722341,43.990305,50,48,1
2682.185447,21.459561,50,48,1
7230.019355,23.961434,50,48,1
733.103867,58.517749,50,48,1
7758.260944,17.986742,50,48,1
8434.954715,32.309433,50,48,1
2197.831076,23.373350,50,48,1
8948.227203,20.611934,50,48,1
3378.328228,42.603773,50,48,1
