Distance,Tx Power,Bandwidth,Subband BW,Subband Offset
2216.923963,55.402737,75,36,31
4862.735047,27.074594,75,36,31
7726.306419,28.811456,75,36,31
4197.394862,23.884652,75,36,31
5089.329642,22.934067,75,36,31
8507.724149,23.909180,75,36,31
6210.043664,55.539352,75,36,31
9074.625487,36.442514,75,36,31
4557.877323,22.335457,75,36,31
8457.439871,34.696579,75,36,31
