Distance,Tx Power,Bandwidth,Subband BW,Subband Offset
1445.924077,55.113056,100,25,71
3593.559959,49.338685,100,25,71
7166.187801,27.867588,100,25,71
8928.900634,29.341431,100,25,71
9666.084915,55.825007,100,25,71
9085.445562,51.527097,100,25,71
1943.105831,52.796237,100,25,71
4658.045382,31.780093,100,25,71
1210.945318,30.747185,100,25,71
1133.813237,44.246623,100,25,71
