Distance,Tx Power,Bandwidth,Subband BW,Subband Offset
9688.631996,39.228186,25,18,4
8038.768694,52.008408,25,18,4
2054.409961,33.159406,25,18,4
1322.867838,24.467073,25,18,4
8089.208619,23.776848,25,18,4
2727.256328,24.746889,25,18,4
6666.489091,42.566918,25,18,4
1413.095750,24.058791,25,18,4
4709.988990,41.751386,25,18,4
7209.543459,53.526724,25,18,4
