Distance,Tx Power,Bandwidth,Subband BW,Subband Offset
2943.963052,37.896450,50,21,24
9216.487958,54.317021,50,21,24
5001.233367,43.151907,50,21,24
4706.332096,26.187470,50,21,24
3642.307165,21.365121,50,21,24
3772.769669,27.130648,50,21,24
1091.659427,45.844264,50,21,24
6885.651434,58.664917,50,21,24
8309.833460,42.934234,50,21,24
6629.824536,33.685211,50,21,24
