Distance,Tx Power,Bandwidth,Subband BW,Subband Offset
1834.953648,43.177186,75,39,20
1855.662114,18.392989,75,39,20
5632.082754,20.075233,75,39,20
6349.949568,52.938252,75,39,20
4033.201667,33.070530,75,39,20
5401.321137,33.156459,75,39,20
5793.779610,17.903783,75,39,20
7297.251868,47.948760,75,39,20
6028.756728,55.140052,75,39,20
236.376237,57.899076,75,39,20
