Distance,Tx Power,Bandwidth,Subband BW,Subband Offset
6617.072600,46.858821,100,13,20
9308.509602,26.093378,100,13,20
2994.236517,51.658868,100,13,20
8139.005385,33.424289,100,13,20
8365.451913,25.072307,100,13,20
8166.299460,41.061855,100,13,20
4548.011299,43.914837,100,13,20
5812.499555,40.927098,100,13,20
8370.408123,25.299564,100,13,20
9180.243835,27.858530,100,13,20
