Distance,Tx Power,Bandwidth,Subband BW,Subband Offset
501.034226,20.861692,50,26,0
6540.928026,49.660046,50,26,0
5931.595273,31.460204,50,26,0
290.256740,16.755965,50,26,0
181.090725,25.101579,50,26,0
4141.110619,38.636088,50,26,0
4683.694574,41.877969,50,26,0
9754.867756,42.341421,50,26,0
7932.509773,24.529088,50,26,0
2945.965977,24.005958,50,26,0
