Distance,Tx Power,Bandwidth,Subband BW,Subband Offset
6141.784608,32.763441,25,11,6
3094.493460,56.826023,25,11,6
6523.014184,30.012644,25,11,6
4444.970134,51.002072,25,11,6
6894.287205,31.305635,25,11,6
4894.291346,22.148499,25,11,6
356.870441,52.137375,25,11,6
2837.238070,47.532900,25,11,6
2287.904294,41.770232,25,11,6
1506.950730,32.961686,25,11,6
