Distance,Tx Power,Bandwidth,Subband BW,Subband Offset
6089.284630,58.984550,25,9,7
6295.880065,57.079917,25,9,7
6159.316293,57.451225,25,9,7
3338.624333,20.204390,25,9,7
1390.152529,38.168429,25,9,7
952.239076,25.865414,25,9,7
7791.823251,31.457447,25,9,7
2710.589877,36.944698,25,9,7
3966.774522,32.675718,25,9,7
8299.734942,45.829457,25,9,7
