Distance,Tx Power,Bandwidth,Subband BW,Subband Offset
1668.361378,43.162698,75,32,40
8006.255365,23.779732,75,32,40
4991.734964,15.211318,75,32,40
8342.256453,22.414202,75,32,40
9478.975051,31.962914,75,32,40
3000.635276,48.666872,75,32,40
4864.269353,32.729428,75,32,40
301.975201,46.198597,75,32,40
3172.262465,44.163389,75,32,40
7250.064918,38.344465,75,32,40
