Distance,Tx Power,Bandwidth,Subband BW,Subband Offset
2433.216637,55.083040,50,30,9
4770.583679,36.955902,50,30,9
6274.252797,33.586053,50,30,9
393.634185,31.837350,50,30,9
5494.482350,55.051337,50,30,9
7076.977400,52.256196,50,30,9
7903.107963,51.748651,50,30,9
8502.330223,27.630768,50,30,9
1091.117736,51.386667,50,30,9
1075.299211,16.917303,50,30,9
