Distance,Tx Power,Bandwidth,Subband BW,Subband Offset
9872.716463,45.959416,75,15,42
9103.955061,20.358034,75,15,42
4060.840360,21.866495,75,15,42
5841.457350,42.627444,75,15,42
379.702527,50.864410,75,15,42
2241.446618,55.781152,75,15,42
4314.290597,57.327139,75,15,42
1927.640516,52.226012,75,15,42
2426.033251,25.043764,75,15,42
444.550532,28.230852,75,15,42
