Distance,Tx Power,Bandwidth,Subband BW,Subband Offset
1308.662362,37.695356,100,32,5
1349.740524,30.354865,100,32,5
7390.205715,45.267157,100,32,5
2532.772243,58.919487,100,32,5
1261.975012,30.657825,100,32,5
9712.648265,22.276216,100,32,5
5631.652377,18.461308,100,32,5
7868.615978,24.411282,100,32,5
8619.098014,32.068629,100,32,5
9822.355013,45.497951,100,32,5
