Distance,Tx Power,Bandwidth,Subband BW,Subband Offset
8622.686996,26.139411,75,10,29
6737.605596,37.313009,75,10,29
9370.659075,26.563535,75,10,29
3568.366985,48.521893,75,10,29
754.336840,29.638862,75,10,29
7902.086896,46.226731,75,10,29
9957.730308,20.219641,75,10,29
9814.742440,58.826116,75,10,29
3742.365614,36.093153,75,10,29
8436.084422,56.557288,75,10,29
