Distance,Tx Power,Bandwidth,Subband BW,Subband Offset
137.576951,32.263824,50,8,34
1675.646503,47.737025,50,8,34
6340.167245,20.926908,50,8,34
2040.249591,21.581969,50,8,34
9515.118091,21.560273,50,8,34
9910.145130,48.678086,50,8,34
7829.924214,38.667045,50,8,34
949.903767,42.968598,50,8,34
1410.143149,40.662885,50,8,34
6822.742364,57.185361,50,8,34
