Distance,Tx Power,Bandwidth,Subband BW,Subband Offset
2601.675634,24.039640,75,30,0
7995.546885,36.465812,75,30,0
9173.898502,53.699845,75,30,0
3398.527305,59.413616,75,30,0
8343.289346,19.660647,75,30,0
2509.584615,29.415219,75,30,0
7931.585462,42.187694,75,30,0
5727.454926,43.416256,75,30,0
6946.468502,48.505925,75,30,0
2004.561897,50.970470,75,30,0
