Distance,Tx Power,Bandwidth,Subband BW,Subband Offset
2133.138456,22.092676,100,12,74
837.830019,48.015092,100,12,74
536.927230,55.962381,100,12,74
5467.149790,53.823053,100,12,74
9173.463979,37.702735,100,12,74
2880.096684,59.814066,100,12,74
5617.126646,53.795667,100,12,74
749.054895,30.323738,100,12,74
8187.691953,49.886554,100,12,74
8909.388179,57.672578,100,12,74
