Distance,Tx Power,Bandwidth,Subband BW,Subband Offset
7773.920443,33.345323,25,13,11
6457.008715,30.269152,25,13,11
1450.969139,29.583593,25,13,11
3620.259818,20.104537,25,13,11
238.977114,59.341125,25,13,11
9015.060731,45.396516,25,13,11
7826.893012,32.049804,25,13,11
8008.924203,29.307153,25,13,11
4360.964253,43.808692,25,13,11
2835.152925,19.716389,25,13,11
