Distance,Tx Power,Bandwidth,Subband BW,Subband Offset
1034.444989,44.471901,15,8,3
5538.736177,36.917698,15,8,3
9112.218179,52.210621,15,8,3
5082.945253,26.899900,15,8,3
290.540456,38.719517,15,8,3
9693.006258,48.394894,15,8,3
1725.592573,35.485371,15,8,3
8332.579941,20.148077,15,8,3
5590.967628,35.809202,15,8,3
201.581694,52.947443,15,8,3
