Distance,Tx Power,Bandwidth,Subband BW,Subband Offset
9451.419872,31.276687,25,16,7
1552.912436,59.985697,25,16,7
1962.688848,22.600978,25,16,7
3972.103985,15.358322,25,16,7
4070.355047,50.456912,25,16,7
1841.541317,47.442300,25,16,7
9111.239694,26.249576,25,16,7
6636.104844,23.690685,25,16,7
2156.932251,29.785654,25,16,7
6968.246290,48.907318,25,16,7
