Distance,Tx Power,Bandwidth,Subband BW,Subband Offset
9860.516806,44.022185,25,8,5
5296.742056,35.264532,25,8,5
1062.108539,35.082962,25,8,5
9997.888706,36.729055,25,8,5
8255.668127,53.206714,25,8,5
9674.318351,37.516912,25,8,5
5050.873725,38.173384,25,8,5
550.047773,43.472133,25,8,5
8564.137414,37.352754,25,8,5
1615.220634,33.224669,25,8,5
