Distance,Tx Power,Bandwidth,Subband BW,Subband Offset
9424.079487,51.257840,100,34,3
1648.239209,24.439238,100,34,3
6872.450217,32.510176,100,34,3
342.758300,42.507311,100,34,3
5888.914694,43.324834,100,34,3
3858.398044,38.336942,100,34,3
3729.504736,51.592150,100,34,3
6886.790012,39.591583,100,34,3
7425.807908,18.010546,100,34,3
199.799679,18.096606,100,34,3
