Distance,Tx Power,Bandwidth,Subband BW,Subband Offset
1650.274933,33.207090,75,35,17
608.360769,56.813420,75,35,17
2983.517595,27.896151,75,35,17
3022.363815,36.567145,75,35,17
7154.390819,32.418851,75,35,17
7638.057610,27.545806,75,35,17
9624.725029,27.205358,75,35,17
8065.936923,31.121115,75,35,17
5399.500313,26.090750,75,35,17
7735.269592,56.156102,75,35,17
