Distance,Tx Power,Bandwidth,Subband BW,Subband Offset
8757.263425,38.510614,75,24,45
7314.933649,31.569596,75,24,45
8894.697574,22.257191,75,24,45
6556.067973,44.363909,75,24,45
8079.813937,48.641637,75,24,45
9500.966351,34.119061,75,24,45
3523.958730,18.860575,75,24,45
3449.579261,53.321985,75,24,45
9739.021335,21.025748,75,24,45
4681.031489,31.360825,75,24,45
