Distance,Tx Power,Bandwidth,Subband BW,Subband Offset
5818.349617,27.261477,100,26,26
3128.861357,33.775267,100,26,26
7290.736858,21.598459,100,26,26
9478.326145,30.129527,100,26,26
6215.474346,46.906341,100,26,26
8338.153189,17.423833,100,26,26
5061.388772,32.187446,100,26,26
1197.118081,58.394363,100,26,26
9314.590076,58.335949,100,26,26
2162.599347,57.893031,100,26,26
