Distance,Tx Power,Bandwidth,Subband BW,Subband Offset
9255.212369,31.986498,100,54,4
135.203399,53.216735,100,54,4
7863.086311,26.736858,100,54,4
4942.511887,24.619714,100,54,4
4341.399136,37.789814,100,54,4
5617.860933,55.276070,100,54,4
3783.780289,33.961117,100,54,4
1961.693643,49.818112,100,54,4
7339.556580,44.386957,100,54,4
8575.642715,55.827671,100,54,4
