Distance,Tx Power,Bandwidth,Subband BW,Subband Offset
896.365018,37.642546,25,12,12
6109.446523,23.912543,25,12,12
5800.527280,40.321030,25,12,12
4325.112931,17.682311,25,12,12
9628.566874,34.692453,25,12,12
7062.934464,16.576538,25,12,12
9635.662384,42.120978,25,12,12
9168.862368,42.631782,25,12,12
114.621248,45.269199,25,12,12
5651.048581,37.933436,25,12,12
