Distance,Tx Power,Bandwidth,Subband BW,Subband Offset
4733.724031,30.418752,50,40,8
8574.617948,16.546556,50,40,8
9571.179865,59.004219,50,40,8
9804.373713,29.173937,50,40,8
7757.530801,40.974979,50,40,8
4775.378896,56.586242,50,40,8
1029.301166,53.088038,50,40,8
9419.100181,20.883638,50,40,8
4531.777543,28.404200,50,40,8
2046.369145,44.283532,50,40,8
