Distance,Tx Power,Bandwidth,Subband BW,Subband Offset
956.248235,39.344781,50,6,18
3275.862260,32.806414,50,6,18
6517.448264,30.737421,50,6,18
3888.007182,38.497908,50,6,18
9854.937085,39.262959,50,6,18
5250.572050,56.971548,50,6,18
6571.596894,56.799094,50,6,18
8476.455615,50.179233,50,6,18
2954.871053,33.656617,50,6,18
1404.412452,22.506096,50,6,18
