Distance,Tx Power,Bandwidth,Subband BW,Subband Offset
2420.336936,35.435311,100,57,1
320.782835,58.116171,100,57,1
8266.363132,24.662357,100,57,1
8188.304486,33.983270,100,57,1
4041.090202,35.664085,100,57,1
1122.808210,56.846475,100,57,1
9510.472637,34.282155,100,57,1
3330.352592,28.778405,100,57,1
501.716671,48.059683,100,57,1
3646.974637,41.168391,100,57,1
