Distance,Tx Power,Bandwidth,Subband BW,Subband Offset
4858.012031,20.829623,50,23,24
1537.365433,17.958831,50,23,24
8309.783410,15.647328,50,23,24
6900.040219,34.408028,50,23,24
4024.260096,39.840047,50,23,24
7732.752405,32.996113,50,23,24
6243.959569,51.571858,50,23,24
1901.678652,53.369439,50,23,24
7510.256502,44.185650,50,23,24
574.797767,21.001337,50,23,24
