Distance,Tx Power,Bandwidth,Subband BW,Subband Offset
414.165784,47.387150,50,10,1
8686.141399,43.280251,50,10,1
3264.152597,44.695790,50,10,1
5656.215404,38.617251,50,10,1
5998.700965,21.512906,50,10,1
2723.806267,59.627774,50,10,1
6313.345116,20.113561,50,10,1
3279.575607,25.178833,50,10,1
3151.479361,44.732873,50,10,1
3694.202431,43.234352,50,10,1
