Distance,Tx Power,Bandwidth,Subband BW,Subband Offset
1818.811945,26.338898,75,55,1
2006.636621,57.868452,75,55,1
7312.136739,51.566947,75,55,1
2988.823452,24.657290,75,55,1
6612.572031,48.505983,75,55,1
5786.678256,47.798640,75,55,1
9996.753732,36.615168,75,55,1
7102.207062,26.124558,75,55,1
4627.903318,50.466651,75,55,1
3632.177777,30.114506,75,55,1
