Distance,Tx Power,Bandwidth,Subband BW,Subband Offset
980.385881,36.444284,75,53,18
7658.611051,40.833845,75,53,18
891.480923,19.162237,75,53,18
4506.943987,22.081637,75,53,18
3179.712587,28.341889,75,53,18
9061.136622,48.733375,75,53,18
6509.910243,31.885097,75,53,18
7101.686879,40.283624,75,53,18
3706.609792,52.137952,75,53,18
9650.515992,32.447986,75,53,18
