Distance,Tx Power,Bandwidth,Subband BW,Subband Offset
5452.906959,20.162120,25,17,0
2571.615162,17.271076,25,17,0
4614.888474,18.790944,25,17,0
6986.148021,24.210915,25,17,0
123.175465,46.564357,25,17,0
8138.140776,19.075334,25,17,0
1849.792341,30.232180,25,17,0
3313.508362,33.165254,25,17,0
2873.225415,43.432957,25,17,0
8711.394818,35.204501,25,17,0
