Distance,Tx Power,Bandwidth,Subband BW,Subband Offset
5298.936403,30.576886,100,35,19
8370.475779,24.429776,100,35,19
4938.474896,32.773541,100,35,19
8387.738480,45.951845,100,35,19
7776.368509,47.794250,100,35,19
3408.674546,21.966589,100,35,19
6284.618585,48.785766,100,35,19
853.199595,42.832536,100,35,19
573.447039,34.787226,100,35,19
8948.288357,21.578711,100,35,19
