Distance,Tx Power,Bandwidth,Subband BW,Subband Offset
2885.363254,22.130055,100,47,49
4580.648991,52.670368,100,47,49
4354.905125,15.288740,100,47,49
6780.059230,28.499714,100,47,49
3579.814170,29.216924,100,47,49
4788.571032,31.925727,100,47,49
1780.829369,58.803716,100,47,49
3194.521280,28.213345,100,47,49
3510.112356,37.191509,100,47,49
8006.597184,18.794509,100,47,49
