Distance,Tx Power,Bandwidth,Subband BW,Subband Offset
4687.685989,35.429011,15,6,8
1018.358348,33.813151,15,6,8
8689.930893,58.094089,15,6,8
5129.958574,20.742336,15,6,8
1739.465910,58.014021,15,6,8
6102.226625,17.458021,15,6,8
973.464239,31.790707,15,6,8
3973.859049,23.809899,15,6,8
5518.582650,18.532825,15,6,8
9440.695798,42.883270,15,6,8
