Distance,Tx Power,Bandwidth,Subband BW,Subband Offset
4092.500026,33.745091,75,18,4
2909.090502,21.611193,75,18,4
3346.976608,55.095245,75,18,4
2680.280866,34.424584,75,18,4
9131.932747,45.597291,75,18,4
8066.999049,42.740332,75,18,4
7683.514937,40.035883,75,18,4
5984.866743,38.182115,75,18,4
1687.264555,57.900722,75,18,4
532.873899,26.633896,75,18,4
