Distance,Tx Power,Bandwidth,Subband BW,Subband Offset
814.304198,41.252653,100,46,43
4741.569978,38.319570,100,46,43
6019.956268,25.716455,100,46,43
2252.421381,19.369888,100,46,43
1029.174681,58.833854,100,46,43
4319.111976,47.949567,100,46,43
1666.661400,16.630351,100,46,43
965.490649,51.655940,100,46,43
7195.840687,46.854327,100,46,43
1066.856217,30.375568,100,46,43
