Distance,Tx Power,Bandwidth,Subband BW,Subband Offset
8746.668173,27.976986,15,12,1
7546.038167,19.872317,15,12,1
9377.452334,31.048029,15,12,1
4436.835408,20.451345,15,12,1
2805.167232,20.363525,15,12,1
3226.247701,37.814584,15,12,1
4251.541193,35.546715,15,12,1
9145.217003,27.576150,15,12,1
4690.924057,32.154570,15,12,1
3772.842438,40.587873,15,12,1
