Distance,Tx Power,Bandwidth,Subband BW,Subband Offset
5821.667278,26.343735,15,11,3
7002.692869,53.982195,15,11,3
7966.008749,34.634899,15,11,3
3613.053275,54.865228,15,11,3
1141.516155,27.854080,15,11,3
4266.808683,27.702510,15,11,3
8914.461077,40.907960,15,11,3
9785.956991,41.396900,15,11,3
9092.890859,27.545447,15,11,3
5246.777857,50.531351,15,11,3
