Distance,Tx Power,Bandwidth,Subband BW,Subband Offset
2052.508728,42.712753,25,13,7
212.571046,42.946266,25,13,7
4068.221073,45.706588,25,13,7
3716.819444,46.993805,25,13,7
500.884365,55.769986,25,13,7
9265.742435,36.742267,25,13,7
2341.820685,45.835211,25,13,7
6540.320776,25.036717,25,13,7
6868.393444,57.790755,25,13,7
1045.619161,48.247062,25,13,7
