Distance,Tx Power,Bandwidth,Subband BW,Subband Offset
3632.527560,48.695743,75,61,13
5209.235983,23.059246,75,61,13
4347.253137,16.985550,75,61,13
6555.850892,25.360608,75,61,13
5805.813280,46.105972,75,61,13
1994.039748,57.399157,75,61,13
2438.880125,50.974139,75,61,13
8618.398461,52.540547,75,61,13
6844.718835,47.216039,75,61,13
9270.222753,45.138889,75,61,13
