Distance,Tx Power,Bandwidth,Subband BW,Subband Offset
4041.257154,45.112267,75,41,2
5859.085012,28.911229,75,41,2
280.088328,45.380880,75,41,2
6281.327980,35.396293,75,41,2
3348.862233,52.333189,75,41,2
3687.302490,43.760387,75,41,2
3884.053014,36.615956,75,41,2
2504.194970,58.759857,75,41,2
3414.694025,37.207159,75,41,2
9581.471041,20.401961,75,41,2
