Distance,Tx Power,Bandwidth,Subband BW,Subband Offset
7940.117541,15.848105,100,29,20
5983.347013,27.210228,100,29,20
3838.474472,44.221192,100,29,20
392.726974,15.258911,100,29,20
4110.412855,35.716448,100,29,20
9961.597628,25.114878,100,29,20
4526.495839,39.359068,100,29,20
9845.338901,38.251192,100,29,20
4166.936205,45.816336,100,29,20
1519.595802,42.286055,100,29,20
