Distance,Tx Power,Bandwidth,Subband BW,Subband Offset
9302.648131,42.103436,100,33,31
8095.995736,28.270426,100,33,31
6739.613838,44.639873,100,33,31
4583.857199,32.359236,100,33,31
2859.213754,20.743942,100,33,31
1356.300421,19.917422,100,33,31
8998.224789,38.826147,100,33,31
5489.316277,29.007250,100,33,31
3112.473445,35.869203,100,33,31
9731.227948,38.830497,100,33,31
