Distance,Tx Power,Bandwidth,Subband BW,Subband Offset
1613.251809,26.492180,50,36,2
173.887907,58.770808,50,36,2
4873.308591,28.103970,50,36,2
690.694780,21.514075,50,36,2
5715.310064,36.229193,50,36,2
5009.260812,39.009213,50,36,2
7993.690855,56.369861,50,36,2
2741.959805,44.019758,50,36,2
9432.247745,27.620248,50,36,2
3467.203072,34.668447,50,36,2
