Distance,Tx Power,Bandwidth,Subband BW,Subband Offset
5612.294481,21.998439,100,60,13
597.645951,38.581103,100,60,13
6143.564729,56.897181,100,60,13
4170.934726,24.118737,100,60,13
6336.569155,47.823318,100,60,13
8291.995682,40.253137,100,60,13
6907.519340,22.304754,100,60,13
5174.202116,52.660484,100,60,13
5441.060513,52.699225,100,60,13
8203.009231,55.282713,100,60,13
