Distance,Tx Power,Bandwidth,Subband BW,Subband Offset
2798.111764,30.622757,25,9,10
6435.978482,43.916553,25,9,10
1219.223264,56.206486,25,9,10
9412.695223,28.492242,25,9,10
4790.284115,39.443124,25,9,10
3777.054546,44.276940,25,9,10
9431.633273,15.057136,25,9,10
2145.624678,22.534821,25,9,10
2427.559734,47.864962,25,9,10
4209.049239,55.324280,25,9,10
