Distance,Tx Power,Bandwidth,Subband BW,Subband Offset
6587.624957,18.266869,100,52,8
4313.354725,25.174219,100,52,8
7340.319471,23.400355,100,52,8
2916.445580,41.715157,100,52,8
8199.043919,20.426945,100,52,8
2208.077981,52.371476,100,52,8
2714.283162,40.542634,100,52,8
258.289800,36.092159,100,52,8
5578.939981,49.717212,100,52,8
6835.769800,42.627729,100,52,8
