Distance,Tx Power,Bandwidth,Subband BW,Subband Offset
1920.854161,24.662714,100,59,11
952.524158,24.059920,100,59,11
1471.041107,40.832862,100,59,11
9564.443306,51.566626,100,59,11
812.257835,35.517171,100,59,11
3034.575516,24.877081,100,59,11
3989.702412,55.437096,100,59,11
9306.784614,44.101830,100,59,11
3238.864649,34.413213,100,59,11
3495.936294,58.648475,100,59,11
