Distance,Tx Power,Bandwidth,Subband BW,Subband Offset
8414.749008,15.666261,15,11,0
5195.164597,25.774596,15,11,0
4296.384048,22.072240,15,11,0
4160.610694,23.695790,15,11,0
2167.476384,53.761023,15,11,0
4869.004667,26.751695,15,11,0
9533.389324,45.979164,15,11,0
9095.686480,44.766808,15,11,0
3762.639672,28.464057,15,11,0
8423.422757,15.436052,15,11,0
