Distance,Tx Power,Bandwidth,Subband BW,Subband Offset
1926.079478,52.176441,75,46,14
8841.764896,42.962355,75,46,14
6849.187526,37.254875,75,46,14
7999.811052,18.254694,75,46,14
8017.243089,30.788397,75,46,14
7915.240828,27.527533,75,46,14
956.133791,22.665101,75,46,14
4008.799044,20.207519,75,46,14
4814.355900,26.226675,75,46,14
9479.101279,56.025937,75,46,14
