Distance,Tx Power,Bandwidth,Subband BW,Subband Offset
5324.819227,48.453283,15,10,3
511.435619,31.108809,15,10,3
4436.383561,49.569929,15,10,3
8896.084259,32.617305,15,10,3
2218.482732,29.850973,15,10,3
5924.431289,29.105394,15,10,3
5054.067871,37.475782,15,10,3
4999.825983,17.189290,15,10,3
4550.699306,28.522106,15,10,3
6217.141522,43.750050,15,10,3
