Distance,Tx Power,Bandwidth,Subband BW,Subband Offset
3332.795986,37.058116,50,19,22
4477.411499,44.876402,50,19,22
4087.476333,38.257442,50,19,22
851.123005,27.107798,50,19,22
4330.832667,32.945133,50,19,22
3008.829785,55.409678,50,19,22
2526.003404,39.384419,50,19,22
9947.497480,38.446645,50,19,22
5968.982459,42.304346,50,19,22
7995.155798,51.767710,50,19,22
