Distance,Tx Power,Bandwidth,Subband BW,Subband Offset
1921.723893,18.774505,50,14,32
6577.610092,19.535745,50,14,32
3022.412379,38.512186,50,14,32
3675.454873,35.291367,50,14,32
5220.558348,27.935601,50,14,32
1001.128062,44.689347,50,14,32
917.736609,22.017017,50,14,32
1463.340289,44.632385,50,14,32
6741.787212,40.835973,50,14,32
6667.409468,29.297494,50,14,32
