Distance,Tx Power,Bandwidth,Subband BW,Subband Offset
462.317417,26.083451,75,8,47
2099.270413,29.999925,75,8,47
4030.857509,43.570004,75,8,47
4694.031054,44.520446,75,8,47
5168.076077,36.592737,75,8,47
9059.571430,55.648460,75,8,47
6854.082607,27.722037,75,8,47
787.014066,42.527688,75,8,47
7790.116400,57.136060,75,8,47
1578.924509,33.252852,75,8,47
