Distance,Tx Power,Bandwidth,Subband BW,Subband Offset
385.231680,25.439809,75,21,47
5271.857171,54.906390,75,21,47
2362.616382,47.051377,75,21,47
1107.484711,39.518509,75,21,47
448.226059,32.852193,75,21,47
7273.759796,27.692598,75,21,47
9655.243616,29.403950,75,21,47
8650.374174,15.479483,75,21,47
1724.548515,29.086776,75,21,47
3349.498012,58.091769,75,21,47
