Distance,Tx Power,Bandwidth,Subband BW,Subband Offset
1680.575857,15.566032,75,10,37
8226.564087,21.237146,75,10,37
3424.158301,22.054779,75,10,37
7317.562462,46.397461,75,10,37
8903.690742,31.523514,75,10,37
2078.164033,21.939573,75,10,37
3765.329909,39.751110,75,10,37
5990.600106,57.486595,75,10,37
7388.026424,53.128845,75,10,37
6431.050101,58.762854,75,10,37
