Distance,Tx Power,Bandwidth,Subband BW,Subband Offset
5099.307033,49.497001,15,9,2
5333.070458,49.925257,15,9,2
5689.588301,58.574049,15,9,2
3492.524295,47.008468,15,9,2
3187.723801,58.363816,15,9,2
9606.330410,31.691691,15,9,2
6275.599952,27.917198,15,9,2
229.718924,29.251767,15,9,2
8200.305963,49.324889,15,9,2
6680.982163,45.169703,15,9,2
