Distance,Tx Power,Bandwidth,Subband BW,Subband Offset
9187.280827,54.285471,75,8,67
8014.483579,59.954228,75,8,67
9969.589470,35.000698,75,8,67
8169.723217,42.366608,75,8,67
9464.993347,53.721291,75,8,67
7683.265213,42.360818,75,8,67
3197.200782,50.812824,75,8,67
4789.324940,21.330985,75,8,67
3168.107002,58.976211,75,8,67
6019.020575,33.708100,75,8,67
