Distance,Tx Power,Bandwidth,Subband BW,Subband Offset
9224.953752,43.681412,25,21,3
8672.827871,19.756647,25,21,3
467.357575,21.408115,25,21,3
5295.946819,23.225941,25,21,3
6708.335471,56.674632,25,21,3
7283.344074,52.143246,25,21,3
284.074492,46.508036,25,21,3
9313.884393,59.190763,25,21,3
5474.161758,46.519882,25,21,3
277.712240,39.249305,25,21,3
