Distance,Tx Power,Bandwidth,Subband BW,Subband Offset
8570.188041,30.013265,75,65,0
2222.129688,22.405562,75,65,0
4328.163136,35.192446,75,65,0
2334.086350,56.805478,75,65,0
5094.724646,15.546259,75,65,0
7234.640135,41.199668,75,65,0
6188.768882,42.216863,75,65,0
7422.119698,27.643435,75,65,0
166.068419,35.863151,75,65,0
7037.150769,37.108482,75,65,0
