Distance,Tx Power,Bandwidth,Subband BW,Subband Offset
8520.010334,56.100126,50,13,18
1504.735175,57.784218,50,13,18
9529.304954,55.995012,50,13,18
6675.971047,42.756900,50,13,18
9084.474710,19.249302,50,13,18
790.275726,48.881294,50,13,18
4067.893683,21.869182,50,13,18
3302.889910,48.407801,50,13,18
3159.439471,53.568615,50,13,18
1207.095613,53.548808,50,13,18
