Distance,Tx Power,Bandwidth,Subband BW,Subband Offset
2558.051553,58.047717,50,18,0
6403.193431,16.123010,50,18,0
1770.926738,52.529603,50,18,0
6352.970475,30.581558,50,18,0
2936.965192,29.402326,50,18,0
7012.710929,42.679791,50,18,0
5115.081824,20.293016,50,18,0
4873.749625,31.703767,50,18,0
152.505343,52.264619,50,18,0
3761.355370,46.514535,50,18,0
