Distance,Tx Power,Bandwidth,Subband BW,Subband Offset
3968.816882,50.007693,50,42,8
7315.009767,35.724665,50,42,8
648.382719,44.626475,50,42,8
3861.570221,16.636507,50,42,8
9836.413626,21.891340,50,42,8
8521.592440,49.185779,50,42,8
9858.316288,56.569430,50,42,8
5632.016493,43.655153,50,42,8
774.785034,31.898249,50,42,8
4413.613471,39.088464,50,42,8
