Distance,Tx Power,Bandwidth,Subband BW,Subband Offset
8906.258815,59.666897,100,49,44
5132.547752,58.049366,100,49,44
3261.079765,54.522654,100,49,44
212.988545,34.299159,100,49,44
1010.129315,35.918140,100,49,44
4245.674085,36.135131,100,49,44
575.573742,48.087477,100,49,44
1767.601049,42.147975,100,49,44
6780.266863,57.749353,100,49,44
5257.382310,35.063045,100,49,44
