Distance,Tx Power,Bandwidth,Subband BW,Subband Offset
5465.691149,43.858153,100,14,19
9813.777498,59.935932,100,14,19
3890.868290,23.523385,100,14,19
4309.882813,22.973481,100,14,19
7859.336882,19.357916,100,14,19
6089.766990,55.937630,100,14,19
6180.624105,39.783211,100,14,19
3759.352311,36.058170,100,14,19
6020.486316,52.248171,100,14,19
9734.855817,16.069597,100,14,19
