Distance,Tx Power,Bandwidth,Subband BW,Subband Offset
4941.889813,54.419438,100,23,61
5333.021016,30.386991,100,23,61
8893.190533,31.853122,100,23,61
4576.016309,17.116937,100,23,61
2129.638236,56.454465,100,23,61
8733.107638,49.007508,100,23,61
3075.065548,35.571694,100,23,61
697.453763,19.720588,100,23,61
6543.097145,18.009577,100,23,61
8041.633270,35.527891,100,23,61
