Distance,Tx Power,Bandwidth,Subband BW,Subband Offset
5110.244534,20.930843,100,38,45
2934.130534,44.184508,100,38,45
9620.811469,57.417224,100,38,45
6130.483361,29.846812,100,38,45
4163.796186,21.675265,100,38,45
9605.103074,25.973866,100,38,45
6809.644142,34.917182,100,38,45
7248.393843,46.750968,100,38,45
3950.936390,28.173485,100,38,45
2488.293970,16.936026,100,38,45
