Distance,Tx Power,Bandwidth,Subband BW,Subband Offset
3058.580171,49.767446,50,15,22
7137.236507,50.556601,50,15,22
3581.511717,48.061168,50,15,22
9304.926447,56.501380,50,15,22
2773.943427,28.392284,50,15,22
4147.018033,58.077300,50,15,22
3724.771461,26.728366,50,15,22
8695.210313,52.152899,50,15,22
8401.387586,23.052680,50,15,22
1993.482530,59.186683,50,15,22
