Distance,Tx Power,Bandwidth,Subband BW,Subband Offset
9099.721244,48.278348,75,18,10
8626.093837,55.627528,75,18,10
3124.698457,24.373509,75,18,10
8007.469783,58.706020,75,18,10
4350.991995,17.439952,75,18,10
3217.922167,33.062119,75,18,10
1774.621983,30.812931,75,18,10
5089.372657,16.392220,75,18,10
5991.823492,43.518293,75,18,10
6246.330981,47.738979,75,18,10
