Distance,Tx Power,Bandwidth,Subband BW,Subband Offset
4269.260143,42.420965,15,7,3
9688.278073,52.445810,15,7,3
7689.138673,59.938894,15,7,3
9536.648508,26.727107,15,7,3
919.154558,45.273332,15,7,3
7020.362388,29.164142,15,7,3
7088.082804,43.672271,15,7,3
4306.034376,22.123405,15,7,3
5855.740212,27.182552,15,7,3
3241.605962,56.148260,15,7,3
