Distance,Tx Power,Bandwidth,Subband BW,Subband Offset
3239.226730,27.903007,15,6,7
7937.513336,59.505777,15,6,7
7166.423250,51.566342,15,6,7
7772.775715,57.804810,15,6,7
3925.467482,58.377423,15,6,7
8456.058608,58.030314,15,6,7
1552.879812,35.588618,15,6,7
3210.221035,39.663754,15,6,7
2518.319540,50.543412,15,6,7
1551.182632,17.642983,15,6,7
