Distance,Tx Power,Bandwidth,Subband BW,Subband Offset
9181.952732,44.407985,25,18,7
2428.870244,53.173656,25,18,7
280.149011,22.407353,25,18,7
5430.245222,47.448688,25,18,7
8698.740383,53.688457,25,18,7
6501.511555,29.475377,25,18,7
9835.128667,25.353856,25,18,7
6202.097554,34.505444,25,18,7
1400.662684,34.414716,25,18,7
5698.727071,48.872593,25,18,7
