Distance,Tx Power,Bandwidth,Subband BW,Subband Offset
8155.302309,48.977870,15,13,0
6950.304495,56.785735,15,13,0
8789.373175,19.107959,15,13,0
2980.125492,45.338451,15,13,0
6288.624156,56.420030,15,13,0
453.294091,50.896152,15,13,0
7085.683492,29.972916,15,13,0
1334.298320,55.559973,15,13,0
4541.747032,47.613567,15,13,0
3624.709946,16.018986,15,13,0
