Distance,Tx Power,Bandwidth,Subband BW,Subband Offset
8510.754223,40.045513,25,12,0
2280.622906,50.440647,25,12,0
4266.468359,21.385201,25,12,0
4177.735076,32.019861,25,12,0
1220.007983,59.990177,25,12,0
5879.282820,34.158159,25,12,0
4739.281229,39.450707,25,12,0
3110.183046,53.026497,25,12,0
8070.120849,46.879587,25,12,0
2341.335693,41.839491,25,12,0
