Distance,Tx Power,Bandwidth,Subband BW,Subband Offset
6794.001744,42.964976,25,9,1
3299.307626,29.783216,25,9,1
8285.614653,34.442067,25,9,1
5701.409078,26.869588,25,9,1
2087.444903,43.001425,25,9,1
9053.135321,19.189746,25,9,1
6808.653315,34.133558,25,9,1
8648.567519,55.175230,25,9,1
5373.577972,55.976200,25,9,1
7820.816472,40.977851,25,9,1
