Distance,Tx Power,Bandwidth,Subband BW,Subband Offset
1566.829125,21.500855,15,9,1
700.719166,37.821169,15,9,1
8178.891634,44.268752,15,9,1
4231.646490,50.255084,15,9,1
2960.785439,30.685519,15,9,1
8369.909982,52.227706,15,9,1
1362.116312,54.214234,15,9,1
7751.612611,30.497593,15,9,1
3995.777442,31.886389,15,9,1
468.479042,20.988035,15,9,1
