Distance,Tx Power,Bandwidth,Subband BW,Subband Offset
1839.388565,38.252977,25,16,4
3699.543441,34.064067,25,16,4
8154.933268,29.383122,25,16,4
6933.929362,18.130277,25,16,4
8781.260430,58.359075,25,16,4
464.997504,26.125465,25,16,4
8309.391849,53.486741,25,16,4
6870.645212,54.337430,25,16,4
6002.738527,37.796909,25,16,4
5181.125987,22.646463,25,16,4
