Distance,Tx Power,Bandwidth,Subband BW,Subband Offset
5730.272762,44.757626,50,8,20
7865.766094,57.697904,50,8,20
712.796303,15.519451,50,8,20
2311.185843,59.397038,50,8,20
8341.400270,56.505058,50,8,20
3333.513733,22.252137,50,8,20
6682.909586,36.779309,50,8,20
5523.231642,21.501191,50,8,20
3010.083215,43.386931,50,8,20
6738.240778,15.824847,50,8,20
