Distance,Tx Power,Bandwidth,Subband BW,Subband Offset
9886.453740,34.141594,50,19,30
1274.863388,30.332915,50,19,30
1963.648601,52.954772,50,19,30
2068.512197,54.598470,50,19,30
1935.486963,16.373000,50,19,30
3115.342300,57.865510,50,19,30
4240.226611,29.375667,50,19,30
2319.299873,55.311023,50,19,30
670.652988,25.974040,50,19,30
9911.883487,45.113827,50,19,30
