Distance,Tx Power,Bandwidth,Subband BW,Subband Offset
6340.439578,47.202967,75,23,1
1913.798313,54.424407,75,23,1
5432.247443,58.785306,75,23,1
8692.354839,44.710155,75,23,1
6286.476432,34.813692,75,23,1
3588.031164,37.735293,75,23,1
6441.711195,55.927376,75,23,1
5422.572988,41.166180,75,23,1
938.538481,18.451856,75,23,1
5902.872078,21.505415,75,23,1
