Distance,Tx Power,Bandwidth,Subband BW,Subband Offset
9855.716952,47.277930,50,11,0
9677.182259,50.160906,50,11,0
3158.858783,36.605409,50,11,0
4903.001722,46.691551,50,11,0
