Distance,Tx Power,Bandwidth,Subband BW,Subband Offset
5442.575006,24.032470,50,34,9
3540.095814,29.969261,50,34,9
9893.661020,20.494465,50,34,9
8503.783992,22.528874,50,34,9
