Distance,Tx Power,Bandwidth,Subband BW,Subband Offset
3100.155107,54.892398,75,33,12
3041.258617,33.041023,75,33,12
2252.889254,43.787657,75,33,12
1735.710245,37.720108,75,33,12
