Distance,Tx Power,Bandwidth,Subband BW,Subband Offset
5511.528807,29.064988,50,15,24
5557.096008,51.500527,50,15,24
2096.392032,35.034553,50,15,24
8022.319964,52.274678,50,15,24
