Distance,Tx Power,Bandwidth,Subband BW,Subband Offset
2764.546921,19.697120,100,68,17
4762.325283,37.063830,100,68,17
3793.181777,16.937022,100,68,17
8671.592762,27.621311,100,68,17
