Distance,Tx Power,Bandwidth,Subband BW,Subband Offset
7521.829132,33.002133,15,6,8
2567.344752,22.432755,15,6,8
3606.913431,30.307400,15,6,8
9062.012479,18.899189,15,6,8
