Distance,Tx Power,Bandwidth,Subband BW,Subband Offset
2328.041563,44.820336,15,9,1
8159.730486,27.048949,15,9,1
6809.447931,43.241353,15,9,1
4314.822378,34.020939,15,9,1
