Distance,Tx Power,Bandwidth,Subband BW,Subband Offset
3330.954681,45.056894,50,23,8
2375.656275,22.818087,50,23,8
6000.949523,40.159172,50,23,8
7580.937776,35.522654,50,23,8
