Distance,Tx Power,Bandwidth,Subband BW,Subband Offset
143.804135,42.844005,75,12,26
2001.500927,29.877144,75,12,26
2177.310607,49.250454,75,12,26
4253.492637,37.996369,75,12,26
