Distance,Tx Power,Bandwidth,Subband BW,Subband Offset
4332.472446,53.267189,75,66,6
1608.511904,19.008407,75,66,6
4482.111517,24.756631,75,66,6
4038.774105,27.614828,75,66,6
