Distance,Tx Power,Bandwidth,Subband BW,Subband Offset
7555.173146,21.939253,25,10,10
185.916633,55.380897,25,10,10
4058.179520,26.016101,25,10,10
9421.752027,25.052619,25,10,10
