Distance,Tx Power,Bandwidth,Subband BW,Subband Offset
8767.555291,22.586281,15,10,5
2091.200566,51.807987,15,10,5
9518.371377,33.306774,15,10,5
7415.432012,57.039940,15,10,5
