Distance,Tx Power,Bandwidth,Subband BW,Subband Offset
8285.939970,20.155892,75,11,13
8809.557504,37.501414,75,11,13
4849.976236,38.836891,75,11,13
1525.273682,41.446918,75,11,13
