Distance,Tx Power,Bandwidth,Subband BW,Subband Offset
3420.533627,52.213263,25,6,17
9815.870572,39.498084,25,6,17
2586.450520,42.645834,25,6,17
4419.285419,47.251178,25,6,17
