Distance,Tx Power,Bandwidth,Subband BW,Subband Offset
4882.115792,26.582165,25,6,3
811.386734,48.859901,25,6,3
3579.341629,35.508410,25,6,3
8260.240893,52.975018,25,6,3
