Distance,Tx Power,Bandwidth,Subband BW,Subband Offset
8534.113832,22.290573,15,9,3
7432.835267,26.173802,15,9,3
6543.183261,39.787974,15,9,3
5364.803613,20.524012,15,9,3
