Distance,Tx Power,Bandwidth,Subband BW,Subband Offset
934.979954,37.848095,50,27,15
9339.878340,57.667447,50,27,15
993.134404,36.855578,50,27,15
5632.043415,35.617430,50,27,15
