Distance,Tx Power,Bandwidth,Subband BW,Subband Offset
6712.430580,34.679602,25,12,7
869.222317,57.419399,25,12,7
3836.250369,23.099763,25,12,7
4958.419919,46.059397,25,12,7
