Distance,Tx Power,Bandwidth,Subband BW,Subband Offset
7114.131752,41.286360,75,60,9
6780.159646,18.323487,75,60,9
6947.307351,46.654327,75,60,9
4933.649174,36.980820,75,60,9
