Distance,Tx Power,Bandwidth,Subband BW,Subband Offset
3465.011578,28.583988,15,8,6
8536.571626,53.960029,15,8,6
8076.975182,58.093923,15,8,6
4925.434008,24.943194,15,8,6
