Distance,Tx Power,Bandwidth,Subband BW,Subband Offset
7675.085254,46.786441,50,9,31
5388.079872,50.495753,50,9,31
6207.205737,41.571610,50,9,31
4197.055328,53.275784,50,9,31
