Distance,Tx Power,Bandwidth,Subband BW,Subband Offset
8898.544646,58.377777,75,20,23
503.896091,40.300365,75,20,23
8570.104754,30.874385,75,20,23
1499.777421,18.158980,75,20,23
