Distance,Tx Power,Bandwidth,Subband BW,Subband Offset
5669.088942,36.642910,15,6,8
8124.721709,54.724441,15,6,8
6381.820663,57.446321,15,6,8
524.859431,38.936630,15,6,8
