Distance,Tx Power,Bandwidth,Subband BW,Subband Offset
5534.523373,42.923874,75,44,11
5590.834799,48.729400,75,44,11
3092.714483,17.259688,75,44,11
4205.929560,30.362134,75,44,11
