Distance,Tx Power,Bandwidth,Subband BW,Subband Offset
8786.311966,48.082062,50,16,29
8430.645470,15.862375,50,16,29
5501.199823,38.935890,50,16,29
7423.079104,53.333736,50,16,29
