Distance,Tx Power,Bandwidth,Subband BW,Subband Offset
2478.589291,54.009933,100,73,15
5962.667530,50.311711,100,73,15
2306.659833,20.661526,100,73,15
255.458848,34.795746,100,73,15
