Distance,Tx Power,Bandwidth,Subband BW,Subband Offset
7003.113891,34.927809,100,15,82
2127.531567,23.626326,100,15,82
1623.578809,28.000269,100,15,82
269.800617,41.067756,100,15,82
