Distance,Tx Power,Bandwidth,Subband BW,Subband Offset
3512.522162,26.322773,100,6,27
7869.661521,48.177984,100,6,27
953.800105,53.723127,100,6,27
3330.652081,28.967457,100,6,27
