Distance,Tx Power,Bandwidth,Subband BW,Subband Offset
1572.363911,20.322392,100,15,74
9242.260316,53.733521,100,15,74
827.580901,51.383954,100,15,74
9726.888234,15.255395,100,15,74
