Distance,Tx Power,Bandwidth,Subband BW,Subband Offset
3289.668024,43.313268,15,6,6
2568.835671,31.350019,15,6,6
8044.862362,22.425907,15,6,6
7264.449908,24.411553,15,6,6
