Distance,Tx Power,Bandwidth,Subband BW,Subband Offset
6497.159421,35.969476,25,7,12
2924.199517,43.404917,25,7,12
6156.167855,27.194399,25,7,12
642.970597,26.737640,25,7,12
