Distance,Tx Power,Bandwidth,Subband BW,Subband Offset
9878.485150,48.620798,25,12,1
9819.146469,56.834250,25,12,1
2229.701853,17.527895,25,12,1
1649.404643,21.056373,25,12,1
