Distance,Tx Power,Bandwidth,Subband BW,Subband Offset
5039.234828,21.848179,15,7,4
6634.608855,57.524061,15,7,4
8537.039766,31.700148,15,7,4
2906.707612,19.077249,15,7,4
