Distance,Tx Power,Bandwidth,Subband BW,Subband Offset
8121.078774,30.504934,50,19,9
4592.617760,15.622145,50,19,9
4244.771131,24.254483,50,19,9
8133.723667,21.193974,50,19,9
