Distance,Tx Power,Bandwidth,Subband BW,Subband Offset
6254.321918,46.358779,25,13,1
334.396911,46.571753,25,13,1
1987.685206,27.407566,25,13,1
7673.238315,31.323916,25,13,1
