Distance,Tx Power,Bandwidth,Subband BW,Subband Offset
6538.457708,17.789275,15,6,8
7340.987790,40.287867,15,6,8
2711.705016,36.155230,15,6,8
8195.119881,55.400331,15,6,8
