Distance,Tx Power,Bandwidth,Subband BW,Subband Offset
2505.058783,41.617363,25,8,9
5404.005602,35.049784,25,8,9
6601.314540,36.997864,25,8,9
6645.573162,40.997832,25,8,9
