Distance,Tx Power,Bandwidth,Subband BW,Subband Offset
1389.335620,18.826168,15,9,4
9210.600532,42.670754,15,9,4
3529.311826,35.916636,15,9,4
6989.843401,45.424588,15,9,4
