Distance,Tx Power,Bandwidth,Subband BW,Subband Offset
1809.898510,26.275075,15,12,2
2004.522316,33.572881,15,12,2
185.238920,24.641643,15,12,2
1859.871487,36.178203,15,12,2
