Distance,Tx Power,Bandwidth,Subband BW,Subband Offset
4734.357405,17.112827,100,58,33
6391.534785,15.212312,100,58,33
7159.803524,50.475717,100,58,33
5468.662312,58.783508,100,58,33
