Distance,Tx Power,Bandwidth,Subband BW,Subband Offset
2445.963217,43.289422,25,11,4
6726.589747,24.349034,25,11,4
8233.524329,38.718097,25,11,4
8631.769791,34.019792,25,11,4
