Distance,Tx Power,Bandwidth,Subband BW,Subband Offset
8938.145430,40.580338,100,33,2
7384.980015,31.783162,100,33,2
3866.756675,43.278143,100,33,2
7881.071987,20.782872,100,33,2
