Distance,Tx Power,Bandwidth,Subband BW,Subband Offset
7207.008399,30.138976,15,7,2
3686.427298,46.587645,15,7,2
8236.959877,26.116815,15,7,2
4109.151476,57.442889,15,7,2
