Distance,Tx Power,Bandwidth,Subband BW,Subband Offset
7660.726374,36.863625,25,7,18
5943.881181,48.597265,25,7,18
5849.097791,20.808507,25,7,18
154.302578,48.948947,25,7,18
