Distance,Tx Power,Bandwidth,Subband BW,Subband Offset
7701.619779,34.454049,100,40,12
3949.589413,54.719562,100,40,12
7744.458800,36.874148,100,40,12
896.562220,33.686963,100,40,12
