Distance,Tx Power,Bandwidth,Subband BW,Subband Offset
7860.367682,55.056634,25,7,13
3317.676877,44.141968,25,7,13
8865.812921,29.362043,25,7,13
6317.955595,41.495798,25,7,13
