Distance,Tx Power,Bandwidth,Subband BW,Subband Offset
6773.679964,50.495980,25,13,0
1781.380276,32.123408,25,13,0
4110.874622,31.609615,25,13,0
978.872865,47.240584,25,13,0
