Distance,Tx Power,Bandwidth,Subband BW,Subband Offset
6091.857067,29.903954,100,47,18
2883.979321,29.828951,100,47,18
8776.567584,42.715018,100,47,18
5701.435736,45.566459,100,47,18
