Distance,Tx Power,Bandwidth,Subband BW,Subband Offset
8177.895981,32.783187,25,6,16
1878.157215,50.574335,25,6,16
9211.244111,43.493845,25,6,16
3088.655123,30.478495,25,6,16
