Distance,Tx Power,Bandwidth,Subband BW,Subband Offset
3955.893858,15.160804,50,33,16
3049.119815,29.944120,50,33,16
3436.684017,46.510652,50,33,16
8199.791621,39.264128,50,33,16
