Distance,Tx Power,Bandwidth,Subband BW,Subband Offset
657.927467,19.452861,50,36,5
7467.942230,46.481874,50,36,5
3363.570586,32.434423,50,36,5
2061.013883,19.794386,50,36,5
