Distance,Tx Power,Bandwidth,Subband BW,Subband Offset
2651.267671,57.554757,100,46,47
3054.416987,40.018685,100,46,47
286.266220,45.781416,100,46,47
4760.581549,40.155218,100,46,47
