Distance,Tx Power,Bandwidth,Subband BW,Subband Offset
8992.371986,35.167543,75,40,8
2757.184925,56.909187,75,40,8
8826.305374,44.578873,75,40,8
7652.965325,40.273409,75,40,8
