Distance,Tx Power,Bandwidth,Subband BW,Subband Offset
8692.596768,42.481683,15,6,7
8596.232013,38.471009,15,6,7
572.795186,29.787323,15,6,7
7978.738491,21.802890,15,6,7
