Distance,Tx Power,Bandwidth,Subband BW,Subband Offset
7485.887417,23.295362,25,15,1
8593.287085,27.153152,25,15,1
5879.220495,21.743524,25,15,1
9764.024483,15.790481,25,15,1
