Distance,Tx Power,Bandwidth,Subband BW,Subband Offset
6667.039342,40.593589,15,6,7
8696.332156,36.325416,15,6,7
4689.061946,29.404522,15,6,7
4118.895749,54.701368,15,6,7
