Distance,Tx Power,Bandwidth,Subband BW,Subband Offset
2567.789330,58.011128,75,57,8
8708.011652,49.187263,75,57,8
8145.845813,21.157646,75,57,8
1398.859680,43.038370,75,57,8
