Distance,Tx Power,Bandwidth,Subband BW,Subband Offset
6412.526557,59.651970,15,6,6
539.664934,34.902536,15,6,6
9263.113159,47.074893,15,6,6
648.098626,35.231647,15,6,6
