Distance,Tx Power,Bandwidth,Subband BW,Subband Offset
7464.054410,48.827952,100,23,26
1813.939665,56.362937,100,23,26
4565.179605,40.829206,100,23,26
7584.739622,44.121271,100,23,26
