Distance,Tx Power,Bandwidth,Subband BW,Subband Offset
5003.672077,46.361274,15,7,7
4314.091964,57.200401,15,7,7
3753.770722,33.305066,15,7,7
2079.577952,49.191039,15,7,7
