Distance,Tx Power,Bandwidth,Subband BW,Subband Offset
8776.894398,52.722670,15,10,2
9502.710603,46.444787,15,10,2
8582.576954,52.577220,15,10,2
6134.666497,34.723287,15,10,2
