Distance,Tx Power,Bandwidth,Subband BW,Subband Offset
154.554920,33.105909,75,18,29
9744.548373,17.877822,75,18,29
8918.064991,16.766664,75,18,29
5047.600685,47.642136,75,18,29
