Distance,Tx Power,Bandwidth,Subband BW,Subband Offset
7990.129333,35.501186,50,10,35
2559.941652,56.961691,50,10,35
1183.690812,47.748532,50,10,35
8499.580485,56.726215,50,10,35
