Distance,Tx Power,Bandwidth,Subband BW,Subband Offset
5974.581066,49.913130,25,20,5
4866.805807,57.658562,25,20,5
6983.680620,56.629126,25,20,5
560.758892,35.171973,25,20,5
