Distance,Tx Power,Bandwidth,Subband BW,Subband Offset
7339.558655,22.138237,100,10,11
4307.978678,50.492450,100,10,11
6300.854442,39.626016,100,10,11
2849.190326,17.255093,100,10,11
