Distance,Tx Power,Bandwidth,Subband BW,Subband Offset
9037.366259,35.284760,25,19,0
1758.397314,46.737566,25,19,0
3378.141902,32.671353,25,19,0
3598.434080,39.695881,25,19,0
