Distance,Tx Power,Bandwidth,Subband BW,Subband Offset
6334.660553,26.194733,50,40,9
7875.563571,18.829747,50,40,9
7175.005531,39.777819,50,40,9
7135.297866,58.535678,50,40,9
