Distance,Tx Power,Bandwidth,Subband BW,Subband Offset
6696.970479,31.966227,50,43,6
2232.175779,18.554012,50,43,6
3435.678300,15.148179,50,43,6
9176.038878,35.395489,50,43,6
