Distance,Tx Power,Bandwidth,Subband BW,Subband Offset
9094.513349,58.431718,50,15,14
9208.656287,35.362543,50,15,14
1232.281341,19.488426,50,15,14
8828.507775,18.490878,50,15,14
