Distance,Tx Power,Bandwidth,Subband BW,Subband Offset
7039.827005,32.792448,100,57,26
1325.856337,59.437033,100,57,26
8201.900132,20.590684,100,57,26
9382.312379,38.637682,100,57,26
