Distance,Tx Power,Bandwidth,Subband BW,Subband Offset
3453.000145,23.197807,50,9,10
7495.157202,43.729883,50,9,10
5685.900112,40.917863,50,9,10
1396.131667,52.651954,50,9,10
