Distance,Tx Power,Bandwidth,Subband BW,Subband Offset
7974.960021,47.079623,100,71,24
491.548485,47.426966,100,71,24
4747.515287,41.381863,100,71,24
7717.287744,59.995871,100,71,24
