Distance,Tx Power,Bandwidth,Subband BW,Subband Offset
448.227048,55.037549,15,8,1
2549.434759,22.423218,15,8,1
8298.428471,39.080077,15,8,1
144.865274,29.135574,15,8,1
