Distance,Tx Power,Bandwidth,Subband BW,Subband Offset
7838.503044,59.833516,50,7,19
2677.109178,54.345936,50,7,19
5617.515717,52.544077,50,7,19
4032.868134,15.109793,50,7,19
