Distance,Tx Power,Bandwidth,Subband BW,Subband Offset
2106.089782,40.885282,15,12,1
6540.626748,32.534433,15,12,1
358.137328,40.786369,15,12,1
1884.467178,19.409763,15,12,1
