Distance,Tx Power,Bandwidth,Subband BW,Subband Offset
1408.198879,55.035685,100,65,18
8373.776273,28.765866,100,65,18
3114.650001,18.993522,100,65,18
6684.870111,49.613301,100,65,18
