Distance,Tx Power,Bandwidth,Subband BW,Subband Offset
1350.943699,47.641210,50,25,19
3895.253814,50.637366,50,25,19
3673.801308,50.580411,50,25,19
7092.535681,55.519762,50,25,19
