Distance,Tx Power,Bandwidth,Subband BW,Subband Offset
1892.058017,40.793651,15,6,2
5250.616934,56.047440,15,6,2
5526.279155,21.330194,15,6,2
7290.354441,33.760371,15,6,2
