Distance,Tx Power,Bandwidth,Subband BW,Subband Offset
4869.538801,15.824564,50,20,3
9889.789926,22.891506,50,20,3
1950.122560,37.482347,50,20,3
8405.857353,34.016375,50,20,3
