Distance,Tx Power,Bandwidth,Subband BW,Subband Offset
4995.735878,40.462547,100,31,20
2613.958180,17.148478,100,31,20
486.485188,38.743139,100,31,20
4016.246057,24.807663,100,31,20
