Distance,Tx Power,Bandwidth,Subband BW,Subband Offset
1861.076295,32.962724,25,9,15
1781.864962,39.745629,25,9,15
9675.411674,32.285576,25,9,15
3138.409235,23.307824,25,9,15
