Distance,Tx Power,Bandwidth,Subband BW,Subband Offset
8947.238243,56.669167,75,18,21
7742.398922,22.239786,75,18,21
6006.959554,16.971404,75,18,21
363.079588,31.410192,75,18,21
