Distance,Tx Power,Bandwidth,Subband BW,Subband Offset
4404.491930,28.755647,100,69,3
8060.089726,21.458602,100,69,3
8292.272756,45.563356,100,69,3
6217.991844,16.085977,100,69,3
