Distance,Tx Power,Bandwidth,Subband BW,Subband Offset
3353.647873,39.807166,100,6,19
6783.144725,52.580754,100,6,19
3826.073724,32.442475,100,6,19
995.949938,28.363204,100,6,19
