Distance,Tx Power,Bandwidth,Subband BW,Subband Offset
8689.202817,42.635888,75,17,38
7501.050159,48.429788,75,17,38
5285.221408,16.642049,75,17,38
8245.649184,37.816329,75,17,38
