Distance,Tx Power,Bandwidth,Subband BW,Subband Offset
9703.249715,23.994116,15,6,7
1577.510881,44.667043,15,6,7
288.597090,38.541492,15,6,7
838.642020,46.894671,15,6,7
