Distance,Tx Power,Bandwidth,Subband BW,Subband Offset
4922.882918,16.590660,15,7,2
8703.518086,43.112629,15,7,2
150.134910,27.748762,15,7,2
9793.922411,31.652618,15,7,2
