Distance,Tx Power,Bandwidth,Subband BW,Subband Offset
9706.642223,27.434882,100,55,8
2243.548147,44.679531,100,55,8
2835.856363,44.492801,100,55,8
8534.192180,24.672514,100,55,8
