Distance,Tx Power,Bandwidth,Subband BW,Subband Offset
9950.347664,27.914228,75,51,12
6042.871709,48.659852,75,51,12
1259.049059,22.602379,75,51,12
1833.940639,18.540205,75,51,12
