Distance,Tx Power,Bandwidth,Subband BW,Subband Offset
7436.072361,21.208807,25,11,2
5197.527338,23.512569,25,11,2
4618.490885,35.640718,25,11,2
5528.915577,59.600870,25,11,2
