Distance,Tx Power,Bandwidth,Subband BW,Subband Offset
2483.662275,34.885514,50,15,33
4573.563551,47.747927,50,15,33
8389.947695,57.597654,50,15,33
7137.231782,33.090972,50,15,33
