Distance,Tx Power,Bandwidth,Subband BW,Subband Offset
2947.125702,38.102114,100,35,30
876.024788,52.340574,100,35,30
9596.053048,17.782226,100,35,30
1457.332962,30.963783,100,35,30
