Distance,Tx Power,Bandwidth,Subband BW,Subband Offset
4711.672471,48.077822,100,57,13
8949.496660,59.327231,100,57,13
9191.603663,49.289910,100,57,13
5041.990895,29.514886,100,57,13
