Distance,Tx Power,Bandwidth,Subband BW,Subband Offset
5213.830448,23.719255,25,10,6
1367.179557,53.712343,25,10,6
7887.723238,57.084633,25,10,6
8512.298559,29.102091,25,10,6
