Distance,Tx Power,Bandwidth,Subband BW,Subband Offset
3956.230558,31.712740,25,24,1
4367.682601,51.605620,25,24,1
9600.074875,30.584593,25,24,1
6456.000372,53.353763,25,24,1
