Distance,Tx Power,Bandwidth,Subband BW,Subband Offset
1523.708158,20.937652,15,6,0
8552.020191,23.027524,15,6,0
1631.900185,59.704786,15,6,0
4594.553742,16.502822,15,6,0
