Distance,Tx Power,Bandwidth,Subband BW,Subband Offset
8000.974092,27.277750,75,34,7
6133.248481,25.859906,75,34,7
4044.552113,28.457362,75,34,7
2680.235286,36.126228,75,34,7
