Distance,Tx Power,Bandwidth,Subband BW,Subband Offset
2008.865357,30.546420,25,11,8
9978.431715,53.651881,25,11,8
3278.539299,55.096703,25,11,8
2619.727549,23.380441,25,11,8
