Distance,Tx Power,Bandwidth,Subband BW,Subband Offset
9892.433808,24.521514,100,89,3
4834.788309,54.953712,100,89,3
9496.923400,52.459688,100,89,3
7970.618213,20.744455,100,89,3
