Distance,Tx Power,Bandwidth,Subband BW,Subband Offset
1009.418843,35.215033,25,14,11
8880.116915,42.758052,25,14,11
4445.083704,25.898704,25,14,11
3758.276584,18.503636,25,14,11
