Distance,Tx Power,Bandwidth,Subband BW,Subband Offset
9243.158943,35.482361,15,10,0
677.234506,18.280946,15,10,0
757.722655,59.744661,15,10,0
296.744342,16.051607,15,10,0
