Distance,Tx Power,Bandwidth,Subband BW,Subband Offset
5315.921226,18.326130,50,12,32
6721.529131,37.711810,50,12,32
3108.600852,24.606952,50,12,32
2815.866242,52.622843,50,12,32
