Distance,Tx Power,Bandwidth,Subband BW,Subband Offset
7969.990859,57.924024,100,62,2
2889.403987,41.239977,100,62,2
950.766505,27.887843,100,62,2
2661.530132,48.238301,100,62,2
