Distance,Tx Power,Bandwidth,Subband BW,Subband Offset
838.920032,39.240439,100,25,14
8097.507734,28.084723,100,25,14
9258.420005,49.533548,100,25,14
4116.139592,50.413747,100,25,14
