Distance,Tx Power,Bandwidth,Subband BW,Subband Offset
1710.242571,21.878335,75,59,3
251.731499,16.879867,75,59,3
7129.792897,25.055401,75,59,3
8818.238262,30.565640,75,59,3
