Distance,Tx Power,Bandwidth,Subband BW,Subband Offset
5741.090159,20.899332,50,19,24
3423.016851,40.252543,50,19,24
4547.507456,49.902831,50,19,24
8998.571590,47.047965,50,19,24
