Distance,Tx Power,Bandwidth,Subband BW,Subband Offset
1911.009790,47.934848,50,24,24
7875.285775,31.548211,50,24,24
3932.383931,43.484414,50,24,24
3152.448271,55.930149,50,24,24
