Distance,Tx Power,Bandwidth,Subband BW,Subband Offset
3023.977769,52.564843,100,37,53
8008.525295,32.587660,100,37,53
7222.198536,51.213588,100,37,53
7538.017507,31.335973,100,37,53
