Distance,Tx Power,Bandwidth,Subband BW,Subband Offset
5723.774694,57.961314,75,7,51
919.313957,54.681345,75,7,51
8516.700001,41.704591,75,7,51
6200.061644,15.243329,75,7,51
