Distance,Tx Power,Bandwidth,Subband BW,Subband Offset
6645.714632,32.752420,15,9,5
3393.364636,27.439546,15,9,5
4636.574472,29.670573,15,9,5
2443.984662,36.323909,15,9,5
