Distance,Tx Power,Bandwidth,Subband BW,Subband Offset
4138.877027,30.920821,25,7,10
4162.515890,21.235281,25,7,10
9470.144703,46.762092,25,7,10
1787.364157,54.289977,25,7,10
