Distance,Tx Power,Bandwidth,Subband BW,Subband Offset
7023.662237,18.859451,15,12,2
4933.553256,28.159281,15,12,2
8016.895063,57.817282,15,12,2
6364.204508,53.156226,15,12,2
