Distance,Tx Power,Bandwidth,Subband BW,Subband Offset
8924.455531,38.913757,100,33,65
8414.417661,55.300138,100,33,65
7344.277446,53.175914,100,33,65
9978.283499,15.609958,100,33,65
