Distance,Tx Power,Bandwidth,Subband BW,Subband Offset
8324.549214,41.565223,50,20,10
8267.652713,37.856332,50,20,10
879.435002,48.005417,50,20,10
6803.525483,20.026711,50,20,10
