Distance,Tx Power,Bandwidth,Subband BW,Subband Offset
4534.722581,35.025873,75,27,10
4485.474426,43.500322,75,27,10
4195.007277,30.256027,75,27,10
2416.464817,34.583643,75,27,10
