Distance,Tx Power,Bandwidth,Subband BW,Subband Offset
7261.578198,17.685189,100,63,26
1482.986136,42.957056,100,63,26
6094.653251,56.503328,100,63,26
2225.346944,17.441618,100,63,26
