Distance,Tx Power,Bandwidth,Subband BW,Subband Offset
8463.929661,21.861194,100,77,7
8131.333681,45.023137,100,77,7
8297.854495,37.455911,100,77,7
320.146018,57.934668,100,77,7
