Distance,Tx Power,Bandwidth,Subband BW,Subband Offset
6504.658281,21.275102,75,42,27
5198.704700,59.170383,75,42,27
250.648772,26.067725,75,42,27
6662.640215,54.568081,75,42,27
