Distance,Tx Power,Bandwidth,Subband BW,Subband Offset
1313.198735,28.492523,100,9,25
6818.109951,53.588656,100,9,25
2923.684925,22.364361,100,9,25
4704.433940,18.138633,100,9,25
