Distance,Tx Power,Bandwidth,Subband BW,Subband Offset
5546.933571,15.792370,100,71,7
7808.310141,48.177309,100,71,7
5523.730734,21.481003,100,71,7
1705.775560,33.622701,100,71,7
