Distance,Tx Power,Bandwidth,Subband BW,Subband Offset
4243.085762,38.812839,100,47,16
4035.961894,44.303048,100,47,16
2638.179851,20.094999,100,47,16
6249.797596,29.045884,100,47,16
