Distance,Tx Power,Bandwidth,Subband BW,Subband Offset
8980.070870,31.069104,25,15,4
2093.900827,18.199219,25,15,4
5686.308847,20.237890,25,15,4
197.986647,25.182475,25,15,4
