Distance,Tx Power,Bandwidth,Subband BW,Subband Offset
6509.449680,45.660102,100,25,56
542.840211,59.780497,100,25,56
2710.248043,19.498221,100,25,56
8930.622605,54.073342,100,25,56
