Distance,Tx Power,Bandwidth,Subband BW,Subband Offset
5286.243494,50.472022,100,86,8
7935.028875,30.981838,100,86,8
5742.668694,50.038862,100,86,8
7250.315964,34.279197,100,86,8
