Distance,Tx Power,Bandwidth,Subband BW,Subband Offset
4865.292946,40.240962,75,10,41
4712.055287,31.273828,75,10,41
1839.730046,41.729409,75,10,41
2466.718107,40.500356,75,10,41
