Distance,Tx Power,Bandwidth,Subband BW,Subband Offset
3725.725610,55.492444,100,35,48
510.022702,48.242759,100,35,48
1407.716572,52.220377,100,35,48
5854.273593,31.503778,100,35,48
