Distance,Tx Power,Bandwidth,Subband BW,Subband Offset
9243.991033,33.277237,50,32,13
7421.096942,20.385187,50,32,13
6266.169352,30.401262,50,32,13
8843.401497,42.174112,50,32,13
