Distance,Tx Power,Bandwidth,Subband BW,Subband Offset
9777.565159,19.065166,100,55,2
3109.515128,41.730020,100,55,2
6083.734459,33.351354,100,55,2
2001.218883,58.752100,100,55,2
