Distance,Tx Power,Bandwidth,Subband BW,Subband Offset
1062.076938,45.284914,50,15,35
9285.615861,29.492318,50,15,35
9721.074790,38.313424,50,15,35
978.917965,31.698164,50,15,35
