Distance,Tx Power,Bandwidth,Subband BW,Subband Offset
1263.064868,46.749556,15,11,2
1729.836382,45.209373,15,11,2
4433.147206,55.742601,15,11,2
9832.280454,25.054800,15,11,2
