Distance,Tx Power,Bandwidth,Subband BW,Subband Offset
7123.324527,48.442023,100,10,16
7794.719367,53.454012,100,10,16
1472.104317,25.542896,100,10,16
8413.766198,55.937532,100,10,16
