Distance,Tx Power,Bandwidth,Subband BW,Subband Offset
6902.059966,42.927048,15,7,3
8654.134926,43.506316,15,7,3
8430.659509,58.377622,15,7,3
4374.371106,33.775369,15,7,3
