Distance,Tx Power,Bandwidth,Subband BW,Subband Offset
8466.842759,55.011592,50,30,4
6722.959555,55.179249,50,30,4
9299.648216,56.909233,50,30,4
3360.528967,31.965232,50,30,4
