Distance,Tx Power,Bandwidth,Subband BW,Subband Offset
9408.139464,56.237080,50,10,29
3681.095881,17.858079,50,10,29
8949.160687,23.590495,50,10,29
7422.268106,17.316015,50,10,29
