Distance,Tx Power,Bandwidth,Subband BW,Subband Offset
6678.052084,40.672668,15,10,2
3166.271098,17.151984,15,10,2
7580.480611,41.025342,15,10,2
8215.643660,45.082054,15,10,2
