Distance,Tx Power,Bandwidth,Subband BW,Subband Offset
8369.873025,20.841370,75,33,0
399.531386,44.147361,75,33,0
6802.291521,25.452941,75,33,0
8372.101286,33.810898,75,33,0
