Distance,Tx Power,Bandwidth,Subband BW,Subband Offset
3902.379781,40.173279,25,6,19
9056.289895,37.519369,25,6,19
2088.684262,23.672928,25,6,19
7334.150270,42.291695,25,6,19
