Distance,Tx Power,Bandwidth,Subband BW,Subband Offset
9665.632573,21.960664,100,38,1
9811.027696,37.000921,100,38,1
3688.181320,32.895334,100,38,1
6321.558783,48.460506,100,38,1
