Distance,Tx Power,Bandwidth,Subband BW,Subband Offset
4456.501427,57.046897,50,28,13
8416.046848,32.818598,50,28,13
8557.677254,15.832029,50,28,13
9366.237095,45.761826,50,28,13
