Distance,Tx Power,Bandwidth,Subband BW,Subband Offset
3021.527056,26.903041,100,48,14
4635.073134,41.148796,100,48,14
3506.328090,50.084067,100,48,14
8441.044261,49.532834,100,48,14
