Distance,Tx Power,Bandwidth,Subband BW,Subband Offset
2486.635005,50.358887,75,48,19
5702.557999,25.134307,75,48,19
6786.086021,42.906890,75,48,19
9111.195985,19.016634,75,48,19
