Distance,Tx Power,Bandwidth,Subband BW,Subband Offset
3809.310929,19.803699,15,13,2
6173.772280,50.063787,15,13,2
9930.721279,20.825093,15,13,2
9431.792199,20.802592,15,13,2
