Distance,Tx Power,Bandwidth,Subband BW,Subband Offset
6248.594333,26.904928,75,11,56
5275.409962,32.449701,75,11,56
174.772444,54.707228,75,11,56
5083.738799,53.162111,75,11,56
