Distance,Tx Power,Bandwidth,Subband BW,Subband Offset
7699.418285,52.566583,75,38,3
3908.120061,37.327785,75,38,3
6639.699734,25.504315,75,38,3
7220.010167,44.976905,75,38,3
