Distance,Tx Power,Bandwidth,Subband BW,Subband Offset
3321.026393,40.533985,75,11,57
1303.453565,48.324507,75,11,57
6677.917110,59.459397,75,11,57
4859.970597,39.700006,75,11,57
