Distance,Tx Power,Bandwidth,Subband BW,Subband Offset
2216.250791,42.466907,25,11,10
901.413741,31.124483,25,11,10
3955.158105,25.727862,25,11,10
4790.003152,56.677419,25,11,10
