Distance,Tx Power,Bandwidth,Subband BW,Subband Offset
9927.513351,36.598503,50,10,10
476.240023,54.987632,50,10,10
2262.784411,39.694649,50,10,10
4831.573383,35.204397,50,10,10
