Distance,Tx Power,Bandwidth,Subband BW,Subband Offset
7708.118859,41.338996,75,24,15
4856.776481,20.929218,75,24,15
9626.521980,49.500270,75,24,15
1868.550079,28.105277,75,24,15
