Distance,Tx Power,Bandwidth,Subband BW,Subband Offset
6420.856752,30.978893,100,16,26
3461.990085,53.087340,100,16,26
7363.996636,29.846152,100,16,26
4813.410967,40.625228,100,16,26
