Distance,Tx Power,Bandwidth,Subband BW,Subband Offset
8058.574744,41.766382,50,23,18
9635.910325,54.337088,50,23,18
1538.207983,27.102439,50,23,18
4431.780981,20.007434,50,23,18
