Distance,Tx Power,Bandwidth,Subband BW,Subband Offset
8368.533345,22.779305,100,40,1
316.387870,19.100343,100,40,1
7504.353778,35.221456,100,40,1
9677.619332,31.810005,100,40,1
