Distance,Tx Power,Bandwidth,Subband BW,Subband Offset
9342.784459,21.757381,25,10,1
5863.072691,25.633192,25,10,1
3210.073948,23.596791,25,10,1
8078.608589,16.637718,25,10,1
