Distance,Tx Power,Bandwidth,Subband BW,Subband Offset
8667.951711,47.719702,75,35,35
7761.243513,38.843149,75,35,35
1053.801271,49.175558,75,35,35
1402.348348,16.617426,75,35,35
