Distance,Tx Power,Bandwidth,Subband BW,Subband Offset
4070.501864,41.693774,50,46,3
9659.129472,33.832741,50,46,3
5012.027695,36.650184,50,46,3
6616.734167,34.582118,50,46,3
