Distance,Tx Power,Bandwidth,Subband BW,Subband Offset
6354.330799,47.232303,75,10,32
8016.267012,32.041990,75,10,32
9042.555285,39.509883,75,10,32
9944.062236,32.995516,75,10,32
