Distance,Tx Power,Bandwidth,Subband BW,Subband Offset
1612.000432,23.150304,75,67,8
7479.473547,22.641318,75,67,8
2833.934469,24.786554,75,67,8
540.978025,36.433348,75,67,8
