Distance,Tx Power,Bandwidth,Subband BW,Subband Offset
3843.130821,57.136494,100,28,47
5775.494592,39.747178,100,28,47
3626.309601,28.047625,100,28,47
1444.753579,34.018033,100,28,47
