Distance,Tx Power,Bandwidth,Subband BW,Subband Offset
1624.204860,58.727745,50,9,16
3235.833133,24.132729,50,9,16
1581.611979,33.693445,50,9,16
7586.011561,29.634427,50,9,16
