Distance,Tx Power,Bandwidth,Subband BW,Subband Offset
3540.633453,28.912192,25,11,7
5070.191698,33.727331,25,11,7
6825.830874,38.706646,25,11,7
1498.922721,16.330577,25,11,7
