Distance,Tx Power,Bandwidth,Subband BW,Subband Offset
2631.906245,37.180828,15,9,1
7460.573316,22.273616,15,9,1
662.712012,27.005301,15,9,1
1447.829559,28.503959,15,9,1
