Distance,Tx Power,Bandwidth,Subband BW,Subband Offset
6966.807625,54.056975,15,7,0
7373.662464,15.442395,15,7,0
5331.032119,28.799144,15,7,0
2353.878118,55.817913,15,7,0
