Distance,Tx Power,Bandwidth,Subband BW,Subband Offset
2574.805118,48.622772,15,10,5
7596.775534,27.501961,15,10,5
5539.709612,54.840009,15,10,5
323.446499,15.396162,15,10,5
