Distance,Tx Power,Bandwidth,Subband BW,Subband Offset
2183.459821,32.400333,75,47,7
1394.317615,33.727290,75,47,7
8514.300259,42.042992,75,47,7
3924.770374,23.392145,75,47,7
