Distance,Tx Power,Bandwidth,Subband BW,Subband Offset
845.610050,27.903818,15,9,4
5731.973357,36.472462,15,9,4
6359.557631,49.186654,15,9,4
7597.584929,27.463390,15,9,4
