Distance,Tx Power,Bandwidth,Subband BW,Subband Offset
9931.103675,30.231842,50,22,7
1616.599233,24.928271,50,22,7
2117.422413,43.535561,50,22,7
365.722362,44.603049,50,22,7
