Distance,Tx Power,Bandwidth,Subband BW,Subband Offset
7587.042408,50.831346,75,23,0
7272.428488,51.117917,75,23,0
6856.609166,37.229754,75,23,0
5660.862246,23.433363,75,23,0
