Distance,Tx Power,Bandwidth,Subband BW,Subband Offset
5330.147625,25.474377,50,9,12
4167.889746,57.309378,50,9,12
1694.764960,57.488052,50,9,12
1952.941405,33.580480,50,9,12
