Distance,Tx Power,Bandwidth,Subband BW,Subband Offset
1811.069482,33.454227,50,8,40
4794.850298,32.327543,50,8,40
4363.818642,18.362598,50,8,40
8822.821765,22.971299,50,8,40
