Distance,Tx Power,Bandwidth,Subband BW,Subband Offset
1404.504199,35.826251,50,11,10
6213.143759,28.908831,50,11,10
3054.545825,15.414195,50,11,10
7436.060182,27.947146,50,11,10
