Distance,Tx Power,Bandwidth,Subband BW,Subband Offset
4538.193604,49.346640,25,6,13
5864.162678,58.212289,25,6,13
5953.495884,35.345399,25,6,13
8732.522288,47.048131,25,6,13
