Distance,Tx Power,Bandwidth,Subband BW,Subband Offset
4431.709691,23.732382,25,15,6
4402.477759,51.844207,25,15,6
9028.258778,15.087213,25,15,6
9385.651325,52.766283,25,15,6
