Distance,Tx Power,Bandwidth,Subband BW,Subband Offset
533.360160,26.861389,15,8,6
4898.225832,48.396094,15,8,6
781.674687,44.215406,15,8,6
4376.872678,51.552075,15,8,6
