Distance,Tx Power,Bandwidth,Subband BW,Subband Offset
4973.311740,53.171245,15,8,2
7805.407280,22.794285,15,8,2
2057.078726,18.340683,15,8,2
3643.046107,58.586015,15,8,2
