Distance,Tx Power,Bandwidth,Subband BW,Subband Offset
671.862809,46.347837,25,21,2
8449.731769,41.059385,25,21,2
2756.285554,48.447851,25,21,2
694.047373,18.359831,25,21,2
