Distance,Tx Power,Bandwidth,Subband BW,Subband Offset
8696.060296,38.856586,50,43,7
2818.435723,38.393438,50,43,7
3451.121274,36.751533,50,43,7
8931.018877,47.428292,50,43,7
