Distance,Tx Power,Bandwidth,Subband BW,Subband Offset
967.235030,56.405384,75,54,4
5308.578922,52.237703,75,54,4
7479.734937,40.816890,75,54,4
1561.483706,31.446809,75,54,4
