Distance,Tx Power,Bandwidth,Subband BW,Subband Offset
1935.366605,16.578855,15,10,0
1260.566074,56.587624,15,10,0
1090.599484,53.508075,15,10,0
6920.995349,31.710274,15,10,0
