Distance,Tx Power,Bandwidth,Subband BW,Subband Offset
4090.330285,16.374607,75,23,11
1896.438889,29.093428,75,23,11
2673.127031,17.272621,75,23,11
4285.622576,19.189156,75,23,11
