Distance,Tx Power,Bandwidth,Subband BW,Subband Offset
1608.845107,38.460179,25,25,0
9357.538875,43.315100,25,25,0
4464.019040,34.910398,25,25,0
3519.891277,24.962199,25,25,0
