Distance,Tx Power,Bandwidth,Subband BW,Subband Offset
6566.375321,18.317036,50,29,15
3951.942186,51.335182,50,29,15
297.245518,44.547726,50,29,15
1599.567335,18.165456,50,29,15
