Distance,Tx Power,Bandwidth,Subband BW,Subband Offset
6367.234638,22.461939,50,23,4
1754.408699,51.545389,50,23,4
8917.261286,42.396182,50,23,4
410.993927,46.896623,50,23,4
