Distance,Tx Power,Bandwidth,Subband BW,Subband Offset
5547.010330,40.561257,50,21,21
7620.867762,20.760193,50,21,21
1654.803468,59.533244,50,21,21
3135.878289,37.220661,50,21,21
