Distance,Tx Power,Bandwidth,Subband BW,Subband Offset
3542.746041,21.666458,25,11,6
9568.067423,18.277429,25,11,6
9154.378725,49.270515,25,11,6
3290.526531,50.072585,25,11,6
