Distance,Tx Power,Bandwidth,Subband BW,Subband Offset
7689.837414,15.389194,15,10,2
2236.543203,43.475285,15,10,2
709.452760,23.890960,15,10,2
6677.075711,15.726542,15,10,2
