Distance,Tx Power,Bandwidth,Subband BW,Subband Offset
9168.249197,46.883123,100,95,1
3778.273827,15.058224,100,95,1
6539.766968,58.745865,100,95,1
7713.795590,17.537276,100,95,1
