Distance,Tx Power,Bandwidth,Subband BW,Subband Offset
3703.544292,23.381487,15,7,8
5851.229191,47.210943,15,7,8
2786.738333,54.846181,15,7,8
4525.745122,30.702042,15,7,8
