Distance,Tx Power,Bandwidth,Subband BW,Subband Offset
8477.952048,56.483054,25,9,12
4430.650050,49.733531,25,9,12
6852.597609,50.628946,25,9,12
3792.220137,39.361783,25,9,12
