Distance,Tx Power,Bandwidth,Subband BW,Subband Offset
3004.353348,18.983399,15,11,2
1490.716058,24.161463,15,11,2
9982.123991,40.357182,15,11,2
5202.545697,51.840312,15,11,2
