Distance,Tx Power,Bandwidth,Subband BW,Subband Offset
5842.347133,43.844004,15,8,0
2628.444412,49.160635,15,8,0
5127.607760,17.991982,15,8,0
5786.080620,23.910902,15,8,0
