Distance,Tx Power,Bandwidth,Subband BW,Subband Offset
5402.817429,29.303190,75,22,36
2614.935408,20.583451,75,22,36
6621.398439,25.361040,75,22,36
7577.150827,21.541486,75,22,36
