Distance,Tx Power,Bandwidth,Subband BW,Subband Offset
5064.637442,21.295179,100,8,5
1638.748351,39.496211,100,8,5
9962.043967,58.188200,100,8,5
7346.582935,26.796825,100,8,5
