Distance,Tx Power,Bandwidth,Subband BW,Subband Offset
5953.209153,22.967105,50,33,9
7652.832746,17.513955,50,33,9
8061.706509,29.741320,50,33,9
6735.805108,44.619444,50,33,9
