Distance,Tx Power,Bandwidth,Subband BW,Subband Offset
7282.938942,38.041131,50,16,12
8117.429015,29.573291,50,16,12
2733.059874,27.250784,50,16,12
1590.690645,29.695123,50,16,12
