Distance,Tx Power,Bandwidth,Subband BW,Subband Offset
2652.442947,21.087509,15,12,0
1886.780874,27.675873,15,12,0
6922.685487,50.873373,15,12,0
332.879526,56.738165,15,12,0
