Distance,Tx Power,Bandwidth,Subband BW,Subband Offset
4217.512850,53.544486,50,8,30
9035.774259,59.339188,50,8,30
1114.244376,40.102901,50,8,30
2780.565464,38.502250,50,8,30
