Distance,Tx Power,Bandwidth,Subband BW,Subband Offset
9459.291251,32.059504,75,28,0
5488.470618,28.779516,75,28,0
1052.777287,36.651848,75,28,0
9570.323151,23.964477,75,28,0
