Distance,Tx Power,Bandwidth,Subband BW,Subband Offset
1742.099580,29.941179,75,7,3
3585.623020,57.204076,75,7,3
4240.326812,53.212046,75,7,3
8068.435618,54.715161,75,7,3
