Distance,Tx Power,Bandwidth,Subband BW,Subband Offset
9979.271396,49.326203,50,15,25
7695.849924,48.282702,50,15,25
4632.008010,34.688734,50,15,25
1537.300360,23.732954,50,15,25
