Distance,Tx Power,Bandwidth,Subband BW,Subband Offset
2551.531814,42.611353,75,44,1
1877.863144,39.862289,75,44,1
6851.944632,33.925020,75,44,1
886.663858,22.630573,75,44,1
