Distance,Tx Power,Bandwidth,Subband BW,Subband Offset
2307.286743,44.704484,50,7,23
9645.225464,40.028319,50,7,23
4811.430758,15.855199,50,7,23
5561.596893,53.300353,50,7,23
