Distance,Tx Power,Bandwidth,Subband BW,Subband Offset
2293.971452,33.606077,100,57,21
9244.424926,58.004892,100,57,21
4991.369856,24.996706,100,57,21
9176.291115,51.050562,100,57,21
