Distance,Tx Power,Bandwidth,Subband BW,Subband Offset
1742.232172,31.983394,75,23,26
8845.362673,24.771243,75,23,26
7687.387666,24.710549,75,23,26
6292.144373,16.269294,75,23,26
