Distance,Tx Power,Bandwidth,Subband BW,Subband Offset
9900.935219,30.067459,50,35,9
1234.604281,36.082193,50,35,9
5455.165930,19.288754,50,35,9
9590.245843,19.361359,50,35,9
