Distance,Tx Power,Bandwidth,Subband BW,Subband Offset
5985.673105,34.085792,75,29,32
140.531054,45.117280,75,29,32
500.620164,23.771793,75,29,32
675.602359,52.777621,75,29,32
