Distance,Tx Power,Bandwidth,Subband BW,Subband Offset
1813.474965,42.067840,15,6,5
484.101925,52.035603,15,6,5
8312.098432,29.403676,15,6,5
7008.788023,22.709999,15,6,5
