Distance,Tx Power,Bandwidth,Subband BW,Subband Offset
7262.118738,39.471975,25,8,14
5598.262232,20.035660,25,8,14
1648.278283,47.841315,25,8,14
7420.670181,53.233122,25,8,14
