Distance,Tx Power,Bandwidth,Subband BW,Subband Offset
1848.467524,32.331846,75,41,34
8023.361836,44.462025,75,41,34
8676.759736,15.597737,75,41,34
6731.278981,25.817943,75,41,34
