Distance,Tx Power,Bandwidth,Subband BW,Subband Offset
7130.284021,57.198738,50,29,13
2536.686810,22.821071,50,29,13
8825.549488,37.465378,50,29,13
941.444205,20.308262,50,29,13
