Distance,Tx Power,Bandwidth,Subband BW,Subband Offset
869.958879,33.170238,75,27,4
6276.553338,48.150070,75,27,4
3300.262702,36.677558,75,27,4
9273.419527,37.650104,75,27,4
