Distance,Tx Power,Bandwidth,Subband BW,Subband Offset
8689.651326,23.297472,15,10,4
2440.196709,28.252092,15,10,4
4951.109607,39.618951,15,10,4
1540.363746,15.197847,15,10,4
