Distance,Tx Power,Bandwidth,Subband BW,Subband Offset
8909.195313,39.714139,100,88,6
1756.360635,49.354347,100,88,6
6609.884886,20.414481,100,88,6
7703.315966,54.228236,100,88,6
