Distance,Tx Power,Bandwidth,Subband BW,Subband Offset
3974.413092,24.911271,100,59,33
4581.077033,42.764329,100,59,33
4245.610801,19.079497,100,59,33
3068.249151,45.628907,100,59,33
