Distance,Tx Power,Bandwidth,Subband BW,Subband Offset
4905.497350,15.005897,100,74,14
8895.575429,36.328506,100,74,14
1132.144916,50.031318,100,74,14
3850.924271,32.265423,100,74,14
