Distance,Tx Power,Bandwidth,Subband BW,Subband Offset
4801.950232,57.765606,15,6,8
5148.831472,27.612935,15,6,8
6061.083353,20.379712,15,6,8
3658.389192,53.267339,15,6,8
