Distance,Tx Power,Bandwidth,Subband BW,Subband Offset
4814.460973,30.691175,25,6,8
8951.127428,26.092414,25,6,8
7391.078610,53.907126,25,6,8
2804.178572,51.121903,25,6,8
