Distance,Tx Power,Bandwidth,Subband BW,Subband Offset
4476.853692,27.423326,15,10,4
2103.113495,47.061126,15,10,4
3264.082191,52.045678,15,10,4
6525.196045,38.141105,15,10,4
