Distance,Tx Power,Bandwidth,Subband BW,Subband Offset
9797.827213,28.065339,75,20,19
1374.717280,21.497626,75,20,19
5413.323717,32.483014,75,20,19
2564.032091,52.622539,75,20,19
