Distance,Tx Power,Bandwidth,Subband BW,Subband Offset
4148.363683,36.515300,75,47,12
4354.900745,56.759427,75,47,12
4526.836567,39.664702,75,47,12
1710.568614,43.260835,75,47,12
