Distance,Tx Power,Bandwidth,Subband BW,Subband Offset
266.314562,56.389075,100,69,10
2790.258800,47.273305,100,69,10
2708.458135,18.834535,100,69,10
8553.810251,27.989475,100,69,10
