Distance,Tx Power,Bandwidth,Subband BW,Subband Offset
4109.310465,22.044975,50,16,11
2270.093026,17.424960,50,16,11
6710.279055,28.508988,50,16,11
9531.431928,21.492920,50,16,11
