Distance,Tx Power,Bandwidth,Subband BW,Subband Offset
7223.930786,27.043613,50,15,19
5475.261267,39.950876,50,15,19
428.222392,33.880733,50,15,19
118.480327,20.670896,50,15,19
