Distance,Tx Power,Bandwidth,Subband BW,Subband Offset
1686.117855,52.468888,50,8,38
6238.691465,48.992078,50,8,38
3425.331121,35.309467,50,8,38
596.567977,49.034464,50,8,38
