Distance,Tx Power,Bandwidth,Subband BW,Subband Offset
7121.115144,18.242835,25,6,12
3895.994859,21.247769,25,6,12
680.634899,37.443643,25,6,12
8225.920605,58.507020,25,6,12
