Distance,Tx Power,Bandwidth,Subband BW,Subband Offset
451.052639,15.872479,100,96,0
6333.033775,51.531402,100,96,0
7927.559295,27.135829,100,96,0
6052.781328,31.016461,100,96,0
