Distance,Tx Power,Bandwidth,Subband BW,Subband Offset
9345.182658,26.388994,75,15,52
7318.719422,56.706242,75,15,52
4411.732579,53.988239,75,15,52
2881.932486,26.406735,75,15,52
