Distance,Tx Power,Bandwidth,Subband BW,Subband Offset
2221.595287,35.380308,50,18,0
2372.976220,39.834513,50,18,0
5118.856278,19.576054,50,18,0
7579.589524,52.948374,50,18,0
