Distance,Tx Power,Bandwidth,Subband BW,Subband Offset
8273.029771,45.249381,15,8,5
1964.928865,15.955153,15,8,5
4625.588170,48.316140,15,8,5
4178.256067,35.343567,15,8,5
