Distance,Tx Power,Bandwidth,Subband BW,Subband Offset
6564.860601,43.657248,25,14,7
7404.801823,47.523648,25,14,7
3095.525524,21.027639,25,14,7
4201.755639,47.292167,25,14,7
