Distance,Tx Power,Bandwidth,Subband BW,Subband Offset
6487.999363,45.076453,25,7,7
7267.301044,55.032394,25,7,7
9762.019356,44.022044,25,7,7
265.642307,16.012634,25,7,7
