Distance,Tx Power,Bandwidth,Subband BW,Subband Offset
8033.797162,49.360353,15,11,2
9561.285142,37.187980,15,11,2
4570.091646,55.378413,15,11,2
4522.226600,29.970139,15,11,2
