Distance,Tx Power,Bandwidth,Subband BW,Subband Offset
7003.047104,15.610889,100,43,8
9765.873316,48.767048,100,43,8
7854.476014,38.185020,100,43,8
3534.263002,53.919014,100,43,8
