Distance,Tx Power,Bandwidth,Subband BW,Subband Offset
9367.214915,30.051775,75,9,55
2464.467819,48.167497,75,9,55
7263.378757,28.104449,75,9,55
4569.419461,53.295296,75,9,55
