Distance,Tx Power,Bandwidth,Subband BW,Subband Offset
5302.534694,52.869301,50,9,34
3021.363376,29.062727,50,9,34
4538.852903,16.586526,50,9,34
3020.898004,19.171403,50,9,34
