Distance,Tx Power,Bandwidth,Subband BW,Subband Offset
4259.788564,32.902741,75,45,10
2207.297681,50.050413,75,45,10
9678.502819,44.550456,75,45,10
5560.831309,16.232753,75,45,10
