Distance,Tx Power,Bandwidth,Subband BW,Subband Offset
3655.610266,56.550536,100,6,53
5532.174825,57.566591,100,6,53
2094.420420,23.515986,100,6,53
1655.208687,52.494726,100,6,53
