Distance,Tx Power,Bandwidth,Subband BW,Subband Offset
5264.420039,23.580387,50,13,30
8228.763733,31.368116,50,13,30
6980.142864,46.632550,50,13,30
2933.938301,15.543391,50,13,30
