Distance,Tx Power,Bandwidth,Subband BW,Subband Offset
4537.671615,54.861422,100,8,0
7634.072067,59.972247,100,8,0
373.764961,16.995087,100,8,0
6290.235562,22.542044,100,8,0
