Distance,Tx Power,Bandwidth,Subband BW,Subband Offset
8508.139356,58.530973,100,37,26
278.141278,53.498343,100,37,26
2038.125035,55.524918,100,37,26
9322.954921,53.990919,100,37,26
