Distance,Tx Power,Bandwidth,Subband BW,Subband Offset
2150.434950,42.405980,25,7,3
3112.820441,50.952758,25,7,3
9725.796797,50.639330,25,7,3
2300.003349,23.358036,25,7,3
