Distance,Tx Power,Bandwidth,Subband BW,Subband Offset
4557.676848,19.340617,100,69,29
9922.755448,36.252382,100,69,29
9127.772694,26.511927,100,69,29
2066.815209,27.233166,100,69,29
