Distance,Tx Power,Bandwidth,Subband BW,Subband Offset
2636.997702,17.366013,75,13,2
9745.010000,56.679531,75,13,2
8512.435988,55.844440,75,13,2
9123.225803,27.722659,75,13,2
