Distance,Tx Power,Bandwidth,Subband BW,Subband Offset
9027.036209,46.968731,15,7,7
3738.797826,27.893030,15,7,7
5425.098249,20.242924,15,7,7
7022.066705,40.683953,15,7,7
