Distance,Tx Power,Bandwidth,Subband BW,Subband Offset
490.352420,59.021672,25,21,4
976.487054,56.384361,25,21,4
5635.620419,18.033409,25,21,4
3956.290767,56.550509,25,21,4
