Distance,Tx Power,Bandwidth,Subband BW,Subband Offset
9377.447136,41.457508,100,50,2
4858.713556,53.080154,100,50,2
2632.020587,58.553364,100,50,2
9176.470238,37.999097,100,50,2
