Distance,Tx Power,Bandwidth,Subband BW,Subband Offset
4885.269818,52.590840,75,47,26
7610.311718,50.073887,75,47,26
8629.313985,27.985398,75,47,26
3486.361614,40.479816,75,47,26
