Distance,Tx Power,Bandwidth,Subband BW,Subband Offset
6846.636339,45.894480,25,15,1
9727.537641,41.440176,25,15,1
2165.524967,27.971222,25,15,1
5163.657919,54.137619,25,15,1
