Distance,Tx Power,Bandwidth,Subband BW,Subband Offset
8292.262974,56.895463,25,7,1
9170.860530,17.083944,25,7,1
908.061275,43.294749,25,7,1
2058.919782,59.584363,25,7,1
