Distance,Tx Power,Bandwidth,Subband BW,Subband Offset
319.340356,19.291487,100,42,5
7385.095392,35.380930,100,42,5
9529.859080,27.556151,100,42,5
4524.220446,50.555148,100,42,5
