Distance,Tx Power,Bandwidth,Subband BW,Subband Offset
3797.298153,57.313744,100,42,21
4363.417835,29.517331,100,42,21
3469.715692,59.932982,100,42,21
436.790358,20.479445,100,42,21
