Distance,Tx Power,Bandwidth,Subband BW,Subband Offset
6724.685869,57.044744,50,36,12
4253.210924,52.698426,50,36,12
6900.152133,32.918670,50,36,12
1579.311617,20.772312,50,36,12
