Distance,Tx Power,Bandwidth,Subband BW,Subband Offset
2293.014658,56.935855,75,44,15
9767.023816,49.370087,75,44,15
8098.362612,56.763216,75,44,15
2149.476022,53.440002,75,44,15
