Distance,Tx Power,Bandwidth,Subband BW,Subband Offset
8869.958156,37.962606,15,9,0
5920.459514,41.298056,15,9,0
1690.676675,51.144473,15,9,0
5361.257322,45.039150,15,9,0
