Distance,Tx Power,Bandwidth,Subband BW,Subband Offset
6242.582536,49.620745,15,7,4
4763.121673,32.945412,15,7,4
3717.195451,22.409904,15,7,4
7392.132245,24.499070,15,7,4
