Distance,Tx Power,Bandwidth,Subband BW,Subband Offset
1152.474593,54.532272,50,16,23
4339.925447,33.663340,50,16,23
8868.215633,19.313778,50,16,23
2908.593200,24.672172,50,16,23
