Distance,Tx Power,Bandwidth,Subband BW,Subband Offset
2965.202419,45.541369,50,30,3
8105.771874,36.082492,50,30,3
6366.979277,29.411486,50,30,3
6623.647625,21.536756,50,30,3
