Distance,Tx Power,Bandwidth,Subband BW,Subband Offset
2448.033718,20.215482,50,13,35
2086.540828,21.284600,50,13,35
7184.738328,18.741785,50,13,35
7008.344786,21.195306,50,13,35
