Distance,Tx Power,Bandwidth,Subband BW,Subband Offset
3149.298641,36.048306,25,14,9
600.256761,22.291885,25,14,9
5372.972034,57.000952,25,14,9
5497.547446,33.817997,25,14,9
