Distance,Tx Power,Bandwidth,Subband BW,Subband Offset
698.287244,34.809707,50,14,13
8597.291473,22.186300,50,14,13
6398.392481,24.699409,50,14,13
6949.074228,50.132651,50,14,13
