Distance,Tx Power,Bandwidth,Subband BW,Subband Offset
7138.511428,40.632783,50,22,25
9643.829453,50.539776,50,22,25
646.670711,52.275484,50,22,25
2107.864886,44.655344,50,22,25
