Distance,Tx Power,Bandwidth,Subband BW,Subband Offset
9286.564272,35.703012,25,11,5
3186.812754,57.419392,25,11,5
5035.795202,31.629955,25,11,5
9474.443570,32.118666,25,11,5
