Distance,Tx Power,Bandwidth,Subband BW,Subband Offset
4895.329082,56.756013,15,7,6
4560.988490,54.117746,15,7,6
5929.942122,47.686367,15,7,6
6947.697937,55.213286,15,7,6
