Distance,Tx Power,Bandwidth,Subband BW,Subband Offset
3190.976249,39.288299,100,11,51
560.388573,54.302531,100,11,51
337.475819,48.086292,100,11,51
4931.632900,59.866034,100,11,51
