Distance,Tx Power,Bandwidth,Subband BW,Subband Offset
1925.273504,28.457136,15,8,3
6567.025250,29.610271,15,8,3
8698.758436,38.083095,15,8,3
5008.993273,24.216768,15,8,3
