Distance,Tx Power,Bandwidth,Subband BW,Subband Offset
7879.693211,56.949799,75,10,23
1941.664417,27.846533,75,10,23
9203.728961,47.007828,75,10,23
4424.762087,24.125709,75,10,23
