Distance,Tx Power,Bandwidth,Subband BW,Subband Offset
1205.050885,35.463484,75,60,10
780.983507,58.146703,75,60,10
5703.456693,37.449600,75,60,10
2773.566601,50.061921,75,60,10
