Distance,Tx Power,Bandwidth,Subband BW,Subband Offset
8165.431848,15.427580,75,7,38
2717.449611,56.862879,75,7,38
5575.819122,38.278590,75,7,38
6424.325937,18.093701,75,7,38
