Distance,Tx Power,Bandwidth,Subband BW,Subband Offset
9503.624378,59.896102,100,30,22
5864.143996,58.708060,100,30,22
2481.707792,56.884094,100,30,22
9572.775569,20.809929,100,30,22
