Distance,Tx Power,Bandwidth,Subband BW,Subband Offset
7829.259172,28.741264,75,40,5
5150.419333,17.232580,75,40,5
9116.767277,55.095574,75,40,5
2475.204868,29.338744,75,40,5
