Distance,Tx Power,Bandwidth,Subband BW,Subband Offset
5603.693480,51.712516,25,16,5
8699.241219,37.859567,25,16,5
2923.641857,48.618967,25,16,5
2191.453058,53.339068,25,16,5
