Distance,Tx Power,Bandwidth,Subband BW,Subband Offset
6090.047606,37.209252,15,8,7
4705.921260,58.583921,15,8,7
7177.868429,47.942120,15,8,7
7102.200072,50.396783,15,8,7
