Distance,Tx Power,Bandwidth,Subband BW,Subband Offset
6968.488582,20.444766,15,8,6
3070.259757,25.286832,15,8,6
2989.106211,48.030650,15,8,6
8012.133552,30.140501,15,8,6
