Distance,Tx Power,Bandwidth,Subband BW,Subband Offset
6445.448817,22.645219,50,27,23
6064.452830,29.408901,50,27,23
2302.771913,32.549998,50,27,23
1052.442442,43.188235,50,27,23
