Distance,Tx Power,Bandwidth,Subband BW,Subband Offset
1001.296964,39.980723,100,7,54
7158.596453,57.553317,100,7,54
5440.428578,41.398938,100,7,54
6792.207223,34.886570,100,7,54
