Distance,Tx Power,Bandwidth,Subband BW,Subband Offset
5681.174385,51.722825,100,22,26
3082.223991,23.797104,100,22,26
4874.923617,23.528351,100,22,26
4498.780856,32.795892,100,22,26
