Distance,Tx Power,Bandwidth,Subband BW,Subband Offset
8545.485381,37.013774,50,8,10
306.794901,50.596823,50,8,10
7970.007256,35.842240,50,8,10
3590.899583,25.328502,50,8,10
