Distance,Tx Power,Bandwidth,Subband BW,Subband Offset
2873.557335,31.892901,25,6,15
3138.216103,53.485958,25,6,15
6741.689798,29.476707,25,6,15
3016.199497,29.859095,25,6,15
