Distance,Tx Power,Bandwidth,Subband BW,Subband Offset
1697.481112,59.762069,50,26,16
5872.957239,25.687900,50,26,16
217.142010,38.472136,50,26,16
9586.681825,26.593177,50,26,16
