Distance,Tx Power,Bandwidth,Subband BW,Subband Offset
6042.387930,58.159723,100,16,76
4172.128105,42.440460,100,16,76
5534.374654,33.761454,100,16,76
5364.287500,32.381087,100,16,76
