Distance,Tx Power,Bandwidth,Subband BW,Subband Offset
7324.194182,53.641483,75,17,36
9734.430119,45.517121,75,17,36
3774.225247,44.041045,75,17,36
6603.499872,25.405426,75,17,36
