Distance,Tx Power,Bandwidth,Subband BW,Subband Offset
7654.850318,47.220368,100,23,36
8319.765745,53.441887,100,23,36
2169.030437,48.345361,100,23,36
9212.128952,31.493216,100,23,36
