Distance,Tx Power,Bandwidth,Subband BW,Subband Offset
9356.952316,20.287462,15,6,4
6448.296573,46.609300,15,6,4
886.628571,44.881175,15,6,4
3684.316182,49.951469,15,6,4
