Distance,Tx Power,Bandwidth,Subband BW,Subband Offset
5156.636554,37.030345,15,8,3
1096.901852,37.186054,15,8,3
3710.276023,19.775296,15,8,3
4345.107609,17.603329,15,8,3
