Distance,Tx Power,Bandwidth,Subband BW,Subband Offset
4880.399368,19.635620,15,8,0
8988.727342,41.280927,15,8,0
5751.573747,21.550546,15,8,0
2924.455839,17.516003,15,8,0
