Distance,Tx Power,Bandwidth,Subband BW,Subband Offset
822.243460,27.795753,50,28,6
4562.104139,29.505278,50,28,6
2671.105840,15.680642,50,28,6
5990.541777,28.320576,50,28,6
