Distance,Tx Power,Bandwidth,Subband BW,Subband Offset
5864.915707,23.185904,15,9,4
5866.381393,55.888123,15,9,4
8302.085179,51.890666,15,9,4
1468.050337,59.376856,15,9,4
