Distance,Tx Power,Bandwidth,Subband BW,Subband Offset
5982.638997,58.205339,25,6,12
9705.003670,19.628318,25,6,12
5906.365116,34.799089,25,6,12
3863.766232,23.597720,25,6,12
