Distance,Tx Power,Bandwidth,Subband BW,Subband Offset
3058.583710,16.476335,75,45,17
7682.138383,24.670736,75,45,17
6541.939978,35.042276,75,45,17
9571.234244,17.801567,75,45,17
