Distance,Tx Power,Bandwidth,Subband BW,Subband Offset
7411.090606,22.651069,100,21,52
8739.030931,20.629578,100,21,52
5254.233888,17.482427,100,21,52
6058.628920,40.999017,100,21,52
