Distance,Tx Power,Bandwidth,Subband BW,Subband Offset
6249.403334,22.908109,100,27,28
6579.902937,21.415423,100,27,28
4820.854999,27.895245,100,27,28
8189.858195,45.092305,100,27,28
