Distance,Tx Power,Bandwidth,Subband BW,Subband Offset
9932.680914,36.872139,75,31,15
6866.879639,30.530205,75,31,15
3315.519642,16.964036,75,31,15
8660.451542,25.161116,75,31,15
