Distance,Tx Power,Bandwidth,Subband BW,Subband Offset
7874.778820,26.586219,50,14,11
6485.167013,58.198633,50,14,11
7979.231455,50.347257,50,14,11
6620.652507,35.457828,50,14,11
