Distance,Tx Power,Bandwidth,Subband BW,Subband Offset
9131.593775,30.427509,25,8,2
6276.267821,19.163588,25,8,2
4433.175810,46.671580,25,8,2
6934.540591,29.487676,25,8,2
