Distance,Tx Power,Bandwidth,Subband BW,Subband Offset
7785.447958,16.037762,50,18,9
8034.605454,19.901759,50,18,9
8092.402165,45.005461,50,18,9
4362.463279,28.070298,50,18,9
