Distance,Tx Power,Bandwidth,Subband BW,Subband Offset
4777.675190,18.984993,15,8,1
1708.013733,33.737043,15,8,1
2117.168230,44.378367,15,8,1
4540.191081,27.344832,15,8,1
