Distance,Tx Power,Bandwidth,Subband BW,Subband Offset
4291.798092,27.130195,100,40,29
7151.920437,37.451815,100,40,29
5786.130250,41.177288,100,40,29
6171.967709,28.014868,100,40,29
