Distance,Tx Power,Bandwidth,Subband BW,Subband Offset
8402.245036,46.253124,75,10,25
7927.381329,25.468211,75,10,25
5840.510425,24.957802,75,10,25
5329.701267,41.740703,75,10,25
