Distance,Tx Power,Bandwidth,Subband BW,Subband Offset
240.202057,20.883697,50,24,8
860.213964,42.349790,50,24,8
5252.921938,23.748743,50,24,8
600.450216,26.740727,50,24,8
