Distance,Tx Power,Bandwidth,Subband BW,Subband Offset
947.539649,41.587356,50,16,28
4492.675477,45.832105,50,16,28
5558.591973,54.180968,50,16,28
6595.996986,48.283483,50,16,28
