Distance,Tx Power,Bandwidth,Subband BW,Subband Offset
7273.706754,46.520869,15,6,4
4049.194619,43.598657,15,6,4
1304.557544,49.383674,15,6,4
2955.509413,54.412638,15,6,4
