Distance,Tx Power,Bandwidth,Subband BW,Subband Offset
3739.669499,37.192968,75,65,0
2616.410870,49.164602,75,65,0
6690.034341,54.796897,75,65,0
8002.186641,44.648871,75,65,0
