Distance,Tx Power,Bandwidth,Subband BW,Subband Offset
5096.876296,47.831560,25,12,1
8067.253371,37.126841,25,12,1
3033.712579,32.564692,25,12,1
1308.283268,58.820640,25,12,1
