Distance,Tx Power,Bandwidth,Subband BW,Subband Offset
2022.829923,47.233230,100,37,9
6744.315047,29.616332,100,37,9
8846.399493,55.709164,100,37,9
1202.256210,43.191706,100,37,9
