Distance,Tx Power,Bandwidth,Subband BW,Subband Offset
7671.303827,46.168533,75,47,22
9999.166166,49.712417,75,47,22
2836.231363,19.128360,75,47,22
3716.158448,33.808678,75,47,22
