Distance,Tx Power,Bandwidth,Subband BW,Subband Offset
9941.537148,55.953168,25,8,4
6885.833183,16.747633,25,8,4
8311.384127,39.217022,25,8,4
2727.956211,43.429934,25,8,4
