Distance,Tx Power,Bandwidth,Subband BW,Subband Offset
9086.032452,58.596879,50,20,21
3507.008146,40.549512,50,20,21
119.346520,15.024077,50,20,21
9555.091559,28.600120,50,20,21
