Distance,Tx Power,Bandwidth,Subband BW,Subband Offset
2578.588659,42.262015,15,6,6
8775.311207,45.016904,15,6,6
5047.397082,20.045307,15,6,6
9337.150423,44.166865,15,6,6
