Distance,Tx Power,Bandwidth,Subband BW,Subband Offset
8269.114989,38.455154,100,28,58
3441.068154,32.112806,100,28,58
5509.304583,31.440483,100,28,58
3254.824570,24.441346,100,28,58
