Distance,Tx Power,Bandwidth,Subband BW,Subband Offset
5088.543212,34.681925,25,9,1
5709.710014,47.241913,25,9,1
8633.780106,51.882934,25,9,1
3726.230207,47.751647,25,9,1
