Distance,Tx Power,Bandwidth,Subband BW,Subband Offset
4828.331347,55.070721,15,6,5
5188.027397,59.526055,15,6,5
1172.764030,52.438333,15,6,5
3317.938292,22.183483,15,6,5
