Distance,Tx Power,Bandwidth,Subband BW,Subband Offset
231.994873,31.138217,50,7,10
5475.893915,49.518986,50,7,10
7078.900108,35.227196,50,7,10
9579.237807,35.180965,50,7,10
