Distance,Tx Power,Bandwidth,Subband BW,Subband Offset
1746.026130,57.231776,25,7,15
8142.842068,40.801216,25,7,15
9854.246554,28.841253,25,7,15
224.008416,34.633476,25,7,15
