Distance,Tx Power,Bandwidth,Subband BW,Subband Offset
9256.874837,17.618821,75,46,20
5999.538323,59.681714,75,46,20
5079.031222,48.364652,75,46,20
5904.082693,36.779683,75,46,20
