Distance,Tx Power,Bandwidth,Subband BW,Subband Offset
7098.297930,36.562307,50,20,4
3637.424460,35.168548,50,20,4
6387.644943,41.546485,50,20,4
3255.343259,16.699828,50,20,4
