Distance,Tx Power,Bandwidth,Subband BW,Subband Offset
6642.486100,27.033897,50,7,8
8302.804981,39.120418,50,7,8
4279.013742,55.895428,50,7,8
1364.527634,32.329050,50,7,8
