Distance,Tx Power,Bandwidth,Subband BW,Subband Offset
7653.221968,43.390261,50,14,23
4756.185658,24.502156,50,14,23
4391.289955,40.054315,50,14,23
6946.510548,26.587833,50,14,23
