Distance,Tx Power,Bandwidth,Subband BW,Subband Offset
2448.488289,33.537757,25,7,2
8480.460561,29.617455,25,7,2
4418.308173,51.973101,25,7,2
5963.254170,36.775497,25,7,2
