Distance,Tx Power,Bandwidth,Subband BW,Subband Offset
397.501683,16.655983,50,44,5
5622.408807,33.813914,50,44,5
4054.750632,23.170629,50,44,5
7087.719666,24.591925,50,44,5
