Distance,Tx Power,Bandwidth,Subband BW,Subband Offset
6583.168723,17.948700,25,13,2
6968.997281,38.225399,25,13,2
8314.207118,58.128227,25,13,2
7145.010168,39.694227,25,13,2
