Distance,Tx Power,Bandwidth,Subband BW,Subband Offset
4138.727196,29.129982,50,12,4
7652.135940,38.316365,50,12,4
6649.338624,44.218096,50,12,4
7084.131317,52.491056,50,12,4
