Distance,Tx Power,Bandwidth,Subband BW,Subband Offset
2982.802608,40.848679,50,30,14
434.039365,50.937864,50,30,14
1475.958048,39.137896,50,30,14
5697.638234,40.476558,50,30,14
