Distance,Tx Power,Bandwidth,Subband BW,Subband Offset
5512.483117,56.483970,15,7,2
1519.617139,52.489152,15,7,2
6512.111998,59.862748,15,7,2
4272.789729,19.844998,15,7,2
