Distance,Tx Power,Bandwidth,Subband BW,Subband Offset
287.690867,23.270522,25,7,10
8758.624558,55.875775,25,7,10
2904.466959,40.988003,25,7,10
2034.211694,16.621698,25,7,10
