Distance,Tx Power,Bandwidth,Subband BW,Subband Offset
3729.365936,35.650045,15,9,4
3751.331454,42.644976,15,9,4
1358.858727,25.084595,15,9,4
5044.285593,51.191667,15,9,4
