Distance,Tx Power,Bandwidth,Subband BW,Subband Offset
8997.970504,59.316016,75,56,13
3975.527975,33.087900,75,56,13
3513.196340,40.960909,75,56,13
9295.173953,44.590461,75,56,13
