Distance,Tx Power,Bandwidth,Subband BW,Subband Offset
1515.523594,39.479919,75,19,51
132.693200,18.880767,75,19,51
3908.433186,46.084039,75,19,51
3242.038305,51.576856,75,19,51
