Distance,Tx Power,Bandwidth,Subband BW,Subband Offset
6163.326651,24.788639,50,22,12
6865.210465,55.415053,50,22,12
7943.823211,15.092319,50,22,12
4977.297864,51.756445,50,22,12
