Distance,Tx Power,Bandwidth,Subband BW,Subband Offset
7302.410707,35.225537,100,67,28
1616.343688,20.445334,100,67,28
6003.100012,37.906224,100,67,28
231.733088,35.737629,100,67,28
