Distance,Tx Power,Bandwidth,Subband BW,Subband Offset
7563.383405,54.997990,25,15,5
8434.149437,39.950681,25,15,5
9525.174418,34.665964,25,15,5
3750.586909,33.458047,25,15,5
