Distance,Tx Power,Bandwidth,Subband BW,Subband Offset
9693.561323,36.848995,100,57,32
4100.807669,31.962301,100,57,32
152.560410,36.535697,100,57,32
2702.088003,53.788105,100,57,32
