Distance,Tx Power,Bandwidth,Subband BW,Subband Offset
2728.566393,48.927979,50,34,15
8055.751824,57.716486,50,34,15
7444.558024,39.117241,50,34,15
4397.102397,52.856509,50,34,15
