Distance,Tx Power,Bandwidth,Subband BW,Subband Offset
1128.516071,34.522467,25,21,0
3480.853480,17.586241,25,21,0
2499.900352,49.810090,25,21,0
9922.648221,28.758721,25,21,0
