Distance,Tx Power,Bandwidth,Subband BW,Subband Offset
8520.456994,53.665831,100,47,4
2129.664479,43.224520,100,47,4
1922.503801,44.571868,100,47,4
9583.963123,40.741926,100,47,4
