Distance,Tx Power,Bandwidth,Subband BW,Subband Offset
5242.372031,55.827611,15,12,3
1527.770487,31.688030,15,12,3
9761.754987,32.743298,15,12,3
6424.714951,42.697924,15,12,3
