Distance,Tx Power,Bandwidth,Subband BW,Subband Offset
5088.684058,47.347897,75,19,20
1980.606141,35.730955,75,19,20
4519.871243,53.710958,75,19,20
3715.462641,36.577298,75,19,20
