Distance,Tx Power,Bandwidth,Subband BW,Subband Offset
721.773883,55.824437,25,6,1
3493.892947,23.049429,25,6,1
9619.033458,54.879896,25,6,1
6223.421522,32.124267,25,6,1
