Distance,Tx Power,Bandwidth,Subband BW,Subband Offset
3361.462202,52.530136,50,6,39
3940.665355,56.134295,50,6,39
2412.650413,33.439746,50,6,39
5709.722147,56.289828,50,6,39
