Distance,Tx Power,Bandwidth,Subband BW,Subband Offset
4421.988376,35.157277,75,36,10
8637.319868,24.133267,75,36,10
5909.817588,56.018726,75,36,10
1061.467144,18.013920,75,36,10
