Distance,Tx Power,Bandwidth,Subband BW,Subband Offset
8544.166690,32.648379,75,17,39
5129.878106,16.322700,75,17,39
7352.491473,34.311230,75,17,39
1274.795627,35.062466,75,17,39
