Distance,Tx Power,Bandwidth,Subband BW,Subband Offset
862.333193,16.611530,75,33,42
9379.514117,57.261201,75,33,42
4261.182649,32.462779,75,33,42
4971.793564,45.294616,75,33,42
