Distance,Tx Power,Bandwidth,Subband BW,Subband Offset
1121.779840,40.557935,75,44,20
9740.886213,23.596205,75,44,20
6295.000719,44.467607,75,44,20
3174.201058,49.856302,75,44,20
