Distance,Tx Power,Bandwidth,Subband BW,Subband Offset
9098.783141,56.671154,100,55,35
3674.499013,44.831866,100,55,35
9103.687367,53.729527,100,55,35
4731.912703,35.296324,100,55,35
