Distance,Tx Power,Bandwidth,Subband BW,Subband Offset
5201.313504,45.924561,100,68,32
9284.875297,21.999911,100,68,32
560.411908,41.455663,100,68,32
5537.255742,39.990202,100,68,32
