Distance,Tx Power,Bandwidth,Subband BW,Subband Offset
9378.866079,20.108762,100,16,82
2139.409601,18.912337,100,16,82
8820.766712,27.610878,100,16,82
8004.748544,22.587333,100,16,82
