Distance,Tx Power,Bandwidth,Subband BW,Subband Offset
7236.929356,16.441195,75,71,3
1702.043933,19.912018,75,71,3
5990.757170,35.720426,75,71,3
2770.041084,22.084116,75,71,3
