Distance,Tx Power,Bandwidth,Subband BW,Subband Offset
2133.054178,53.980035,50,14,21
8720.737658,29.700949,50,14,21
9512.331999,38.565670,50,14,21
5820.730473,54.957968,50,14,21
