Distance,Tx Power,Bandwidth,Subband BW,Subband Offset
8942.555895,36.698703,15,6,2
6881.789974,35.803138,15,6,2
8981.014003,36.589799,15,6,2
7420.946550,23.574630,15,6,2
