Distance,Tx Power,Bandwidth,Subband BW,Subband Offset
1897.842427,48.990596,75,12,7
2848.358375,17.686857,75,12,7
6984.680849,48.876466,75,12,7
7098.381894,25.667117,75,12,7
