Distance,Tx Power,Bandwidth,Subband BW,Subband Offset
3633.479800,42.678225,15,15,0
8984.590632,35.131388,15,15,0
1263.035821,52.665815,15,15,0
2667.916327,33.731700,15,15,0
