Distance,Tx Power,Bandwidth,Subband BW,Subband Offset
3879.650115,48.493303,100,53,35
8179.618983,45.887060,100,53,35
1937.988734,22.286767,100,53,35
2102.601922,51.798378,100,53,35
