Distance,Tx Power,Bandwidth,Subband BW,Subband Offset
4156.064132,43.744599,15,11,2
5020.982200,28.939207,15,11,2
9906.283443,48.565239,15,11,2
3589.580346,22.896395,15,11,2
