Distance,Tx Power,Bandwidth,Subband BW,Subband Offset
7582.290307,46.107858,15,9,1
9230.419004,38.538371,15,9,1
7329.232831,33.438479,15,9,1
5887.305842,40.187171,15,9,1
