Distance,Tx Power,Bandwidth,Subband BW,Subband Offset
9732.404172,45.901508,100,8,33
4129.777978,33.528664,100,8,33
5552.464480,46.897723,100,8,33
1223.535967,34.197420,100,8,33
