Distance,Tx Power,Bandwidth,Subband BW,Subband Offset
500.708146,42.477718,50,23,27
6483.909553,47.299691,50,23,27
129.138684,28.084737,50,23,27
3598.644240,20.223790,50,23,27
