Distance,Tx Power,Bandwidth,Subband BW,Subband Offset
6125.469071,47.064253,25,18,5
5393.607701,38.454717,25,18,5
4295.853826,58.030073,25,18,5
9934.861936,40.440704,25,18,5
