Distance,Tx Power,Bandwidth,Subband BW,Subband Offset
9958.394347,38.201526,75,36,20
708.732729,38.178992,75,36,20
3831.357942,51.216796,75,36,20
9591.688418,28.547786,75,36,20
