Distance,Tx Power,Bandwidth,Subband BW,Subband Offset
9634.184114,23.980964,25,12,0
2054.849318,36.948273,25,12,0
9351.401852,48.822296,25,12,0
1245.938362,32.679353,25,12,0
