Distance,Tx Power,Bandwidth,Subband BW,Subband Offset
9339.318780,42.604467,50,20,19
6118.872793,50.807845,50,20,19
4972.271445,42.516301,50,20,19
4768.468424,22.743158,50,20,19
