Distance,Tx Power,Bandwidth,Subband BW,Subband Offset
6337.004150,44.805739,25,23,0
3984.885958,19.717903,25,23,0
7445.219116,46.823055,25,23,0
3185.967382,42.752049,25,23,0
