Distance,Tx Power,Bandwidth,Subband BW,Subband Offset
485.128079,49.145793,75,19,27
1210.032687,46.518636,75,19,27
2712.894935,25.813323,75,19,27
1778.786343,34.083583,75,19,27
