Distance,Tx Power,Bandwidth,Subband BW,Subband Offset
2540.346209,33.519969,50,37,12
9179.930017,29.446384,50,37,12
6540.129493,46.710032,50,37,12
3867.015540,56.931839,50,37,12
