Distance,Tx Power,Bandwidth,Subband BW,Subband Offset
1569.362106,33.583450,15,6,4
6742.808952,42.537461,15,6,4
6054.287009,36.264141,15,6,4
7049.639440,20.493033,15,6,4
