Distance,Tx Power,Bandwidth,Subband BW,Subband Offset
8523.926478,31.950663,15,9,4
4695.998110,25.201929,15,9,4
5822.663206,58.459317,15,9,4
3962.637972,17.183087,15,9,4
