Distance,Tx Power,Bandwidth,Subband BW,Subband Offset
2054.899104,43.083013,75,14,48
3984.319288,36.083982,75,14,48
2014.509971,51.330920,75,14,48
3886.846554,26.714189,75,14,48
