Distance,Tx Power,Bandwidth,Subband BW,Subband Offset
8739.181548,42.370445,25,6,1
6770.061293,19.589824,25,6,1
8128.676565,36.482493,25,6,1
2173.448437,29.182174,25,6,1
