Distance,Tx Power,Bandwidth,Subband BW,Subband Offset
9190.027355,48.476481,100,70,20
6428.985583,39.770139,100,70,20
6965.829679,56.741122,100,70,20
1815.338099,45.960243,100,70,20
