Distance,Tx Power,Bandwidth,Subband BW,Subband Offset
3881.229549,58.133727,100,41,31
8818.129217,31.915093,100,41,31
6991.348271,44.035679,100,41,31
6391.059337,40.990965,100,41,31
