Distance,Tx Power,Bandwidth,Subband BW,Subband Offset
9109.829869,58.467537,75,9,3
5395.272987,41.522411,75,9,3
7763.711604,44.708633,75,9,3
7518.303435,52.410715,75,9,3
