Distance,Tx Power,Bandwidth,Subband BW,Subband Offset
9703.039804,26.004819,25,7,13
9076.203585,53.166447,25,7,13
6226.129430,21.679928,25,7,13
3774.559482,58.417996,25,7,13
