Distance,Tx Power,Bandwidth,Subband BW,Subband Offset
2859.079079,16.107086,50,23,8
7296.777397,37.589976,50,23,8
2914.378872,19.148312,50,23,8
7781.109771,25.643460,50,23,8
