Distance,Tx Power,Bandwidth,Subband BW,Subband Offset
2901.798362,21.369819,50,27,14
4025.436277,27.401442,50,27,14
6645.858526,49.134066,50,27,14
5828.747063,16.640345,50,27,14
