Distance,Tx Power,Bandwidth,Subband BW,Subband Offset
4497.614995,54.129160,25,8,10
7262.369373,42.362774,25,8,10
5834.579598,54.473461,25,8,10
9811.248830,24.698469,25,8,10
