Distance,Tx Power,Bandwidth,Subband BW,Subband Offset
8013.681444,19.296757,100,78,10
5882.438214,17.743352,100,78,10
5612.174436,19.521580,100,78,10
3969.214086,25.681422,100,78,10
