Distance,Tx Power,Bandwidth,Subband BW,Subband Offset
5685.149971,23.651571,25,6,13
2131.865233,36.987806,25,6,13
7554.988971,29.193899,25,6,13
9498.183180,27.449287,25,6,13
