Distance,Tx Power,Bandwidth,Subband BW,Subband Offset
3767.260756,49.171223,75,10,56
7303.805782,41.952506,75,10,56
2159.856667,44.120507,75,10,56
5676.519834,50.058441,75,10,56
