Distance,Tx Power,Bandwidth,Subband BW,Subband Offset
4166.466968,55.946226,25,12,6
4633.495027,53.914904,25,12,6
7555.388897,48.923136,25,12,6
8417.544068,44.153190,25,12,6
