Distance,Tx Power,Bandwidth,Subband BW,Subband Offset
868.518647,16.858157,75,7,61
764.886814,50.102656,75,7,61
9419.979524,46.969291,75,7,61
7119.639494,47.499366,75,7,61
