Distance,Tx Power,Bandwidth,Subband BW,Subband Offset
2836.025128,50.786175,75,8,7
4180.022596,36.016644,75,8,7
3582.313254,15.690679,75,8,7
6675.103897,21.478748,75,8,7
