Distance,Tx Power,Bandwidth,Subband BW,Subband Offset
7059.850102,53.070731,15,6,0
5171.336937,43.457819,15,6,0
8847.998780,35.995418,15,6,0
7399.179884,50.524336,15,6,0
