Distance,Tx Power,Bandwidth,Subband BW,Subband Offset
8505.943269,39.458659,15,11,3
308.339156,57.410239,15,11,3
6397.272841,36.649025,15,11,3
755.506897,32.369062,15,11,3
