Distance,Tx Power,Bandwidth,Subband BW,Subband Offset
1833.364268,25.114232,15,9,3
2275.040926,54.308588,15,9,3
3369.720403,41.639902,15,9,3
1110.053415,39.907666,15,9,3
