Distance,Tx Power,Bandwidth,Subband BW,Subband Offset
7347.636469,41.990414,75,34,13
4754.214656,30.513627,75,34,13
2773.663761,53.856855,75,34,13
1485.092618,32.604934,75,34,13
