Distance,Tx Power,Bandwidth,Subband BW,Subband Offset
7497.155898,38.443542,100,22,24
1073.843363,48.976902,100,22,24
3640.715750,31.982495,100,22,24
621.072294,51.951911,100,22,24
