Distance,Tx Power,Bandwidth,Subband BW,Subband Offset
1128.628689,52.984737,25,8,14
2520.669757,43.270274,25,8,14
3283.258048,34.148697,25,8,14
8880.580388,20.880207,25,8,14
