Distance,Tx Power,Bandwidth,Subband BW,Subband Offset
4198.594870,49.703765,100,53,7
8807.568530,59.286842,100,53,7
6505.218277,24.312333,100,53,7
5574.726479,58.214749,100,53,7
