Distance,Tx Power,Bandwidth,Subband BW,Subband Offset
7388.934833,20.005722,100,53,15
7384.799921,22.529362,100,53,15
5554.425194,34.239063,100,53,15
2600.908322,42.155488,100,53,15
