Distance,Tx Power,Bandwidth,Subband BW,Subband Offset
4452.017615,58.023847,100,24,3
526.460409,55.589139,100,24,3
2133.767591,16.812295,100,24,3
9227.714764,46.950718,100,24,3
