Distance,Tx Power,Bandwidth,Subband BW,Subband Offset
2336.092406,49.427590,50,26,22
6248.934871,55.579266,50,26,22
1113.477538,38.211811,50,26,22
9266.935091,45.516354,50,26,22
