Distance,Tx Power,Bandwidth,Subband BW,Subband Offset
8500.007609,50.296057,75,9,60
6543.983539,37.376382,75,9,60
8112.948940,16.913467,75,9,60
320.361547,34.365744,75,9,60
