Distance,Tx Power,Bandwidth,Subband BW,Subband Offset
9268.813719,20.860064,100,71,4
8208.308675,34.134259,100,71,4
8377.565566,34.119877,100,71,4
2425.240208,17.258926,100,71,4
