Distance,Tx Power,Bandwidth,Subband BW,Subband Offset
4118.833363,32.439490,15,8,7
9563.150494,28.556255,15,8,7
9251.059233,42.837815,15,8,7
5050.092121,46.818526,15,8,7
