Distance,Tx Power,Bandwidth,Subband BW,Subband Offset
7260.005639,48.867683,100,43,3
710.482328,35.851523,100,43,3
774.478528,35.633321,100,43,3
6987.095202,43.408977,100,43,3
