Distance,Tx Power,Bandwidth,Subband BW,Subband Offset
6473.454592,31.887324,100,45,10
5903.197825,27.794775,100,45,10
6849.824021,18.675572,100,45,10
5894.890246,40.558584,100,45,10
