Distance,Tx Power,Bandwidth,Subband BW,Subband Offset
6397.226582,41.725863,100,26,55
5825.226614,36.332034,100,26,55
8764.565221,30.281102,100,26,55
3869.898147,24.956276,100,26,55
