Distance,Tx Power,Bandwidth,Subband BW,Subband Offset
5954.356007,35.832504,75,24,18
693.598882,15.369862,75,24,18
2206.957369,32.574361,75,24,18
7713.083539,37.741864,75,24,18
