Distance,Tx Power,Bandwidth,Subband BW,Subband Offset
1216.019104,53.827565,15,10,4
4478.399420,24.043628,15,10,4
700.788703,27.981871,15,10,4
416.500278,20.578240,15,10,4
