Distance,Tx Power,Bandwidth,Subband BW,Subband Offset
1640.557884,47.027262,75,24,7
7434.197099,46.534570,75,24,7
7600.932377,31.829049,75,24,7
7502.088411,15.052958,75,24,7
