Distance,Tx Power,Bandwidth,Subband BW,Subband Offset
5198.531809,58.260245,100,37,29
4394.387602,31.755644,100,37,29
1420.659132,32.215473,100,37,29
995.657713,21.299158,100,37,29
