Distance,Tx Power,Bandwidth,Subband BW,Subband Offset
9253.364710,18.885061,15,11,2
2905.139713,19.263421,15,11,2
4254.118580,43.896814,15,11,2
9495.255729,22.729867,15,11,2
