Distance,Tx Power,Bandwidth,Subband BW,Subband Offset
1110.554873,22.463411,100,14,3
3237.092902,36.831042,100,14,3
7309.373989,37.408200,100,14,3
9676.415547,49.757256,100,14,3
