Distance,Tx Power,Bandwidth,Subband BW,Subband Offset
3103.922209,41.430062,50,7,32
6017.489877,58.444649,50,7,32
9565.534059,37.725324,50,7,32
6360.602577,50.157291,50,7,32
