Distance,Tx Power,Bandwidth,Subband BW,Subband Offset
8166.147241,31.198131,75,29,27
2472.658470,58.426227,75,29,27
3601.962035,44.193440,75,29,27
252.201695,18.308214,75,29,27
