Distance,Tx Power,Bandwidth,Subband BW,Subband Offset
524.396286,41.541117,100,63,3
3581.839292,31.655799,100,63,3
157.848630,22.845910,100,63,3
3401.321982,26.223314,100,63,3
