Distance,Tx Power,Bandwidth,Subband BW,Subband Offset
8265.728912,19.329077,100,24,21
1840.060963,34.988531,100,24,21
9915.750661,26.729487,100,24,21
300.616028,41.199542,100,24,21
