Distance,Tx Power,Bandwidth,Subband BW,Subband Offset
2041.694867,53.300297,15,9,4
7840.787937,39.387854,15,9,4
4499.142978,18.702921,15,9,4
1065.888796,37.827486,15,9,4
