Distance,Tx Power,Bandwidth,Subband BW,Subband Offset
3255.881286,23.072928,75,12,28
545.770488,41.199460,75,12,28
593.987371,17.990584,75,12,28
7710.897093,36.768789,75,12,28
