Distance,Tx Power,Bandwidth,Subband BW,Subband Offset
3417.589727,44.926188,75,23,9
1789.331309,54.528870,75,23,9
1253.076227,57.471292,75,23,9
3525.030015,54.050793,75,23,9
