Distance,Tx Power,Bandwidth,Subband BW,Subband Offset
5248.354673,55.753126,75,10,6
4509.186336,55.731839,75,10,6
9853.072695,17.857726,75,10,6
9551.715838,32.076852,75,10,6
