Distance,Tx Power,Bandwidth,Subband BW,Subband Offset
9071.655513,33.580994,15,8,7
6795.041891,52.825324,15,8,7
3550.793405,24.761527,15,8,7
1340.421997,39.759222,15,8,7
