Distance,Tx Power,Bandwidth,Subband BW,Subband Offset
8843.625462,24.299683,100,39,59
1694.576390,45.898744,100,39,59
1643.988208,45.674209,100,39,59
6023.815506,55.073464,100,39,59
