Distance,Tx Power,Bandwidth,Subband BW,Subband Offset
4363.747382,35.149109,75,12,54
2556.834933,38.597846,75,12,54
6185.995072,47.981221,75,12,54
8687.989019,26.475559,75,12,54
