Distance,Tx Power,Bandwidth,Subband BW,Subband Offset
3049.300179,46.489548,15,7,1
2477.671386,45.267683,15,7,1
3943.228868,34.557636,15,7,1
1050.590386,38.334415,15,7,1
