Distance,Tx Power,Bandwidth,Subband BW,Subband Offset
7951.729435,49.818275,50,15,29
5546.270556,37.609698,50,15,29
2290.060950,19.137931,50,15,29
4685.293812,42.092766,50,15,29
