Distance,Tx Power,Bandwidth,Subband BW,Subband Offset
9906.432892,16.690373,25,13,1
7254.027757,21.427392,25,13,1
5050.823943,51.889413,25,13,1
2374.964662,42.537517,25,13,1
