Distance,Tx Power,Bandwidth,Subband BW,Subband Offset
854.037230,15.697068,15,8,2
7075.892574,30.378902,15,8,2
4558.678082,21.962909,15,8,2
5330.874431,45.367159,15,8,2
