Distance,Tx Power,Bandwidth,Subband BW,Subband Offset
8171.806144,28.804733,50,12,9
4283.510887,22.845782,50,12,9
8834.967236,56.816657,50,12,9
1510.992976,58.253040,50,12,9
