Distance,Tx Power,Bandwidth,Subband BW,Subband Offset
7262.407212,29.483451,75,19,5
6031.689589,54.329637,75,19,5
4219.454281,28.556431,75,19,5
5881.317630,55.309717,75,19,5
