Distance,Tx Power,Bandwidth,Subband BW,Subband Offset
8902.466131,51.007370,50,18,22
8187.849799,24.149056,50,18,22
688.556096,48.050241,50,18,22
1544.483323,46.693005,50,18,22
