Distance,Tx Power,Bandwidth,Subband BW,Subband Offset
639.662283,59.789923,100,59,22
4803.954652,34.111808,100,59,22
2401.255702,55.983926,100,59,22
1524.725739,48.761817,100,59,22
