Distance,Tx Power,Bandwidth,Subband BW,Subband Offset
4736.301160,16.482730,25,17,3
1691.131108,55.310941,25,17,3
5377.972621,33.428196,25,17,3
9499.277183,57.916862,25,17,3
