Distance,Tx Power,Bandwidth,Subband BW,Subband Offset
3797.582361,38.504610,75,57,9
8020.034800,31.780236,75,57,9
9166.818261,15.745292,75,57,9
8454.125443,51.870732,75,57,9
