Distance,Tx Power,Bandwidth,Subband BW,Subband Offset
977.135633,22.549753,50,29,3
5897.944261,30.693638,50,29,3
4624.890474,27.390517,50,29,3
3978.786779,49.138991,50,29,3
