Distance,Tx Power,Bandwidth,Subband BW,Subband Offset
5224.274527,22.411685,100,71,23
7038.987744,48.520300,100,71,23
9968.704383,55.271195,100,71,23
6672.828678,35.362416,100,71,23
