Distance,Tx Power,Bandwidth,Subband BW,Subband Offset
1122.355250,42.498021,100,20,3
7755.825086,35.121386,100,20,3
7935.730697,40.637269,100,20,3
433.452717,28.195620,100,20,3
