Distance,Tx Power,Bandwidth,Subband BW,Subband Offset
4481.922508,17.410184,75,68,2
9503.653007,19.365454,75,68,2
9810.884249,46.766608,75,68,2
9508.838762,22.352072,75,68,2
