Distance,Tx Power,Bandwidth,Subband BW,Subband Offset
3429.429400,49.788361,50,44,2
3588.573082,51.972804,50,44,2
9861.496498,42.058322,50,44,2
9150.115080,39.887828,50,44,2
