Distance,Tx Power,Bandwidth,Subband BW,Subband Offset
297.495072,21.063595,50,16,10
6751.972804,43.958206,50,16,10
8134.549330,59.345017,50,16,10
213.390232,22.041719,50,16,10
