Distance,Tx Power,Bandwidth,Subband BW,Subband Offset
3141.090114,42.706374,100,58,30
8286.304013,52.184622,100,58,30
2934.899878,29.161838,100,58,30
6525.563333,50.591073,100,58,30
