Distance,Tx Power,Bandwidth,Subband BW,Subband Offset
1735.491913,49.309262,75,27,2
3738.890995,34.961894,75,27,2
6118.954917,26.826508,75,27,2
9380.751207,19.846013,75,27,2
