Distance,Tx Power,Bandwidth,Subband BW,Subband Offset
9844.024962,48.029300,75,44,4
990.151812,37.205370,75,44,4
6576.306711,53.432904,75,44,4
8202.685565,46.152167,75,44,4
