Distance,Tx Power,Bandwidth,Subband BW,Subband Offset
6205.104115,59.474934,25,17,1
9867.847284,32.085786,25,17,1
2465.508924,30.779886,25,17,1
4829.224688,41.149314,25,17,1
