Distance,Tx Power,Bandwidth,Subband BW,Subband Offset
4784.556593,33.561693,25,21,4
4119.050179,35.341468,25,21,4
9152.875827,20.245928,25,21,4
3150.628594,18.918194,25,21,4
