Distance,Tx Power,Bandwidth,Subband BW,Subband Offset
8847.417905,37.501808,75,7,24
1679.265598,47.260738,75,7,24
161.559764,53.768530,75,7,24
1648.439198,21.909318,75,7,24
