Distance,Tx Power,Bandwidth,Subband BW,Subband Offset
4257.195140,41.802276,50,14,23
4616.379674,44.041657,50,14,23
1980.684315,26.875215,50,14,23
4518.657496,54.623290,50,14,23
