Distance,Tx Power,Bandwidth,Subband BW,Subband Offset
475.569525,44.566497,75,18,57
8327.638946,54.906382,75,18,57
1365.813994,24.259082,75,18,57
4572.955612,47.680997,75,18,57
