Distance,Tx Power,Bandwidth,Subband BW,Subband Offset
9000.867292,56.629833,25,12,12
8136.007605,47.714514,25,12,12
1479.921969,40.599189,25,12,12
6516.143856,45.950600,25,12,12
