Distance,Tx Power,Bandwidth,Subband BW,Subband Offset
8196.489626,57.643201,75,57,12
4200.697210,49.776757,75,57,12
3769.300555,48.094000,75,57,12
6311.183767,37.996665,75,57,12
