Distance,Tx Power,Bandwidth,Subband BW,Subband Offset
3613.391039,47.206992,75,24,6
4672.279883,56.949162,75,24,6
892.867043,49.981630,75,24,6
4458.127573,40.717327,75,24,6
