Distance,Tx Power,Bandwidth,Subband BW,Subband Offset
4760.972100,40.274362,75,25,45
9569.180389,16.372974,75,25,45
6683.814249,30.322782,75,25,45
9807.898281,15.776893,75,25,45
