Distance,Tx Power,Bandwidth,Subband BW,Subband Offset
5247.570701,48.052619,75,24,42
4584.217027,21.165326,75,24,42
3580.797050,21.499678,75,24,42
5024.028557,19.716379,75,24,42
