Distance,Tx Power,Bandwidth,Subband BW,Subband Offset
9855.008157,41.309055,25,18,7
7957.699937,50.237283,25,18,7
9527.743078,19.492059,25,18,7
4068.126477,45.677444,25,18,7
