Distance,Tx Power,Bandwidth,Subband BW,Subband Offset
8585.825847,57.347299,100,25,55
1854.954513,17.921250,100,25,55
3232.900088,18.107905,100,25,55
3559.721572,24.891561,100,25,55
