Distance,Tx Power,Bandwidth,Subband BW,Subband Offset
734.978755,24.460849,100,76,17
7955.813128,58.659596,100,76,17
5713.576213,21.245641,100,76,17
2954.315751,25.310622,100,76,17
