Distance,Tx Power,Bandwidth,Subband BW,Subband Offset
4213.659336,24.265095,50,24,20
4062.289262,47.297365,50,24,20
6241.206476,15.714508,50,24,20
5877.177293,21.725756,50,24,20
