Distance,Tx Power,Bandwidth,Subband BW,Subband Offset
405.599052,31.145288,100,76,10
2949.022673,33.997088,100,76,10
3494.640640,42.458871,100,76,10
1381.473433,22.922968,100,76,10
