Distance,Tx Power,Bandwidth,Subband BW,Subband Offset
6406.540624,47.038376,100,56,16
5567.064170,40.357697,100,56,16
9959.101023,41.196678,100,56,16
6933.607930,34.807380,100,56,16
