Distance,Tx Power,Bandwidth,Subband BW,Subband Offset
5137.110966,25.196586,50,14,24
6441.619894,58.631089,50,14,24
9616.119633,49.539917,50,14,24
2716.502977,21.096984,50,14,24
