Distance,Tx Power,Bandwidth,Subband BW,Subband Offset
7836.881864,51.349012,50,22,23
9945.695476,52.851719,50,22,23
4843.487276,21.293024,50,22,23
5801.747373,20.342812,50,22,23
