Distance,Tx Power,Bandwidth,Subband BW,Subband Offset
2341.846112,57.200939,75,36,31
3120.431935,46.847098,75,36,31
7948.774584,55.520936,75,36,31
4369.384808,49.246416,75,36,31
