Distance,Tx Power,Bandwidth,Subband BW,Subband Offset
3531.271889,41.603396,75,53,17
1975.733588,41.428294,75,53,17
5090.709347,46.902143,75,53,17
4979.020465,31.381856,75,53,17
