Distance,Tx Power,Bandwidth,Subband BW,Subband Offset
3431.928789,56.727209,50,16,25
6676.512966,54.500780,50,16,25
2867.734496,18.416867,50,16,25
3618.856077,42.749464,50,16,25
