Distance,Tx Power,Bandwidth,Subband BW,Subband Offset
7887.492126,18.137916,100,33,33
7295.982722,34.930940,100,33,33
881.594880,25.589557,100,33,33
6797.809244,33.154753,100,33,33
