Distance,Tx Power,Bandwidth,Subband BW,Subband Offset
3125.948344,28.254831,100,29,14
1678.979038,21.468167,100,29,14
6362.301885,50.541460,100,29,14
964.305409,47.702512,100,29,14
