Distance,Tx Power,Bandwidth,Subband BW,Subband Offset
4151.839461,46.442369,75,31,25
9089.872809,24.723011,75,31,25
3932.676475,20.721289,75,31,25
974.029299,17.309589,75,31,25
