Distance,Tx Power,Bandwidth,Subband BW,Subband Offset
1460.293330,49.118845,25,11,1
6993.428301,25.147393,25,11,1
4011.435477,56.066147,25,11,1
4549.142099,23.601053,25,11,1
