Distance,Tx Power,Bandwidth,Subband BW,Subband Offset
5699.179669,17.762031,75,39,27
5955.342244,33.120545,75,39,27
5800.379270,19.107171,75,39,27
2574.306325,23.000955,75,39,27
