Distance,Tx Power,Bandwidth,Subband BW,Subband Offset
1554.781285,18.232539,75,34,12
5225.588429,33.362400,75,34,12
6482.460687,19.351557,75,34,12
396.837800,54.860860,75,34,12
