Distance,Tx Power,Bandwidth,Subband BW,Subband Offset
1061.589042,41.588196,15,7,1
4910.578636,44.301711,15,7,1
5015.512969,47.946352,15,7,1
417.935838,48.164090,15,7,1
