Distance,Tx Power,Bandwidth,Subband BW,Subband Offset
1186.336370,20.053719,50,20,6
9282.636713,23.812593,50,20,6
791.827152,57.168460,50,20,6
6030.508235,50.942894,50,20,6
