Distance,Tx Power,Bandwidth,Subband BW,Subband Offset
4907.466166,55.289791,75,28,27
5438.947831,48.593122,75,28,27
1400.941141,51.009654,75,28,27
1785.552269,34.132015,75,28,27
