Distance,Tx Power,Bandwidth,Subband BW,Subband Offset
1654.748500,24.483879,100,45,7
7081.682864,34.904836,100,45,7
8090.423276,52.959708,100,45,7
5843.702639,29.689818,100,45,7
