Distance,Tx Power,Bandwidth,Subband BW,Subband Offset
9063.283181,39.565460,25,9,14
577.024012,34.517236,25,9,14
9777.511648,59.882551,25,9,14
8059.740188,32.350774,25,9,14
