Distance,Tx Power,Bandwidth,Subband BW,Subband Offset
4766.024168,15.113597,50,8,20
4464.403702,41.209664,50,8,20
1019.385379,19.639132,50,8,20
5641.544795,45.244473,50,8,20
