Distance,Tx Power,Bandwidth,Subband BW,Subband Offset
6038.664835,23.859490,100,13,6
9983.139735,47.364125,100,13,6
7747.505952,49.658277,100,13,6
4275.664583,16.734020,100,13,6
