Distance,Tx Power,Bandwidth,Subband BW,Subband Offset
5444.941982,41.632868,100,30,14
2960.715877,51.950254,100,30,14
3058.548854,17.141499,100,30,14
7693.432345,31.134726,100,30,14
