Distance,Tx Power,Bandwidth,Subband BW,Subband Offset
5736.877679,38.143957,100,32,12
5538.401031,39.216273,100,32,12
9433.027277,25.172098,100,32,12
1900.928480,39.013407,100,32,12
