Distance,Tx Power,Bandwidth,Subband BW,Subband Offset
766.630511,29.976032,50,9,8
511.235738,30.113446,50,9,8
7127.748878,20.496902,50,9,8
4629.366492,43.922510,50,9,8
