Distance,Tx Power,Bandwidth,Subband BW,Subband Offset
8421.393550,47.841816,100,31,66
3499.172166,50.315912,100,31,66
8255.901137,55.533428,100,31,66
7923.686036,45.709891,100,31,66
