Distance,Tx Power,Bandwidth,Subband BW,Subband Offset
9830.232226,26.261828,75,52,0
3435.135966,20.508293,75,52,0
4189.035921,34.021742,75,52,0
334.024977,17.626080,75,52,0
