Distance,Tx Power,Bandwidth,Subband BW,Subband Offset
7614.787822,18.889294,15,6,8
6861.525493,28.432467,15,6,8
1558.664775,35.965626,15,6,8
1124.240069,34.467026,15,6,8
