Distance,Tx Power,Bandwidth,Subband BW,Subband Offset
1700.785114,45.091470,50,13,8
3137.771827,51.458652,50,13,8
9388.981234,44.999410,50,13,8
3578.995994,23.931914,50,13,8
