Distance,Tx Power,Bandwidth,Subband BW,Subband Offset
5419.849596,45.449732,50,33,17
1897.796564,18.251757,50,33,17
9800.814660,58.722986,50,33,17
7117.022749,57.634588,50,33,17
