Distance,Tx Power,Bandwidth,Subband BW,Subband Offset
3484.029393,16.367326,50,9,17
3710.453367,55.722222,50,9,17
5462.625034,45.852592,50,9,17
2483.416383,23.508097,50,9,17
