Distance,Tx Power,Bandwidth,Subband BW,Subband Offset
4640.564289,23.222229,25,15,1
1899.273246,47.788037,25,15,1
6897.517329,46.725596,25,15,1
9083.413657,45.934535,25,15,1
