Distance,Tx Power,Bandwidth,Subband BW,Subband Offset
4680.017048,47.596751,25,15,0
7142.507917,59.351085,25,15,0
265.997386,42.589709,25,15,0
1660.277257,33.370988,25,15,0
