Distance,Tx Power,Bandwidth,Subband BW,Subband Offset
9867.008257,23.454590,50,25,4
2579.179754,25.259758,50,25,4
9648.555561,23.858993,50,25,4
3498.486794,56.378022,50,25,4
