Distance,Tx Power,Bandwidth,Subband BW,Subband Offset
6840.883476,53.309528,50,12,28
2991.004446,56.356831,50,12,28
4671.293726,57.497277,50,12,28
7557.094775,27.740329,50,12,28
