Distance,Tx Power,Bandwidth,Subband BW,Subband Offset
1540.885657,54.268370,100,24,45
4055.598044,26.028157,100,24,45
1035.625489,50.217268,100,24,45
4309.680646,23.073563,100,24,45
