Distance,Tx Power,Bandwidth,Subband BW,Subband Offset
413.934978,31.983165,100,90,1
2577.026888,28.808088,100,90,1
5730.136663,53.788157,100,90,1
6164.323951,15.559449,100,90,1
