Distance,Tx Power,Bandwidth,Subband BW,Subband Offset
4778.984711,51.966775,100,52,35
9905.689348,28.144760,100,52,35
1107.393679,44.345991,100,52,35
7908.780494,45.972663,100,52,35
