Distance,Tx Power,Bandwidth,Subband BW,Subband Offset
6270.478077,33.443708,50,28,0
2007.275842,15.848228,50,28,0
2918.182102,17.650195,50,28,0
5792.487356,57.143676,50,28,0
