Distance,Tx Power,Bandwidth,Subband BW,Subband Offset
2960.519631,57.068217,25,13,12
8812.953150,45.046063,25,13,12
759.806354,21.190872,25,13,12
2199.271995,49.221382,25,13,12
