Distance,Tx Power,Bandwidth,Subband BW,Subband Offset
3728.966576,34.649995,75,31,36
8103.975102,27.499746,75,31,36
8098.179791,16.047764,75,31,36
4844.450758,26.067730,75,31,36
