Distance,Tx Power,Bandwidth,Subband BW,Subband Offset
6198.155188,42.116302,15,9,1
9120.704220,50.642497,15,9,1
5395.050958,52.162647,15,9,1
1506.131032,41.083799,15,9,1
