Distance,Tx Power,Bandwidth,Subband BW,Subband Offset
8938.583648,34.712421,25,23,1
8739.561909,59.316875,25,23,1
2732.698815,23.321535,25,23,1
8724.801126,26.593948,25,23,1
