Distance,Tx Power,Bandwidth,Subband BW,Subband Offset
3884.924347,21.846355,100,32,28
4163.096009,59.302978,100,32,28
2094.336282,48.675550,100,32,28
9652.117897,39.288689,100,32,28
