Distance,Tx Power,Bandwidth,Subband BW,Subband Offset
7286.199699,42.919367,100,10,74
7375.852629,37.877457,100,10,74
5999.850833,20.791548,100,10,74
5841.057980,43.285133,100,10,74
