Distance,Tx Power,Bandwidth,Subband BW,Subband Offset
7232.331578,38.647025,100,30,5
6712.645327,26.282647,100,30,5
3354.992579,49.073603,100,30,5
5657.131038,18.807741,100,30,5
