Distance,Tx Power,Bandwidth,Subband BW,Subband Offset
563.919000,57.745129,50,14,27
2113.378827,35.013689,50,14,27
137.823438,55.265213,50,14,27
6448.946304,42.932281,50,14,27
