Distance,Tx Power,Bandwidth,Subband BW,Subband Offset
5060.199363,59.919288,100,72,6
3064.827557,20.530055,100,72,6
7378.877173,31.444336,100,72,6
1369.127661,23.497834,100,72,6
