Distance,Tx Power,Bandwidth,Subband BW,Subband Offset
1362.516734,15.065799,75,26,11
6833.111798,27.302649,75,26,11
604.736292,39.731793,75,26,11
1611.087543,17.765524,75,26,11
