Distance,Tx Power,Bandwidth,Subband BW,Subband Offset
5950.227162,59.656235,75,9,6
850.549397,22.777226,75,9,6
3575.635011,23.376710,75,9,6
6848.406903,49.728081,75,9,6
