Distance,Tx Power,Bandwidth,Subband BW,Subband Offset
3888.871801,47.275288,15,10,5
3910.344789,24.882392,15,10,5
6128.177348,17.506489,15,10,5
9821.184155,47.243492,15,10,5
