Distance,Tx Power,Bandwidth,Subband BW,Subband Offset
7806.985506,22.058376,100,8,86
7337.625724,17.378440,100,8,86
9735.989043,25.928650,100,8,86
1246.052473,23.762436,100,8,86
