Distance,Tx Power,Bandwidth,Subband BW,Subband Offset
2105.922338,35.307564,75,30,39
5673.324710,31.873285,75,30,39
8716.821643,22.003930,75,30,39
7045.912524,42.963894,75,30,39
