Distance,Tx Power,Bandwidth,Subband BW,Subband Offset
8612.663848,30.616001,100,20,53
7719.182930,25.485990,100,20,53
7948.217313,23.492856,100,20,53
5567.373331,49.658508,100,20,53
