Distance,Tx Power,Bandwidth,Subband BW,Subband Offset
4593.545612,53.563547,25,6,0
1654.892085,29.629635,25,6,0
7164.135416,25.631374,25,6,0
4701.381688,30.840440,25,6,0
