Distance,Tx Power,Bandwidth,Subband BW,Subband Offset
5178.703030,42.210061,25,14,3
8514.687238,20.821455,25,14,3
7389.348041,44.843884,25,14,3
4416.599434,30.763171,25,14,3
