Distance,Tx Power,Bandwidth,Subband BW,Subband Offset
2290.733791,52.911939,15,6,1
7942.602309,20.306266,15,6,1
5421.910196,53.680999,15,6,1
1837.005894,43.392663,15,6,1
