Distance,Tx Power,Bandwidth,Subband BW,Subband Offset
9808.629981,23.791045,25,13,1
7017.653663,30.440690,25,13,1
7563.086179,51.215132,25,13,1
3794.184864,39.076102,25,13,1
