Distance,Tx Power,Bandwidth,Subband BW,Subband Offset
7035.457882,50.079658,50,16,15
5793.579976,59.753393,50,16,15
6492.602773,50.161648,50,16,15
6792.293427,50.595781,50,16,15
