Distance,Tx Power,Bandwidth,Subband BW,Subband Offset
2321.645564,40.995361,75,71,2
6285.535927,37.943744,75,71,2
6840.615946,24.144370,75,71,2
8758.489109,46.869893,75,71,2
