Distance,Tx Power,Bandwidth,Subband BW,Subband Offset
8781.342986,24.545487,75,29,29
9970.576289,44.004174,75,29,29
253.706873,53.000748,75,29,29
6990.497495,18.640967,75,29,29
