Distance,Tx Power,Bandwidth,Subband BW,Subband Offset
8961.218856,38.064123,50,42,0
9165.017374,35.905989,50,42,0
664.217830,29.911611,50,42,0
8216.041241,42.926365,50,42,0
