Distance,Tx Power,Bandwidth,Subband BW,Subband Offset
4321.371437,29.141785,25,9,11
5127.966681,33.113167,25,9,11
8500.898919,57.406079,25,9,11
7877.502226,45.768458,25,9,11
