Distance,Tx Power,Bandwidth,Subband BW,Subband Offset
9035.850308,57.175267,25,10,12
7563.390714,27.687439,25,10,12
843.512365,18.544624,25,10,12
6708.160280,30.983834,25,10,12
