Distance,Tx Power,Bandwidth,Subband BW,Subband Offset
3451.771319,24.252700,75,10,30
9281.999295,56.275298,75,10,30
2830.218721,23.631769,75,10,30
9696.419523,21.207795,75,10,30
