Distance,Tx Power,Bandwidth,Subband BW,Subband Offset
8237.572728,22.492186,50,26,17
283.718442,25.929692,50,26,17
1688.967984,47.335055,50,26,17
7915.477749,34.854976,50,26,17
