Distance,Tx Power,Bandwidth,Subband BW,Subband Offset
5922.655997,40.949110,25,9,2
7095.591460,37.240943,25,9,2
8553.616238,54.842178,25,9,2
1375.813520,32.584869,25,9,2
