Distance,Tx Power,Bandwidth,Subband BW,Subband Offset
8171.789247,39.547979,100,17,14
9916.515037,22.843857,100,17,14
5243.395479,55.675828,100,17,14
1842.524397,29.348636,100,17,14
