Distance,Tx Power,Bandwidth,Subband BW,Subband Offset
9707.914447,28.963827,25,13,12
740.071619,29.733348,25,13,12
5001.200413,41.905311,25,13,12
9365.984487,19.703894,25,13,12
