Distance,Tx Power,Bandwidth,Subband BW,Subband Offset
6991.951042,39.296763,50,8,2
3092.787632,34.473849,50,8,2
593.875355,27.339132,50,8,2
9953.710922,17.616614,50,8,2
