Distance,Tx Power,Bandwidth,Subband BW,Subband Offset
8829.824107,18.493239,50,21,18
3811.288768,35.085714,50,21,18
9008.519248,48.646311,50,21,18
9147.341488,58.176575,50,21,18
