Distance,Tx Power,Bandwidth,Subband BW,Subband Offset
3253.976303,56.312238,75,38,37
8583.216863,32.218189,75,38,37
4684.969703,25.160504,75,38,37
7574.537587,24.780092,75,38,37
