Distance,Tx Power,Bandwidth,Subband BW,Subband Offset
4797.589744,57.599144,75,64,10
9850.013756,59.838109,75,64,10
3277.177988,16.847038,75,64,10
6045.930359,33.725620,75,64,10
