Distance,Tx Power,Bandwidth,Subband BW,Subband Offset
3274.584586,15.748657,100,82,10
5937.588471,26.837283,100,82,10
2219.380423,53.628540,100,82,10
3711.301393,47.121590,100,82,10
