Distance,Tx Power,Bandwidth,Subband BW,Subband Offset
4955.619388,23.074594,100,82,12
5301.477962,35.220162,100,82,12
2836.825115,33.546081,100,82,12
1739.109057,42.150980,100,82,12
