Distance,Tx Power,Bandwidth,Subband BW,Subband Offset
231.763263,56.845042,75,21,8
662.025739,38.853577,75,21,8
4622.854684,35.647256,75,21,8
9625.344240,43.516267,75,21,8
