Distance,Tx Power,Bandwidth,Subband BW,Subband Offset
1259.625530,40.053912,50,21,15
2112.748934,40.149893,50,21,15
7794.538511,23.423188,50,21,15
4457.274779,41.840188,50,21,15
