Distance,Tx Power,Bandwidth,Subband BW,Subband Offset
982.230069,43.937600,100,17,41
563.385617,38.123584,100,17,41
2750.844008,19.062482,100,17,41
8658.234689,18.804597,100,17,41
