Distance,Tx Power,Bandwidth,Subband BW,Subband Offset
9930.405317,46.543720,100,49,31
122.753456,19.103248,100,49,31
1560.407580,19.554561,100,49,31
9565.455926,36.928513,100,49,31
