Distance,Tx Power,Bandwidth,Subband BW,Subband Offset
362.229263,29.733401,25,10,1
7766.120498,30.667758,25,10,1
6363.251006,57.155769,25,10,1
1313.684691,28.757174,25,10,1
