Distance,Tx Power,Bandwidth,Subband BW,Subband Offset
142.321503,29.658724,25,11,0
578.211473,33.022663,25,11,0
9725.304547,37.043921,25,11,0
6635.118780,21.381368,25,11,0
