Distance,Tx Power,Bandwidth,Subband BW,Subband Offset
222.058532,38.186966,25,10,12
9061.358596,52.351388,25,10,12
6140.852919,33.156195,25,10,12
3263.235427,22.908992,25,10,12
