Distance,Tx Power,Bandwidth,Subband BW,Subband Offset
3245.778987,28.989475,25,12,6
5881.045826,54.275385,25,12,6
5148.571814,50.594190,25,12,6
1847.068560,41.558336,25,12,6
