Distance,Tx Power,Bandwidth,Subband BW,Subband Offset
455.298316,44.803422,50,16,11
4502.763967,46.602956,50,16,11
8607.286911,30.065493,50,16,11
818.372268,32.949299,50,16,11
