Distance,Tx Power,Bandwidth,Subband BW,Subband Offset
5443.545552,40.344563,15,9,5
1572.165354,22.096769,15,9,5
3201.041173,50.622217,15,9,5
753.832728,27.253139,15,9,5
