Distance,Tx Power,Bandwidth,Subband BW,Subband Offset
9915.316715,33.645731,100,39,33
6164.275060,27.986078,100,39,33
8253.771954,49.884162,100,39,33
4378.159629,42.847915,100,39,33
