Distance,Tx Power,Bandwidth,Subband BW,Subband Offset
1326.210206,26.058262,75,14,1
3532.644273,30.702522,75,14,1
1425.169105,33.247821,75,14,1
3627.802517,43.632722,75,14,1
