Distance,Tx Power,Bandwidth,Subband BW,Subband Offset
1100.321107,48.117879,75,19,1
1983.773185,42.847617,75,19,1
6628.092600,26.689902,75,19,1
8779.137797,42.376103,75,19,1
