Distance,Tx Power,Bandwidth,Subband BW,Subband Offset
9791.059777,39.723756,50,17,5
1922.572965,46.054598,50,17,5
2092.636284,42.543590,50,17,5
9499.456804,55.297378,50,17,5
