Distance,Tx Power,Bandwidth,Subband BW,Subband Offset
6222.679793,34.778290,15,7,1
2859.563177,23.151815,15,7,1
2862.710554,44.379737,15,7,1
3226.080208,37.015282,15,7,1
