Distance,Tx Power,Bandwidth,Subband BW,Subband Offset
4372.401802,32.537689,50,21,7
4628.039427,55.948836,50,21,7
2763.036630,43.562889,50,21,7
872.342602,25.003818,50,21,7
