Distance,Tx Power,Bandwidth,Subband BW,Subband Offset
3836.088327,51.536358,75,45,24
440.296145,59.849468,75,45,24
8277.575714,22.625766,75,45,24
887.827873,45.926933,75,45,24
