Distance,Tx Power,Bandwidth,Subband BW,Subband Offset
4343.935994,59.167127,25,16,7
2379.859727,53.394254,25,16,7
2711.747500,27.946361,25,16,7
3210.160689,55.309386,25,16,7
