Distance,Tx Power,Bandwidth,Subband BW,Subband Offset
6269.075764,27.240690,100,73,16
6679.796037,48.491999,100,73,16
7436.648400,23.276954,100,73,16
3229.949279,17.142780,100,73,16
