Distance,Tx Power,Bandwidth,Subband BW,Subband Offset
3411.217062,29.108354,15,8,6
8467.786137,21.778030,15,8,6
4613.801342,19.944554,15,8,6
950.278187,37.608879,15,8,6
