Distance,Tx Power,Bandwidth,Subband BW,Subband Offset
3338.976031,40.613864,75,57,6
8247.803608,41.310842,75,57,6
4556.765803,32.767432,75,57,6
1693.425394,37.754635,75,57,6
