Distance,Tx Power,Bandwidth,Subband BW,Subband Offset
1200.200940,24.034115,75,58,15
465.098910,41.018569,75,58,15
7484.242037,51.122506,75,58,15
2766.769257,40.625204,75,58,15
