Distance,Tx Power,Bandwidth,Subband BW,Subband Offset
2838.443249,43.614298,15,14,0
9508.990530,25.362851,15,14,0
2242.015943,33.801697,15,14,0
6294.394336,53.116407,15,14,0
