Distance,Tx Power,Bandwidth,Subband BW,Subband Offset
9873.020735,17.134390,25,9,10
680.967880,38.911436,25,9,10
9178.682393,16.125611,25,9,10
3193.505484,37.298922,25,9,10
