Distance,Tx Power,Bandwidth,Subband BW,Subband Offset
7709.869039,19.750851,50,6,26
1424.247322,23.454823,50,6,26
690.032995,17.829871,50,6,26
6021.785384,54.550857,50,6,26
