Distance,Tx Power,Bandwidth,Subband BW,Subband Offset
6632.782921,18.930646,50,37,9
4225.791550,32.905292,50,37,9
5617.212023,44.226200,50,37,9
4346.491073,44.422557,50,37,9
