Distance,Tx Power,Bandwidth,Subband BW,Subband Offset
6534.672638,57.302752,75,47,0
7093.901483,43.122231,75,47,0
2258.739449,33.492448,75,47,0
9643.192926,40.345734,75,47,0
