Distance,Tx Power,Bandwidth,Subband BW,Subband Offset
7344.629987,34.080243,50,25,6
3851.210660,38.200525,50,25,6
771.702543,27.726630,50,25,6
3293.221330,50.207532,50,25,6
