Distance,Tx Power,Bandwidth,Subband BW,Subband Offset
9892.336047,40.117765,25,8,16
6847.796637,24.022065,25,8,16
7869.249364,16.887662,25,8,16
5515.239989,31.869519,25,8,16
