Distance,Tx Power,Bandwidth,Subband BW,Subband Offset
3158.833183,51.062930,100,92,7
4304.760206,16.577170,100,92,7
7951.813360,42.836131,100,92,7
1399.909312,15.815855,100,92,7
