Distance,Tx Power,Bandwidth,Subband BW,Subband Offset
7289.989562,34.062783,25,22,2
1039.899523,50.566842,25,22,2
2992.357324,45.261181,25,22,2
3837.832785,42.054755,25,22,2
