Distance,Tx Power,Bandwidth,Subband BW,Subband Offset
2936.922304,40.123385,25,8,7
3462.527151,35.314515,25,8,7
9081.454594,24.789757,25,8,7
203.484296,59.574904,25,8,7
