Distance,Tx Power,Bandwidth,Subband BW,Subband Offset
3149.434532,53.188638,50,8,17
3373.049873,39.304647,50,8,17
4527.345061,20.447728,50,8,17
507.395528,47.937908,50,8,17
