Distance,Tx Power,Bandwidth,Subband BW,Subband Offset
5739.275338,17.893504,50,6,39
8514.609403,23.459819,50,6,39
3060.560960,18.382530,50,6,39
9414.637419,39.787579,50,6,39
