Distance,Tx Power,Bandwidth,Subband BW,Subband Offset
9004.072808,26.954273,50,6,20
2114.188134,58.928842,50,6,20
9965.920141,31.258464,50,6,20
5407.428422,16.515515,50,6,20
