Distance,Tx Power,Bandwidth,Subband BW,Subband Offset
8207.152955,25.534288,15,6,5
4008.451271,21.030319,15,6,5
1659.213447,39.283601,15,6,5
4684.715324,51.069660,15,6,5
