Distance,Tx Power,Bandwidth,Subband BW,Subband Offset
2569.675425,21.483238,25,18,6
366.960390,56.060247,25,18,6
8113.937674,57.857987,25,18,6
8748.605190,17.572195,25,18,6
