Distance,Tx Power,Bandwidth,Subband BW,Subband Offset
9122.545765,24.676045,25,22,1
811.641779,30.269148,25,22,1
7658.260915,47.645137,25,22,1
9480.189407,19.384437,25,22,1
