Distance,Tx Power,Bandwidth,Subband BW,Subband Offset
1437.144006,29.316786,75,11,45
5685.678031,15.538790,75,11,45
8434.774826,38.563420,75,11,45
8951.761198,40.992059,75,11,45
