Distance,Tx Power,Bandwidth,Subband BW,Subband Offset
1939.433724,39.745356,15,6,7
6903.975059,43.167860,15,6,7
5476.170781,29.724179,15,6,7
2352.493622,29.789482,15,6,7
