Distance,Tx Power,Bandwidth,Subband BW,Subband Offset
1087.113585,58.122897,50,10,2
1268.975430,15.702600,50,10,2
3859.247227,21.096418,50,10,2
4182.322223,40.237383,50,10,2
