Distance,Tx Power,Bandwidth,Subband BW,Subband Offset
2516.340949,17.031293,100,12,6
6930.808036,39.112881,100,12,6
1456.978441,24.440256,100,12,6
6191.029948,29.272198,100,12,6
