Distance,Tx Power,Bandwidth,Subband BW,Subband Offset
5274.952907,58.099291,100,65,0
4127.488644,27.043637,100,65,0
2455.526391,17.888246,100,65,0
7185.144664,59.758203,100,65,0
