Distance,Tx Power,Bandwidth,Subband BW,Subband Offset
597.206194,27.621168,75,15,35
3853.422289,42.017048,75,15,35
6155.075451,21.827974,75,15,35
654.563377,27.231507,75,15,35
