Distance,Tx Power,Bandwidth,Subband BW,Subband Offset
5509.039889,33.099179,75,15,23
6450.238175,52.899085,75,15,23
3310.111587,23.330140,75,15,23
8103.284722,46.373367,75,15,23
