Distance,Tx Power,Bandwidth,Subband BW,Subband Offset
6756.295453,28.385419,15,11,2
5750.409445,50.252698,15,11,2
1304.190231,15.179970,15,11,2
2137.065048,21.447263,15,11,2
