Distance,Tx Power,Bandwidth,Subband BW,Subband Offset
6891.187646,47.650232,50,24,2
5800.982513,49.831247,50,24,2
632.104057,51.703305,50,24,2
6826.355761,50.995288,50,24,2
