Distance,Tx Power,Bandwidth,Subband BW,Subband Offset
9116.967770,51.835848,75,18,20
7843.948829,19.609826,75,18,20
1711.028005,22.484547,75,18,20
6973.007444,17.779736,75,18,20
