Distance,Tx Power,Bandwidth,Subband BW,Subband Offset
7382.909543,51.095195,25,17,8
684.037328,30.207170,25,17,8
3856.518081,59.703846,25,17,8
3456.618352,42.579097,25,17,8
