Distance,Tx Power,Bandwidth,Subband BW,Subband Offset
2899.018875,58.746448,15,10,0
4503.410248,50.059787,15,10,0
8300.990745,24.955847,15,10,0
3657.752533,35.102223,15,10,0
