Distance,Tx Power,Bandwidth,Subband BW,Subband Offset
353.313475,45.360301,100,10,42
2943.562429,29.526606,100,10,42
6713.154111,25.329338,100,10,42
2850.486989,46.659401,100,10,42
