Distance,Tx Power,Bandwidth,Subband BW,Subband Offset
1714.671972,24.574978,75,10,55
1666.176908,33.704639,75,10,55
1862.354366,26.068543,75,10,55
1392.710399,27.416826,75,10,55
