Distance,Tx Power,Bandwidth,Subband BW,Subband Offset
8346.426640,47.657621,25,11,13
2141.944205,38.945463,25,11,13
7082.691865,20.166370,25,11,13
7902.477103,20.507397,25,11,13
