Distance,Tx Power,Bandwidth,Subband BW,Subband Offset
9968.659159,39.438637,100,45,36
2774.029932,16.670169,100,45,36
8536.234360,32.258608,100,45,36
2087.574269,22.555870,100,45,36
