Distance,Tx Power,Bandwidth,Subband BW,Subband Offset
5603.376735,21.500319,25,8,3
6666.601184,47.821827,25,8,3
8990.495624,32.564834,25,8,3
5377.900225,41.699356,25,8,3
