Distance,Tx Power,Bandwidth,Subband BW,Subband Offset
1573.434479,28.647836,100,56,36
2736.402693,30.758095,100,56,36
7047.602294,47.117544,100,56,36
1535.705326,49.078575,100,56,36
