Distance,Tx Power,Bandwidth,Subband BW,Subband Offset
8004.564219,16.023731,50,12,30
9272.528238,50.099053,50,12,30
9041.037807,27.161077,50,12,30
2046.449003,41.507829,50,12,30
