Distance,Tx Power,Bandwidth,Subband BW,Subband Offset
4554.417205,51.845666,75,34,7
6687.902474,47.183735,75,34,7
6121.882722,52.314376,75,34,7
5763.412282,47.855396,75,34,7
