Distance,Tx Power,Bandwidth,Subband BW,Subband Offset
7237.802170,38.008029,100,46,11
2999.947865,56.011122,100,46,11
2635.655217,44.388383,100,46,11
2924.923347,58.659795,100,46,11
