Distance,Tx Power,Bandwidth,Subband BW,Subband Offset
9691.223267,24.791165,50,12,33
7093.757109,47.911532,50,12,33
1624.378568,48.740325,50,12,33
147.197184,40.255595,50,12,33
