Distance,Tx Power,Bandwidth,Subband BW,Subband Offset
4551.057623,28.015194,75,39,8
5648.605987,34.920010,75,39,8
983.704786,46.203449,75,39,8
8880.817290,17.852960,75,39,8
