Distance,Tx Power,Bandwidth,Subband BW,Subband Offset
4412.624635,45.769638,100,16,52
8884.754876,15.245498,100,16,52
6742.853867,30.141992,100,16,52
4252.204288,30.872580,100,16,52
