Distance,Tx Power,Bandwidth,Subband BW,Subband Offset
175.002050,32.951645,50,9,13
3238.944749,51.849757,50,9,13
4244.621524,38.825792,50,9,13
9536.957488,20.599686,50,9,13
