Distance,Tx Power,Bandwidth,Subband BW,Subband Offset
8023.614411,53.645749,75,42,18
9617.604276,31.182129,75,42,18
3465.778220,29.993115,75,42,18
9806.315494,59.795607,75,42,18
