Distance,Tx Power,Bandwidth,Subband BW,Subband Offset
5142.654202,25.280245,100,13,72
1535.390501,29.153359,100,13,72
849.576996,54.477877,100,13,72
2454.555309,25.424978,100,13,72
