Distance,Tx Power,Bandwidth,Subband BW,Subband Offset
3668.656198,17.911241,75,27,48
9688.277148,56.540329,75,27,48
6265.637008,17.680685,75,27,48
6443.552044,46.348657,75,27,48
