Distance,Tx Power,Bandwidth,Subband BW,Subband Offset
6159.626257,40.199221,100,58,11
2018.114922,43.647818,100,58,11
5307.481893,48.407697,100,58,11
3141.089435,15.925175,100,58,11
