Distance,Tx Power,Bandwidth,Subband BW,Subband Offset
2566.672178,58.541963,50,32,11
2074.523060,58.454440,50,32,11
6886.996326,45.204859,50,32,11
823.415487,53.297849,50,32,11
