Distance,Tx Power,Bandwidth,Subband BW,Subband Offset
903.054205,16.623845,100,54,19
9365.783273,28.755628,100,54,19
1039.610450,30.943174,100,54,19
4036.780052,24.885510,100,54,19
