Distance,Tx Power,Bandwidth,Subband BW,Subband Offset
5377.366928,33.437938,50,7,24
6090.262495,45.167356,50,7,24
5632.181193,16.963725,50,7,24
3595.213329,31.373792,50,7,24
