Distance,Tx Power,Bandwidth,Subband BW,Subband Offset
1041.972508,45.388758,50,14,25
5455.001851,24.798354,50,14,25
3464.345875,42.835233,50,14,25
4861.631397,40.113575,50,14,25
