Distance,Tx Power,Bandwidth,Subband BW,Subband Offset
6461.321337,31.205557,75,51,23
7312.227969,31.370077,75,51,23
6128.136545,19.684619,75,51,23
3518.515118,31.769691,75,51,23
