Distance,Tx Power,Bandwidth,Subband BW,Subband Offset
9447.858393,37.015525,100,47,3
982.406319,26.075873,100,47,3
2507.046703,56.784431,100,47,3
9038.493309,27.787045,100,47,3
