Distance,Tx Power,Bandwidth,Subband BW,Subband Offset
4261.340204,34.831098,15,6,9
7472.478255,23.746795,15,6,9
4616.313426,50.573903,15,6,9
3035.829319,28.714503,15,6,9
