Distance,Tx Power,Bandwidth,Subband BW,Subband Offset
191.238859,16.323022,50,16,28
8276.951532,29.165109,50,16,28
3195.742510,31.666442,50,16,28
850.726521,37.466979,50,16,28
