Distance,Tx Power,Bandwidth,Subband BW,Subband Offset
335.345905,58.462163,25,10,3
5211.788018,20.371525,25,10,3
6726.289620,44.891715,25,10,3
867.585755,55.129869,25,10,3
