Distance,Tx Power,Bandwidth,Subband BW,Subband Offset
6251.484721,54.323846,15,6,5
7605.250593,34.057653,15,6,5
9942.625936,49.559268,15,6,5
9227.054272,59.957134,15,6,5
