Distance,Tx Power,Bandwidth,Subband BW,Subband Offset
1489.824865,35.867721,100,37,18
6773.919164,29.778996,100,37,18
8135.738620,39.889038,100,37,18
9191.262392,18.320656,100,37,18
