Distance,Tx Power,Bandwidth,Subband BW,Subband Offset
3933.812501,16.780559,75,44,26
933.715566,48.934272,75,44,26
7633.258983,32.527736,75,44,26
2136.284848,29.587122,75,44,26
