Distance,Tx Power,Bandwidth,Subband BW,Subband Offset
8112.658674,19.596413,100,23,77
4576.713548,40.173999,100,23,77
3833.658052,47.345639,100,23,77
926.727507,57.717466,100,23,77
