Distance,Tx Power,Bandwidth,Subband BW,Subband Offset
3124.429212,29.034636,100,44,45
4147.568027,23.361204,100,44,45
3517.027143,50.410577,100,44,45
1293.180018,48.307944,100,44,45
