Distance,Tx Power,Bandwidth,Subband BW,Subband Offset
965.134637,38.055432,100,31,31
1251.839321,42.638748,100,31,31
4870.520945,43.078592,100,31,31
7299.621795,52.784728,100,31,31
