Distance,Tx Power,Bandwidth,Subband BW,Subband Offset
5315.523882,25.639495,100,7,81
7882.461598,59.401751,100,7,81
6607.650574,35.332129,100,7,81
8834.219596,51.490557,100,7,81
