Distance,Tx Power,Bandwidth,Subband BW,Subband Offset
2029.766053,42.116595,75,38,17
9824.390707,20.520698,75,38,17
6610.230067,32.991307,75,38,17
5228.148030,36.366331,75,38,17
