Distance,Tx Power,Bandwidth,Subband BW,Subband Offset
7087.543197,44.775382,75,35,19
7449.178490,16.372583,75,35,19
5701.875380,38.034005,75,35,19
1708.965639,24.475150,75,35,19
