Distance,Tx Power,Bandwidth,Subband BW,Subband Offset
9245.452759,15.463183,15,11,3
7154.013638,16.248380,15,11,3
3797.425300,40.568850,15,11,3
1823.412792,44.918209,15,11,3
