Distance,Tx Power,Bandwidth,Subband BW,Subband Offset
7464.242207,24.385787,15,7,0
7581.391800,23.821922,15,7,0
7969.180830,36.539392,15,7,0
9455.502305,20.111722,15,7,0
