Distance,Tx Power,Bandwidth,Subband BW,Subband Offset
6633.881858,39.183924,50,25,0
2440.358496,19.848873,50,25,0
5641.546268,36.175661,50,25,0
6483.774220,24.496019,50,25,0
