Distance,Tx Power,Bandwidth,Subband BW,Subband Offset
4511.115198,16.826205,50,19,18
384.786576,41.870253,50,19,18
3867.287055,17.237960,50,19,18
1129.457697,24.549509,50,19,18
