Distance,Tx Power,Bandwidth,Subband BW,Subband Offset
5275.580002,50.720809,25,6,0
2061.067195,45.831760,25,6,0
1948.970987,17.553184,25,6,0
4898.278270,22.145875,25,6,0
