Distance,Tx Power,Bandwidth,Subband BW,Subband Offset
6152.587728,32.325702,50,24,4
6438.553950,38.131475,50,24,4
2282.455202,53.085143,50,24,4
7861.288848,26.710197,50,24,4
