Distance,Tx Power,Bandwidth,Subband BW,Subband Offset
6738.476209,42.578537,15,6,7
9588.732891,41.234912,15,6,7
8700.563145,55.534318,15,6,7
7000.315272,16.331811,15,6,7
