Distance,Tx Power,Bandwidth,Subband BW,Subband Offset
2104.209404,26.025081,25,22,2
2152.001512,21.807750,25,22,2
3587.829186,27.967556,25,22,2
2654.463673,19.383941,25,22,2
