Distance,Tx Power,Bandwidth,Subband BW,Subband Offset
5381.757092,23.422362,50,18,6
1834.331361,31.526647,50,18,6
8068.167425,30.956200,50,18,6
9452.602986,23.448110,50,18,6
