Distance,Tx Power,Bandwidth,Subband BW,Subband Offset
5172.477428,22.032081,100,51,1
741.867015,18.947474,100,51,1
3753.152153,55.704572,100,51,1
5957.773497,21.693303,100,51,1
