Distance,Tx Power,Bandwidth,Subband BW,Subband Offset
6414.248447,29.797695,50,14,5
7346.484868,57.434988,50,14,5
2689.039649,26.356581,50,14,5
6134.124417,44.917639,50,14,5
