Distance,Tx Power,Bandwidth,Subband BW,Subband Offset
9896.830985,30.155005,100,38,53
9390.912428,32.673876,100,38,53
2436.824737,32.524799,100,38,53
5390.021856,50.581365,100,38,53
