Distance,Tx Power,Bandwidth,Subband BW,Subband Offset
8782.575624,16.138080,15,14,0
722.174686,57.478093,15,14,0
1958.050741,29.766793,15,14,0
9068.288890,19.515838,15,14,0
