Distance,Tx Power,Bandwidth,Subband BW,Subband Offset
684.522430,49.347856,100,88,1
8562.525887,15.555701,100,88,1
1226.353074,24.972563,100,88,1
7969.452451,19.444661,100,88,1
