Distance,Tx Power,Bandwidth,Subband BW,Subband Offset
4570.886785,15.333113,75,18,48
3582.355117,58.378061,75,18,48
1889.532411,34.899923,75,18,48
1994.739079,21.331252,75,18,48
