Distance,Tx Power,Bandwidth,Subband BW,Subband Offset
2732.603231,56.135627,75,32,8
8675.137102,37.516972,75,32,8
5022.658735,47.128494,75,32,8
7122.790532,25.212860,75,32,8
