Distance,Tx Power,Bandwidth,Subband BW,Subband Offset
416.444837,55.935525,100,50,34
148.679173,36.580972,100,50,34
2947.562796,22.611621,100,50,34
5565.146121,55.122708,100,50,34
