Distance,Tx Power,Bandwidth,Subband BW,Subband Offset
7477.657735,57.309691,100,27,35
1955.329344,41.183534,100,27,35
4107.734983,55.598889,100,27,35
3451.719516,53.170904,100,27,35
