Distance,Tx Power,Bandwidth,Subband BW,Subband Offset
2836.992461,17.638542,100,64,13
6486.327342,25.684123,100,64,13
1058.809240,40.545229,100,64,13
9067.570926,36.143805,100,64,13
