Distance,Tx Power,Bandwidth,Subband BW,Subband Offset
2760.344475,55.209492,100,26,34
5144.490639,56.709594,100,26,34
2823.258435,36.345363,100,26,34
4656.063054,59.902931,100,26,34
