Distance,Tx Power,Bandwidth,Subband BW,Subband Offset
4611.525573,55.060045,15,8,6
5156.609624,17.552274,15,8,6
5027.794812,31.964409,15,8,6
1040.134251,29.989574,15,8,6
