Distance,Tx Power,Bandwidth,Subband BW,Subband Offset
9891.138023,54.262656,25,17,6
4969.070602,53.202899,25,17,6
3581.955481,52.171371,25,17,6
4593.029966,15.777637,25,17,6
