Distance,Tx Power,Bandwidth,Subband BW,Subband Offset
9230.515549,56.780152,50,23,4
5012.157019,30.841733,50,23,4
2654.834518,54.586662,50,23,4
2863.061104,59.514459,50,23,4
