Distance,Tx Power,Bandwidth,Subband BW,Subband Offset
5407.030344,41.384458,15,6,4
7303.150267,20.428085,15,6,4
543.985423,34.388569,15,6,4
3224.844810,55.010209,15,6,4
