Distance,Tx Power,Bandwidth,Subband BW,Subband Offset
2420.298354,30.005414,50,8,11
4404.464844,47.762173,50,8,11
4579.776053,19.178101,50,8,11
6512.983002,38.370731,50,8,11
