Distance,Tx Power,Bandwidth,Subband BW,Subband Offset
3171.403110,50.446340,100,49,26
8496.985687,49.620381,100,49,26
9810.605369,27.250619,100,49,26
3621.823131,33.968070,100,49,26
