Distance,Tx Power,Bandwidth,Subband BW,Subband Offset
5210.961785,46.349887,25,10,15
5449.642948,55.552730,25,10,15
6257.464976,54.066533,25,10,15
6232.844710,53.581157,25,10,15
