Distance,Tx Power,Bandwidth,Subband BW,Subband Offset
3396.991519,36.589892,25,20,5
9235.329929,35.077433,25,20,5
5952.268058,54.236740,25,20,5
8461.255709,21.533157,25,20,5
