Distance,Tx Power,Bandwidth,Subband BW,Subband Offset
553.134787,24.550244,50,8,17
1712.934642,57.029721,50,8,17
8427.337019,37.569329,50,8,17
1796.333487,16.142939,50,8,17
