Distance,Tx Power,Bandwidth,Subband BW,Subband Offset
1686.331403,30.491770,25,9,4
3502.305324,42.848212,25,9,4
4169.455479,24.968813,25,9,4
1525.846191,55.408479,25,9,4
