Distance,Tx Power,Bandwidth,Subband BW,Subband Offset
5168.481726,35.040772,15,14,0
9855.786926,41.210018,15,14,0
6030.605294,19.234564,15,14,0
7528.832826,45.855627,15,14,0
