Distance,Tx Power,Bandwidth,Subband BW,Subband Offset
7505.282804,29.646285,25,7,17
9385.643218,49.753330,25,7,17
4546.554550,32.741108,25,7,17
1659.014785,42.027868,25,7,17
