Distance,Tx Power,Bandwidth,Subband BW,Subband Offset
7641.394165,42.973343,50,35,12
1593.082947,30.761287,50,35,12
145.440474,45.974483,50,35,12
7469.201190,20.123113,50,35,12
