Distance,Tx Power,Bandwidth,Subband BW,Subband Offset
5814.074918,55.177475,15,13,1
2719.725398,31.706329,15,13,1
3148.906160,34.282091,15,13,1
3429.836183,15.470785,15,13,1
