Distance,Tx Power,Bandwidth,Subband BW,Subband Offset
3905.930053,57.888237,100,15,29
3682.395604,22.152670,100,15,29
8405.227225,57.394524,100,15,29
181.737394,16.737233,100,15,29
