Distance,Tx Power,Bandwidth,Subband BW,Subband Offset
2550.675879,57.586186,100,61,17
1606.970606,15.766244,100,61,17
7882.447626,53.798360,100,61,17
3898.772537,38.860901,100,61,17
