Distance,Tx Power,Bandwidth,Subband BW,Subband Offset
9217.675974,44.683227,75,10,59
6489.343049,42.741617,75,10,59
842.127945,54.779348,75,10,59
6068.244169,46.891812,75,10,59
