Distance,Tx Power,Bandwidth,Subband BW,Subband Offset
6218.035120,53.927087,50,9,12
2485.169763,28.781808,50,9,12
691.384271,54.729374,50,9,12
5528.419086,56.091929,50,9,12
