Distance,Tx Power,Bandwidth,Subband BW,Subband Offset
8760.615009,57.724579,25,9,9
9950.314020,57.703608,25,9,9
6446.290741,23.667270,25,9,9
2704.647724,44.883840,25,9,9
