Distance,Tx Power,Bandwidth,Subband BW,Subband Offset
1121.738681,19.925081,50,13,7
286.422637,48.065249,50,13,7
5018.239363,54.714228,50,13,7
9440.161983,26.839298,50,13,7
