Distance,Tx Power,Bandwidth,Subband BW,Subband Offset
3254.829737,18.534652,25,9,15
5298.760380,33.350505,25,9,15
309.075762,27.138662,25,9,15
2589.515049,25.986698,25,9,15
