Distance,Tx Power,Bandwidth,Subband BW,Subband Offset
8581.330566,38.518399,100,28,27
641.429303,29.723778,100,28,27
1105.607780,28.901436,100,28,27
5086.849952,50.146851,100,28,27
