Distance,Tx Power,Bandwidth,Subband BW,Subband Offset
4505.568159,32.329583,15,7,3
5935.949933,54.569011,15,7,3
8873.300506,59.683834,15,7,3
9431.715719,52.743068,15,7,3
