Distance,Tx Power,Bandwidth,Subband BW,Subband Offset
4880.167365,48.190024,15,9,1
9145.361232,34.312022,15,9,1
4345.687285,35.964644,15,9,1
7784.872703,25.008531,15,9,1
