Distance,Tx Power,Bandwidth,Subband BW,Subband Offset
8712.255645,36.323557,100,62,1
8727.493659,24.838819,100,62,1
1394.660667,54.578508,100,62,1
5093.339707,16.025803,100,62,1
