Distance,Tx Power,Bandwidth,Subband BW,Subband Offset
4021.433872,40.165107,15,10,0
5891.039420,16.568752,15,10,0
2001.189496,16.240977,15,10,0
2076.013636,57.253422,15,10,0
