Distance,Tx Power,Bandwidth,Subband BW,Subband Offset
706.750662,48.609512,75,9,33
7187.021055,46.220063,75,9,33
4910.733883,15.820157,75,9,33
1441.378411,38.136443,75,9,33
