Distance,Tx Power,Bandwidth,Subband BW,Subband Offset
5606.282377,55.392338,75,30,4
2450.744569,33.409435,75,30,4
4294.310483,37.423845,75,30,4
7043.429959,35.059983,75,30,4
