Distance,Tx Power,Bandwidth,Subband BW,Subband Offset
6270.296726,30.221171,50,23,16
4736.196812,50.862830,50,23,16
2180.635260,31.927870,50,23,16
593.278529,15.760696,50,23,16
