Distance,Tx Power,Bandwidth,Subband BW,Subband Offset
3982.150406,38.385089,25,10,11
4800.063050,28.384489,25,10,11
9768.992445,35.881587,25,10,11
3896.352957,53.348839,25,10,11
