Distance,Tx Power,Bandwidth,Subband BW,Subband Offset
4788.430029,19.516945,75,8,46
6690.825502,45.598844,75,8,46
4384.284059,45.625523,75,8,46
788.171266,30.351253,75,8,46
