Distance,Tx Power,Bandwidth,Subband BW,Subband Offset
1687.578601,53.786231,50,17,32
9137.932017,16.593975,50,17,32
356.327123,28.205487,50,17,32
102.561347,32.359036,50,17,32
