Distance,Tx Power,Bandwidth,Subband BW,Subband Offset
3002.708211,26.466085,75,34,26
9769.847087,49.600407,75,34,26
118.714520,26.696358,75,34,26
9022.617423,49.685688,75,34,26
