Distance,Tx Power,Bandwidth,Subband BW,Subband Offset
5957.828862,17.556238,75,57,17
526.523378,20.962179,75,57,17
9909.470779,32.028812,75,57,17
8359.489831,24.442010,75,57,17
