Distance,Tx Power,Bandwidth,Subband BW,Subband Offset
767.332674,57.372298,100,7,26
6729.935161,22.360582,100,7,26
800.143407,34.540487,100,7,26
8171.543271,38.282546,100,7,26
