Distance,Tx Power,Bandwidth,Subband BW,Subband Offset
466.214867,55.361341,100,7,62
4963.399837,50.079305,100,7,62
4817.557824,45.240638,100,7,62
6305.555956,25.624736,100,7,62
