Distance,Tx Power,Bandwidth,Subband BW,Subband Offset
4516.895255,17.139786,50,33,16
5314.762249,54.365076,50,33,16
7784.783255,49.716377,50,33,16
4770.241650,30.157214,50,33,16
