Distance,Tx Power,Bandwidth,Subband BW,Subband Offset
4608.600174,48.090776,50,29,6
6340.718594,39.303630,50,29,6
3678.261640,53.679717,50,29,6
2723.217951,23.868399,50,29,6
