Distance,Tx Power,Bandwidth,Subband BW,Subband Offset
1923.314400,28.886988,100,36,3
6966.263513,56.846983,100,36,3
9126.823598,53.276738,100,36,3
4899.827232,18.392353,100,36,3
