Distance,Tx Power,Bandwidth,Subband BW,Subband Offset
5406.552682,45.361394,100,38,52
8550.763974,17.694234,100,38,52
3797.500918,33.083426,100,38,52
1667.189283,44.461719,100,38,52
