Distance,Tx Power,Bandwidth,Subband BW,Subband Offset
455.122732,15.091969,15,8,5
7374.920370,34.667936,15,8,5
1416.296189,16.322149,15,8,5
9018.596330,43.749549,15,8,5
