Distance,Tx Power,Bandwidth,Subband BW,Subband Offset
8359.997864,31.468410,50,22,0
7584.638925,18.794690,50,22,0
9498.785096,23.971091,50,22,0
1867.597985,37.668099,50,22,0
