Distance,Tx Power,Bandwidth,Subband BW,Subband Offset
2128.142494,34.727962,15,7,1
4948.482902,36.350066,15,7,1
825.988664,59.521378,15,7,1
5323.468956,59.040295,15,7,1
