Distance,Tx Power,Bandwidth,Subband BW,Subband Offset
2222.794987,37.224793,15,8,6
3866.388251,43.177333,15,8,6
2663.789722,21.146181,15,8,6
4091.639569,22.058561,15,8,6
