Distance,Tx Power,Bandwidth,Subband BW,Subband Offset
3647.829135,49.346133,100,83,9
9589.312094,45.709610,100,83,9
1825.103130,57.437132,100,83,9
1373.345947,31.930190,100,83,9
