Distance,Tx Power,Bandwidth,Subband BW,Subband Offset
5891.188227,57.685323,25,13,9
1689.702703,49.117539,25,13,9
4688.016828,20.963784,25,13,9
5564.083377,56.234900,25,13,9
