Distance,Tx Power,Bandwidth,Subband BW,Subband Offset
2789.413824,17.899884,75,62,0
418.460867,34.192600,75,62,0
3188.463514,34.995236,75,62,0
7307.584104,36.748715,75,62,0
