Distance,Tx Power,Bandwidth,Subband BW,Subband Offset
4400.341594,50.148746,100,24,27
3486.304777,39.743804,100,24,27
4299.625442,32.410206,100,24,27
699.448000,25.973461,100,24,27
