Distance,Tx Power,Bandwidth,Subband BW,Subband Offset
4419.717058,37.672595,25,19,6
3786.018058,17.668322,25,19,6
6579.819048,57.213604,25,19,6
6555.659947,23.965308,25,19,6
