Distance,Tx Power,Bandwidth,Subband BW,Subband Offset
6219.068548,30.835584,15,12,2
3876.314177,42.746656,15,12,2
5545.185275,29.089561,15,12,2
2762.095834,31.585096,15,12,2
