Distance,Tx Power,Bandwidth,Subband BW,Subband Offset
6988.766061,35.261226,75,25,24
458.184369,19.878197,75,25,24
9902.461199,50.882694,75,25,24
901.356312,55.871041,75,25,24
