Distance,Tx Power,Bandwidth,Subband BW,Subband Offset
214.463449,30.968537,25,16,1
9848.954277,40.082349,25,16,1
9164.721504,59.175876,25,16,1
3391.510535,17.430339,25,16,1
