Distance,Tx Power,Bandwidth,Subband BW,Subband Offset
342.934842,45.486394,25,6,4
597.557197,41.440526,25,6,4
2063.353490,49.526077,25,6,4
9737.381888,27.258460,25,6,4
