Distance,Tx Power,Bandwidth,Subband BW,Subband Offset
1542.470260,50.206990,15,7,2
7424.178573,46.038365,15,7,2
498.055552,38.377694,15,7,2
8984.058420,45.749112,15,7,2
