Distance,Tx Power,Bandwidth,Subband BW,Subband Offset
667.844183,47.022340,100,44,23
3452.250746,58.707982,100,44,23
8419.446916,56.794831,100,44,23
245.286558,17.776644,100,44,23
