Distance,Tx Power,Bandwidth,Subband BW,Subband Offset
8367.933371,53.384435,100,28,27
9140.996682,16.031640,100,28,27
5929.981390,38.073810,100,28,27
3801.154103,15.705537,100,28,27
