Distance,Tx Power,Bandwidth,Subband BW,Subband Offset
9164.490314,44.538837,75,58,2
3112.290428,34.551886,75,58,2
9237.078802,23.487384,75,58,2
260.866351,35.753307,75,58,2
