Distance,Tx Power,Bandwidth,Subband BW,Subband Offset
2544.013132,25.115533,100,25,0
8574.886972,32.958066,100,25,0
6824.558498,56.246098,100,25,0
5047.888239,33.009458,100,25,0
