Distance,Tx Power,Bandwidth,Subband BW,Subband Offset
1302.915625,18.003450,100,21,30
5349.690576,42.188226,100,21,30
3559.401594,43.702037,100,21,30
6105.456248,46.226577,100,21,30
