Distance,Tx Power,Bandwidth,Subband BW,Subband Offset
7728.943195,22.142197,15,10,5
5051.854056,37.611034,15,10,5
5082.202264,58.421782,15,10,5
9221.488722,20.008976,15,10,5
