Distance,Tx Power,Bandwidth,Subband BW,Subband Offset
6040.310544,50.523535,75,6,32
4929.184403,47.578767,75,6,32
3010.945004,47.848555,75,6,32
5708.588119,49.403656,75,6,32
