Distance,Tx Power,Bandwidth,Subband BW,Subband Offset
4503.685461,57.214815,15,6,0
6741.807933,44.809781,15,6,0
8769.132140,37.165694,15,6,0
4441.712621,55.597728,15,6,0
