Distance,Tx Power,Bandwidth,Subband BW,Subband Offset
2766.984531,38.751211,25,15,8
7600.078590,58.006941,25,15,8
1343.911718,18.155406,25,15,8
3714.423031,31.221177,25,15,8
