Distance,Tx Power,Bandwidth,Subband BW,Subband Offset
7360.414464,45.999706,15,7,8
829.161758,59.389424,15,7,8
6104.153537,40.923066,15,7,8
3938.957924,31.191822,15,7,8
