Distance,Tx Power,Bandwidth,Subband BW,Subband Offset
9177.399981,18.222684,100,15,25
4757.156975,58.472001,100,15,25
4901.257778,32.330374,100,15,25
1534.144557,51.761457,100,15,25
