Distance,Tx Power,Bandwidth,Subband BW,Subband Offset
2948.313183,46.091176,100,35,62
7818.691994,51.154485,100,35,62
3032.538890,57.308814,100,35,62
4994.106530,24.647654,100,35,62
