Distance,Tx Power,Bandwidth,Subband BW,Subband Offset
1496.793072,22.906368,50,10,32
7128.566815,39.795826,50,10,32
742.715938,43.487333,50,10,32
2409.313536,18.167041,50,10,32
