Distance,Tx Power,Bandwidth,Subband BW,Subband Offset
4261.469545,54.950905,25,10,3
346.967352,38.382437,25,10,3
5080.220694,58.032943,25,10,3
8475.799387,30.663849,25,10,3
