Distance,Tx Power,Bandwidth,Subband BW,Subband Offset
1759.152498,31.591680,100,7,68
5752.205708,52.449650,100,7,68
5460.004323,53.264019,100,7,68
6711.606379,26.249041,100,7,68
