Distance,Tx Power,Bandwidth,Subband BW,Subband Offset
8898.851083,37.562334,100,10,70
4504.735589,23.683388,100,10,70
739.321918,32.121269,100,10,70
588.936916,48.144199,100,10,70
