Distance,Tx Power,Bandwidth,Subband BW,Subband Offset
1684.125638,43.853738,100,18,68
8164.353443,16.068096,100,18,68
4138.130876,55.574436,100,18,68
4720.163310,51.420533,100,18,68
