Distance,Tx Power,Bandwidth,Subband BW,Subband Offset
194.522604,40.054816,75,9,3
4277.613624,52.209209,75,9,3
283.537345,16.136477,75,9,3
3908.138956,43.991307,75,9,3
