Distance,Tx Power,Bandwidth,Subband BW,Subband Offset
3853.154139,34.966775,100,17,72
9127.220588,55.600755,100,17,72
7867.837610,15.659937,100,17,72
605.858885,53.765255,100,17,72
