Distance,Tx Power,Bandwidth,Subband BW,Subband Offset
4491.509526,39.409221,25,11,2
1512.604097,45.569377,25,11,2
6331.323083,26.152250,25,11,2
7027.928421,58.992396,25,11,2
