Distance,Tx Power,Bandwidth,Subband BW,Subband Offset
9105.612827,30.039336,25,20,5
3017.261607,28.210377,25,20,5
6455.270235,32.174655,25,20,5
9458.405189,23.441380,25,20,5
