Distance,Tx Power,Bandwidth,Subband BW,Subband Offset
5854.424239,30.271780,15,9,1
5091.027114,23.330623,15,9,1
4158.494871,43.228738,15,9,1
321.066547,51.447946,15,9,1
