Distance,Tx Power,Bandwidth,Subband BW,Subband Offset
1431.889842,41.032895,25,11,3
4848.546354,56.382045,25,11,3
3560.717556,28.249950,25,11,3
8664.730269,16.635116,25,11,3
