Distance,Tx Power,Bandwidth,Subband BW,Subband Offset
6749.373632,40.147771,100,66,28
9261.557812,36.551573,100,66,28
3880.461043,24.166833,100,66,28
7920.724122,51.858661,100,66,28
