Distance,Tx Power,Bandwidth,Subband BW,Subband Offset
3916.254406,32.346689,50,16,2
1905.129330,31.665263,50,16,2
1255.827117,55.412044,50,16,2
7544.443741,17.992922,50,16,2
