Distance,Tx Power,Bandwidth,Subband BW,Subband Offset
9384.642746,52.727594,15,7,8
506.578229,57.577838,15,7,8
6693.132611,21.740200,15,7,8
4341.570799,51.723903,15,7,8
