Distance,Tx Power,Bandwidth,Subband BW,Subband Offset
2119.266023,26.568437,25,8,4
1901.331519,37.217725,25,8,4
1563.718488,25.859822,25,8,4
5450.195167,48.992214,25,8,4
