Distance,Tx Power,Bandwidth,Subband BW,Subband Offset
2774.388757,59.215538,100,12,30
1183.187937,55.100523,100,12,30
9924.443497,18.226630,100,12,30
430.913094,20.063657,100,12,30
