Distance,Tx Power,Bandwidth,Subband BW,Subband Offset
5861.871145,54.409330,15,8,2
3698.105944,25.815114,15,8,2
9769.498927,15.379724,15,8,2
6979.151389,39.523692,15,8,2
