Distance,Tx Power,Bandwidth,Subband BW,Subband Offset
9735.154560,35.293618,75,46,11
2079.168651,20.374074,75,46,11
7153.467244,42.087840,75,46,11
9634.150130,47.240365,75,46,11
