Distance,Tx Power,Bandwidth,Subband BW,Subband Offset
1964.968093,51.943140,100,9,78
4227.541746,41.943879,100,9,78
791.419057,55.893018,100,9,78
7144.550353,50.993241,100,9,78
