Distance,Tx Power,Bandwidth,Subband BW,Subband Offset
9919.419492,54.195303,50,7,21
5876.383344,25.918145,50,7,21
7748.463312,25.455382,50,7,21
8849.013731,59.310436,50,7,21
