Distance,Tx Power,Bandwidth,Subband BW,Subband Offset
3166.025344,55.668898,50,10,21
6861.441812,47.170905,50,10,21
1855.572884,38.462121,50,10,21
7209.159116,25.057531,50,10,21
