Distance,Tx Power,Bandwidth,Subband BW,Subband Offset
3015.415200,27.610710,75,28,11
2525.563484,18.343226,75,28,11
8452.539681,59.525037,75,28,11
2662.708551,19.184661,75,28,11
