Distance,Tx Power,Bandwidth,Subband BW,Subband Offset
7004.091562,59.625395,100,79,15
7289.175955,34.689092,100,79,15
5082.188674,15.188942,100,79,15
1582.211277,18.507982,100,79,15
