Distance,Tx Power,Bandwidth,Subband BW,Subband Offset
9411.033479,50.749734,15,10,4
9600.813206,51.534387,15,10,4
1232.835991,54.523738,15,10,4
7110.506599,17.119106,15,10,4
