Distance,Tx Power,Bandwidth,Subband BW,Subband Offset
9027.992231,21.060620,100,12,80
4863.351085,41.622762,100,12,80
3224.053215,31.501843,100,12,80
3259.752694,29.792954,100,12,80
