Distance,Tx Power,Bandwidth,Subband BW,Subband Offset
4040.062102,37.552856,50,7,38
5904.415514,33.221561,50,7,38
8684.266887,33.145279,50,7,38
9659.510408,40.892537,50,7,38
