Distance,Tx Power,Bandwidth,Subband BW,Subband Offset
8514.855700,39.349355,25,18,0
6167.251835,23.694238,25,18,0
5495.649406,28.017481,25,18,0
8982.356442,24.098540,25,18,0
