Distance,Tx Power,Bandwidth,Subband BW,Subband Offset
2511.989520,59.313271,75,6,36
4499.091735,45.054877,75,6,36
4929.296283,29.147788,75,6,36
1781.585505,25.084948,75,6,36
