Distance,Tx Power,Bandwidth,Subband BW,Subband Offset
1869.234207,17.819490,50,35,2
4783.518906,42.494074,50,35,2
4109.446751,57.625118,50,35,2
2187.638315,23.693030,50,35,2
