Distance,Tx Power,Bandwidth,Subband BW,Subband Offset
6200.591817,28.569018,15,8,2
6892.784827,17.508243,15,8,2
8008.124302,46.040478,15,8,2
7644.401521,57.635560,15,8,2
