Distance,Tx Power,Bandwidth,Subband BW,Subband Offset
1304.304585,51.178481,100,50,35
2815.842607,53.815730,100,50,35
8009.730988,27.099895,100,50,35
3517.297113,54.347244,100,50,35
