Distance,Tx Power,Bandwidth,Subband BW,Subband Offset
7293.202226,33.601895,25,6,10
343.788088,40.140708,25,6,10
293.369710,21.310478,25,6,10
297.857918,22.681522,25,6,10
