Distance,Tx Power,Bandwidth,Subband BW,Subband Offset
4088.699296,39.908732,15,7,1
3143.060472,16.878166,15,7,1
1436.554765,55.790309,15,7,1
8785.773323,23.131951,15,7,1
