Distance,Tx Power,Bandwidth,Subband BW,Subband Offset
5052.473532,18.359632,15,7,7
4476.890502,47.645425,15,7,7
9176.358917,54.275393,15,7,7
1278.170929,27.926683,15,7,7
