Distance,Tx Power,Bandwidth,Subband BW,Subband Offset
8792.581950,43.541783,15,11,3
5602.145501,45.665459,15,11,3
3622.181693,41.297863,15,11,3
1959.840396,26.369136,15,11,3
