Distance,Tx Power,Bandwidth,Subband BW,Subband Offset
7895.302270,16.033110,15,7,2
644.380635,58.493045,15,7,2
9534.873221,50.525009,15,7,2
2083.465178,42.684164,15,7,2
