Distance,Tx Power,Bandwidth,Subband BW,Subband Offset
6330.567294,52.865869,100,49,27
7454.995171,28.132347,100,49,27
8338.165987,41.393246,100,49,27
7511.887588,55.035667,100,49,27
