Distance,Tx Power,Bandwidth,Subband BW,Subband Offset
7108.087060,37.989849,75,12,37
7565.785759,37.339689,75,12,37
795.258607,38.627645,75,12,37
6987.349980,38.401491,75,12,37
