Distance,Tx Power,Bandwidth,Subband BW,Subband Offset
1331.204840,18.160160,25,16,4
1031.656410,36.340163,25,16,4
9928.859865,44.707404,25,16,4
1816.896068,30.869591,25,16,4
