Distance,Tx Power,Bandwidth,Subband BW,Subband Offset
2678.735615,25.482791,100,49,33
3236.660968,26.200484,100,49,33
5330.048970,34.198729,100,49,33
103.280689,48.333976,100,49,33
