Distance,Tx Power,Bandwidth,Subband BW,Subband Offset
3404.730202,35.363239,15,6,2
7039.242162,19.325530,15,6,2
9569.997237,59.338909,15,6,2
9143.298369,53.076889,15,6,2
