Distance,Tx Power,Bandwidth,Subband BW,Subband Offset
1573.878087,36.846236,50,13,34
8139.735956,42.007409,50,13,34
4831.526998,43.228486,50,13,34
5203.610579,53.854506,50,13,34
