Distance,Tx Power,Bandwidth,Subband BW,Subband Offset
3417.903661,36.369140,15,10,3
9264.805948,55.943657,15,10,3
4949.605819,41.237055,15,10,3
7807.501430,38.526271,15,10,3
