Distance,Tx Power,Bandwidth,Subband BW,Subband Offset
9546.661734,55.122521,15,8,6
4915.208530,22.927180,15,8,6
6608.197750,53.071548,15,8,6
7576.216469,57.766213,15,8,6
