Distance,Tx Power,Bandwidth,Subband BW,Subband Offset
5915.367933,32.307606,15,8,2
2987.499168,38.340475,15,8,2
7548.155063,33.735925,15,8,2
3903.723340,32.426100,15,8,2
