Distance,Tx Power,Bandwidth,Subband BW,Subband Offset
1174.619737,47.277145,25,8,0
6793.297252,42.155617,25,8,0
8756.582889,52.362785,25,8,0
7283.302334,58.827385,25,8,0
