Distance,Tx Power,Bandwidth,Subband BW,Subband Offset
8189.596478,31.859321,100,40,41
5942.309996,42.543107,100,40,41
8174.083380,36.381156,100,40,41
4467.621544,56.923305,100,40,41
