Distance,Tx Power,Bandwidth,Subband BW,Subband Offset
361.126651,49.447892,25,22,3
789.965882,32.515195,25,22,3
8123.534013,18.845184,25,22,3
2187.062568,17.587337,25,22,3
