Distance,Tx Power,Bandwidth,Subband BW,Subband Offset
566.014413,31.363711,100,15,60
1661.465380,15.516508,100,15,60
9172.363784,49.200848,100,15,60
6128.385652,58.382680,100,15,60
