Distance,Tx Power,Bandwidth,Subband BW,Subband Offset
707.438380,52.227710,75,6,53
7110.628055,58.409100,75,6,53
5324.831540,33.145856,75,6,53
2380.692350,34.827834,75,6,53
