Distance,Tx Power,Bandwidth,Subband BW,Subband Offset
7938.223221,42.965988,25,20,0
2322.606934,47.470461,25,20,0
9678.040148,24.599566,25,20,0
7834.510294,53.303092,25,20,0
