Distance,Tx Power,Bandwidth,Subband BW,Subband Offset
8851.633550,38.067498,50,38,12
8803.526418,16.253695,50,38,12
2957.989756,50.448563,50,38,12
8149.719083,15.253367,50,38,12
