Distance,Tx Power,Bandwidth,Subband BW,Subband Offset
623.354350,55.778406,50,23,13
6367.110950,46.351029,50,23,13
9575.346370,23.974251,50,23,13
8347.438951,35.583398,50,23,13
