Distance,Tx Power,Bandwidth,Subband BW,Subband Offset
5999.891679,59.424109,75,65,3
5709.895396,19.010363,75,65,3
2653.345937,46.061116,75,65,3
1350.017741,43.458130,75,65,3
