Distance,Tx Power,Bandwidth,Subband BW,Subband Offset
2274.978055,50.062624,25,10,13
9392.597861,21.195188,25,10,13
9633.687258,52.602349,25,10,13
1973.849556,25.825478,25,10,13
