Distance,Tx Power,Bandwidth,Subband BW,Subband Offset
158.487406,21.197916,100,47,28
3194.269618,36.208274,100,47,28
381.357687,42.496535,100,47,28
6924.473592,54.495764,100,47,28
