Distance,Tx Power,Bandwidth,Subband BW,Subband Offset
9118.790826,56.856591,50,24,8
8890.720831,34.733160,50,24,8
337.023735,25.415332,50,24,8
4635.242593,57.004625,50,24,8
