Distance,Tx Power,Bandwidth,Subband BW,Subband Offset
8171.510865,20.939235,100,13,48
1697.864838,57.706044,100,13,48
1965.868081,44.532320,100,13,48
3507.509901,29.068795,100,13,48
