Distance,Tx Power,Bandwidth,Subband BW,Subband Offset
2045.225601,26.146636,100,78,19
9688.430884,57.719173,100,78,19
7880.315714,40.780190,100,78,19
7624.942593,55.703978,100,78,19
