Distance,Tx Power,Bandwidth,Subband BW,Subband Offset
9524.275664,59.381797,50,44,3
8565.855651,22.680187,50,44,3
7544.979380,54.787397,50,44,3
9577.312631,32.622887,50,44,3
