Distance,Tx Power,Bandwidth,Subband BW,Subband Offset
7500.255416,47.131343,25,8,8
7610.643221,24.910347,25,8,8
1918.558545,17.911180,25,8,8
4717.365709,26.486172,25,8,8
