Distance,Tx Power,Bandwidth,Subband BW,Subband Offset
1036.325147,45.524587,50,18,2
1043.544901,38.058571,50,18,2
1637.616142,23.852976,50,18,2
9135.524159,30.139007,50,18,2
