Distance,Tx Power,Bandwidth,Subband BW,Subband Offset
7585.896520,35.609749,15,9,2
179.533737,19.827817,15,9,2
6715.159339,59.041118,15,9,2
3164.017332,50.234904,15,9,2
