Distance,Tx Power,Bandwidth,Subband BW,Subband Offset
2993.384538,58.094192,15,9,2
5565.684641,25.615570,15,9,2
230.021343,27.116072,15,9,2
9475.796058,40.933400,15,9,2
