Distance,Tx Power,Bandwidth,Subband BW,Subband Offset
5118.945687,51.332937,50,8,29
9122.195227,39.438554,50,8,29
4501.383057,43.796430,50,8,29
7935.823387,32.357231,50,8,29
