Distance,Tx Power,Bandwidth,Subband BW,Subband Offset
5106.341166,49.312620,100,54,13
668.962668,46.076015,100,54,13
9527.968720,27.793741,100,54,13
7067.679184,42.607906,100,54,13
