Distance,Tx Power,Bandwidth,Subband BW,Subband Offset
754.605143,52.986360,50,23,25
1270.089775,18.443341,50,23,25
7735.696597,24.878944,50,23,25
8272.352371,34.099684,50,23,25
