Distance,Tx Power,Bandwidth,Subband BW,Subband Offset
8958.157299,42.749496,25,11,14
4856.107543,35.637699,25,11,14
4346.295884,27.846223,25,11,14
9226.139838,27.811599,25,11,14
