Distance,Tx Power,Bandwidth,Subband BW,Subband Offset
3150.221849,52.883032,100,24,6
9821.228783,16.979085,100,24,6
9707.568549,26.900140,100,24,6
3938.076467,52.138768,100,24,6
