Distance,Tx Power,Bandwidth,Subband BW,Subband Offset
111.359242,36.263567,50,26,17
7130.177974,21.933363,50,26,17
2678.242645,23.494681,50,26,17
8596.004680,18.847034,50,26,17
