Distance,Tx Power,Bandwidth,Subband BW,Subband Offset
1809.747728,53.559969,75,44,19
7636.093118,25.333175,75,44,19
276.400579,16.331140,75,44,19
1382.040386,20.546612,75,44,19
