Distance,Tx Power,Bandwidth,Subband BW,Subband Offset
5904.618798,52.110145,100,51,5
7370.571691,44.510819,100,51,5
3677.142703,26.933762,100,51,5
4213.562028,45.528733,100,51,5
