Distance,Tx Power,Bandwidth,Subband BW,Subband Offset
6290.939967,27.216030,100,37,46
4639.763037,52.341896,100,37,46
9694.425651,42.463305,100,37,46
4867.545123,19.155118,100,37,46
