Distance,Tx Power,Bandwidth,Subband BW,Subband Offset
8059.112257,37.687776,25,10,5
2428.031619,16.212544,25,10,5
8609.730983,48.570178,25,10,5
3335.169754,51.218521,25,10,5
