Distance,Tx Power,Bandwidth,Subband BW,Subband Offset
2502.579022,35.943398,25,19,6
2218.785773,35.029374,25,19,6
1529.426291,28.070558,25,19,6
6589.758884,35.887984,25,19,6
