Distance,Tx Power,Bandwidth,Subband BW,Subband Offset
9551.847844,52.356699,25,15,0
2702.964287,28.577113,25,15,0
6192.573882,41.212493,25,15,0
4170.229781,21.429448,25,15,0
