Distance,Tx Power,Bandwidth,Subband BW,Subband Offset
7012.133449,18.342813,100,29,37
860.627755,22.053822,100,29,37
7512.624198,26.831863,100,29,37
5394.868567,27.523339,100,29,37
