Distance,Tx Power,Bandwidth,Subband BW,Subband Offset
9503.324181,37.858613,25,7,15
9049.554699,33.146436,25,7,15
5918.536176,56.030545,25,7,15
9088.682649,24.499588,25,7,15
