Distance,Tx Power,Bandwidth,Subband BW,Subband Offset
7147.347902,27.452189,25,20,4
989.272492,26.617764,25,20,4
3362.340470,36.762470,25,20,4
902.839737,32.516073,25,20,4
