Distance,Tx Power,Bandwidth,Subband BW,Subband Offset
2517.071110,21.424353,100,64,10
5462.727158,33.070317,100,64,10
6771.270457,28.348067,100,64,10
3284.820074,51.914632,100,64,10
