Distance,Tx Power,Bandwidth,Subband BW,Subband Offset
2792.047706,28.728232,75,62,11
8760.086360,16.873421,75,62,11
3157.189414,15.681219,75,62,11
6871.243450,57.809693,75,62,11
