Distance,Tx Power,Bandwidth,Subband BW,Subband Offset
9274.857052,35.416941,25,18,3
8883.491480,47.048692,25,18,3
4864.035828,15.099828,25,18,3
7287.569958,28.359399,25,18,3
