Distance,Tx Power,Bandwidth,Subband BW,Subband Offset
7884.550643,53.899489,75,35,40
2780.410190,22.820154,75,35,40
8101.638944,21.666006,75,35,40
2031.270968,39.448543,75,35,40
