Distance,Tx Power,Bandwidth,Subband BW,Subband Offset
8464.239587,35.248403,100,11,1
9640.951277,30.119751,100,11,1
5329.309499,50.566583,100,11,1
2653.716730,50.687423,100,11,1
