Distance,Tx Power,Bandwidth,Subband BW,Subband Offset
8300.473680,57.700520,25,12,13
4252.245068,26.162992,25,12,13
2593.807815,31.996834,25,12,13
6908.897711,19.059820,25,12,13
