Distance,Tx Power,Bandwidth,Subband BW,Subband Offset
8058.920051,51.044327,100,64,32
8040.967161,36.305236,100,64,32
4146.766353,40.672706,100,64,32
7411.183842,22.600152,100,64,32
