Distance,Tx Power,Bandwidth,Subband BW,Subband Offset
2736.208803,27.971014,15,10,0
6423.475639,28.619941,15,10,0
9661.597186,49.118944,15,10,0
3134.460636,29.401754,15,10,0
