Distance,Tx Power,Bandwidth,Subband BW,Subband Offset
8319.593778,28.359996,50,15,19
938.867829,19.115630,50,15,19
3336.772876,18.148146,50,15,19
4293.082983,18.063760,50,15,19
