Distance,Tx Power,Bandwidth,Subband BW,Subband Offset
2299.955611,17.930060,100,91,5
1975.627472,15.823899,100,91,5
3786.527040,21.740240,100,91,5
2320.091930,45.740229,100,91,5
