Distance,Tx Power,Bandwidth,Subband BW,Subband Offset
1964.007873,31.732485,75,30,43
6718.616451,49.078162,75,30,43
3023.824679,42.523380,75,30,43
6531.703925,51.815376,75,30,43
