Distance,Tx Power,Bandwidth,Subband BW,Subband Offset
9825.691173,36.670925,100,15,8
8122.271548,40.159191,100,15,8
4365.097590,59.205679,100,15,8
5282.348928,17.547858,100,15,8
