Distance,Tx Power,Bandwidth,Subband BW,Subband Offset
9114.781058,26.715679,25,11,7
5640.395614,54.173945,25,11,7
9921.201276,54.612284,25,11,7
5798.526479,33.278915,25,11,7
