Distance,Tx Power,Bandwidth,Subband BW,Subband Offset
4091.592259,50.937205,15,7,2
8759.709648,56.520677,15,7,2
746.514821,32.951375,15,7,2
3059.126696,44.711280,15,7,2
