Distance,Tx Power,Bandwidth,Subband BW,Subband Offset
8818.376830,54.851593,50,9,41
5408.456276,24.103179,50,9,41
6184.829490,39.355663,50,9,41
8733.089891,17.504884,50,9,41
