Distance,Tx Power,Bandwidth,Subband BW,Subband Offset
5587.480536,38.324204,75,27,36
5849.214758,25.484759,75,27,36
9635.765905,22.899172,75,27,36
3561.184140,36.608395,75,27,36
