Distance,Tx Power,Bandwidth,Subband BW,Subband Offset
8613.825877,17.032497,25,12,12
9922.876672,56.593994,25,12,12
8003.872934,53.219015,25,12,12
4003.489736,19.872264,25,12,12
