Distance,Tx Power,Bandwidth,Subband BW,Subband Offset
8545.330534,33.475186,100,40,41
6495.646695,33.046177,100,40,41
1849.442535,16.719109,100,40,41
1935.184172,15.962674,100,40,41
