Distance,Tx Power,Bandwidth,Subband BW,Subband Offset
5500.183557,30.458421,15,14,0
9404.677122,58.211841,15,14,0
5574.886491,51.469823,15,14,0
8257.502477,40.955070,15,14,0
