Distance,Tx Power,Bandwidth,Subband BW,Subband Offset
6348.992522,36.648319,25,19,5
6564.215991,54.489565,25,19,5
5788.663893,55.272969,25,19,5
2604.271076,43.706318,25,19,5
