Distance,Tx Power,Bandwidth,Subband BW,Subband Offset
9847.795916,43.348518,100,52,8
220.648494,25.605443,100,52,8
7391.787178,37.957271,100,52,8
5248.313965,39.908777,100,52,8
