Distance,Tx Power,Bandwidth,Subband BW,Subband Offset
6989.228056,21.762947,50,9,34
9101.072807,26.576916,50,9,34
2522.678740,56.356503,50,9,34
2809.334731,36.313286,50,9,34
