Distance,Tx Power,Bandwidth,Subband BW,Subband Offset
1925.959849,41.461514,15,7,8
9064.922404,56.674627,15,7,8
1700.807683,17.071926,15,7,8
1900.009336,37.382583,15,7,8
