Distance,Tx Power,Bandwidth,Subband BW,Subband Offset
2336.434024,24.594984,25,8,4
2854.783220,39.247618,25,8,4
1534.195392,43.062719,25,8,4
325.855107,34.071417,25,8,4
