Distance,Tx Power,Bandwidth,Subband BW,Subband Offset
1121.745617,41.866406,50,9,25
8469.530400,48.931823,50,9,25
7165.081459,17.863806,50,9,25
1265.824825,49.878106,50,9,25
