Distance,Tx Power,Bandwidth,Subband BW,Subband Offset
6764.749189,25.305559,25,18,6
576.587598,34.283210,25,18,6
5008.997218,52.551947,25,18,6
1883.402992,30.195136,25,18,6
