Distance,Tx Power,Bandwidth,Subband BW,Subband Offset
9666.075860,37.079245,50,41,0
2015.374406,46.261010,50,41,0
4010.782638,56.878235,50,41,0
7979.332711,46.409732,50,41,0
