Distance,Tx Power,Bandwidth,Subband BW,Subband Offset
8738.810831,49.458535,50,14,20
9095.756582,43.543733,50,14,20
2338.942070,47.703954,50,14,20
5259.663753,22.515896,50,14,20
