Distance,Tx Power,Bandwidth,Subband BW,Subband Offset
1639.803404,20.912055,100,10,56
4653.498529,45.486615,100,10,56
3698.865397,27.127492,100,10,56
3634.776370,22.900852,100,10,56
