Distance,Tx Power,Bandwidth,Subband BW,Subband Offset
9447.356266,58.681154,75,16,0
6033.926524,42.554666,75,16,0
9089.583376,42.174851,75,16,0
5027.204949,32.532256,75,16,0
