Distance,Tx Power,Bandwidth,Subband BW,Subband Offset
2601.318299,39.801115,75,7,18
2700.310208,56.827302,75,7,18
1360.178754,20.886196,75,7,18
1624.759829,38.214720,75,7,18
