Distance,Tx Power,Bandwidth,Subband BW,Subband Offset
3986.561545,33.804754,50,40,7
3226.998631,25.110227,50,40,7
1550.836761,42.612870,50,40,7
7007.832867,29.404290,50,40,7
