Distance,Tx Power,Bandwidth,Subband BW,Subband Offset
950.969258,43.152603,100,26,72
9273.163734,20.601489,100,26,72
3886.288332,59.163251,100,26,72
7267.937390,42.230646,100,26,72
