Distance,Tx Power,Bandwidth,Subband BW,Subband Offset
9502.472139,50.139426,100,41,5
4225.994290,55.673468,100,41,5
6744.018560,32.270504,100,41,5
2312.979575,21.750034,100,41,5
