Distance,Tx Power,Bandwidth,Subband BW,Subband Offset
3853.765033,28.348066,50,35,9
5174.983505,29.211915,50,35,9
4072.686705,47.974451,50,35,9
8187.734600,58.777493,50,35,9
