Distance,Tx Power,Bandwidth,Subband BW,Subband Offset
8624.124198,48.571180,75,35,34
9821.203306,32.518485,75,35,34
4300.138646,26.595511,75,35,34
7086.928681,40.337715,75,35,34
