Distance,Tx Power,Bandwidth,Subband BW,Subband Offset
1842.599884,27.940393,25,25,0
1724.752152,49.177281,25,25,0
8398.216797,30.684179,25,25,0
3178.574174,22.408966,25,25,0
