Distance,Tx Power,Bandwidth,Subband BW,Subband Offset
4212.927380,46.932997,100,58,23
5794.059713,36.400683,100,58,23
7272.303474,27.249191,100,58,23
7744.220412,55.439962,100,58,23
