Distance,Tx Power,Bandwidth,Subband BW,Subband Offset
9847.538139,31.216120,15,7,6
3926.619409,27.760978,15,7,6
7268.642687,19.101096,15,7,6
5767.567331,57.223160,15,7,6
