Distance,Tx Power,Bandwidth,Subband BW,Subband Offset
5467.188980,48.591660,75,67,3
7111.647581,40.686748,75,67,3
2672.101287,16.030291,75,67,3
6190.683858,45.224326,75,67,3
