Distance,Tx Power,Bandwidth,Subband BW,Subband Offset
9185.700666,32.484514,15,6,8
7356.922749,45.629243,15,6,8
9959.120693,29.097806,15,6,8
3133.767796,44.850929,15,6,8
