Distance,Tx Power,Bandwidth,Subband BW,Subband Offset
8773.336141,58.187371,50,10,20
6805.328205,47.089626,50,10,20
1703.806626,33.621456,50,10,20
8156.802099,30.422906,50,10,20
