Distance,Tx Power,Bandwidth,Subband BW,Subband Offset
9066.158037,39.902315,50,39,2
2721.030823,40.740770,50,39,2
6530.138169,29.500520,50,39,2
2743.115285,23.634343,50,39,2
