Distance,Tx Power,Bandwidth,Subband BW,Subband Offset
734.781776,21.832322,75,55,16
4778.129265,22.846984,75,55,16
2534.900187,27.594840,75,55,16
3032.832055,35.949282,75,55,16
