Distance,Tx Power,Bandwidth,Subband BW,Subband Offset
1868.601005,34.134433,75,13,16
772.368578,40.243938,75,13,16
2802.557546,15.242179,75,13,16
1541.269426,57.790530,75,13,16
