Distance,Tx Power,Bandwidth,Subband BW,Subband Offset
5233.349837,37.767691,25,16,1
1380.788291,25.164826,25,16,1
8741.994393,17.983833,25,16,1
5890.381187,32.615786,25,16,1
