Distance,Tx Power,Bandwidth,Subband BW,Subband Offset
2090.158857,26.858715,75,30,13
6207.528599,38.218464,75,30,13
369.145677,38.389754,75,30,13
4955.118834,39.695909,75,30,13
