Distance,Tx Power,Bandwidth,Subband BW,Subband Offset
5641.275968,55.246363,15,11,3
825.430437,38.510086,15,11,3
6170.172806,40.478499,15,11,3
917.743644,41.190105,15,11,3
