Distance,Tx Power,Bandwidth,Subband BW,Subband Offset
6549.676650,33.761054,15,10,2
6213.037984,46.710299,15,10,2
9578.446416,34.459663,15,10,2
2145.550752,53.476405,15,10,2
