Distance,Tx Power,Bandwidth,Subband BW,Subband Offset
6341.075878,22.709116,25,19,0
6689.589063,23.610805,25,19,0
4463.686162,40.712673,25,19,0
5277.552967,43.746275,25,19,0
