Distance,Tx Power,Bandwidth,Subband BW,Subband Offset
9224.484569,57.134173,50,7,24
8277.761425,55.258635,50,7,24
548.690818,40.436511,50,7,24
1028.760538,33.382601,50,7,24
