Distance,Tx Power,Bandwidth,Subband BW,Subband Offset
4867.274310,15.457857,25,12,9
2182.928149,19.206494,25,12,9
2140.870026,21.553699,25,12,9
150.023704,15.023266,25,12,9
