Distance,Tx Power,Bandwidth,Subband BW,Subband Offset
3979.146833,42.017205,100,29,58
8980.953248,55.216278,100,29,58
1616.240893,40.624876,100,29,58
5982.024957,27.159615,100,29,58
