Distance,Tx Power,Bandwidth,Subband BW,Subband Offset
133.595395,59.786136,50,15,27
2564.034760,25.430193,50,15,27
8370.176182,24.139418,50,15,27
1956.103115,16.485399,50,15,27
