Distance,Tx Power,Bandwidth,Subband BW,Subband Offset
1341.666063,52.405848,100,11,6
7498.650440,37.510682,100,11,6
7067.490349,53.745745,100,11,6
6376.430669,57.592543,100,11,6
