Distance,Tx Power,Bandwidth,Subband BW,Subband Offset
2794.165181,49.179165,75,27,35
8961.880114,24.560854,75,27,35
2716.875375,55.030650,75,27,35
9493.780524,33.283226,75,27,35
