Distance,Tx Power,Bandwidth,Subband BW,Subband Offset
7919.749839,39.166024,50,32,6
4399.455248,27.661801,50,32,6
3704.088902,32.348250,50,32,6
8773.069443,24.630781,50,32,6
