Distance,Tx Power,Bandwidth,Subband BW,Subband Offset
8275.597777,58.705252,25,10,1
9347.167215,56.481873,25,10,1
872.141002,58.101555,25,10,1
2739.821817,40.946410,25,10,1
