Distance,Tx Power,Bandwidth,Subband BW,Subband Offset
7106.408907,40.028355,100,6,81
8226.104841,57.758645,100,6,81
1486.888368,42.282168,100,6,81
7802.132585,19.686847,100,6,81
