Distance,Tx Power,Bandwidth,Subband BW,Subband Offset
6033.153588,43.516984,100,50,15
9701.326032,25.045066,100,50,15
9410.257724,39.233788,100,50,15
1996.165438,36.380691,100,50,15
