Distance,Tx Power,Bandwidth,Subband BW,Subband Offset
6761.424174,41.949150,15,12,1
2775.660153,30.385201,15,12,1
5398.117840,40.403567,15,12,1
8094.802923,34.011545,15,12,1
