Distance,Tx Power,Bandwidth,Subband BW,Subband Offset
7594.778236,30.076738,50,22,6
5254.549907,48.956276,50,22,6
9186.076498,24.493512,50,22,6
6436.411969,44.503591,50,22,6
