Distance,Tx Power,Bandwidth,Subband BW,Subband Offset
1025.959072,55.589015,15,9,5
5943.390209,44.082030,15,9,5
7944.657651,34.808351,15,9,5
9713.069122,25.456700,15,9,5
