Distance,Tx Power,Bandwidth,Subband BW,Subband Offset
2911.272237,18.925573,25,13,6
6634.568822,35.055592,25,13,6
8577.871193,45.138656,25,13,6
1732.305543,45.847927,25,13,6
