Distance,Tx Power,Bandwidth,Subband BW,Subband Offset
8363.178658,18.925870,75,8,5
6820.175358,27.460842,75,8,5
9040.686733,19.233803,75,8,5
2594.143685,20.103410,75,8,5
