Distance,Tx Power,Bandwidth,Subband BW,Subband Offset
3940.167647,21.160153,75,52,8
2275.925790,58.492928,75,52,8
6146.039384,26.009018,75,52,8
4831.973458,33.050103,75,52,8
