Distance,Tx Power,Bandwidth,Subband BW,Subband Offset
869.220135,46.182237,50,27,20
2899.764943,24.069049,50,27,20
5554.707329,15.042823,50,27,20
8108.861187,26.408746,50,27,20
