Distance,Tx Power,Bandwidth,Subband BW,Subband Offset
6162.540686,16.121966,50,13,18
2350.134445,42.144611,50,13,18
1531.681488,45.856690,50,13,18
8720.399012,41.518595,50,13,18
