Distance,Tx Power,Bandwidth,Subband BW,Subband Offset
5163.890146,26.276731,75,27,5
5313.940253,23.402794,75,27,5
7668.167831,17.638436,75,27,5
7370.578764,34.099470,75,27,5
