Distance,Tx Power,Bandwidth,Subband BW,Subband Offset
9090.590188,45.513923,15,9,2
9116.693180,30.428223,15,9,2
3694.670127,40.337939,15,9,2
3249.121684,16.816871,15,9,2
