Distance,Tx Power,Bandwidth,Subband BW,Subband Offset
5615.865751,35.909043,75,28,25
9320.215790,57.734153,75,28,25
2975.498573,45.939047,75,28,25
2457.528357,52.304220,75,28,25
