Distance,Tx Power,Bandwidth,Subband BW,Subband Offset
2822.377264,55.519622,100,57,16
9834.731548,26.523574,100,57,16
5625.938200,38.351319,100,57,16
5818.631539,26.455774,100,57,16
