Distance,Tx Power,Bandwidth,Subband BW,Subband Offset
9902.871176,38.896824,100,67,15
5398.272670,16.226772,100,67,15
2633.773059,20.531438,100,67,15
6579.751167,33.997250,100,67,15
