Distance,Tx Power,Bandwidth,Subband BW,Subband Offset
6100.408735,46.704625,100,37,23
603.636755,46.037990,100,37,23
1561.922876,18.172686,100,37,23
1128.754906,23.817816,100,37,23
