Distance,Tx Power,Bandwidth,Subband BW,Subband Offset
9817.825889,35.389173,25,8,5
8852.839686,39.638472,25,8,5
1147.257927,29.227660,25,8,5
8550.663201,39.049475,25,8,5
