Distance,Tx Power,Bandwidth,Subband BW,Subband Offset
8847.440464,17.315606,50,12,21
6592.825869,52.232061,50,12,21
9836.064718,51.759899,50,12,21
9291.490821,34.180882,50,12,21
