Distance,Tx Power,Bandwidth,Subband BW,Subband Offset
268.795165,32.946941,100,77,16
2937.894704,43.354375,100,77,16
9526.144611,31.368174,100,77,16
5145.727229,17.311684,100,77,16
