Distance,Tx Power,Bandwidth,Subband BW,Subband Offset
346.249442,36.523096,25,7,2
7282.214527,20.364980,25,7,2
8654.135032,28.008384,25,7,2
537.848215,48.467934,25,7,2
