Distance,Tx Power,Bandwidth,Subband BW,Subband Offset
3757.223962,54.362989,100,6,59
4505.693468,48.295301,100,6,59
7397.719475,26.675365,100,6,59
5064.546124,39.506990,100,6,59
