Distance,Tx Power,Bandwidth,Subband BW,Subband Offset
9385.611558,46.453464,100,17,75
8756.124242,29.430091,100,17,75
7781.137516,52.489426,100,17,75
8427.128727,16.523263,100,17,75
