Distance,Tx Power,Bandwidth,Subband BW,Subband Offset
1292.226519,41.980981,25,17,4
172.195723,39.499908,25,17,4
5204.106546,23.172963,25,17,4
4420.748774,45.140507,25,17,4
