Distance,Tx Power,Bandwidth,Subband BW,Subband Offset
6262.507619,19.818467,75,17,19
6208.360928,21.258748,75,17,19
6026.256282,53.839866,75,17,19
6932.448310,45.357582,75,17,19
