Distance,Tx Power,Bandwidth,Subband BW,Subband Offset
5627.608186,47.336369,25,14,1
582.878162,58.652870,25,14,1
4780.534732,29.091601,25,14,1
779.639472,43.803243,25,14,1
