Distance,Tx Power,Bandwidth,Subband BW,Subband Offset
7708.683306,56.389842,50,15,6
8285.386654,59.057516,50,15,6
1217.544572,27.428689,50,15,6
2872.414851,41.252578,50,15,6
