Distance,Tx Power,Bandwidth,Subband BW,Subband Offset
3629.383311,38.089794,100,19,63
1219.662548,43.711344,100,19,63
6301.207693,22.769751,100,19,63
179.678318,23.996643,100,19,63
