Distance,Tx Power,Bandwidth,Subband BW,Subband Offset
8161.401349,35.776030,100,35,23
1219.059541,49.539070,100,35,23
3352.335271,48.415748,100,35,23
5029.277478,59.976456,100,35,23
