Distance,Tx Power,Bandwidth,Subband BW,Subband Offset
9557.784444,19.938889,15,10,4
6928.312007,41.262697,15,10,4
361.926372,18.462844,15,10,4
9093.293515,19.894698,15,10,4
