Distance,Tx Power,Bandwidth,Subband BW,Subband Offset
9374.923725,43.465532,25,12,1
9523.535152,24.488781,25,12,1
7263.761946,42.530101,25,12,1
9934.259127,54.253683,25,12,1
