Distance,Tx Power,Bandwidth,Subband BW,Subband Offset
305.485656,59.967412,100,88,5
4091.322627,21.550614,100,88,5
2204.649650,15.102422,100,88,5
936.332377,37.142545,100,88,5
