Distance,Tx Power,Bandwidth,Subband BW,Subband Offset
2367.811539,53.104955,15,13,1
6130.649846,30.571497,15,13,1
1628.974495,30.284490,15,13,1
3784.713521,46.074316,15,13,1
