Distance,Tx Power,Bandwidth,Subband BW,Subband Offset
2644.397685,42.392210,50,15,33
300.302904,31.389071,50,15,33
3526.824558,48.608682,50,15,33
8956.497506,29.831440,50,15,33
