Distance,Tx Power,Bandwidth,Subband BW,Subband Offset
8627.056013,39.941545,100,25,3
4539.203078,54.113164,100,25,3
4521.494553,37.319672,100,25,3
1271.611310,55.098262,100,25,3
