Distance,Tx Power,Bandwidth,Subband BW,Subband Offset
2503.095238,43.059419,25,8,11
4875.835955,32.347169,25,8,11
1588.528971,42.988091,25,8,11
9891.017344,38.892621,25,8,11
