Distance,Tx Power,Bandwidth,Subband BW,Subband Offset
3432.520907,48.535184,25,11,7
7227.904837,35.164386,25,11,7
2006.619655,20.144572,25,11,7
1256.107286,27.252765,25,11,7
