Distance,Tx Power,Bandwidth,Subband BW,Subband Offset
5382.918117,15.771903,100,41,57
9546.929930,29.313120,100,41,57
1413.111960,40.852136,100,41,57
2007.920994,16.417603,100,41,57
