Distance,Tx Power,Bandwidth,Subband BW,Subband Offset
8683.054770,17.823992,100,30,8
2727.538598,30.366131,100,30,8
3011.988583,33.264333,100,30,8
758.111093,46.692748,100,30,8
