Distance,Tx Power,Bandwidth,Subband BW,Subband Offset
8455.946529,38.901357,100,90,7
2435.287781,45.324986,100,90,7
2575.683386,43.188172,100,90,7
8930.136052,25.474496,100,90,7
