Distance,Tx Power,Bandwidth,Subband BW,Subband Offset
8276.633274,55.435161,100,57,37
9300.671929,50.338944,100,57,37
1355.989839,45.731550,100,57,37
5148.493236,59.187273,100,57,37
