Distance,Tx Power,Bandwidth,Subband BW,Subband Offset
2614.005941,50.953968,75,24,44
1781.311211,45.256882,75,24,44
467.539023,31.469935,75,24,44
210.674302,59.716261,75,24,44
