Distance,Tx Power,Bandwidth,Subband BW,Subband Offset
4116.841307,38.179307,100,12,25
1474.591239,49.977726,100,12,25
4287.503252,53.245581,100,12,25
9306.922517,28.674963,100,12,25
