Distance,Tx Power,Bandwidth,Subband BW,Subband Offset
3939.977675,21.138522,100,18,6
2676.992543,49.252100,100,18,6
7543.046817,18.748221,100,18,6
9903.042221,34.902653,100,18,6
