Distance,Tx Power,Bandwidth,Subband BW,Subband Offset
7234.568482,59.911053,15,11,4
2248.456397,29.056753,15,11,4
6361.466610,25.021095,15,11,4
9301.285465,35.663071,15,11,4
