Distance,Tx Power,Bandwidth,Subband BW,Subband Offset
1372.766904,18.776526,15,6,1
5751.861883,39.990986,15,6,1
1971.747066,22.709558,15,6,1
4497.288121,17.013856,15,6,1
