Distance,Tx Power,Bandwidth,Subband BW,Subband Offset
8116.096493,17.187093,25,24,1
2423.669782,58.333624,25,24,1
5346.592793,22.822892,25,24,1
9157.920929,22.832778,25,24,1
