Distance,Tx Power,Bandwidth,Subband BW,Subband Offset
4654.017464,50.793137,25,10,10
8486.684976,48.180536,25,10,10
9608.711889,25.680509,25,10,10
8683.969545,49.785078,25,10,10
