Distance,Tx Power,Bandwidth,Subband BW,Subband Offset
9314.374553,39.713326,75,17,38
6255.327153,44.498531,75,17,38
7138.955907,30.326243,75,17,38
915.383514,48.334138,75,17,38
