Distance,Tx Power,Bandwidth,Subband BW,Subband Offset
6059.647472,36.092420,100,72,13
9374.591808,44.008244,100,72,13
6261.001029,17.074533,100,72,13
2249.102013,30.798266,100,72,13
