Distance,Tx Power,Bandwidth,Subband BW,Subband Offset
3877.722416,39.601156,15,7,4
7679.358682,24.132044,15,7,4
7970.451560,54.598045,15,7,4
8170.841735,50.237051,15,7,4
