Distance,Tx Power,Bandwidth,Subband BW,Subband Offset
2162.316334,43.854594,100,24,70
4955.239570,30.641692,100,24,70
6459.824751,57.654806,100,24,70
3535.201701,55.852258,100,24,70
