Distance,Tx Power,Bandwidth,Subband BW,Subband Offset
1273.751410,21.198136,25,20,3
7774.925202,22.558299,25,20,3
5262.201170,38.371345,25,20,3
6578.456702,52.351754,25,20,3
