Distance,Tx Power,Bandwidth,Subband BW,Subband Offset
9849.974413,53.384272,100,56,9
8294.453134,57.755441,100,56,9
8678.241540,41.678745,100,56,9
1920.509180,17.114264,100,56,9
