Distance,Tx Power,Bandwidth,Subband BW,Subband Offset
1912.354334,19.498761,50,39,5
2333.760431,57.424685,50,39,5
4764.852456,32.203585,50,39,5
2959.156150,50.141545,50,39,5
