Distance,Tx Power,Bandwidth,Subband BW,Subband Offset
179.438291,36.483839,15,11,4
8614.890189,52.533033,15,11,4
5466.729736,18.291100,15,11,4
4580.304522,30.459515,15,11,4
