Distance,Tx Power,Bandwidth,Subband BW,Subband Offset
113.625811,37.438724,50,9,4
2978.060919,22.916938,50,9,4
5551.874462,45.396974,50,9,4
1046.894550,54.199527,50,9,4
