Distance,Tx Power,Bandwidth,Subband BW,Subband Offset
2172.583698,29.306264,25,17,6
4989.145920,22.882383,25,17,6
1778.537119,33.905560,25,17,6
7980.408846,38.208679,25,17,6
