Distance,Tx Power,Bandwidth,Subband BW,Subband Offset
680.718293,16.142718,100,6,50
5522.047006,19.465036,100,6,50
594.926436,34.409186,100,6,50
6683.614006,58.243425,100,6,50
