Distance,Tx Power,Bandwidth,Subband BW,Subband Offset
8223.312187,23.446424,50,11,36
4720.503396,16.920135,50,11,36
8324.461526,44.693048,50,11,36
4868.672114,54.732826,50,11,36
