Distance,Tx Power,Bandwidth,Subband BW,Subband Offset
5770.283036,32.181826,50,16,32
7164.006217,25.501769,50,16,32
7474.275623,41.291887,50,16,32
7871.184704,38.081322,50,16,32
