Distance,Tx Power,Bandwidth,Subband BW,Subband Offset
2187.224454,45.793952,75,46,16
8467.015755,51.349950,75,46,16
8464.232281,40.337639,75,46,16
1064.927793,26.656381,75,46,16
