Distance,Tx Power,Bandwidth,Subband BW,Subband Offset
455.959716,56.164375,25,19,6
2042.354808,46.328682,25,19,6
4448.353937,28.448808,25,19,6
1098.579273,59.108923,25,19,6
