Distance,Tx Power,Bandwidth,Subband BW,Subband Offset
6927.348679,15.709142,15,11,3
5610.513435,50.496947,15,11,3
8556.301409,58.532734,15,11,3
3391.669165,39.624895,15,11,3
