Distance,Tx Power,Bandwidth,Subband BW,Subband Offset
8886.155673,32.296589,15,6,6
4860.577300,56.393263,15,6,6
771.029205,55.666671,15,6,6
5747.671670,58.900034,15,6,6
