Distance,Tx Power,Bandwidth,Subband BW,Subband Offset
2416.354734,28.107783,75,25,23
6640.428128,53.303900,75,25,23
8191.625496,52.382788,75,25,23
5370.427017,45.493113,75,25,23
