Distance,Tx Power,Bandwidth,Subband BW,Subband Offset
2402.944887,19.445524,100,31,30
8732.378073,49.146622,100,31,30
1340.568358,46.320568,100,31,30
9831.251040,15.843071,100,31,30
