Distance,Tx Power,Bandwidth,Subband BW,Subband Offset
1555.879452,16.770092,25,16,5
5557.518430,47.952049,25,16,5
9708.520497,54.049244,25,16,5
2883.243330,46.538440,25,16,5
