Distance,Tx Power,Bandwidth,Subband BW,Subband Offset
1016.345095,39.697739,15,11,0
9211.466763,31.908824,15,11,0
4740.625563,29.900196,15,11,0
4817.726133,31.072229,15,11,0
