Distance,Tx Power,Bandwidth,Subband BW,Subband Offset
2368.884692,27.095874,100,72,5
7971.079391,50.101543,100,72,5
9445.455821,23.266417,100,72,5
4781.045707,20.463188,100,72,5
