Distance,Tx Power,Bandwidth,Subband BW,Subband Offset
9921.148526,44.116329,75,13,18
2432.260594,57.631208,75,13,18
1454.329293,19.984621,75,13,18
3031.318954,57.590039,75,13,18
