Distance,Tx Power,Bandwidth,Subband BW,Subband Offset
5748.106285,38.495936,25,10,1
3554.023970,55.505025,25,10,1
2510.860816,43.643921,25,10,1
2878.536762,56.984411,25,10,1
