Distance,Tx Power,Bandwidth,Subband BW,Subband Offset
2026.360438,30.025370,50,19,16
8630.509607,38.140286,50,19,16
1952.194958,23.862487,50,19,16
1222.763351,31.377343,50,19,16
