Distance,Tx Power,Bandwidth,Subband BW,Subband Offset
4136.215579,16.279029,100,74,19
9397.647169,51.319676,100,74,19
7948.397585,27.786824,100,74,19
1362.305062,15.342021,100,74,19
