Distance,Tx Power,Bandwidth,Subband BW,Subband Offset
4913.214612,24.685508,100,7,54
2973.213320,18.914770,100,7,54
6304.916534,27.595394,100,7,54
2528.558397,53.547262,100,7,54
