Distance,Tx Power,Bandwidth,Subband BW,Subband Offset
5028.318119,24.379309,75,71,0
2704.012169,48.794448,75,71,0
1452.912759,52.602417,75,71,0
1099.734287,18.099588,75,71,0
