Distance,Tx Power,Bandwidth,Subband BW,Subband Offset
5852.575533,26.906474,50,19,14
8557.232615,15.070033,50,19,14
8058.238582,42.147833,50,19,14
2672.674636,53.729813,50,19,14
