Distance,Tx Power,Bandwidth,Subband BW,Subband Offset
5640.407853,26.840656,25,12,11
1217.098175,51.591104,25,12,11
2974.793706,21.516236,25,12,11
1090.442223,44.428252,25,12,11
