Distance,Tx Power,Bandwidth,Subband BW,Subband Offset
3322.215939,16.286377,15,10,2
6192.100306,57.766835,15,10,2
1481.418692,18.262892,15,10,2
8654.479414,48.054230,15,10,2
