Distance,Tx Power,Bandwidth,Subband BW,Subband Offset
2890.885098,23.698611,100,76,8
2566.169462,51.136672,100,76,8
5322.929429,45.703972,100,76,8
1176.084898,30.235485,100,76,8
