Distance,Tx Power,Bandwidth,Subband BW,Subband Offset
2199.751364,28.748389,15,11,1
2702.683497,59.540385,15,11,1
8131.588170,55.438073,15,11,1
974.228622,46.502559,15,11,1
