Distance,Tx Power,Bandwidth,Subband BW,Subband Offset
2677.726082,31.898165,50,10,15
3272.804248,29.119018,50,10,15
7383.874271,41.404524,50,10,15
5889.296836,43.346169,50,10,15
