Distance,Tx Power,Bandwidth,Subband BW,Subband Offset
2398.104001,24.346023,75,21,23
2783.018823,43.028139,75,21,23
9393.895026,49.797083,75,21,23
9879.425713,37.830098,75,21,23
