Distance,Tx Power,Bandwidth,Subband BW,Subband Offset
6585.876062,48.621298,25,17,8
8387.296979,25.108382,25,17,8
508.415530,33.109377,25,17,8
9459.346464,43.588718,25,17,8
