Distance,Tx Power,Bandwidth,Subband BW,Subband Offset
6645.853176,40.690562,75,27,35
4617.781895,46.567962,75,27,35
2586.429523,58.373153,75,27,35
6469.147495,46.296175,75,27,35
