Distance,Tx Power,Bandwidth,Subband BW,Subband Offset
3193.352243,39.814696,25,12,10
2392.024233,41.911908,25,12,10
2108.153570,31.447850,25,12,10
3730.846716,51.080148,25,12,10
