Distance,Tx Power,Bandwidth,Subband BW,Subband Offset
7991.416298,45.349543,100,13,57
2755.592483,43.199591,100,13,57
6122.495720,30.713898,100,13,57
6744.958068,53.301425,100,13,57
