Distance,Tx Power,Bandwidth,Subband BW,Subband Offset
7011.109086,46.018361,75,42,26
1434.913951,42.148268,75,42,26
994.283316,42.485306,75,42,26
843.083229,50.740214,75,42,26
