Distance,Tx Power,Bandwidth,Subband BW,Subband Offset
293.937971,26.334189,15,12,3
1593.730139,32.401758,15,12,3
2690.108235,30.351864,15,12,3
7851.822467,41.323496,15,12,3
