Distance,Tx Power,Bandwidth,Subband BW,Subband Offset
5828.768048,58.154237,50,14,22
5094.544880,34.208634,50,14,22
3451.350382,55.683392,50,14,22
6345.548565,26.629377,50,14,22
