Distance,Tx Power,Bandwidth,Subband BW,Subband Offset
8850.431506,21.869220,100,41,6
1671.143839,44.532634,100,41,6
8984.141959,30.918939,100,41,6
2763.507602,27.214967,100,41,6
