Distance,Tx Power,Bandwidth,Subband BW,Subband Offset
4780.280231,39.383132,100,40,5
4494.439083,57.105352,100,40,5
9941.553695,19.656336,100,40,5
7099.842637,17.920907,100,40,5
