Distance,Tx Power,Bandwidth,Subband BW,Subband Offset
1224.971434,29.542255,25,10,14
5603.746211,21.203862,25,10,14
2710.029273,30.124169,25,10,14
2389.629252,15.446508,25,10,14
