Distance,Tx Power,Bandwidth,Subband BW,Subband Offset
5585.665257,35.542354,100,19,81
9154.159583,56.527346,100,19,81
2497.402300,30.845312,100,19,81
3724.448962,25.665072,100,19,81
