Distance,Tx Power,Bandwidth,Subband BW,Subband Offset
5839.280285,38.033834,75,65,6
9920.588481,24.654211,75,65,6
5387.342579,43.230967,75,65,6
8892.408191,51.233754,75,65,6
