Distance,Tx Power,Bandwidth,Subband BW,Subband Offset
6008.007740,47.474997,75,27,31
7987.859460,40.924161,75,27,31
4873.534454,24.559448,75,27,31
4517.570559,31.703972,75,27,31
