Distance,Tx Power,Bandwidth,Subband BW,Subband Offset
9145.646530,53.796050,50,14,15
5379.553195,49.130432,50,14,15
6206.062995,41.647596,50,14,15
3388.418939,42.773228,50,14,15
