Distance,Tx Power,Bandwidth,Subband BW,Subband Offset
5700.783071,17.460846,25,10,8
457.049628,18.889275,25,10,8
1767.814359,22.042444,25,10,8
7850.117042,22.730727,25,10,8
