Distance,Tx Power,Bandwidth,Subband BW,Subband Offset
5997.822598,25.198253,50,12,32
5713.767149,52.980207,50,12,32
3697.340886,30.592042,50,12,32
630.346692,36.757524,50,12,32
