Distance,Tx Power,Bandwidth,Subband BW,Subband Offset
8251.168302,28.186758,25,12,0
6053.908787,45.755183,25,12,0
7397.855338,45.266606,25,12,0
4903.184519,52.771729,25,12,0
