Distance,Tx Power,Bandwidth,Subband BW,Subband Offset
6634.594033,58.774488,25,9,10
1650.439779,27.059464,25,9,10
141.530184,48.365070,25,9,10
803.202011,48.700229,25,9,10
