Distance,Tx Power,Bandwidth,Subband BW,Subband Offset
3294.725277,49.518299,25,18,7
7644.508066,50.705297,25,18,7
3769.654678,22.357699,25,18,7
737.120211,56.395124,25,18,7
