Distance,Tx Power,Bandwidth,Subband BW,Subband Offset
2198.867065,44.220949,75,19,6
9283.050029,38.941417,75,19,6
2831.007000,46.405434,75,19,6
4798.537835,59.300916,75,19,6
