Distance,Tx Power,Bandwidth,Subband BW,Subband Offset
3415.900426,43.724144,50,18,28
2751.285971,22.110088,50,18,28
1326.316184,48.555056,50,18,28
3488.553191,51.428089,50,18,28
