Distance,Tx Power,Bandwidth,Subband BW,Subband Offset
1840.424477,57.877318,15,9,0
3076.328507,36.040230,15,9,0
2183.292025,34.734463,15,9,0
6793.361373,28.636504,15,9,0
