Distance,Tx Power,Bandwidth,Subband BW,Subband Offset
6436.388044,54.298031,25,8,6
9436.000302,28.810069,25,8,6
5617.458532,27.308670,25,8,6
3207.897675,38.582611,25,8,6
