Distance,Tx Power,Bandwidth,Subband BW,Subband Offset
4002.483313,54.167213,50,27,15
5030.472935,21.383453,50,27,15
7859.293729,18.062451,50,27,15
6753.216567,16.313645,50,27,15
