Distance,Tx Power,Bandwidth,Subband BW,Subband Offset
644.033830,21.007279,50,28,7
4479.808615,30.698834,50,28,7
9442.467097,17.234962,50,28,7
377.505252,30.869551,50,28,7
