Distance,Tx Power,Bandwidth,Subband BW,Subband Offset
1276.657151,48.943022,100,39,40
5926.459136,19.896791,100,39,40
6865.684460,52.146784,100,39,40
3897.322943,31.404297,100,39,40
