Distance,Tx Power,Bandwidth,Subband BW,Subband Offset
2292.798649,18.397342,100,44,49
472.762456,29.751416,100,44,49
9002.795779,46.259854,100,44,49
4329.428152,54.014195,100,44,49
