Distance,Tx Power,Bandwidth,Subband BW,Subband Offset
7555.600115,49.614255,75,46,26
2636.882524,59.764109,75,46,26
8140.762031,34.947089,75,46,26
442.993217,26.693685,75,46,26
