Distance,Tx Power,Bandwidth,Subband BW,Subband Offset
8446.606826,54.788472,100,30,27
7158.430457,56.177546,100,30,27
5573.292616,23.553411,100,30,27
7311.492938,15.633415,100,30,27
