Distance,Tx Power,Bandwidth,Subband BW,Subband Offset
8310.261200,52.359137,100,18,58
6531.651108,23.531963,100,18,58
8394.804628,29.324591,100,18,58
9490.530244,59.488807,100,18,58
