Distance,Tx Power,Bandwidth,Subband BW,Subband Offset
5901.615289,57.722132,100,53,14
9367.355316,37.676562,100,53,14
2888.537779,18.486180,100,53,14
1714.528056,18.507028,100,53,14
