Distance,Tx Power,Bandwidth,Subband BW,Subband Offset
2726.354319,42.818928,50,33,10
2277.352436,25.866102,50,33,10
2982.322848,21.554833,50,33,10
9925.142293,27.312582,50,33,10
