Distance,Tx Power,Bandwidth,Subband BW,Subband Offset
1561.330259,18.880984,75,15,30
9736.433064,50.762446,75,15,30
9849.342938,47.162364,75,15,30
4926.964370,18.528811,75,15,30
