Distance,Tx Power,Bandwidth,Subband BW,Subband Offset
2057.742199,53.852628,15,9,3
8390.767154,32.208572,15,9,3
3943.227629,48.290621,15,9,3
2241.302827,49.467893,15,9,3
