Distance,Tx Power,Bandwidth,Subband BW,Subband Offset
2045.642596,25.389990,50,25,8
1271.161842,26.072053,50,25,8
1430.480589,35.060062,50,25,8
4889.985159,35.606347,50,25,8
