Distance,Tx Power,Bandwidth,Subband BW,Subband Offset
2634.672697,58.109643,50,15,9
8507.925054,47.963305,50,15,9
9756.221385,58.162240,50,15,9
9487.036595,24.551025,50,15,9
