Distance,Tx Power,Bandwidth,Subband BW,Subband Offset
545.606284,24.311329,25,23,0
8955.875710,15.548207,25,23,0
1550.334384,18.882051,25,23,0
3396.428310,40.845691,25,23,0
