Distance,Tx Power,Bandwidth,Subband BW,Subband Offset
9438.664407,42.502913,100,28,6
9709.257715,46.964462,100,28,6
200.351332,39.652939,100,28,6
4470.804902,58.533703,100,28,6
