Distance,Tx Power,Bandwidth,Subband BW,Subband Offset
4626.187880,41.280086,25,10,8
412.000449,36.092453,25,10,8
472.871845,47.787734,25,10,8
1303.432961,31.628993,25,10,8
