Distance,Tx Power,Bandwidth,Subband BW,Subband Offset
1210.168597,44.550368,75,10,17
7264.505253,33.323524,75,10,17
869.322145,58.790036,75,10,17
3272.326992,24.931102,75,10,17
