Distance,Tx Power,Bandwidth,Subband BW,Subband Offset
5712.618074,48.347476,75,6,1
7813.313591,24.865606,75,6,1
7599.244591,58.021837,75,6,1
1399.227557,37.596174,75,6,1
