Distance,Tx Power,Bandwidth,Subband BW,Subband Offset
4025.623579,33.598468,75,23,2
1107.340195,55.527609,75,23,2
5248.537587,52.327461,75,23,2
7994.913245,49.001160,75,23,2
