Distance,Tx Power,Bandwidth,Subband BW,Subband Offset
5817.855797,36.182360,50,24,23
4310.647216,54.402989,50,24,23
8105.621431,51.002755,50,24,23
4352.460466,42.339112,50,24,23
