Distance,Tx Power,Bandwidth,Subband BW,Subband Offset
4214.515929,30.411671,75,11,64
6405.361159,48.904939,75,11,64
6900.061647,49.514725,75,11,64
6771.108729,45.689732,75,11,64
