Distance,Tx Power,Bandwidth,Subband BW,Subband Offset
209.963610,58.091918,15,12,0
1481.050592,52.191187,15,12,0
8813.517183,59.547248,15,12,0
1780.382609,49.738774,15,12,0
