Distance,Tx Power,Bandwidth,Subband BW,Subband Offset
3648.448020,18.841227,100,38,14
8139.988917,58.008027,100,38,14
8885.789469,22.979892,100,38,14
417.606692,44.511978,100,38,14
