Distance,Tx Power,Bandwidth,Subband BW,Subband Offset
6237.615491,48.371416,15,7,2
5832.996923,51.449799,15,7,2
3251.254609,38.491622,15,7,2
957.863347,34.020110,15,7,2
