Distance,Tx Power,Bandwidth,Subband BW,Subband Offset
5046.060384,35.034958,100,29,22
9345.740918,58.668188,100,29,22
9335.670550,35.937549,100,29,22
3793.850896,49.873801,100,29,22
