Distance,Tx Power,Bandwidth,Subband BW,Subband Offset
4515.530146,44.283995,15,8,3
8620.949757,39.170630,15,8,3
1827.633932,31.291135,15,8,3
4856.666223,21.010809,15,8,3
