Distance,Tx Power,Bandwidth,Subband BW,Subband Offset
2323.100548,58.043449,50,18,5
8530.179437,31.046796,50,18,5
8510.628556,44.604059,50,18,5
6375.002116,31.417588,50,18,5
