Distance,Tx Power,Bandwidth,Subband BW,Subband Offset
429.437244,23.252984,50,31,10
7444.977020,20.676113,50,31,10
3745.910461,15.240305,50,31,10
4221.480751,52.773462,50,31,10
