Distance,Tx Power,Bandwidth,Subband BW,Subband Offset
2518.808928,42.700744,50,6,40
5398.584170,31.086400,50,6,40
1605.900438,43.796568,50,6,40
9366.060676,49.861035,50,6,40
