Distance,Tx Power,Bandwidth,Subband BW,Subband Offset
2082.564915,27.887203,50,7,5
6928.856319,21.066489,50,7,5
3139.037466,50.825001,50,7,5
4262.926104,37.159140,50,7,5
