Distance,Tx Power,Bandwidth,Subband BW,Subband Offset
5586.309672,15.255207,25,15,9
865.638479,15.027596,25,15,9
7490.023951,22.548241,25,15,9
9459.317746,22.532489,25,15,9
