Distance,Tx Power,Bandwidth,Subband BW,Subband Offset
1297.124112,20.100604,25,12,9
7708.131171,19.733539,25,12,9
2993.263629,56.119808,25,12,9
6216.522507,59.186530,25,12,9
