Distance,Tx Power,Bandwidth,Subband BW,Subband Offset
5532.412152,33.987729,75,26,40
7951.092602,51.731088,75,26,40
6202.880714,34.928052,75,26,40
7022.647317,21.494405,75,26,40
