Distance,Tx Power,Bandwidth,Subband BW,Subband Offset
6922.545052,53.966674,75,17,0
4144.285891,52.776477,75,17,0
3498.140385,43.761454,75,17,0
4425.871930,48.779811,75,17,0
