Distance,Tx Power,Bandwidth,Subband BW,Subband Offset
400.856954,35.776007,15,7,0
2780.100274,19.276140,15,7,0
1594.625618,57.046129,15,7,0
1629.198067,32.150170,15,7,0
