Distance,Tx Power,Bandwidth,Subband BW,Subband Offset
4210.081133,52.649012,25,16,0
8640.952334,21.260394,25,16,0
5476.242185,43.820520,25,16,0
9622.915431,22.111246,25,16,0
