Distance,Tx Power,Bandwidth,Subband BW,Subband Offset
5038.314875,18.001621,75,61,1
6378.879174,38.674087,75,61,1
8704.725310,38.800087,75,61,1
5387.247516,45.611435,75,61,1
