Distance,Tx Power,Bandwidth,Subband BW,Subband Offset
9933.786552,32.804334,50,6,7
9830.916782,48.357390,50,6,7
7051.299686,23.741282,50,6,7
1901.166958,29.480614,50,6,7
