Distance,Tx Power,Bandwidth,Subband BW,Subband Offset
5236.373207,54.988672,50,14,0
6476.189440,50.114443,50,14,0
2088.724194,39.348809,50,14,0
9823.074778,35.018078,50,14,0
