Distance,Tx Power,Bandwidth,Subband BW,Subband Offset
8774.223896,34.197617,15,8,0
2408.931325,54.523839,15,8,0
1922.414987,39.087059,15,8,0
2418.373477,56.915666,15,8,0
