Distance,Tx Power,Bandwidth,Subband BW,Subband Offset
2319.184858,46.738178,100,38,55
9802.773227,36.505904,100,38,55
9539.996185,30.898926,100,38,55
1094.561051,18.538549,100,38,55
