Distance,Tx Power,Bandwidth,Subband BW,Subband Offset
1728.187552,42.289603,75,51,6
4436.409801,57.055156,75,51,6
8008.514834,21.380910,75,51,6
6569.890063,36.377591,75,51,6
