Distance,Tx Power,Bandwidth,Subband BW,Subband Offset
5473.339839,35.835937,100,49,40
5874.452361,44.849376,100,49,40
2762.522688,41.366517,100,49,40
7989.143277,48.135024,100,49,40
