Distance,Tx Power,Bandwidth,Subband BW,Subband Offset
3712.491154,48.831318,50,18,16
2410.246580,21.116230,50,18,16
4977.893140,42.630150,50,18,16
4567.345355,47.531378,50,18,16
