Distance,Tx Power,Bandwidth,Subband BW,Subband Offset
1109.079185,45.724012,100,63,24
4366.505676,57.991615,100,63,24
7496.789898,35.784811,100,63,24
670.978009,32.717016,100,63,24
