Distance,Tx Power,Bandwidth,Subband BW,Subband Offset
1238.336441,48.949908,25,21,3
2239.939232,51.386861,25,21,3
6042.977550,53.897848,25,21,3
2756.163866,48.356915,25,21,3
