Distance,Tx Power,Bandwidth,Subband BW,Subband Offset
4476.809354,21.347018,50,38,3
1073.396146,20.435493,50,38,3
7227.236652,31.528359,50,38,3
1449.407072,22.109736,50,38,3
