Distance,Tx Power,Bandwidth,Subband BW,Subband Offset
6034.629751,37.424190,15,6,6
7166.639482,40.328439,15,6,6
9735.143145,55.104710,15,6,6
2539.545502,32.674048,15,6,6
