Distance,Tx Power,Bandwidth,Subband BW,Subband Offset
7199.781054,43.573369,50,12,38
4986.875524,59.422801,50,12,38
8500.714334,48.728450,50,12,38
3530.388190,34.200080,50,12,38
