Distance,Tx Power,Bandwidth,Subband BW,Subband Offset
3852.226797,57.906737,15,9,4
4632.465738,34.812434,15,9,4
9722.223782,55.110118,15,9,4
7705.565333,45.090819,15,9,4
