Distance,Tx Power,Bandwidth,Subband BW,Subband Offset
2130.488363,26.208250,100,29,11
7625.495427,47.499371,100,29,11
3771.102267,18.726564,100,29,11
8160.690526,27.529247,100,29,11
