Distance,Tx Power,Bandwidth,Subband BW,Subband Offset
1421.369808,32.677440,50,45,4
4561.834734,16.824307,50,45,4
9755.246790,38.913000,50,45,4
7944.576307,23.060204,50,45,4
