Distance,Tx Power,Bandwidth,Subband BW,Subband Offset
8193.645760,15.663711,100,6,66
9008.118546,49.257730,100,6,66
8751.095251,41.646793,100,6,66
2404.091591,54.701942,100,6,66
