Distance,Tx Power,Bandwidth,Subband BW,Subband Offset
3348.955224,48.277849,100,12,49
1869.999111,32.603523,100,12,49
8316.636415,39.772733,100,12,49
3839.716217,29.684054,100,12,49
