Distance,Tx Power,Bandwidth,Subband BW,Subband Offset
5770.055937,27.154219,25,13,4
3719.976413,39.518261,25,13,4
4730.478860,46.696947,25,13,4
2507.178479,23.213849,25,13,4
