Distance,Tx Power,Bandwidth,Subband BW,Subband Offset
6085.002767,54.224613,15,6,3
6039.995646,57.533708,15,6,3
3707.746502,42.102499,15,6,3
8970.023956,46.617539,15,6,3
