Distance,Tx Power,Bandwidth,Subband BW,Subband Offset
9887.045576,42.023297,75,31,21
9646.003862,45.867554,75,31,21
5460.773972,39.698807,75,31,21
2954.528005,24.883440,75,31,21
