Distance,Tx Power,Bandwidth,Subband BW,Subband Offset
2796.913744,51.909806,100,9,54
7136.549858,39.243171,100,9,54
898.495324,27.565392,100,9,54
2769.575259,17.106406,100,9,54
