Distance,Tx Power,Bandwidth,Subband BW,Subband Offset
9473.907797,44.213282,15,14,0
6160.121681,38.358357,15,14,0
9376.345348,19.374688,15,14,0
2472.956366,35.247493,15,14,0
