Distance,Tx Power,Bandwidth,Subband BW,Subband Offset
7891.559160,56.992515,50,29,0
7840.781231,37.331946,50,29,0
8404.792889,44.915144,50,29,0
5883.243649,26.558605,50,29,0
