Distance,Tx Power,Bandwidth,Subband BW,Subband Offset
5118.964808,59.187298,50,28,19
9020.383621,20.867542,50,28,19
8169.320741,39.147040,50,28,19
5000.705160,19.956109,50,28,19
