Distance,Tx Power,Bandwidth,Subband BW,Subband Offset
7629.708804,52.581283,100,92,8
5800.801101,29.738625,100,92,8
830.223171,28.669015,100,92,8
8226.854762,49.911456,100,92,8
