Distance,Tx Power,Bandwidth,Subband BW,Subband Offset
8952.793448,16.743282,75,38,2
7623.120073,47.858926,75,38,2
5526.654175,54.956600,75,38,2
9964.135565,41.818651,75,38,2
