Distance,Tx Power,Bandwidth,Subband BW,Subband Offset
4566.844462,27.392949,100,44,42
5625.464145,27.896468,100,44,42
6494.165352,31.303720,100,44,42
5082.671095,49.516046,100,44,42
