Distance,Tx Power,Bandwidth,Subband BW,Subband Offset
9394.373656,56.384869,100,9,62
4819.060981,30.159918,100,9,62
9979.045031,29.056195,100,9,62
738.172144,58.872348,100,9,62
