Distance,Tx Power,Bandwidth,Subband BW,Subband Offset
4660.384425,30.302637,15,6,6
3988.496910,28.582938,15,6,6
205.432078,35.566423,15,6,6
2068.707816,58.497892,15,6,6
