Distance,Tx Power,Bandwidth,Subband BW,Subband Offset
714.518031,20.297845,50,13,27
5724.456346,54.250816,50,13,27
5751.173977,49.875777,50,13,27
8405.161127,38.998086,50,13,27
