Distance,Tx Power,Bandwidth,Subband BW,Subband Offset
8179.680646,52.897537,50,43,6
8861.107192,24.838837,50,43,6
4341.011951,24.904990,50,43,6
2756.342402,51.854361,50,43,6
