Distance,Tx Power,Bandwidth,Subband BW,Subband Offset
3002.428052,33.847597,50,20,27
5392.609883,55.424704,50,20,27
2327.283625,19.158067,50,20,27
5892.669428,19.093136,50,20,27
