Distance,Tx Power,Bandwidth,Subband BW,Subband Offset
4736.004383,15.949559,25,17,0
6144.229003,15.865862,25,17,0
5141.370614,50.564198,25,17,0
2851.993709,52.803900,25,17,0
