Distance,Tx Power,Bandwidth,Subband BW,Subband Offset
6341.063365,59.801665,50,22,6
8565.991566,47.471554,50,22,6
8175.955728,21.786528,50,22,6
7459.719908,53.689437,50,22,6
