Distance,Tx Power,Bandwidth,Subband BW,Subband Offset
8401.438581,35.572987,15,9,5
5611.648314,42.047837,15,9,5
8672.907503,34.420342,15,9,5
6380.360880,25.739830,15,9,5
