Distance,Tx Power,Bandwidth,Subband BW,Subband Offset
4817.447956,46.152232,25,7,0
2842.269974,39.441613,25,7,0
611.945814,52.023804,25,7,0
6946.456218,24.795876,25,7,0
