Distance,Tx Power,Bandwidth,Subband BW,Subband Offset
3388.228651,29.047721,25,6,12
8944.267701,41.546757,25,6,12
4228.510661,15.532388,25,6,12
9743.249798,36.995567,25,6,12
