Distance,Tx Power,Bandwidth,Subband BW,Subband Offset
5925.885926,25.015815,25,17,6
3847.594661,21.328891,25,17,6
7122.614393,22.853267,25,17,6
8554.571823,51.752922,25,17,6
