Distance,Tx Power,Bandwidth,Subband BW,Subband Offset
7500.364360,48.650395,100,9,40
5422.482688,21.764700,100,9,40
3630.640306,28.820936,100,9,40
9045.192099,18.521853,100,9,40
