Distance,Tx Power,Bandwidth,Subband BW,Subband Offset
6202.382124,58.813631,50,46,3
9340.754419,33.524668,50,46,3
4575.288494,18.837626,50,46,3
5388.864121,19.421324,50,46,3
