Distance,Tx Power,Bandwidth,Subband BW,Subband Offset
9163.744044,33.334578,15,8,6
5917.995701,58.332016,15,8,6
9266.685123,54.174647,15,8,6
9695.883612,17.510590,15,8,6
