Distance,Tx Power,Bandwidth,Subband BW,Subband Offset
3803.496529,35.003850,75,11,16
1213.655165,59.549092,75,11,16
6596.507571,28.227068,75,11,16
4211.107453,32.270038,75,11,16
2380.413090,46.987413,75,11,16
9326.150938,43.356023,75,11,16
5776.294509,38.648899,75,11,16
1757.770470,16.818370,75,11,16
8925.984489,57.808240,75,11,16
