Distance,Tx Power,Bandwidth,Subband BW,Subband Offset
9281.613118,20.529164,100,8,44
4480.792314,48.925828,100,8,44
1924.056041,42.866561,100,8,44
4182.507439,52.676751,100,8,44
437.695661,53.421533,100,8,44
8233.024546,39.606418,100,8,44
3494.315146,45.164231,100,8,44
4842.634651,53.012006,100,8,44
3490.021505,50.620942,100,8,44
