Distance,Tx Power,Bandwidth,Subband BW,Subband Offset
604.384375,15.631332,75,10,31
4511.428207,25.248149,75,10,31
1435.007435,37.129429,75,10,31
5643.935105,58.129656,75,10,31
555.714177,36.524479,75,10,31
8683.145532,30.630436,75,10,31
9654.935156,26.194015,75,10,31
8674.944653,26.734891,75,10,31
8728.408324,41.464902,75,10,31
