Distance,Tx Power,Bandwidth,Subband BW,Subband Offset
3176.357134,51.757126,50,7,5
8735.879101,36.883917,50,7,5
4962.044833,40.145259,50,7,5
3373.605016,16.634815,50,7,5
4078.915830,42.164619,50,7,5
5167.534974,53.233434,50,7,5
5160.679040,26.463733,50,7,5
5702.574851,34.865493,50,7,5
5782.565188,19.144273,50,7,5
