Distance,Tx Power,Bandwidth,Subband BW,Subband Offset
6466.026691,53.553383,15,9,6
6092.006083,18.717525,15,9,6
2851.931770,32.330636,15,9,6
3778.140123,58.618514,15,9,6
3942.711612,48.247245,15,9,6
2541.184784,56.708628,15,9,6
6318.004288,49.012645,15,9,6
4425.210238,32.422772,15,9,6
6693.467964,33.133378,15,9,6
