Distance,Tx Power,Bandwidth,Subband BW,Subband Offset
1561.415497,16.141992,100,6,16
689.706858,34.792702,100,6,16
4175.777792,52.593628,100,6,16
8411.582841,39.957636,100,6,16
8815.624671,46.022178,100,6,16
2025.953211,51.801458,100,6,16
6735.822476,58.425118,100,6,16
8498.542908,15.832333,100,6,16
825.984281,40.064473,100,6,16
