Distance,Tx Power,Bandwidth,Subband BW,Subband Offset
6749.852692,55.229348,50,19,18
2264.800917,34.023284,50,19,18
1745.023651,53.402557,50,19,18
5199.882892,48.002929,50,19,18
7399.418754,45.688126,50,19,18
2055.012682,32.713875,50,19,18
8561.658008,35.198197,50,19,18
9124.210019,53.107976,50,19,18
9364.829803,28.889438,50,19,18
