Distance,Tx Power,Bandwidth,Subband BW,Subband Offset
6796.982252,48.046861,50,20,20
5560.711596,45.741950,50,20,20
5805.836744,33.508027,50,20,20
8366.085984,50.631808,50,20,20
6733.891442,52.463578,50,20,20
1844.969675,51.865653,50,20,20
6366.767781,29.033013,50,20,20
9629.262115,20.528373,50,20,20
336.277401,20.989593,50,20,20
