Distance,Tx Power,Bandwidth,Subband BW,Subband Offset
2600.202125,39.182043,50,16,24
9250.725326,41.474407,50,16,24
2802.069272,19.262681,50,16,24
4751.688402,16.682396,50,16,24
3439.753489,28.146267,50,16,24
6395.962003,35.331246,50,16,24
2718.470971,47.423505,50,16,24
7572.989864,52.953394,50,16,24
4024.244555,15.096862,50,16,24
