Distance,Tx Power,Bandwidth,Subband BW,Subband Offset
9156.586442,55.524957,50,44,4
4588.280004,50.014648,50,44,4
4289.009811,15.452725,50,44,4
8797.697499,56.807156,50,44,4
5015.003989,15.931582,50,44,4
3902.471993,45.628665,50,44,4
3289.258199,31.720498,50,44,4
8503.028270,39.238306,50,44,4
1535.687998,50.805889,50,44,4
