Distance,Tx Power,Bandwidth,Subband BW,Subband Offset
2611.133608,25.667664,25,6,7
6722.194682,20.103454,25,6,7
5322.791605,18.636023,25,6,7
2294.140534,15.288800,25,6,7
4302.498139,31.466907,25,6,7
120.827144,35.051450,25,6,7
7661.881259,31.427825,25,6,7
3630.498131,36.049513,25,6,7
4777.396646,54.520712,25,6,7
