Distance,Tx Power,Bandwidth,Subband BW,Subband Offset
8373.010577,26.795547,75,25,29
5591.563995,27.552975,75,25,29
9698.022114,31.772750,75,25,29
2648.287075,33.390405,75,25,29
9667.837663,51.943121,75,25,29
5280.345470,22.396762,75,25,29
6775.830326,52.716707,75,25,29
2901.647298,47.171267,75,25,29
5248.619121,33.640362,75,25,29
