Distance,Tx Power,Bandwidth,Subband BW,Subband Offset
6945.356636,26.552865,50,28,19
629.292595,42.893942,50,28,19
5603.723744,42.364407,50,28,19
8340.004114,54.994917,50,28,19
4316.474531,48.549157,50,28,19
6515.732625,57.357667,50,28,19
2331.404942,38.296157,50,28,19
6910.630776,28.549835,50,28,19
3641.758192,56.337719,50,28,19
