Distance,Tx Power,Bandwidth,Subband BW,Subband Offset
9970.066488,46.961526,100,90,5
8238.955919,50.708438,100,90,5
8013.155783,34.435244,100,90,5
6663.304983,36.954058,100,90,5
727.368494,18.387905,100,90,5
7853.859546,19.776642,100,90,5
681.015665,42.642499,100,90,5
6903.829878,48.422872,100,90,5
4194.869584,48.194597,100,90,5
