Distance,Tx Power,Bandwidth,Subband BW,Subband Offset
187.807312,19.152658,15,13,1
1630.562316,24.149777,15,13,1
979.335090,28.755832,15,13,1
1109.210550,23.020328,15,13,1
6796.400586,33.592000,15,13,1
8948.837814,39.490312,15,13,1
8632.089141,17.257740,15,13,1
5460.176344,29.949737,15,13,1
6612.343108,37.522273,15,13,1
