Distance,Tx Power,Bandwidth,Subband BW,Subband Offset
4708.299321,32.736663,25,11,1
6221.874646,55.737029,25,11,1
8560.119504,36.082309,25,11,1
9719.374860,42.409283,25,11,1
4959.333706,30.664122,25,11,1
1472.903009,57.976060,25,11,1
9211.415561,16.594925,25,11,1
1166.794668,21.161743,25,11,1
206.571085,21.837604,25,11,1
