Distance,Tx Power,Bandwidth,Subband BW,Subband Offset
2021.987770,44.142872,25,19,2
5485.521320,19.602627,25,19,2
6365.147529,32.126655,25,19,2
6464.348469,45.030469,25,19,2
8001.848166,19.453122,25,19,2
3222.472233,44.029762,25,19,2
7122.334459,54.959702,25,19,2
6958.295369,54.676876,25,19,2
6564.619429,28.500630,25,19,2
