Distance,Tx Power,Bandwidth,Subband BW,Subband Offset
7642.959948,25.270088,15,12,3
8683.726734,58.406095,15,12,3
7631.472927,39.710870,15,12,3
8868.340085,59.074436,15,12,3
1596.733685,57.155736,15,12,3
6902.882909,43.578842,15,12,3
7824.354799,34.033369,15,12,3
7961.248756,30.758156,15,12,3
8311.113378,29.013388,15,12,3
