Distance,Tx Power,Bandwidth,Subband BW,Subband Offset
8001.337250,56.777999,50,25,21
2546.312267,55.108103,50,25,21
2131.862004,33.409492,50,25,21
2170.814474,18.964235,50,25,21
488.743249,46.775652,50,25,21
7611.998332,22.438616,50,25,21
2932.948546,24.250515,50,25,21
4473.916489,48.462169,50,25,21
3794.385975,30.855380,50,25,21
