Distance,Tx Power,Bandwidth,Subband BW,Subband Offset
5095.340091,42.001186,75,26,38
2552.627784,35.040929,75,26,38
7908.987849,40.506842,75,26,38
4561.953123,22.575899,75,26,38
4580.492630,29.810705,75,26,38
4493.226748,26.090100,75,26,38
355.849778,55.501312,75,26,38
387.783737,21.138608,75,26,38
6510.897937,54.547965,75,26,38
