Distance,Tx Power,Bandwidth,Subband BW,Subband Offset
3759.072014,23.963926,100,61,19
7639.284939,18.734100,100,61,19
2281.975627,53.992112,100,61,19
517.453061,31.328096,100,61,19
2671.769894,56.613685,100,61,19
6595.422478,17.898213,100,61,19
7119.350593,25.379897,100,61,19
8727.370473,38.508100,100,61,19
1264.417357,24.880300,100,61,19
