Distance,Tx Power,Bandwidth,Subband BW,Subband Offset
6980.552904,37.308099,50,15,7
9196.589485,50.756256,50,15,7
310.593071,20.615295,50,15,7
8177.533659,41.924004,50,15,7
3467.439088,49.113198,50,15,7
2961.760346,45.904787,50,15,7
7640.098465,16.145132,50,15,7
2885.461725,56.769989,50,15,7
3321.797926,51.617326,50,15,7
