Distance,Tx Power,Bandwidth,Subband BW,Subband Offset
6558.325209,25.078347,75,16,34
6989.387307,31.613332,75,16,34
901.957817,49.961497,75,16,34
6325.332620,27.404195,75,16,34
5720.298871,49.870479,75,16,34
6714.745156,31.045594,75,16,34
2273.008408,53.074592,75,16,34
7650.491527,24.355765,75,16,34
5581.837983,43.976068,75,16,34
