Distance,Tx Power,Bandwidth,Subband BW,Subband Offset
8805.337713,40.293163,50,8,6
7910.789807,25.585212,50,8,6
3552.071973,59.110066,50,8,6
1367.176287,28.838748,50,8,6
9130.633717,21.000213,50,8,6
2555.974111,21.682646,50,8,6
8739.221961,56.044225,50,8,6
3255.941601,19.613314,50,8,6
4802.930479,48.781770,50,8,6
