Distance,Tx Power,Bandwidth,Subband BW,Subband Offset
8297.298471,42.477271,25,14,6
1730.449249,43.850627,25,14,6
5072.326622,30.024755,25,14,6
7892.793409,30.727467,25,14,6
5935.032336,34.713778,25,14,6
3479.701044,49.176785,25,14,6
252.389824,36.657358,25,14,6
4032.457313,21.414312,25,14,6
6808.898538,17.512763,25,14,6
