Distance,Tx Power,Bandwidth,Subband BW,Subband Offset
2678.538871,43.393306,50,26,3
2551.627255,24.286679,50,26,3
2451.904000,53.513266,50,26,3
4634.384040,21.139493,50,26,3
7785.547456,32.080668,50,26,3
384.921761,42.661934,50,26,3
9592.956587,52.225491,50,26,3
2974.775358,43.801272,50,26,3
5287.661354,20.426126,50,26,3
