Distance,Tx Power,Bandwidth,Subband BW,Subband Offset
4507.165612,15.744882,15,9,0
6473.934639,52.421844,15,9,0
1163.297042,22.895404,15,9,0
7639.515865,33.252646,15,9,0
2016.906797,45.474271,15,9,0
4278.786518,19.028494,15,9,0
3838.983469,42.706326,15,9,0
6064.735005,38.497364,15,9,0
6663.539923,33.764318,15,9,0
