Distance,Tx Power,Bandwidth,Subband BW,Subband Offset
1351.225946,53.420438,50,20,29
8261.567420,15.079937,50,20,29
8973.829387,31.533740,50,20,29
3893.542052,51.091586,50,20,29
6961.517536,47.570651,50,20,29
4482.902793,38.407971,50,20,29
9505.077546,51.015121,50,20,29
8420.955741,17.352356,50,20,29
5825.738403,21.850842,50,20,29
