Distance,Tx Power,Bandwidth,Subband BW,Subband Offset
6788.770218,38.355131,25,18,5
3835.841095,52.952786,25,18,5
1726.380587,56.708110,25,18,5
8799.019218,41.872866,25,18,5
1417.844431,51.791796,25,18,5
8715.050028,21.933758,25,18,5
2825.674642,56.535075,25,18,5
9937.034341,59.236633,25,18,5
5963.740540,19.043665,25,18,5
