Distance,Tx Power,Bandwidth,Subband BW,Subband Offset
4892.812296,43.914963,100,20,7
5593.815930,23.535061,100,20,7
6561.385825,20.900225,100,20,7
702.706519,53.026716,100,20,7
862.301988,38.154316,100,20,7
6777.621189,28.620598,100,20,7
8692.475661,31.341634,100,20,7
6240.099428,15.870178,100,20,7
2416.452297,46.612183,100,20,7
