Distance,Tx Power,Bandwidth,Subband BW,Subband Offset
9221.036377,57.475196,75,8,16
1074.584080,27.818154,75,8,16
9442.282306,24.864782,75,8,16
5863.738664,57.152310,75,8,16
701.137623,32.012729,75,8,16
3628.389597,28.935923,75,8,16
4314.772798,53.465164,75,8,16
2102.735714,30.483397,75,8,16
2642.301295,45.463100,75,8,16
