Distance,Tx Power,Bandwidth,Subband BW,Subband Offset
4597.569796,27.521572,50,19,31
8998.279044,59.940120,50,19,31
9329.443951,22.001333,50,19,31
411.866923,28.592764,50,19,31
2370.520416,56.163527,50,19,31
7405.420847,20.248158,50,19,31
8243.672636,36.871749,50,19,31
1979.318647,19.347205,50,19,31
7173.066767,52.849474,50,19,31
