Distance,Tx Power,Bandwidth,Subband BW,Subband Offset
1062.469569,57.507233,15,12,0
6492.776667,35.649538,15,12,0
2266.353012,42.313100,15,12,0
8249.617579,43.970066,15,12,0
3170.879485,41.008728,15,12,0
2336.262963,49.889759,15,12,0
3761.603072,57.217124,15,12,0
1326.294123,31.749714,15,12,0
4054.912508,31.779857,15,12,0
