Distance,Tx Power,Bandwidth,Subband BW,Subband Offset
8068.649990,44.759650,100,20,15
2444.279537,26.942888,100,20,15
2144.027276,15.028843,100,20,15
6783.605942,17.579820,100,20,15
8014.822313,37.180618,100,20,15
1188.185694,44.394264,100,20,15
3399.434553,42.111820,100,20,15
8616.436452,17.915625,100,20,15
5209.868410,24.605317,100,20,15
