Distance,Tx Power,Bandwidth,Subband BW,Subband Offset
6134.084095,21.849478,15,8,3
4872.274511,45.425070,15,8,3
9381.576631,32.060008,15,8,3
840.156683,28.640252,15,8,3
4178.686696,53.475512,15,8,3
1756.283176,47.689385,15,8,3
7440.738380,49.777951,15,8,3
2714.855909,26.213292,15,8,3
8993.180009,50.385022,15,8,3
