Distance,Tx Power,Bandwidth,Subband BW,Subband Offset
7487.969920,18.741707,75,27,7
4782.339003,51.773471,75,27,7
3386.736392,50.797738,75,27,7
4676.798222,56.769100,75,27,7
3403.347660,25.370222,75,27,7
6710.544305,38.398069,75,27,7
2902.084006,38.454003,75,27,7
9710.108446,48.424468,75,27,7
5707.809978,19.639651,75,27,7
