Distance,Tx Power,Bandwidth,Subband BW,Subband Offset
4456.408922,32.622252,50,24,16
3135.956093,53.238721,50,24,16
8330.983272,27.315775,50,24,16
4073.712235,48.155968,50,24,16
6247.807699,54.209417,50,24,16
6645.911175,41.729111,50,24,16
9369.190304,55.149939,50,24,16
8172.279528,17.966280,50,24,16
9244.083990,41.055201,50,24,16
