Distance,Tx Power,Bandwidth,Subband BW,Subband Offset
3581.793261,35.807951,25,13,6
8727.625644,55.128324,25,13,6
5825.866030,38.297743,25,13,6
2072.637763,32.360084,25,13,6
463.041857,34.949218,25,13,6
971.856553,24.933165,25,13,6
3835.215091,23.634216,25,13,6
2000.608088,59.063337,25,13,6
976.112843,54.710169,25,13,6
