Distance,Tx Power,Bandwidth,Subband BW,Subband Offset
3546.079800,49.762871,15,9,5
1990.873771,23.780172,15,9,5
123.365405,22.937602,15,9,5
4764.956296,18.953069,15,9,5
9350.417377,48.485672,15,9,5
2948.285416,45.204050,15,9,5
1826.042981,47.718342,15,9,5
6301.517219,56.598324,15,9,5
4047.885910,36.121269,15,9,5
