Distance,Tx Power,Bandwidth,Subband BW,Subband Offset
2954.810819,45.573547,100,60,0
8472.221552,46.348609,100,60,0
5701.810549,45.333981,100,60,0
7677.740965,17.772695,100,60,0
8998.722031,20.618428,100,60,0
2907.804077,35.296546,100,60,0
1634.845368,29.154340,100,60,0
8525.911452,24.253466,100,60,0
6094.444981,36.640298,100,60,0
