Distance,Tx Power,Bandwidth,Subband BW,Subband Offset
697.612777,59.762876,100,44,28
1498.212764,24.091712,100,44,28
3964.618741,23.950168,100,44,28
2406.250801,59.915326,100,44,28
2591.917265,58.883364,100,44,28
2813.926008,40.442162,100,44,28
889.934462,43.437040,100,44,28
9426.716787,54.110643,100,44,28
7517.951046,46.047318,100,44,28
