Distance,Tx Power,Bandwidth,Subband BW,Subband Offset
5829.162585,21.820752,75,18,42
3839.727476,36.402681,75,18,42
8604.142032,57.645352,75,18,42
9997.277712,57.804357,75,18,42
2416.685822,23.221664,75,18,42
9458.994841,40.841455,75,18,42
9004.489866,28.949033,75,18,42
3170.096409,41.797631,75,18,42
2271.210119,44.995699,75,18,42
