Distance,Tx Power,Bandwidth,Subband BW,Subband Offset
420.953564,39.007676,100,48,35
6575.292733,15.664486,100,48,35
7195.767416,20.178088,100,48,35
5295.019282,46.359419,100,48,35
3956.034509,51.509606,100,48,35
1723.662636,38.403750,100,48,35
8445.298972,42.649186,100,48,35
8460.971617,36.325489,100,48,35
4082.914750,59.745339,100,48,35
