Distance,Tx Power,Bandwidth,Subband BW,Subband Offset
6651.651906,25.166678,25,14,2
7611.370321,59.437506,25,14,2
4148.837452,34.414099,25,14,2
8035.412425,57.793892,25,14,2
1607.620640,15.595331,25,14,2
712.458908,27.997120,25,14,2
107.804421,16.965001,25,14,2
8558.157923,37.061971,25,14,2
8932.398661,23.923007,25,14,2
