Distance,Tx Power,Bandwidth,Subband BW,Subband Offset
3431.980066,57.867444,75,32,11
8999.339367,57.079388,75,32,11
9024.773970,31.975328,75,32,11
6022.059597,44.626283,75,32,11
2427.675101,56.158885,75,32,11
9082.533897,51.638629,75,32,11
3070.121196,29.961693,75,32,11
5352.514967,57.706193,75,32,11
9096.777321,38.962008,75,32,11
