Distance,Tx Power,Bandwidth,Subband BW,Subband Offset
5637.630962,35.519330,50,35,15
5146.248344,28.501675,50,35,15
9301.512800,43.216078,50,35,15
9347.190148,19.257306,50,35,15
5167.722001,15.330778,50,35,15
5672.732188,28.874793,50,35,15
440.607187,47.506461,50,35,15
5121.617824,55.350396,50,35,15
8414.805374,35.571349,50,35,15
