Distance,Tx Power,Bandwidth,Subband BW,Subband Offset
8064.358555,43.835741,50,7,32
2708.761458,45.207658,50,7,32
3396.162034,30.861202,50,7,32
6509.036504,36.626604,50,7,32
2928.595627,39.023415,50,7,32
6003.437493,40.107204,50,7,32
7100.261942,19.497496,50,7,32
177.959458,54.810169,50,7,32
7958.827210,36.998415,50,7,32
