Distance,Tx Power,Bandwidth,Subband BW,Subband Offset
5923.175658,36.667800,50,32,11
3337.039551,24.975770,50,32,11
8634.772796,45.947422,50,32,11
4084.590009,23.542206,50,32,11
303.451730,53.816927,50,32,11
7404.835174,59.595945,50,32,11
4046.815844,25.853263,50,32,11
1239.842457,41.601292,50,32,11
4249.307471,16.274152,50,32,11
