Distance,Tx Power,Bandwidth,Subband BW,Subband Offset
4837.066843,24.102332,100,25,42
6764.291595,50.053139,100,25,42
7555.607031,33.778938,100,25,42
8033.533749,49.730454,100,25,42
4932.238322,40.072369,100,25,42
4953.052833,35.208129,100,25,42
3695.471677,30.966568,100,25,42
1942.670200,51.449408,100,25,42
6490.792020,41.830389,100,25,42
