Distance,Tx Power,Bandwidth,Subband BW,Subband Offset
5371.842195,50.935092,75,34,13
4021.928866,41.331015,75,34,13
6107.319542,46.827463,75,34,13
439.233945,56.395185,75,34,13
6698.418470,18.173580,75,34,13
8801.587952,51.076051,75,34,13
8388.097957,46.446411,75,34,13
5294.119269,55.810570,75,34,13
3320.227500,47.992064,75,34,13
