Distance,Tx Power,Bandwidth,Subband BW,Subband Offset
5025.992051,18.053474,25,7,16
1814.671178,38.193281,25,7,16
2961.637635,31.359788,25,7,16
1823.449029,20.234534,25,7,16
8977.794107,50.272033,25,7,16
5479.493269,30.009625,25,7,16
5173.310565,58.313075,25,7,16
5751.263739,52.847546,25,7,16
9204.454431,47.745042,25,7,16
