Distance,Tx Power,Bandwidth,Subband BW,Subband Offset
2817.814731,54.882770,100,93,2
6929.408094,16.455413,100,93,2
202.623864,37.383872,100,93,2
4397.833372,50.446468,100,93,2
7707.739155,56.693942,100,93,2
3168.464168,17.316082,100,93,2
8999.981774,18.946391,100,93,2
599.195220,57.034083,100,93,2
8070.897188,51.318848,100,93,2
