Distance,Tx Power,Bandwidth,Subband BW,Subband Offset
2158.346395,50.067898,100,31,11
1300.448650,55.315910,100,31,11
4055.821065,39.654212,100,31,11
9532.956834,16.574067,100,31,11
392.533921,30.622903,100,31,11
8532.053230,47.025258,100,31,11
6484.409856,51.994505,100,31,11
7788.213080,39.054358,100,31,11
8539.335250,17.723200,100,31,11
