Distance,Tx Power,Bandwidth,Subband BW,Subband Offset
7860.706500,43.045201,75,14,13
7187.609566,54.324560,75,14,13
5083.408963,36.257171,75,14,13
6695.749306,51.186003,75,14,13
4424.453844,26.077164,75,14,13
8985.882304,53.599946,75,14,13
4921.371641,30.199222,75,14,13
4082.439652,59.949393,75,14,13
2345.574267,27.461655,75,14,13
