Distance,Tx Power,Bandwidth,Subband BW,Subband Offset
4585.755898,24.729271,100,16,51
6178.303606,29.111566,100,16,51
8369.574198,40.847795,100,16,51
9765.120400,32.841137,100,16,51
2486.516253,20.388813,100,16,51
9242.650615,49.934714,100,16,51
6676.074198,50.914653,100,16,51
901.137883,59.210580,100,16,51
5055.051556,22.155869,100,16,51
