Distance,Tx Power,Bandwidth,Subband BW,Subband Offset
3852.719930,53.465306,50,8,6
7561.027290,20.104970,50,8,6
5614.111659,51.558430,50,8,6
9574.891022,37.929100,50,8,6
4172.400661,40.046198,50,8,6
5454.720990,50.288380,50,8,6
8703.495002,29.477842,50,8,6
713.252958,46.551787,50,8,6
9242.645495,55.331816,50,8,6
