Distance,Tx Power,Bandwidth,Subband BW,Subband Offset
6331.096724,56.157067,25,6,19
2036.937529,37.813951,25,6,19
4816.762235,18.243693,25,6,19
3947.007551,31.860678,25,6,19
9178.691014,46.105076,25,6,19
7619.176978,17.221766,25,6,19
6704.736152,34.882525,25,6,19
8288.605054,17.674543,25,6,19
979.621050,48.229096,25,6,19
