Distance,Tx Power,Bandwidth,Subband BW,Subband Offset
6319.921537,59.957830,75,58,12
9470.890541,32.075566,75,58,12
3234.361454,30.717200,75,58,12
5404.659809,44.288606,75,58,12
8035.000740,27.524448,75,58,12
4877.226442,55.548479,75,58,12
1489.869057,30.403622,75,58,12
4928.782433,53.393750,75,58,12
8909.957084,17.480018,75,58,12
