Distance,Tx Power,Bandwidth,Subband BW,Subband Offset
7734.812788,39.352367,15,9,5
8931.400467,18.843434,15,9,5
2992.551749,39.749820,15,9,5
2566.031614,48.777898,15,9,5
1978.617915,16.034481,15,9,5
219.467928,38.844572,15,9,5
2298.542527,54.636563,15,9,5
1631.890414,16.385900,15,9,5
4667.013914,51.205100,15,9,5
