Distance,Tx Power,Bandwidth,Subband BW,Subband Offset
5399.169561,34.440277,75,41,13
1292.676385,25.954338,75,41,13
9349.400281,17.970078,75,41,13
4055.212958,35.448097,75,41,13
2453.557422,22.928080,75,41,13
3996.228186,45.701172,75,41,13
5627.135408,15.932708,75,41,13
5837.968692,56.488732,75,41,13
6554.399285,26.004106,75,41,13
