Distance,Tx Power,Bandwidth,Subband BW,Subband Offset
1321.185731,30.808239,100,46,33
6227.981574,24.714622,100,46,33
8151.315841,38.144899,100,46,33
2894.744749,27.413708,100,46,33
1701.488338,22.860506,100,46,33
4658.961763,48.616180,100,46,33
863.464315,17.843691,100,46,33
1598.016405,49.092495,100,46,33
4278.934439,57.111052,100,46,33
