Distance,Tx Power,Bandwidth,Subband BW,Subband Offset
550.754145,44.198503,100,41,51
9924.775512,49.547508,100,41,51
5109.790299,37.368264,100,41,51
9205.252009,56.457107,100,41,51
2126.818693,31.538210,100,41,51
9943.347728,18.224790,100,41,51
8959.308514,59.845400,100,41,51
3842.931092,56.455510,100,41,51
9223.849758,51.979867,100,41,51
