Distance,Tx Power,Bandwidth,Subband BW,Subband Offset
6282.223862,28.645193,15,9,6
6484.651230,46.420653,15,9,6
6126.206725,40.293049,15,9,6
7637.197313,35.550574,15,9,6
327.097581,43.814951,15,9,6
9149.144355,33.444951,15,9,6
3484.594555,56.569293,15,9,6
5257.191062,29.076262,15,9,6
7223.685145,25.224350,15,9,6
