Distance,Tx Power,Bandwidth,Subband BW,Subband Offset
6865.137900,32.127752,75,12,6
5254.028355,30.761343,75,12,6
3770.005821,32.876817,75,12,6
3957.912809,52.699034,75,12,6
4014.624693,44.539853,75,12,6
7765.507960,15.992577,75,12,6
9777.414977,43.463802,75,12,6
9853.292886,38.031713,75,12,6
6866.649737,42.202408,75,12,6
