Distance,Tx Power,Bandwidth,Subband BW,Subband Offset
155.691871,16.133557,100,34,57
9887.536356,52.199616,100,34,57
2204.590951,22.887990,100,34,57
2199.400919,47.128459,100,34,57
3294.115315,23.362708,100,34,57
6771.422916,25.340238,100,34,57
4747.892025,33.911724,100,34,57
7520.751811,44.080281,100,34,57
2192.077721,21.501618,100,34,57
