Distance,Tx Power,Bandwidth,Subband BW,Subband Offset
925.466332,25.455493,100,86,11
188.241812,57.568106,100,86,11
1243.459651,43.219277,100,86,11
278.995181,34.669465,100,86,11
7142.980240,20.323867,100,86,11
5677.903984,50.943724,100,86,11
6393.436519,20.987252,100,86,11
3193.004142,57.888410,100,86,11
2192.674765,40.854766,100,86,11
