Distance,Tx Power,Bandwidth,Subband BW,Subband Offset
4993.620899,52.133775,25,9,0
1895.090812,41.335620,25,9,0
7540.727715,30.197637,25,9,0
1014.941218,50.740789,25,9,0
7192.508310,56.472978,25,9,0
1267.009286,42.188839,25,9,0
9818.725273,26.328700,25,9,0
3735.920749,25.460807,25,9,0
9114.476389,31.610303,25,9,0
