Distance,Tx Power,Bandwidth,Subband BW,Subband Offset
4631.831613,47.037160,75,8,11
243.434796,22.963472,75,8,11
8796.328262,58.840377,75,8,11
8005.391982,35.463506,75,8,11
1164.721225,29.044375,75,8,11
345.156470,33.203135,75,8,11
9676.342286,40.242780,75,8,11
6558.069246,34.149649,75,8,11
3461.832532,36.832900,75,8,11
