Distance,Tx Power,Bandwidth,Subband BW,Subband Offset
2917.229027,27.048168,50,26,9
1976.141618,56.591990,50,26,9
1587.734911,52.666592,50,26,9
8268.612708,16.710660,50,26,9
9355.499898,29.697463,50,26,9
5838.104629,27.808674,50,26,9
2386.700311,36.494750,50,26,9
5934.148786,38.969542,50,26,9
698.612004,32.331689,50,26,9
