Distance,Tx Power,Bandwidth,Subband BW,Subband Offset
469.008244,52.738101,75,49,6
6002.050743,28.080053,75,49,6
7910.730919,54.059458,75,49,6
6218.471498,37.308750,75,49,6
6881.014880,30.302520,75,49,6
6286.676116,36.309115,75,49,6
9744.429076,59.780593,75,49,6
6129.513799,59.638341,75,49,6
7831.917386,57.705362,75,49,6
