Distance,Tx Power,Bandwidth,Subband BW,Subband Offset
3861.300473,47.543308,15,10,5
4821.661114,40.809044,15,10,5
5248.482432,47.760456,15,10,5
3930.997356,22.922940,15,10,5
7247.730782,54.776832,15,10,5
5969.820874,45.752655,15,10,5
6109.898687,16.907543,15,10,5
7221.891892,55.406778,15,10,5
9686.202613,49.405407,15,10,5
