Distance,Tx Power,Bandwidth,Subband BW,Subband Offset
4378.650005,57.691837,25,6,10
7748.860905,28.012566,25,6,10
8455.584889,41.460271,25,6,10
1097.080190,25.291148,25,6,10
7410.728973,30.385660,25,6,10
9951.633876,28.846218,25,6,10
6244.631949,24.919885,25,6,10
2632.679288,55.449198,25,6,10
4250.348671,57.259287,25,6,10
