Distance,Tx Power,Bandwidth,Subband BW,Subband Offset
4628.034363,23.241465,25,13,9
9691.222155,54.887801,25,13,9
2567.908384,32.556272,25,13,9
2588.587058,49.426613,25,13,9
2519.460915,58.964447,25,13,9
4398.285919,50.280410,25,13,9
115.867177,42.758619,25,13,9
5229.419874,52.244461,25,13,9
9475.838377,58.055267,25,13,9
