Distance,Tx Power,Bandwidth,Subband BW,Subband Offset
994.045090,48.760285,25,8,5
8421.537525,27.018064,25,8,5
1084.795051,53.662722,25,8,5
5687.390240,23.157642,25,8,5
6938.237784,50.277582,25,8,5
5160.893610,16.207783,25,8,5
482.440914,21.610826,25,8,5
8340.839816,53.324164,25,8,5
8548.602727,40.242125,25,8,5
