Distance,Tx Power,Bandwidth,Subband BW,Subband Offset
4969.026254,56.245748,75,9,30
5691.795131,52.093621,75,9,30
9175.037297,18.127075,75,9,30
4773.887920,48.022309,75,9,30
3499.590730,32.702698,75,9,30
1339.133145,26.684572,75,9,30
2753.251377,25.944245,75,9,30
7296.469263,52.652136,75,9,30
4800.182447,47.893209,75,9,30
