Distance,Tx Power,Bandwidth,Subband BW,Subband Offset
7985.811944,52.958831,100,52,14
4333.852867,41.380195,100,52,14
9394.840187,35.341967,100,52,14
2548.667974,36.996257,100,52,14
7451.506862,36.502083,100,52,14
7092.156980,25.210564,100,52,14
7162.251781,29.875749,100,52,14
6973.726277,47.221547,100,52,14
3856.370702,28.332577,100,52,14
