Distance,Tx Power,Bandwidth,Subband BW,Subband Offset
3915.433480,27.126257,75,47,24
2961.438383,46.835820,75,47,24
8995.757396,30.681172,75,47,24
8528.707696,16.229174,75,47,24
3032.199539,25.757061,75,47,24
2153.611950,16.788994,75,47,24
7718.234325,56.288442,75,47,24
9191.577412,22.427850,75,47,24
5871.730450,52.817347,75,47,24
