Distance,Tx Power,Bandwidth,Subband BW,Subband Offset
6414.600513,15.567285,75,10,27
3340.778338,36.906552,75,10,27
5016.828039,53.532588,75,10,27
3144.396879,52.610599,75,10,27
7022.724404,32.771153,75,10,27
1154.832183,46.735453,75,10,27
1464.652518,15.208877,75,10,27
1916.380749,25.548658,75,10,27
3181.372463,49.067992,75,10,27
