Distance,Tx Power,Bandwidth,Subband BW,Subband Offset
2232.556284,43.522129,75,23,33
3946.683831,18.869509,75,23,33
8732.602111,35.399956,75,23,33
5448.006434,54.147696,75,23,33
7825.495005,58.528177,75,23,33
3552.177276,48.586615,75,23,33
1360.613123,44.815946,75,23,33
8371.963729,42.513705,75,23,33
3813.516489,29.533717,75,23,33
