Distance,Tx Power,Bandwidth,Subband BW,Subband Offset
3032.053438,39.911408,100,38,58
9616.384844,36.972218,100,38,58
1871.139381,22.145723,100,38,58
9804.657052,53.439936,100,38,58
5268.025658,38.084141,100,38,58
2082.715205,19.887481,100,38,58
9219.455695,38.036637,100,38,58
326.233131,25.021824,100,38,58
780.636688,55.364145,100,38,58
