Distance,Tx Power,Bandwidth,Subband BW,Subband Offset
851.846607,52.498749,50,35,6
5094.497234,48.051359,50,35,6
197.164311,41.513872,50,35,6
2871.043709,48.708688,50,35,6
6046.504330,30.896099,50,35,6
7228.189765,29.102281,50,35,6
4060.582862,16.900771,50,35,6
6061.861393,15.223171,50,35,6
3716.209180,23.597278,50,35,6
