Distance,Tx Power,Bandwidth,Subband BW,Subband Offset
9568.097505,44.728881,100,53,18
759.520324,57.399717,100,53,18
6822.362262,47.100694,100,53,18
901.274168,27.503339,100,53,18
1636.568728,50.631869,100,53,18
1323.775431,24.241612,100,53,18
8296.918317,29.993045,100,53,18
3817.701500,42.679220,100,53,18
3171.146865,54.532133,100,53,18
