Distance,Tx Power,Bandwidth,Subband BW,Subband Offset
4742.341197,56.170112,25,11,0
9431.580467,27.912816,25,11,0
8890.044414,34.508548,25,11,0
6890.554588,24.627802,25,11,0
6207.511957,30.524245,25,11,0
2155.998426,32.610261,25,11,0
1093.776732,52.231006,25,11,0
5007.044088,43.218069,25,11,0
3590.485509,57.192921,25,11,0
