Distance,Tx Power,Bandwidth,Subband BW,Subband Offset
9617.894403,57.080489,75,42,7
8132.477648,35.156822,75,42,7
6927.026771,54.258675,75,42,7
8088.807447,34.369824,75,42,7
2541.598872,52.614440,75,42,7
3007.913919,31.230758,75,42,7
5103.007168,51.189511,75,42,7
6389.056174,35.575566,75,42,7
9608.536594,52.130922,75,42,7
