Distance,Tx Power,Bandwidth,Subband BW,Subband Offset
7172.629626,56.518883,50,13,8
8937.454316,16.885508,50,13,8
9568.333742,52.230872,50,13,8
2469.105571,37.660122,50,13,8
3586.011217,52.411239,50,13,8
4770.952528,40.727290,50,13,8
643.316766,51.391152,50,13,8
3103.931544,40.282370,50,13,8
6247.027679,32.940677,50,13,8
