Distance,Tx Power,Bandwidth,Subband BW,Subband Offset
1753.879904,47.710539,100,66,32
2796.814251,31.652204,100,66,32
6739.074354,49.892341,100,66,32
7116.828894,32.526694,100,66,32
6482.910467,45.227213,100,66,32
6625.370773,16.991826,100,66,32
4969.888218,30.430998,100,66,32
9713.334970,50.678477,100,66,32
9598.841812,48.382049,100,66,32
