Distance,Tx Power,Bandwidth,Subband BW,Subband Offset
7346.332900,55.296381,15,7,5
8161.473927,36.675291,15,7,5
3934.926843,53.733018,15,7,5
8869.969806,29.525869,15,7,5
4458.683773,53.345658,15,7,5
8229.628071,33.123834,15,7,5
5085.285293,19.037642,15,7,5
5361.081805,28.185457,15,7,5
5733.231146,24.320072,15,7,5
