Distance,Tx Power,Bandwidth,Subband BW,Subband Offset
1504.613716,41.747375,75,35,12
1533.709510,17.389829,75,35,12
9678.486599,27.479172,75,35,12
9087.479271,16.381922,75,35,12
9160.224296,28.758622,75,35,12
9294.833584,48.166191,75,35,12
8740.074399,38.063114,75,35,12
1461.954026,41.564630,75,35,12
1239.440847,30.174321,75,35,12
