Distance,Tx Power,Bandwidth,Subband BW,Subband Offset
9081.675174,30.570356,50,31,3
9039.991336,38.067990,50,31,3
7436.731310,21.567316,50,31,3
8542.369495,34.482258,50,31,3
333.918214,30.527283,50,31,3
4068.545258,36.191335,50,31,3
562.331527,46.735567,50,31,3
2105.486190,18.718157,50,31,3
5524.247089,52.612031,50,31,3
