Distance,Tx Power,Bandwidth,Subband BW,Subband Offset
3115.834312,20.487604,50,8,14
6750.689285,59.417230,50,8,14
8415.127050,49.470019,50,8,14
5928.308235,56.424273,50,8,14
2219.086132,22.853921,50,8,14
4107.274878,56.682134,50,8,14
4636.756701,22.500478,50,8,14
9365.397746,59.249499,50,8,14
2213.775789,50.811339,50,8,14
