Distance,Tx Power,Bandwidth,Subband BW,Subband Offset
5411.264220,19.874793,15,6,7
7795.532434,45.907264,15,6,7
7578.897099,23.741216,15,6,7
1337.696320,16.864963,15,6,7
2546.212386,23.962161,15,6,7
5328.017059,40.588071,15,6,7
7061.151343,42.949585,15,6,7
2636.773033,54.078329,15,6,7
9161.995179,42.852623,15,6,7
