Distance,Tx Power,Bandwidth,Subband BW,Subband Offset
9272.522360,17.794265,75,62,6
1909.605214,31.444193,75,62,6
2858.067377,36.455489,75,62,6
9363.447611,22.477435,75,62,6
4421.293404,51.010765,75,62,6
8678.603506,27.981068,75,62,6
752.479572,52.217426,75,62,6
7513.816813,28.660650,75,62,6
742.925433,25.130292,75,62,6
