Distance,Tx Power,Bandwidth,Subband BW,Subband Offset
3537.780886,23.228123,15,11,4
9248.673243,41.045425,15,11,4
1799.143858,58.931280,15,11,4
6217.450532,17.639991,15,11,4
2905.261151,58.611469,15,11,4
973.634178,27.981286,15,11,4
469.806576,22.133973,15,11,4
5320.828888,54.242681,15,11,4
2609.554425,57.562226,15,11,4
