Distance,Tx Power,Bandwidth,Subband BW,Subband Offset
5188.954457,15.284786,25,14,5
331.480621,36.639156,25,14,5
3954.067499,45.459457,25,14,5
7206.157943,15.618428,25,14,5
8500.441092,22.636281,25,14,5
2172.613007,18.697215,25,14,5
1486.207033,17.457029,25,14,5
7788.209476,53.146863,25,14,5
6029.082505,21.109209,25,14,5
