Distance,Tx Power,Bandwidth,Subband BW,Subband Offset
2094.587848,18.401516,75,41,20
3392.080631,32.014631,75,41,20
4249.439486,46.461374,75,41,20
2437.199987,21.023916,75,41,20
9952.620082,50.751808,75,41,20
8651.713377,54.639233,75,41,20
1480.622300,35.355853,75,41,20
9625.929118,29.433172,75,41,20
3408.561525,50.672772,75,41,20
