Distance,Tx Power,Bandwidth,Subband BW,Subband Offset
1314.633600,59.471591,25,7,18
534.275258,20.574453,25,7,18
3441.731607,22.009822,25,7,18
2585.661768,53.059046,25,7,18
918.570761,30.211944,25,7,18
7807.768838,35.716022,25,7,18
7931.466245,49.876737,25,7,18
2109.098366,41.068940,25,7,18
7345.556828,36.592200,25,7,18
