Distance,Tx Power,Bandwidth,Subband BW,Subband Offset
267.026319,22.623803,50,13,14
7576.590669,54.461171,50,13,14
2123.504278,57.746579,50,13,14
2792.288081,58.753538,50,13,14
8034.144979,21.438972,50,13,14
7528.286595,59.294302,50,13,14
6752.975800,40.527663,50,13,14
6864.711627,25.194357,50,13,14
3330.887985,35.299550,50,13,14
