Distance,Tx Power,Bandwidth,Subband BW,Subband Offset
8890.442697,34.426922,50,15,16
261.476914,43.557743,50,15,16
1405.490433,48.637920,50,15,16
4214.404916,26.345411,50,15,16
7777.576802,27.022979,50,15,16
5629.389050,23.149629,50,15,16
1305.851809,37.033988,50,15,16
6318.647555,32.200560,50,15,16
6237.874146,35.238873,50,15,16
