Distance,Tx Power,Bandwidth,Subband BW,Subband Offset
2408.290207,39.698771,75,63,8
8926.799925,28.382205,75,63,8
9911.579148,33.014315,75,63,8
1553.214017,30.048357,75,63,8
1081.580576,43.009421,75,63,8
693.735062,52.222543,75,63,8
7480.349633,50.377626,75,63,8
4608.688199,32.351909,75,63,8
9244.267347,23.580238,75,63,8
