Distance,Tx Power,Bandwidth,Subband BW,Subband Offset
1217.534256,17.753478,100,11,9
5648.148231,32.887721,100,11,9
4622.181387,30.034656,100,11,9
4520.679401,22.263819,100,11,9
7519.699204,15.524941,100,11,9
1340.372290,18.864798,100,11,9
7077.836293,48.737671,100,11,9
6758.216628,29.922574,100,11,9
7972.961407,55.649446,100,11,9
