Distance,Tx Power,Bandwidth,Subband BW,Subband Offset
1273.841843,39.861472,50,39,10
9496.021967,56.699598,50,39,10
5750.458170,23.937160,50,39,10
1859.226474,38.367691,50,39,10
668.483316,20.592225,50,39,10
2508.576934,59.988562,50,39,10
8524.684604,59.306938,50,39,10
6769.908950,32.896874,50,39,10
3855.755667,38.939352,50,39,10
