Distance,Tx Power,Bandwidth,Subband BW,Subband Offset
5992.894458,47.754444,75,23,27
5081.538999,35.948989,75,23,27
2231.406047,26.470952,75,23,27
2935.423087,50.494687,75,23,27
5664.989730,38.206900,75,23,27
8203.152951,59.628966,75,23,27
593.848147,24.340924,75,23,27
5847.543677,40.247543,75,23,27
9682.319569,21.705056,75,23,27
