Distance,Tx Power,Bandwidth,Subband BW,Subband Offset
8022.266507,54.515771,15,14,0
3070.979745,52.272375,15,14,0
6581.446845,28.440558,15,14,0
6927.899158,49.530037,15,14,0
4329.427863,34.853982,15,14,0
7706.579468,33.116037,15,14,0
9603.852124,41.343364,15,14,0
9780.420102,38.203479,15,14,0
896.680845,23.459616,15,14,0
