Distance,Tx Power,Bandwidth,Subband BW,Subband Offset
5820.451488,32.265867,75,32,18
9502.509760,48.797026,75,32,18
1859.623655,24.517090,75,32,18
206.406509,33.662875,75,32,18
2741.200995,36.043020,75,32,18
6263.438864,16.722123,75,32,18
5034.231554,15.180973,75,32,18
6834.560126,46.275146,75,32,18
7847.618062,23.106312,75,32,18
