Distance,Tx Power,Bandwidth,Subband BW,Subband Offset
5998.097941,21.647458,15,8,0
7643.806260,16.442092,15,8,0
5474.238377,42.677825,15,8,0
7921.907959,35.202436,15,8,0
3969.273007,28.469893,15,8,0
2018.433952,49.523065,15,8,0
3903.032294,54.559697,15,8,0
5033.664592,58.593400,15,8,0
7187.197992,50.024965,15,8,0
