Distance,Tx Power,Bandwidth,Subband BW,Subband Offset
5973.445803,39.530915,75,43,18
9827.183778,55.881290,75,43,18
6593.722042,26.119098,75,43,18
5999.487494,47.731716,75,43,18
8932.527184,33.051333,75,43,18
4373.268102,48.514899,75,43,18
3846.642039,39.231427,75,43,18
4650.965312,15.191712,75,43,18
6466.635588,49.590931,75,43,18
