Distance,Tx Power,Bandwidth,Subband BW,Subband Offset
9896.984778,36.295585,75,24,19
3253.150825,38.019689,75,24,19
294.687976,20.203269,75,24,19
9948.854933,57.920180,75,24,19
773.392011,34.459574,75,24,19
1038.144745,27.994610,75,24,19
5539.587606,20.076941,75,24,19
7985.667267,31.316715,75,24,19
9087.886929,53.521131,75,24,19
