Distance,Tx Power,Bandwidth,Subband BW,Subband Offset
887.876334,32.956155,100,65,16
9832.951845,22.006594,100,65,16
7803.554957,42.291041,100,65,16
8218.923071,51.467104,100,65,16
3808.319902,59.882954,100,65,16
353.083511,47.208598,100,65,16
9509.179063,26.252707,100,65,16
1716.209266,50.939065,100,65,16
3515.229931,18.336550,100,65,16
