Distance,Tx Power,Bandwidth,Subband BW,Subband Offset
8811.758284,36.344763,25,8,7
9930.800715,26.082280,25,8,7
5919.533553,23.304784,25,8,7
1907.262005,38.197212,25,8,7
3146.280988,47.146588,25,8,7
4384.823380,59.221790,25,8,7
1862.778015,57.068703,25,8,7
5488.271066,48.812992,25,8,7
4738.129817,49.999040,25,8,7
