Distance,Tx Power,Bandwidth,Subband BW,Subband Offset
911.532133,58.941607,100,50,19
877.127849,48.017308,100,50,19
461.750401,40.752225,100,50,19
9148.869005,24.572228,100,50,19
8427.589936,49.064745,100,50,19
9880.893559,36.723207,100,50,19
4000.897562,27.883875,100,50,19
8853.692985,55.264668,100,50,19
1746.814864,48.550585,100,50,19
