Distance,Tx Power,Bandwidth,Subband BW,Subband Offset
343.823862,51.682678,50,8,26
5934.454020,36.390202,50,8,26
6791.879274,26.471274,50,8,26
8700.757389,22.202224,50,8,26
3091.269348,30.255080,50,8,26
2875.796972,17.653148,50,8,26
1487.226291,46.623232,50,8,26
6699.918210,34.920677,50,8,26
685.709623,54.210981,50,8,26
