Distance,Tx Power,Bandwidth,Subband BW,Subband Offset
7466.020757,15.391024,100,31,45
3412.199279,34.903236,100,31,45
7285.209808,18.334097,100,31,45
2235.723505,22.089748,100,31,45
146.221264,29.591722,100,31,45
8898.015412,35.522645,100,31,45
4698.759624,40.973075,100,31,45
725.014319,36.860368,100,31,45
8967.975189,20.531700,100,31,45
