Distance,Tx Power,Bandwidth,Subband BW,Subband Offset
5508.913389,53.801686,100,80,13
7404.309775,24.243048,100,80,13
3324.409607,28.702725,100,80,13
4531.914950,55.595581,100,80,13
1575.450003,50.310061,100,80,13
6356.913471,50.546269,100,80,13
8026.573069,15.815370,100,80,13
4031.642096,40.661787,100,80,13
7003.449557,39.412288,100,80,13
