Distance,Tx Power,Bandwidth,Subband BW,Subband Offset
5214.114034,24.309511,75,31,43
3997.336459,40.695469,75,31,43
3792.141932,17.146374,75,31,43
789.862035,42.853686,75,31,43
8169.610991,43.079323,75,31,43
4219.359272,52.681178,75,31,43
1507.683234,38.294395,75,31,43
3481.339573,54.431314,75,31,43
7176.198043,50.514266,75,31,43
