Distance,Tx Power,Bandwidth,Subband BW,Subband Offset
3661.482064,51.939129,50,6,12
2442.945204,27.575359,50,6,12
8850.358101,49.605321,50,6,12
9501.165051,18.446106,50,6,12
8076.012361,46.606702,50,6,12
5181.403680,17.309750,50,6,12
9222.472242,53.096157,50,6,12
8597.516433,58.353781,50,6,12
6122.273871,29.976717,50,6,12
