Distance,Tx Power,Bandwidth,Subband BW,Subband Offset
5333.539064,15.884365,25,16,2
2535.405799,59.879991,25,16,2
6771.619622,23.778032,25,16,2
7449.580543,44.818385,25,16,2
3705.158032,18.036587,25,16,2
8592.292154,40.759583,25,16,2
2663.274941,58.883538,25,16,2
8915.351473,46.540467,25,16,2
7573.329788,56.302477,25,16,2
