Distance,Tx Power,Bandwidth,Subband BW,Subband Offset
4809.794868,42.568300,100,6,33
480.103860,56.202420,100,6,33
8260.979730,40.967558,100,6,33
2595.982043,52.538979,100,6,33
7333.298783,31.980750,100,6,33
1430.628936,59.761722,100,6,33
5486.499521,21.424997,100,6,33
8234.261334,28.326151,100,6,33
2790.520970,31.488343,100,6,33
