Distance,Tx Power,Bandwidth,Subband BW,Subband Offset
9702.640571,47.978869,75,14,43
6824.266133,54.372510,75,14,43
1847.571813,34.880092,75,14,43
2200.573748,48.060937,75,14,43
1092.686502,59.473987,75,14,43
2719.120954,52.888223,75,14,43
1300.930369,46.253820,75,14,43
5492.381221,16.771039,75,14,43
1385.047643,51.562034,75,14,43
