Distance,Tx Power,Bandwidth,Subband BW,Subband Offset
5324.483413,25.367981,15,8,3
7643.544382,48.682434,15,8,3
2613.981964,41.251632,15,8,3
6952.867033,20.847250,15,8,3
2531.630259,27.421447,15,8,3
7845.619379,51.026112,15,8,3
3789.743715,25.775654,15,8,3
1091.261198,52.504832,15,8,3
4894.904713,38.053777,15,8,3
