Distance,Tx Power,Bandwidth,Subband BW,Subband Offset
8267.711314,26.270727,25,8,11
1337.997156,23.108577,25,8,11
8673.285160,30.783131,25,8,11
385.367370,55.939095,25,8,11
9608.104668,32.687020,25,8,11
8092.816352,37.315374,25,8,11
553.433403,53.170816,25,8,11
8322.238607,57.254776,25,8,11
6319.339100,25.247648,25,8,11
