Distance,Tx Power,Bandwidth,Subband BW,Subband Offset
2100.311307,58.325013,15,9,4
3563.446994,35.669880,15,9,4
159.471156,50.971761,15,9,4
866.962388,44.596695,15,9,4
4885.476242,36.074574,15,9,4
1930.382603,51.264499,15,9,4
3031.243460,21.120601,15,9,4
2012.853240,46.820764,15,9,4
3862.155274,33.117604,15,9,4
