Distance,Tx Power,Bandwidth,Subband BW,Subband Offset
754.038137,16.715993,75,49,14
3986.598559,23.729939,75,49,14
2801.840262,25.660777,75,49,14
2833.675398,47.039591,75,49,14
4477.462676,55.765112,75,49,14
6818.157506,32.563854,75,49,14
6752.376695,51.287090,75,49,14
2608.761027,41.108915,75,49,14
3563.426605,46.232059,75,49,14
