Distance,Tx Power,Bandwidth,Subband BW,Subband Offset
5623.011155,21.181799,25,20,1
7625.188437,36.103486,25,20,1
2102.730067,28.213154,25,20,1
5556.381764,55.462265,25,20,1
2192.117961,35.410307,25,20,1
4254.101225,26.779356,25,20,1
1472.457382,29.659307,25,20,1
3467.263197,40.003985,25,20,1
3974.981744,32.119540,25,20,1
