Distance,Tx Power,Bandwidth,Subband BW,Subband Offset
5602.699809,33.354553,15,8,7
7535.428509,18.590314,15,8,7
445.008797,51.280732,15,8,7
9877.963675,26.382620,15,8,7
1574.598469,55.904296,15,8,7
5732.832112,15.801466,15,8,7
3354.764309,17.498569,15,8,7
3277.049295,26.686688,15,8,7
9395.541426,23.923225,15,8,7
