Distance,Tx Power,Bandwidth,Subband BW,Subband Offset
1351.124095,59.772128,50,28,11
7815.793076,18.432175,50,28,11
4181.991962,33.422606,50,28,11
2074.757606,21.005966,50,28,11
3094.883975,46.190208,50,28,11
5285.103981,39.315741,50,28,11
2554.398442,41.249880,50,28,11
643.971350,23.943063,50,28,11
2937.055184,44.269797,50,28,11
