Distance,Tx Power,Bandwidth,Subband BW,Subband Offset
8199.639633,17.558395,100,53,5
417.686348,54.331896,100,53,5
4315.860806,27.028004,100,53,5
4719.293256,22.748693,100,53,5
9958.762883,37.189229,100,53,5
2173.002903,54.805886,100,53,5
1700.350362,58.262712,100,53,5
5920.729402,50.528096,100,53,5
217.583261,20.616256,100,53,5
