Distance,Tx Power,Bandwidth,Subband BW,Subband Offset
3451.376457,20.586311,75,41,9
4878.061363,54.413001,75,41,9
5735.090645,27.215526,75,41,9
1879.186261,17.311216,75,41,9
7370.907218,33.648658,75,41,9
4758.947782,29.808808,75,41,9
5488.192569,21.787326,75,41,9
204.427120,37.664690,75,41,9
3699.835347,54.954168,75,41,9
