Distance,Tx Power,Bandwidth,Subband BW,Subband Offset
9174.400737,44.495535,50,36,0
5437.337209,19.098400,50,36,0
7703.860480,32.513824,50,36,0
6200.996543,28.007727,50,36,0
4207.321616,36.995494,50,36,0
4670.642834,39.774105,50,36,0
3363.276067,44.761209,50,36,0
4009.432345,30.596635,50,36,0
1822.838976,26.951735,50,36,0
