Distance,Tx Power,Bandwidth,Subband BW,Subband Offset
2495.210065,47.944734,50,32,9
9767.337928,25.155693,50,32,9
6026.002233,31.725541,50,32,9
7685.546555,29.000347,50,32,9
8244.886258,45.116286,50,32,9
6748.462615,16.001150,50,32,9
4537.748113,17.221649,50,32,9
4119.268715,17.035407,50,32,9
4362.788184,32.868440,50,32,9
