Distance,Tx Power,Bandwidth,Subband BW,Subband Offset
6966.614179,50.257526,75,38,11
7335.569011,17.699581,75,38,11
3445.608964,44.891045,75,38,11
1145.019563,27.859141,75,38,11
1144.153112,39.400460,75,38,11
5337.054866,41.490268,75,38,11
8326.773310,33.182677,75,38,11
845.616116,47.574748,75,38,11
7028.180211,31.128249,75,38,11
