Distance,Tx Power,Bandwidth,Subband BW,Subband Offset
8203.531314,19.620973,75,9,41
8156.433982,16.580513,75,9,41
1632.252454,47.949752,75,9,41
9862.565144,50.204757,75,9,41
2609.785362,44.847141,75,9,41
4260.496035,23.630532,75,9,41
8087.908158,56.925182,75,9,41
4156.554706,43.340168,75,9,41
1726.275064,43.890623,75,9,41
