Distance,Tx Power,Bandwidth,Subband BW,Subband Offset
4460.899544,25.276378,75,53,13
7226.914589,29.677747,75,53,13
9878.031627,43.356688,75,53,13
4528.570471,45.388396,75,53,13
4944.983889,48.028964,75,53,13
4861.834295,31.027328,75,53,13
2949.279755,31.885140,75,53,13
6998.520077,21.186785,75,53,13
8568.029404,31.812728,75,53,13
