Distance,Tx Power,Bandwidth,Subband BW,Subband Offset
175.433179,32.231636,25,12,11
3115.780946,42.958518,25,12,11
8961.171747,43.981483,25,12,11
2615.566454,32.084251,25,12,11
2145.863272,54.056830,25,12,11
5777.484970,26.688654,25,12,11
2422.966571,16.007680,25,12,11
941.742350,46.462155,25,12,11
3402.461261,53.012358,25,12,11
