Distance,Tx Power,Bandwidth,Subband BW,Subband Offset
6853.974244,20.657186,75,7,42
4818.980386,24.770188,75,7,42
5209.125833,21.950662,75,7,42
1825.930481,32.391861,75,7,42
5960.114743,26.966767,75,7,42
8808.200702,53.926934,75,7,42
3228.861184,15.675978,75,7,42
9526.471399,54.741927,75,7,42
2336.454764,57.224342,75,7,42
