Distance,Tx Power,Bandwidth,Subband BW,Subband Offset
1335.380958,41.442755,15,8,5
7023.004188,17.774311,15,8,5
9225.036864,44.465193,15,8,5
7185.304241,24.692609,15,8,5
4661.059163,24.209645,15,8,5
6590.046605,36.914845,15,8,5
5223.782550,19.769837,15,8,5
7146.311214,50.891670,15,8,5
5853.094238,49.724264,15,8,5
