Distance,Tx Power,Bandwidth,Subband BW,Subband Offset
5107.740703,42.252930,100,6,38
2856.297300,30.199737,100,6,38
952.544377,57.748224,100,6,38
1039.191014,40.001383,100,6,38
5601.899491,42.266834,100,6,38
2245.049000,16.431442,100,6,38
6284.018467,43.465506,100,6,38
4768.918207,43.397835,100,6,38
5285.734457,17.993626,100,6,38
