Distance,Tx Power,Bandwidth,Subband BW,Subband Offset
8871.300533,28.418998,25,12,4
4796.581265,37.626189,25,12,4
9496.347069,39.340343,25,12,4
6202.566820,24.168164,25,12,4
4787.995577,18.313217,25,12,4
5123.298901,50.733796,25,12,4
7017.442903,48.346634,25,12,4
1808.458114,47.389752,25,12,4
6721.323073,58.577261,25,12,4
