Distance,Tx Power,Bandwidth,Subband BW,Subband Offset
2542.324401,35.680587,75,15,16
4021.183721,32.503065,75,15,16
8292.495235,18.701740,75,15,16
4652.727376,33.025269,75,15,16
935.071624,31.070505,75,15,16
3258.125735,55.393425,75,15,16
4040.019728,48.888483,75,15,16
6304.230424,57.383314,75,15,16
1389.178913,58.015734,75,15,16
