Distance,Tx Power,Bandwidth,Subband BW,Subband Offset
9148.372977,57.087277,100,41,57
5481.416211,47.670161,100,41,57
6863.734845,42.354433,100,41,57
1848.964541,57.728612,100,41,57
812.564524,34.478218,100,41,57
2243.800659,18.622563,100,41,57
7145.795843,37.178990,100,41,57
2609.096560,55.185818,100,41,57
1131.238680,15.152203,100,41,57
