Distance,Tx Power,Bandwidth,Subband BW,Subband Offset
5062.138888,44.682205,75,22,8
9298.969645,33.939045,75,22,8
2786.821446,44.369389,75,22,8
387.710468,32.861659,75,22,8
7360.648168,28.906383,75,22,8
6674.650204,25.960456,75,22,8
6889.892034,57.284573,75,22,8
4787.894293,31.132546,75,22,8
3784.643446,33.222921,75,22,8
