Distance,Tx Power,Bandwidth,Subband BW,Subband Offset
9068.675259,30.801571,25,11,6
5136.971500,47.023316,25,11,6
3814.667114,30.163511,25,11,6
3497.625770,37.611499,25,11,6
1964.393817,24.391233,25,11,6
9676.230251,28.094203,25,11,6
1419.510859,18.173208,25,11,6
988.494733,46.006479,25,11,6
737.977716,55.661837,25,11,6
