Distance,Tx Power,Bandwidth,Subband BW,Subband Offset
9623.114520,46.692638,75,47,7
2467.577174,37.058272,75,47,7
2503.805102,15.400946,75,47,7
3287.905314,22.180419,75,47,7
6240.148063,31.785333,75,47,7
9853.484262,54.545992,75,47,7
1338.540780,36.550009,75,47,7
358.876810,38.769909,75,47,7
7802.794485,30.841699,75,47,7
