Distance,Tx Power,Bandwidth,Subband BW,Subband Offset
8194.441877,32.596062,100,11,79
5954.322483,26.521531,100,11,79
7652.197226,23.971184,100,11,79
8820.958197,20.414918,100,11,79
8175.774301,35.601688,100,11,79
305.152115,48.051064,100,11,79
7693.138094,40.444972,100,11,79
7521.725714,46.733973,100,11,79
2861.686596,24.476362,100,11,79
