Distance,Tx Power,Bandwidth,Subband BW,Subband Offset
666.159372,31.001167,25,10,14
5817.935229,59.005344,25,10,14
1231.411825,20.943123,25,10,14
2387.651569,48.871049,25,10,14
1045.815690,23.989792,25,10,14
4521.819581,28.901058,25,10,14
6053.136016,31.500184,25,10,14
6918.643253,21.244233,25,10,14
5955.362292,44.276395,25,10,14
