Distance,Tx Power,Bandwidth,Subband BW,Subband Offset
3528.911026,34.051602,25,6,16
9199.994085,55.529390,25,6,16
6215.522649,41.095797,25,6,16
609.671896,43.643004,25,6,16
5829.138930,43.419720,25,6,16
9873.452909,40.146900,25,6,16
9374.226982,19.227846,25,6,16
6284.980556,35.875541,25,6,16
2084.959969,46.973085,25,6,16
