Distance,Tx Power,Bandwidth,Subband BW,Subband Offset
9385.725773,18.551940,50,24,19
7536.495531,42.213212,50,24,19
3788.076647,36.903643,50,24,19
1805.733367,59.087638,50,24,19
9645.650463,54.883881,50,24,19
4512.826816,45.057555,50,24,19
4899.338561,47.522102,50,24,19
3654.351940,39.175960,50,24,19
4927.253654,33.022799,50,24,19
