Distance,Tx Power,Bandwidth,Subband BW,Subband Offset
1861.395050,31.580474,75,10,51
6633.146027,24.735903,75,10,51
3905.080567,47.317483,75,10,51
9061.632725,18.394609,75,10,51
6859.294554,59.391194,75,10,51
4713.306231,56.342819,75,10,51
9562.502651,45.819540,75,10,51
853.457859,23.140109,75,10,51
9151.107557,31.215531,75,10,51
