Distance,Tx Power,Bandwidth,Subband BW,Subband Offset
1973.315964,38.923485,15,14,1
2056.662647,27.688641,15,14,1
378.154721,55.867105,15,14,1
7293.682331,55.295923,15,14,1
7608.655251,42.525505,15,14,1
7626.707246,23.861052,15,14,1
924.282092,33.495732,15,14,1
1183.609201,41.673900,15,14,1
8952.740435,23.980191,15,14,1
