Distance,Tx Power,Bandwidth,Subband BW,Subband Offset
8018.644508,25.102030,25,10,14
4185.595004,32.848530,25,10,14
6047.807665,25.417167,25,10,14
2643.707556,46.876209,25,10,14
8616.970816,59.852914,25,10,14
3504.287166,48.518747,25,10,14
7647.206400,59.512113,25,10,14
3327.502880,52.561602,25,10,14
8862.529050,26.695036,25,10,14
