Distance,Tx Power,Bandwidth,Subband BW,Subband Offset
6490.925605,16.632591,25,14,0
4555.058220,32.808775,25,14,0
7160.824623,52.765941,25,14,0
2548.438900,25.866926,25,14,0
5920.850490,27.044710,25,14,0
2705.265192,40.972834,25,14,0
9756.489291,16.446318,25,14,0
2758.740324,48.071633,25,14,0
5220.411198,35.683085,25,14,0
