Distance,Tx Power,Bandwidth,Subband BW,Subband Offset
3701.380449,30.059648,50,12,38
9116.906518,40.267285,50,12,38
1488.145639,20.588543,50,12,38
594.248970,18.735580,50,12,38
8524.859439,27.930788,50,12,38
7834.841211,56.441785,50,12,38
6436.674799,24.286492,50,12,38
8010.307558,18.530505,50,12,38
5514.726762,23.400774,50,12,38
