Distance,Tx Power,Bandwidth,Subband BW,Subband Offset
5611.486063,24.337700,50,37,13
2081.612681,15.947720,50,37,13
500.400089,40.500642,50,37,13
6382.202653,32.040555,50,37,13
8857.070205,56.777458,50,37,13
2423.011642,41.789927,50,37,13
8943.143143,31.280120,50,37,13
4218.577419,37.866147,50,37,13
3158.152251,44.754078,50,37,13
