Distance,Tx Power,Bandwidth,Subband BW,Subband Offset
2273.354041,53.471946,75,20,23
4242.899594,39.913864,75,20,23
4879.999034,29.473390,75,20,23
7764.834205,26.273379,75,20,23
4512.220844,36.293973,75,20,23
1669.250015,58.967068,75,20,23
6914.804897,37.255401,75,20,23
115.757441,20.609770,75,20,23
6998.644078,22.086145,75,20,23
