Distance,Tx Power,Bandwidth,Subband BW,Subband Offset
2155.218256,40.833937,75,22,33
5756.062142,51.088218,75,22,33
5429.677849,38.058585,75,22,33
556.012703,18.076979,75,22,33
3766.762857,30.808532,75,22,33
1455.149628,34.601933,75,22,33
7140.300658,55.582629,75,22,33
5320.197236,51.145576,75,22,33
4252.747820,16.318734,75,22,33
