Distance,Tx Power,Bandwidth,Subband BW,Subband Offset
3721.921385,54.147370,75,14,8
581.155237,55.193958,75,14,8
2818.667195,21.107529,75,14,8
3272.111076,41.590231,75,14,8
7329.203251,44.689064,75,14,8
7872.497933,30.655410,75,14,8
5360.448199,23.874120,75,14,8
9015.695963,35.306844,75,14,8
7640.869242,47.815032,75,14,8
