Distance,Tx Power,Bandwidth,Subband BW,Subband Offset
1526.183671,44.727430,100,25,45
6541.690267,30.359497,100,25,45
5176.424300,45.821231,100,25,45
2470.749031,24.643698,100,25,45
490.992032,46.967454,100,25,45
8320.285706,30.337753,100,25,45
9541.151538,51.475305,100,25,45
4328.786294,18.208289,100,25,45
5039.425846,35.003374,100,25,45
