Distance,Tx Power,Bandwidth,Subband BW,Subband Offset
2765.807837,58.983565,15,12,2
5497.720468,17.186700,15,12,2
1901.576007,23.406634,15,12,2
906.719048,25.974142,15,12,2
1283.565609,35.266709,15,12,2
7844.383739,28.779863,15,12,2
325.630485,17.966578,15,12,2
3268.257679,40.618594,15,12,2
1210.975592,37.672185,15,12,2
