Distance,Tx Power,Bandwidth,Subband BW,Subband Offset
2041.626646,42.774057,25,12,4
9790.422534,34.067458,25,12,4
2263.127831,16.386077,25,12,4
2358.990493,15.799306,25,12,4
4584.563306,37.789776,25,12,4
431.985615,42.005911,25,12,4
6632.502836,47.284415,25,12,4
7021.289893,18.238659,25,12,4
8063.773437,26.843946,25,12,4
