Distance,Tx Power,Bandwidth,Subband BW,Subband Offset
5818.859329,15.853773,25,12,4
997.785704,19.825000,25,12,4
5612.747477,45.290826,25,12,4
6610.348874,59.983014,25,12,4
7936.505983,57.073216,25,12,4
9102.415864,24.069276,25,12,4
7750.244331,29.246954,25,12,4
9564.991451,25.945578,25,12,4
553.389493,28.774098,25,12,4
