Distance,Tx Power,Bandwidth,Subband BW,Subband Offset
4668.512890,24.801034,50,9,8
500.879966,22.484623,50,9,8
2093.397777,47.225574,50,9,8
8228.429533,52.948864,50,9,8
9731.751741,32.996070,50,9,8
9094.978797,16.609078,50,9,8
5821.050990,16.227317,50,9,8
9335.948384,59.329407,50,9,8
6482.639125,34.422413,50,9,8
