Distance,Tx Power,Bandwidth,Subband BW,Subband Offset
711.171895,48.675621,15,7,7
8328.089587,38.245702,15,7,7
766.450622,29.498730,15,7,7
6949.684913,49.882060,15,7,7
7414.950439,38.959994,15,7,7
3694.818985,34.915713,15,7,7
6597.838610,38.428385,15,7,7
5785.450964,32.429673,15,7,7
8170.659125,30.534297,15,7,7
