Distance,Tx Power,Bandwidth,Subband BW,Subband Offset
8694.201466,58.638643,50,17,28
5114.609932,28.504615,50,17,28
7842.656874,37.891829,50,17,28
2763.162042,34.442039,50,17,28
6089.799590,30.618295,50,17,28
8831.587130,22.056642,50,17,28
6894.853280,19.133454,50,17,28
399.169240,35.003842,50,17,28
3437.549539,38.253015,50,17,28
