Distance,Tx Power,Bandwidth,Subband BW,Subband Offset
6028.093999,31.649197,100,43,1
9232.807153,53.976924,100,43,1
568.629880,40.303060,100,43,1
3042.685689,16.452871,100,43,1
4279.512509,24.408743,100,43,1
4055.042883,43.970557,100,43,1
2008.315366,59.747265,100,43,1
7973.742027,18.522411,100,43,1
3759.288555,48.518480,100,43,1
