Distance,Tx Power,Bandwidth,Subband BW,Subband Offset
3818.083326,42.700638,100,67,22
2419.717056,25.415009,100,67,22
6962.978319,23.555769,100,67,22
9825.135162,26.846004,100,67,22
9127.915833,26.881473,100,67,22
3184.962616,41.769228,100,67,22
8945.769474,17.927401,100,67,22
8124.602269,31.142981,100,67,22
8906.575922,27.725348,100,67,22
