Distance,Tx Power,Bandwidth,Subband BW,Subband Offset
5873.965166,30.896251,15,10,2
4449.663249,58.384536,15,10,2
4858.607715,28.725665,15,10,2
6942.382946,32.932922,15,10,2
7891.396786,34.649307,15,10,2
9237.666295,37.810625,15,10,2
8536.022976,21.149422,15,10,2
4610.162150,45.002129,15,10,2
3642.794871,33.202294,15,10,2
