Distance,Tx Power,Bandwidth,Subband BW,Subband Offset
8927.861892,33.280275,100,47,35
8241.418502,57.527298,100,47,35
1773.031339,37.051681,100,47,35
4744.186647,41.605263,100,47,35
1503.317425,53.036483,100,47,35
4302.641671,17.664850,100,47,35
9850.522990,28.753509,100,47,35
4118.278633,45.611571,100,47,35
6273.015839,57.153001,100,47,35
