Distance,Tx Power,Bandwidth,Subband BW,Subband Offset
3760.696317,44.860071,75,50,15
7883.359249,45.363119,75,50,15
6994.286526,15.587159,75,50,15
2467.224249,43.266216,75,50,15
4067.128836,50.628102,75,50,15
5480.843423,27.522167,75,50,15
8143.195204,41.152470,75,50,15
2311.864149,48.969502,75,50,15
8656.766774,33.970698,75,50,15
