Distance,Tx Power,Bandwidth,Subband BW,Subband Offset
6289.640149,26.216908,50,16,31
387.931324,22.181101,50,16,31
8720.893500,56.456212,50,16,31
8669.332762,39.951419,50,16,31
9110.160370,37.311613,50,16,31
2796.719325,33.875937,50,16,31
8012.375071,21.562368,50,16,31
2403.525230,46.139966,50,16,31
949.197714,56.594984,50,16,31
