Distance,Tx Power,Bandwidth,Subband BW,Subband Offset
4323.177146,36.799919,50,10,16
9322.115768,38.843028,50,10,16
6441.390742,27.509525,50,10,16
6488.138557,25.749987,50,10,16
7520.205285,16.172526,50,10,16
6710.178793,48.896041,50,10,16
5546.292151,52.384636,50,10,16
1556.479465,19.244638,50,10,16
6606.356239,18.660805,50,10,16
