Distance,Tx Power,Bandwidth,Subband BW,Subband Offset
5548.243154,57.059510,100,36,31
3132.490244,54.335779,100,36,31
5017.891893,35.046366,100,36,31
5434.086947,48.464337,100,36,31
5088.896889,17.890073,100,36,31
315.918130,23.048152,100,36,31
2229.050443,43.419780,100,36,31
9245.463998,24.094611,100,36,31
2598.672727,41.187552,100,36,31
