Distance,Tx Power,Bandwidth,Subband BW,Subband Offset
203.550832,26.574722,100,77,14
6893.509398,22.755498,100,77,14
7836.997190,52.605847,100,77,14
6461.098983,22.341081,100,77,14
1482.259838,29.543717,100,77,14
2311.841721,55.174649,100,77,14
9935.350127,23.296907,100,77,14
9837.285772,59.354654,100,77,14
3617.639109,54.557457,100,77,14
