Distance,Tx Power,Bandwidth,Subband BW,Subband Offset
4334.918891,41.884417,50,6,18
5080.402799,44.374843,50,6,18
1916.113928,24.415951,50,6,18
3930.027826,30.606864,50,6,18
4587.655672,34.990583,50,6,18
4683.776328,17.842217,50,6,18
1955.084122,36.980004,50,6,18
930.717089,34.423723,50,6,18
5659.396189,33.693625,50,6,18
