Distance,Tx Power,Bandwidth,Subband BW,Subband Offset
4186.894907,36.125007,25,12,7
8953.137860,30.392078,25,12,7
4034.667190,57.257774,25,12,7
7780.428794,16.957902,25,12,7
5637.671501,45.514366,25,12,7
1872.036851,35.646182,25,12,7
2789.460877,51.798753,25,12,7
280.061729,48.467229,25,12,7
4102.446067,54.867948,25,12,7
