Distance,Tx Power,Bandwidth,Subband BW,Subband Offset
8124.607573,37.402024,25,7,3
1265.848083,16.117297,25,7,3
3773.849791,40.845470,25,7,3
8943.412863,16.191675,25,7,3
7348.523251,33.675040,25,7,3
2691.176263,19.382902,25,7,3
962.778820,30.457860,25,7,3
364.769681,53.074579,25,7,3
3731.825929,54.308343,25,7,3
