Distance,Tx Power,Bandwidth,Subband BW,Subband Offset
4233.571912,21.808529,25,11,3
3320.203756,30.295276,25,11,3
6876.626681,24.422292,25,11,3
3890.523907,21.169356,25,11,3
1760.417110,57.874451,25,11,3
1114.373224,31.589494,25,11,3
6720.582288,38.639058,25,11,3
2888.097491,57.692800,25,11,3
8378.531939,36.239150,25,11,3
