Distance,Tx Power,Bandwidth,Subband BW,Subband Offset
6886.802303,20.444645,100,8,56
8806.415732,45.064025,100,8,56
1154.251733,44.600560,100,8,56
7127.667025,22.493974,100,8,56
7381.266202,38.517624,100,8,56
5997.370875,58.613864,100,8,56
3168.914857,58.530237,100,8,56
4898.997424,37.580771,100,8,56
9200.311448,17.993821,100,8,56
