Distance,Tx Power,Bandwidth,Subband BW,Subband Offset
343.431192,46.080044,100,10,70
4899.565205,48.423032,100,10,70
9633.621200,58.245482,100,10,70
3839.767115,57.408104,100,10,70
4051.617503,30.685454,100,10,70
3285.698481,44.045577,100,10,70
4704.797799,21.344401,100,10,70
522.085817,55.926096,100,10,70
2598.512647,44.644325,100,10,70
