Distance,Tx Power,Bandwidth,Subband BW,Subband Offset
9565.748295,44.671289,100,22,70
9026.463321,44.565344,100,22,70
7115.983592,51.813054,100,22,70
6024.774527,26.145798,100,22,70
5999.563088,21.769689,100,22,70
9472.291468,20.867230,100,22,70
3868.029738,23.224192,100,22,70
8135.734238,34.087768,100,22,70
6251.269623,45.510371,100,22,70
