Distance,Tx Power,Bandwidth,Subband BW,Subband Offset
6065.829366,48.511201,100,17,38
9570.088218,49.702911,100,17,38
5758.658472,54.159221,100,17,38
5224.835158,50.775281,100,17,38
412.459739,32.411442,100,17,38
3772.962607,16.462845,100,17,38
888.195910,23.627048,100,17,38
7109.037446,30.792990,100,17,38
5941.278929,58.940668,100,17,38
