Distance,Tx Power,Bandwidth,Subband BW,Subband Offset
3652.173837,50.522191,100,70,15
803.789589,15.410190,100,70,15
2791.521472,42.739398,100,70,15
7013.862859,24.936946,100,70,15
7651.159742,30.729070,100,70,15
4118.948796,39.841414,100,70,15
7316.030205,49.248427,100,70,15
1123.007238,34.035699,100,70,15
1297.682964,47.984404,100,70,15
