Distance,Tx Power,Bandwidth,Subband BW,Subband Offset
420.927248,37.718466,50,16,32
1811.063600,30.982473,50,16,32
6427.574066,48.284301,50,16,32
7294.200266,54.919566,50,16,32
8662.611111,38.014938,50,16,32
5092.910504,38.641075,50,16,32
8439.770873,19.367957,50,16,32
298.300941,40.548956,50,16,32
1178.307475,35.603606,50,16,32
