Distance,Tx Power,Bandwidth,Subband BW,Subband Offset
130.676243,20.516746,100,78,2
279.480700,16.974054,100,78,2
4738.868009,24.384966,100,78,2
7983.428905,27.573744,100,78,2
9017.652496,41.349945,100,78,2
3046.995014,27.685995,100,78,2
5288.249423,50.971115,100,78,2
9637.351136,19.674393,100,78,2
5816.961567,28.629663,100,78,2
