Distance,Tx Power,Bandwidth,Subband BW,Subband Offset
142.320202,38.400969,15,11,0
5112.559361,54.124641,15,11,0
8598.237028,37.088487,15,11,0
5175.022516,57.799924,15,11,0
4985.563654,29.122550,15,11,0
5193.844685,57.225600,15,11,0
5501.449867,24.102736,15,11,0
7785.544085,28.648580,15,11,0
8014.600005,52.178817,15,11,0
