Distance,Tx Power,Bandwidth,Subband BW,Subband Offset
7056.816827,25.113747,75,18,11
3175.992096,16.271699,75,18,11
5321.818583,20.849569,75,18,11
5428.422694,21.129668,75,18,11
4674.898980,56.324318,75,18,11
225.945565,17.810358,75,18,11
180.587140,41.525459,75,18,11
8706.745682,26.582679,75,18,11
5671.238160,35.049881,75,18,11
