Distance,Tx Power,Bandwidth,Subband BW,Subband Offset
5603.028853,28.532369,100,37,46
2413.023090,43.220975,100,37,46
3264.291470,55.269687,100,37,46
9338.578504,55.551514,100,37,46
1333.651670,31.164512,100,37,46
9446.357652,28.320482,100,37,46
5634.389237,32.687959,100,37,46
138.134409,52.884488,100,37,46
9040.259488,48.024976,100,37,46
