Distance,Tx Power,Bandwidth,Subband BW,Subband Offset
3401.407678,45.369563,25,10,13
2386.093505,37.202396,25,10,13
7993.119376,48.844263,25,10,13
1517.667084,35.466964,25,10,13
559.949183,15.319588,25,10,13
4345.263925,15.140105,25,10,13
3484.410577,15.703724,25,10,13
4579.481254,48.367888,25,10,13
5589.395921,57.692389,25,10,13
