Distance,Tx Power,Bandwidth,Subband BW,Subband Offset
879.401655,58.561867,50,6,11
7030.943511,28.747747,50,6,11
867.057006,22.829572,50,6,11
2685.247320,43.265408,50,6,11
3272.342882,16.463795,50,6,11
3578.434909,52.732806,50,6,11
119.257202,25.529734,50,6,11
1014.016449,33.987168,50,6,11
2539.624819,31.599488,50,6,11
