Distance,Tx Power,Bandwidth,Subband BW,Subband Offset
4978.081120,49.021010,50,20,3
2185.157364,42.473368,50,20,3
2860.405787,33.677223,50,20,3
445.085904,44.020128,50,20,3
6290.559173,35.678282,50,20,3
3642.155784,37.824481,50,20,3
4476.529526,20.117630,50,20,3
7286.699429,36.649828,50,20,3
1635.900806,33.627768,50,20,3
