Distance,Tx Power,Bandwidth,Subband BW,Subband Offset
9167.738874,45.563798,25,13,7
9129.153505,42.394732,25,13,7
4080.824733,33.123489,25,13,7
7653.268198,34.180015,25,13,7
7313.676762,39.655029,25,13,7
4744.622223,46.366396,25,13,7
3390.108029,40.808950,25,13,7
272.759363,37.184986,25,13,7
9710.927614,37.290838,25,13,7
