Distance,Tx Power,Bandwidth,Subband BW,Subband Offset
3489.019484,51.057229,15,12,0
7436.155443,53.790606,15,12,0
6453.453011,37.464932,15,12,0
264.196590,57.001981,15,12,0
3605.379989,25.772138,15,12,0
7476.666830,59.026243,15,12,0
2410.138926,54.896059,15,12,0
8690.465926,51.218287,15,12,0
1004.890151,57.341949,15,12,0
