Distance,Tx Power,Bandwidth,Subband BW,Subband Offset
3895.220644,38.768883,15,8,1
4975.036448,58.025304,15,8,1
2224.854170,15.629139,15,8,1
7012.124877,58.019539,15,8,1
7614.722195,51.488559,15,8,1
7030.424708,28.622565,15,8,1
8728.819741,29.534816,15,8,1
8204.768941,20.448780,15,8,1
9895.836990,23.191917,15,8,1
