Distance,Tx Power,Bandwidth,Subband BW,Subband Offset
2073.281424,32.120521,25,13,5
1492.038188,26.335941,25,13,5
3368.795278,38.924565,25,13,5
1470.387444,17.391681,25,13,5
8177.918372,20.776170,25,13,5
6309.252902,42.291989,25,13,5
6717.486152,33.777902,25,13,5
1626.972968,33.748583,25,13,5
5458.398434,18.671580,25,13,5
