Distance,Tx Power,Bandwidth,Subband BW,Subband Offset
1238.350004,52.460590,100,27,72
3489.656349,25.621842,100,27,72
3569.812315,45.840151,100,27,72
366.978481,45.484984,100,27,72
6515.940245,30.144342,100,27,72
7277.999681,23.047725,100,27,72
4363.679046,23.100045,100,27,72
6745.450626,19.007248,100,27,72
9303.502777,36.291623,100,27,72
