Distance,Tx Power,Bandwidth,Subband BW,Subband Offset
2080.211504,26.933894,75,35,24
7745.111617,59.157942,75,35,24
1091.758782,25.572009,75,35,24
2262.221495,37.751884,75,35,24
9313.341292,30.620923,75,35,24
7403.904602,57.627709,75,35,24
3831.354787,55.683215,75,35,24
1568.468361,34.796789,75,35,24
7026.969547,20.940302,75,35,24
