Distance,Tx Power,Bandwidth,Subband BW,Subband Offset
5323.653128,18.335442,15,6,9
7637.121480,56.662648,15,6,9
4315.439605,16.535961,15,6,9
4895.839752,54.665066,15,6,9
4483.622099,44.506301,15,6,9
4115.898178,17.422934,15,6,9
4674.929287,59.421482,15,6,9
2478.891679,22.074122,15,6,9
2335.484493,18.424793,15,6,9
