Distance,Tx Power,Bandwidth,Subband BW,Subband Offset
350.476623,33.056230,100,95,0
2515.778427,50.248196,100,95,0
6155.700797,19.581573,100,95,0
4384.496339,31.284069,100,95,0
8693.562869,32.884403,100,95,0
4517.651278,23.652265,100,95,0
5259.658546,56.687444,100,95,0
6462.324946,55.074826,100,95,0
2076.635190,46.710881,100,95,0
