Distance,Tx Power,Bandwidth,Subband BW,Subband Offset
9169.598750,18.776641,25,11,6
8337.025703,54.623732,25,11,6
7088.833398,50.139489,25,11,6
9666.265160,32.539815,25,11,6
7933.931287,46.628066,25,11,6
7610.070425,53.735968,25,11,6
1898.399158,30.632085,25,11,6
2726.669235,34.776922,25,11,6
7836.570008,40.524022,25,11,6
