Distance,Tx Power,Bandwidth,Subband BW,Subband Offset
4852.454299,36.829087,100,26,5
4532.879140,26.461037,100,26,5
1786.279343,49.301171,100,26,5
347.437512,23.821659,100,26,5
6025.359095,16.339456,100,26,5
1649.514655,31.440424,100,26,5
5177.361438,35.749185,100,26,5
3635.604151,52.305299,100,26,5
7225.670033,59.304266,100,26,5
