Distance,Tx Power,Bandwidth,Subband BW,Subband Offset
8401.495417,28.777708,15,13,2
9334.384516,19.568008,15,13,2
3259.706895,19.145790,15,13,2
873.558333,15.502980,15,13,2
3013.465260,46.202677,15,13,2
8125.159792,41.745564,15,13,2
7673.269423,49.525886,15,13,2
5469.071162,58.570325,15,13,2
9382.883968,37.870602,15,13,2
