Distance,Tx Power,Bandwidth,Subband BW,Subband Offset
5428.291738,54.612761,50,6,14
9680.430604,45.272816,50,6,14
1148.589349,39.227909,50,6,14
3754.810396,57.065767,50,6,14
5206.833713,37.239932,50,6,14
2570.500452,39.865710,50,6,14
8569.980543,37.279232,50,6,14
8481.771689,24.824839,50,6,14
1884.453268,17.263493,50,6,14
