Distance,Tx Power,Bandwidth,Subband BW,Subband Offset
4430.422658,52.040894,25,19,3
7894.074132,42.633641,25,19,3
774.492718,50.521660,25,19,3
6028.270833,41.275857,25,19,3
4161.761624,55.504750,25,19,3
9124.142901,16.595763,25,19,3
3907.078119,56.054330,25,19,3
3824.885407,55.616908,25,19,3
1640.139494,52.710160,25,19,3
