Distance,Tx Power,Bandwidth,Subband BW,Subband Offset
7634.773212,28.678717,50,39,6
7728.696977,24.426142,50,39,6
2708.663268,46.073923,50,39,6
5189.721213,47.987089,50,39,6
6872.367150,33.824896,50,39,6
6401.593588,57.824372,50,39,6
2849.904944,28.481458,50,39,6
695.167462,33.249553,50,39,6
1384.174542,25.437893,50,39,6
