Distance,Tx Power,Bandwidth,Subband BW,Subband Offset
1306.547389,44.804182,25,9,1
545.008169,17.731078,25,9,1
273.620530,55.306777,25,9,1
6602.359148,20.827720,25,9,1
8170.295885,19.689103,25,9,1
9935.070939,39.194355,25,9,1
5681.607766,25.438171,25,9,1
1297.535176,39.523712,25,9,1
4585.967303,43.947774,25,9,1
