Distance,Tx Power,Bandwidth,Subband BW,Subband Offset
8986.888888,43.686095,50,25,7
3111.319571,55.019468,50,25,7
1954.941438,45.394972,50,25,7
6647.501157,18.568148,50,25,7
522.906515,57.124668,50,25,7
8229.774710,23.175916,50,25,7
1742.818848,59.683595,50,25,7
7517.643117,32.670666,50,25,7
5024.107666,43.448936,50,25,7
