Distance,Tx Power,Bandwidth,Subband BW,Subband Offset
8747.038283,31.939184,75,21,22
3312.888308,18.795510,75,21,22
4117.867623,26.216994,75,21,22
897.537787,56.968382,75,21,22
2915.769443,52.077730,75,21,22
5670.446969,40.935228,75,21,22
5827.899523,28.457407,75,21,22
3885.115275,32.864228,75,21,22
1823.018998,45.547259,75,21,22
