Distance,Tx Power,Bandwidth,Subband BW,Subband Offset
9005.223039,28.035567,25,14,11
6600.142824,25.812864,25,14,11
7260.972280,48.548065,25,14,11
6453.514676,58.448570,25,14,11
1054.776301,50.896316,25,14,11
1659.967249,54.751761,25,14,11
3879.842340,55.782169,25,14,11
8479.312963,18.072917,25,14,11
9854.061745,15.086052,25,14,11
