Distance,Tx Power,Bandwidth,Subband BW,Subband Offset
7468.645106,55.136897,100,33,36
9173.236921,51.665589,100,33,36
1141.932499,31.018699,100,33,36
5301.635789,51.830622,100,33,36
7326.294989,35.184228,100,33,36
9650.616072,52.834463,100,33,36
2238.401867,48.867424,100,33,36
7444.440967,57.877537,100,33,36
9884.514106,56.206304,100,33,36
