Distance,Tx Power,Bandwidth,Subband BW,Subband Offset
3267.637759,57.841313,25,14,3
1306.542683,21.544099,25,14,3
5206.398464,33.519220,25,14,3
8627.570230,30.138083,25,14,3
6617.695543,52.006425,25,14,3
9247.716993,32.733355,25,14,3
6364.928695,16.015521,25,14,3
5047.454467,24.427502,25,14,3
5055.100097,33.415791,25,14,3
