Distance,Tx Power,Bandwidth,Subband BW,Subband Offset
6897.696931,41.050559,25,15,2
7164.481975,18.872601,25,15,2
7091.205918,51.361831,25,15,2
2389.867306,25.784593,25,15,2
7854.174568,41.757872,25,15,2
4166.187421,59.916882,25,15,2
3516.844425,59.042384,25,15,2
161.688753,39.397777,25,15,2
4273.706741,57.507918,25,15,2
