Distance,Tx Power,Bandwidth,Subband BW,Subband Offset
4712.009667,49.176934,25,17,5
1495.088834,53.972925,25,17,5
2189.491255,15.232807,25,17,5
8995.399429,21.745909,25,17,5
5906.430619,41.098888,25,17,5
2730.917270,28.145770,25,17,5
7339.928983,45.823668,25,17,5
6482.987659,49.662335,25,17,5
7679.632756,16.672083,25,17,5
