Distance,Tx Power,Bandwidth,Subband BW,Subband Offset
6195.278423,32.419981,50,44,2
3100.005165,46.169269,50,44,2
734.299443,29.867875,50,44,2
3502.132254,17.503224,50,44,2
2164.548144,33.254552,50,44,2
7487.269456,45.016799,50,44,2
314.451662,44.300866,50,44,2
664.885618,37.124791,50,44,2
2585.585396,48.871936,50,44,2
