Distance,Tx Power,Bandwidth,Subband BW,Subband Offset
5959.269174,47.669164,100,42,32
2976.046022,16.512231,100,42,32
9570.286557,44.352182,100,42,32
2997.687352,52.968974,100,42,32
1735.192936,43.932554,100,42,32
6368.504466,56.458596,100,42,32
3508.136189,34.614729,100,42,32
4413.181901,42.082586,100,42,32
2686.753135,41.681530,100,42,32
