Distance,Tx Power,Bandwidth,Subband BW,Subband Offset
3187.608363,44.674577,100,38,57
7193.812224,18.352748,100,38,57
661.599527,43.913597,100,38,57
1769.687128,34.484533,100,38,57
8818.239610,19.255937,100,38,57
5229.312295,40.753330,100,38,57
9615.512014,17.686529,100,38,57
9776.610555,18.760953,100,38,57
7411.129388,37.807036,100,38,57
