Distance,Tx Power,Bandwidth,Subband BW,Subband Offset
640.588560,32.018670,100,50,20
9910.995397,30.472470,100,50,20
8536.026649,23.840796,100,50,20
8978.670759,45.707345,100,50,20
8752.616769,43.289148,100,50,20
3839.496886,49.622878,100,50,20
6732.890087,55.737880,100,50,20
5802.845935,35.044123,100,50,20
3606.089652,56.388237,100,50,20
