Distance,Tx Power,Bandwidth,Subband BW,Subband Offset
2565.668709,50.870205,100,60,40
8910.958630,43.062888,100,60,40
7372.080291,28.660287,100,60,40
757.346835,33.772029,100,60,40
4463.784188,29.561671,100,60,40
4188.223127,44.814287,100,60,40
7904.002069,35.332905,100,60,40
8446.343152,18.669194,100,60,40
2385.380764,50.987501,100,60,40
