Distance,Tx Power,Bandwidth,Subband BW,Subband Offset
6492.645642,20.537769,25,15,3
285.063402,52.690422,25,15,3
5392.846942,44.198743,25,15,3
4765.200767,24.923922,25,15,3
5317.922870,28.278627,25,15,3
2559.673477,29.349275,25,15,3
3121.718725,20.070882,25,15,3
7184.269371,29.785834,25,15,3
7782.899774,19.436617,25,15,3
