Distance,Tx Power,Bandwidth,Subband BW,Subband Offset
6078.756098,31.938359,15,12,2
8005.563823,44.738643,15,12,2
8496.675835,52.263337,15,12,2
549.099480,22.375255,15,12,2
8921.529145,46.719328,15,12,2
8870.468149,38.107285,15,12,2
9444.156830,37.104439,15,12,2
9030.525450,25.165030,15,12,2
9905.735909,34.878423,15,12,2
