Distance,Tx Power,Bandwidth,Subband BW,Subband Offset
8349.435064,26.090001,50,29,3
3792.659366,52.177269,50,29,3
7435.198788,43.406986,50,29,3
3743.213151,26.499525,50,29,3
5521.375791,36.010761,50,29,3
3263.968655,27.110289,50,29,3
6991.090152,25.209707,50,29,3
2410.669225,49.493230,50,29,3
3590.686390,56.853122,50,29,3
