Distance,Tx Power,Bandwidth,Subband BW,Subband Offset
2431.178315,41.577822,15,7,3
2937.525564,49.560924,15,7,3
5984.973315,46.005492,15,7,3
2340.442910,44.884218,15,7,3
1878.795092,25.687243,15,7,3
5700.580509,28.438715,15,7,3
8551.795845,49.455280,15,7,3
899.254887,29.067074,15,7,3
2182.919424,58.921327,15,7,3
