Distance,Tx Power,Bandwidth,Subband BW,Subband Offset
4614.010303,28.876429,100,31,39
194.981724,16.870257,100,31,39
7843.446846,45.360361,100,31,39
6634.315388,44.352575,100,31,39
3217.423953,15.597344,100,31,39
6848.496278,43.568844,100,31,39
9538.763092,55.964170,100,31,39
6837.957868,51.201104,100,31,39
8455.104018,41.114150,100,31,39
