Distance,Tx Power,Bandwidth,Subband BW,Subband Offset
4566.763599,43.788839,50,21,27
868.856321,47.866356,50,21,27
4786.146267,24.762137,50,21,27
7064.574221,46.144047,50,21,27
4560.123555,39.860336,50,21,27
8759.325182,40.327344,50,21,27
5947.402774,49.854106,50,21,27
8330.573711,24.910603,50,21,27
9178.705501,43.623339,50,21,27
