Distance,Tx Power,Bandwidth,Subband BW,Subband Offset
7288.699647,49.868201,100,37,21
836.058514,29.641325,100,37,21
3139.860316,31.953108,100,37,21
2005.436896,36.164314,100,37,21
6695.472461,37.308395,100,37,21
7037.119038,29.309051,100,37,21
580.970165,18.871797,100,37,21
9192.214732,31.855765,100,37,21
2968.423323,57.664986,100,37,21
