Distance,Tx Power,Bandwidth,Subband BW,Subband Offset
9806.564446,47.508699,15,9,0
1824.154567,34.734955,15,9,0
5600.139878,42.768861,15,9,0
9216.908476,44.530806,15,9,0
5891.646092,32.604501,15,9,0
1778.279838,51.207373,15,9,0
5923.196958,28.860008,15,9,0
6821.868489,22.517331,15,9,0
9302.926236,50.066252,15,9,0
