Distance,Tx Power,Bandwidth,Subband BW,Subband Offset
9585.974470,24.293086,100,12,14
5021.297219,36.926104,100,12,14
3613.863430,52.179148,100,12,14
9556.487661,31.670112,100,12,14
2071.004823,20.423259,100,12,14
245.502352,40.617962,100,12,14
4343.898227,37.115839,100,12,14
9919.536871,52.487121,100,12,14
3731.073192,30.900556,100,12,14
