Distance,Tx Power,Bandwidth,Subband BW,Subband Offset
3490.560608,28.990470,75,30,7
6308.447304,32.341978,75,30,7
6950.585873,43.316056,75,30,7
6530.055213,50.290529,75,30,7
2857.420036,42.814159,75,30,7
1733.094206,36.130379,75,30,7
934.491401,27.197595,75,30,7
3666.477856,54.116999,75,30,7
4540.097659,49.612284,75,30,7
