Distance,Tx Power,Bandwidth,Subband BW,Subband Offset
8896.807434,18.067128,100,34,41
2998.699165,15.435070,100,34,41
6745.068087,53.854870,100,34,41
8298.365420,43.153438,100,34,41
4772.126315,58.632817,100,34,41
2788.626665,19.835245,100,34,41
4850.908346,33.323443,100,34,41
7677.645714,52.970197,100,34,41
4200.357562,44.227548,100,34,41
