Distance,Tx Power,Bandwidth,Subband BW,Subband Offset
4679.692406,27.103180,50,11,17
6962.920031,56.026118,50,11,17
4184.042026,18.404088,50,11,17
7733.513177,16.587769,50,11,17
2585.361466,16.549710,50,11,17
9561.736064,31.950048,50,11,17
8493.317582,22.976158,50,11,17
2981.232660,41.017398,50,11,17
5585.159030,43.072786,50,11,17
