Distance,Tx Power,Bandwidth,Subband BW,Subband Offset
2168.179697,34.490500,25,15,5
5082.871370,54.224303,25,15,5
233.202008,59.972417,25,15,5
8974.308266,51.295972,25,15,5
1571.139982,33.180947,25,15,5
4729.160415,24.023407,25,15,5
1623.859232,58.351620,25,15,5
8869.216368,32.839499,25,15,5
3899.234960,40.131628,25,15,5
