Distance,Tx Power,Bandwidth,Subband BW,Subband Offset
3184.974538,51.692602,75,44,22
9597.045147,38.483792,75,44,22
4136.807633,21.083238,75,44,22
9487.918238,48.107188,75,44,22
5332.062362,24.374060,75,44,22
9571.509486,49.625468,75,44,22
9203.788539,27.251558,75,44,22
4507.586715,53.585434,75,44,22
3949.884785,47.787077,75,44,22
