Distance,Tx Power,Bandwidth,Subband BW,Subband Offset
4383.777172,26.636288,100,15,62
963.877937,27.519065,100,15,62
2122.719529,56.307828,100,15,62
371.280453,49.571051,100,15,62
7088.440138,23.091003,100,15,62
5023.528853,42.855441,100,15,62
6878.955308,27.917458,100,15,62
1444.056871,32.630474,100,15,62
3546.065710,59.519494,100,15,62
