Distance,Tx Power,Bandwidth,Subband BW,Subband Offset
9398.765868,32.209762,75,45,23
8461.214855,35.498681,75,45,23
7245.628608,34.390149,75,45,23
3256.272719,29.009254,75,45,23
2210.408812,43.653170,75,45,23
3460.708977,50.189724,75,45,23
9562.606520,50.420434,75,45,23
3310.932176,23.341203,75,45,23
6622.606051,19.761514,75,45,23
