Distance,Tx Power,Bandwidth,Subband BW,Subband Offset
5536.796662,17.278020,75,11,13
6245.776962,33.960918,75,11,13
953.241517,23.223801,75,11,13
7549.997669,21.217420,75,11,13
3143.789108,52.641378,75,11,13
9582.486480,50.039861,75,11,13
5296.250291,17.434684,75,11,13
5254.661329,28.304882,75,11,13
8943.013103,44.008161,75,11,13
