Distance,Tx Power,Bandwidth,Subband BW,Subband Offset
6261.015857,54.183833,100,12,79
7544.617352,20.287993,100,12,79
7666.124805,37.524662,100,12,79
4660.043534,50.750131,100,12,79
7166.595553,40.867287,100,12,79
8185.070885,32.199022,100,12,79
100.758323,41.902185,100,12,79
267.119512,58.293933,100,12,79
650.620969,55.492635,100,12,79
