Distance,Tx Power,Bandwidth,Subband BW,Subband Offset
4523.646750,35.987987,100,45,7
8380.085173,18.951260,100,45,7
6811.319000,56.013043,100,45,7
7675.546564,20.173046,100,45,7
5500.980659,45.735476,100,45,7
6909.312781,40.297119,100,45,7
4580.940904,31.575275,100,45,7
2227.585048,19.849261,100,45,7
3612.044718,46.053706,100,45,7
