Distance,Tx Power,Bandwidth,Subband BW,Subband Offset
211.061330,24.136908,100,33,26
7073.599461,39.976122,100,33,26
8366.037912,50.551733,100,33,26
6002.163494,18.427254,100,33,26
6965.386819,54.856309,100,33,26
1253.490287,47.700326,100,33,26
8656.624571,38.437102,100,33,26
7792.648682,58.990478,100,33,26
515.842213,52.767723,100,33,26
