Distance,Tx Power,Bandwidth,Subband BW,Subband Offset
5772.077341,31.011050,75,47,20
8218.550908,27.446097,75,47,20
5588.029620,17.021729,75,47,20
5438.062421,20.306426,75,47,20
3421.298995,20.312778,75,47,20
5395.170099,17.870725,75,47,20
7476.219599,47.777283,75,47,20
6181.683774,27.202610,75,47,20
1778.039410,42.575591,75,47,20
