Distance,Tx Power,Bandwidth,Subband BW,Subband Offset
7027.030104,46.550560,75,24,2
3394.459069,35.211784,75,24,2
789.595162,42.077110,75,24,2
8271.542720,38.311461,75,24,2
6935.357070,43.680391,75,24,2
4602.004998,32.073057,75,24,2
9037.553514,49.064706,75,24,2
406.103191,26.945074,75,24,2
6955.111999,28.584904,75,24,2
