Distance,Tx Power,Bandwidth,Subband BW,Subband Offset
9736.224312,54.867619,75,18,3
5805.093679,59.157944,75,18,3
3663.639405,29.898142,75,18,3
8337.188039,25.104674,75,18,3
4833.558320,42.827049,75,18,3
9890.214244,56.758605,75,18,3
5352.518363,44.202633,75,18,3
8984.435480,27.704528,75,18,3
4965.486598,35.932450,75,18,3
