Distance,Tx Power,Bandwidth,Subband BW,Subband Offset
7604.660398,59.999420,75,17,0
424.670728,44.538807,75,17,0
4539.174369,55.534787,75,17,0
615.001937,49.089443,75,17,0
7910.484243,37.118172,75,17,0
9511.658870,53.254181,75,17,0
562.555031,46.903813,75,17,0
9706.534133,35.917954,75,17,0
6840.514894,57.943509,75,17,0
