Distance,Tx Power,Bandwidth,Subband BW,Subband Offset
976.172965,25.896228,15,11,3
9645.488768,30.379735,15,11,3
4181.820815,28.967271,15,11,3
4261.856589,36.695212,15,11,3
6600.602954,36.292513,15,11,3
721.262712,38.148852,15,11,3
8259.349823,31.973209,15,11,3
3013.785283,21.035191,15,11,3
910.067562,48.185886,15,11,3
