Distance,Tx Power,Bandwidth,Subband BW,Subband Offset
1251.972742,43.643950,25,19,0
646.668628,19.150667,25,19,0
739.237437,47.550408,25,19,0
943.877215,20.579803,25,19,0
7018.477223,37.271788,25,19,0
130.465282,16.708363,25,19,0
8986.205485,22.959543,25,19,0
6006.931434,22.858085,25,19,0
6119.345926,40.696768,25,19,0
