Distance,Tx Power,Bandwidth,Subband BW,Subband Offset
9125.491471,41.542017,50,27,17
6742.147059,15.416058,50,27,17
9894.102326,53.094001,50,27,17
3425.475564,18.656090,50,27,17
2976.578472,34.876442,50,27,17
1325.058519,57.683835,50,27,17
8944.383893,21.096039,50,27,17
936.993792,31.623166,50,27,17
7699.149593,23.587045,50,27,17
