Distance,Tx Power,Bandwidth,Subband BW,Subband Offset
1749.277025,39.250823,25,7,17
3488.307567,26.388900,25,7,17
7764.541070,35.283302,25,7,17
9055.016041,46.639980,25,7,17
2714.360869,40.222178,25,7,17
9419.935473,25.085432,25,7,17
6381.426557,55.216890,25,7,17
3345.769175,28.774455,25,7,17
8662.797531,39.590343,25,7,17
