Distance,Tx Power,Bandwidth,Subband BW,Subband Offset
7183.463379,30.747184,100,6,71
9352.858646,36.903606,100,6,71
9401.389683,40.341120,100,6,71
9282.408705,33.397464,100,6,71
5691.989370,33.180711,100,6,71
2945.744812,24.726098,100,6,71
5672.919827,21.569935,100,6,71
144.348668,17.446663,100,6,71
7387.535374,54.625056,100,6,71
