Distance,Tx Power,Bandwidth,Subband BW,Subband Offset
4487.942681,46.951505,100,22,78
2262.487275,15.922657,100,22,78
7940.031120,24.934510,100,22,78
4861.036317,48.933486,100,22,78
9662.548230,18.214570,100,22,78
1446.292852,47.774296,100,22,78
3369.583544,44.272017,100,22,78
4532.744746,50.944521,100,22,78
3685.071761,52.710149,100,22,78
