Distance,Tx Power,Bandwidth,Subband BW,Subband Offset
746.219034,34.876894,15,13,2
2359.114601,20.681400,15,13,2
7880.654449,29.898589,15,13,2
5553.454787,57.471479,15,13,2
4177.459440,53.067316,15,13,2
8304.574957,53.323628,15,13,2
162.549247,21.597212,15,13,2
2364.200333,38.279461,15,13,2
1511.726447,41.145884,15,13,2
