Distance,Tx Power,Bandwidth,Subband BW,Subband Offset
7236.458217,28.209728,15,11,4
2724.373510,50.499505,15,11,4
9664.438838,42.059470,15,11,4
5810.014677,25.461345,15,11,4
2042.295010,30.993175,15,11,4
3837.497988,56.055671,15,11,4
2133.563348,44.892651,15,11,4
819.102310,47.497228,15,11,4
3517.893250,38.340937,15,11,4
