Distance,Tx Power,Bandwidth,Subband BW,Subband Offset
5221.559822,50.251346,25,9,6
4595.900885,46.648231,25,9,6
7123.138275,17.017684,25,9,6
5581.966694,42.445095,25,9,6
8968.910134,34.999976,25,9,6
9481.136086,48.626463,25,9,6
4443.330795,41.783131,25,9,6
2144.718804,56.525048,25,9,6
465.565187,21.945887,25,9,6
