Distance,Tx Power,Bandwidth,Subband BW,Subband Offset
1970.143409,58.630461,50,17,5
7962.152354,55.753697,50,17,5
1375.945922,44.240061,50,17,5
1570.413914,53.434171,50,17,5
7384.020695,35.997139,50,17,5
8593.928427,18.772099,50,17,5
7216.260116,50.431788,50,17,5
6237.739503,36.689674,50,17,5
6324.711323,19.556642,50,17,5
