Distance,Tx Power,Bandwidth,Subband BW,Subband Offset
7234.069825,50.764370,50,6,8
2793.891709,53.055599,50,6,8
2953.068575,24.567362,50,6,8
6489.169425,16.411623,50,6,8
2352.220591,55.243096,50,6,8
4494.739855,54.701957,50,6,8
3096.697753,55.973376,50,6,8
4691.045362,49.940047,50,6,8
4930.471394,19.905949,50,6,8
