Distance,Tx Power,Bandwidth,Subband BW,Subband Offset
9236.799839,45.088308,100,36,45
3153.979891,22.228782,100,36,45
1173.678283,56.337086,100,36,45
5481.990661,28.989095,100,36,45
3064.706568,39.128511,100,36,45
5604.451522,22.137622,100,36,45
6137.260414,59.703057,100,36,45
3975.740677,27.563937,100,36,45
6082.460688,41.423836,100,36,45
