Distance,Tx Power,Bandwidth,Subband BW,Subband Offset
2270.431214,38.695412,75,21,13
7969.072498,23.053422,75,21,13
7909.269031,48.274753,75,21,13
9616.634712,34.192575,75,21,13
302.833868,52.583861,75,21,13
1300.065064,50.198072,75,21,13
591.297771,30.645444,75,21,13
6771.046114,38.418073,75,21,13
4235.273885,55.870964,75,21,13
