Distance,Tx Power,Bandwidth,Subband BW,Subband Offset
6418.522145,52.818398,50,14,20
3415.999443,19.020215,50,14,20
3600.520950,57.004561,50,14,20
2286.786316,43.790660,50,14,20
7718.748771,40.877942,50,14,20
2753.504393,55.740722,50,14,20
2380.119968,47.665593,50,14,20
8626.234358,39.927687,50,14,20
8616.060431,25.264395,50,14,20
