Distance,Tx Power,Bandwidth,Subband BW,Subband Offset
1005.144649,15.272216,15,7,3
1130.398889,18.082211,15,7,3
2513.065584,54.381259,15,7,3
8906.987526,57.205605,15,7,3
7539.199621,44.214245,15,7,3
6796.008749,33.563262,15,7,3
542.766441,22.395272,15,7,3
6638.659856,18.775795,15,7,3
3103.503882,19.328025,15,7,3
