Distance,Tx Power,Bandwidth,Subband BW,Subband Offset
4307.693150,34.122791,50,33,9
6999.783898,36.396477,50,33,9
9008.137857,17.306087,50,33,9
4900.878587,36.585835,50,33,9
5707.387394,15.233548,50,33,9
2566.227714,54.675494,50,33,9
7567.871632,17.776626,50,33,9
7675.285781,36.789667,50,33,9
3005.514391,27.186390,50,33,9
