Distance,Tx Power,Bandwidth,Subband BW,Subband Offset
9104.352065,56.151215,100,61,18
9046.237848,18.085141,100,61,18
9363.388869,26.634214,100,61,18
1095.734434,24.538545,100,61,18
1665.238039,15.380448,100,61,18
4525.332599,42.890174,100,61,18
6880.006247,26.792180,100,61,18
9298.683902,21.055847,100,61,18
8059.487254,58.202719,100,61,18
