Distance,Tx Power,Bandwidth,Subband BW,Subband Offset
6163.695870,17.665377,15,8,1
255.131272,55.901518,15,8,1
7023.035608,36.142399,15,8,1
9510.256048,17.290225,15,8,1
8897.548366,46.576700,15,8,1
8584.503129,47.257761,15,8,1
8390.127727,21.847781,15,8,1
7836.140862,49.480546,15,8,1
3742.102356,52.137054,15,8,1
