Distance,Tx Power,Bandwidth,Subband BW,Subband Offset
1710.833763,33.085548,50,32,12
6654.384722,17.184626,50,32,12
3373.984920,53.108371,50,32,12
5672.127973,54.442810,50,32,12
2566.047289,28.425808,50,32,12
7940.950771,40.949811,50,32,12
2223.251640,32.352693,50,32,12
8964.708288,35.409846,50,32,12
9580.520779,29.893520,50,32,12
