Distance,Tx Power,Bandwidth,Subband BW,Subband Offset
4743.216788,58.462398,25,14,4
693.556229,42.662910,25,14,4
2718.020556,37.251776,25,14,4
9700.483308,20.180954,25,14,4
6424.157692,46.719630,25,14,4
8394.509791,54.213192,25,14,4
7817.403159,43.456006,25,14,4
8431.723086,48.626134,25,14,4
5204.837998,36.182464,25,14,4
