Distance,Tx Power,Bandwidth,Subband BW,Subband Offset
2336.444562,39.158349,75,49,15
5880.397927,45.192227,75,49,15
8030.238128,28.954738,75,49,15
4300.704812,59.286995,75,49,15
4539.553352,41.003992,75,49,15
3498.710882,33.845848,75,49,15
7290.761322,39.604015,75,49,15
1749.744859,28.486390,75,49,15
2345.764394,25.405644,75,49,15
