Distance,Tx Power,Bandwidth,Subband BW,Subband Offset
3921.680718,23.551746,100,21,55
4525.714261,23.612521,100,21,55
4488.090663,36.194023,100,21,55
7801.191613,39.109607,100,21,55
2777.463607,32.344479,100,21,55
6265.992523,49.164489,100,21,55
2061.207005,39.867198,100,21,55
2615.066482,35.711477,100,21,55
3230.044855,59.862274,100,21,55
