Distance,Tx Power,Bandwidth,Subband BW,Subband Offset
9666.051063,59.602194,75,55,15
5621.385385,59.978758,75,55,15
4603.255963,24.858231,75,55,15
1293.656624,53.158777,75,55,15
5566.106394,41.995861,75,55,15
9181.903270,59.392041,75,55,15
4699.332938,50.605018,75,55,15
606.345958,28.966262,75,55,15
4913.534365,25.553068,75,55,15
