Distance,Tx Power,Bandwidth,Subband BW,Subband Offset
6796.892168,45.446867,75,30,21
5737.705588,44.807257,75,30,21
1926.351020,59.913692,75,30,21
7377.564770,36.603559,75,30,21
7208.109266,17.402885,75,30,21
5978.927886,18.788761,75,30,21
1460.969079,31.760602,75,30,21
8464.668934,43.758599,75,30,21
4252.189479,59.083487,75,30,21
