Distance,Tx Power,Bandwidth,Subband BW,Subband Offset
8783.822971,45.189730,100,16,79
2547.601488,18.312344,100,16,79
1768.874822,16.500383,100,16,79
5105.341503,31.809475,100,16,79
3771.169307,55.851209,100,16,79
5898.288333,49.315129,100,16,79
3064.615814,25.636965,100,16,79
4979.499197,33.237685,100,16,79
2425.719370,37.370862,100,16,79
