Distance,Tx Power,Bandwidth,Subband BW,Subband Offset
1623.787865,38.662630,25,9,9
5594.118686,46.308557,25,9,9
1974.855007,49.411250,25,9,9
1135.069141,42.048512,25,9,9
9743.705772,53.553141,25,9,9
8965.866774,43.559342,25,9,9
2265.116670,47.173678,25,9,9
4810.015566,27.859525,25,9,9
2791.333249,31.371266,25,9,9
