Distance,Tx Power,Bandwidth,Subband BW,Subband Offset
7715.136583,16.103296,75,34,6
7694.647492,26.062980,75,34,6
412.477531,46.012003,75,34,6
4612.137419,39.420523,75,34,6
3799.241226,21.231496,75,34,6
6182.854839,53.051672,75,34,6
6080.581196,37.873198,75,34,6
4589.116516,23.064512,75,34,6
1913.037537,42.536075,75,34,6
