Distance,Tx Power,Bandwidth,Subband BW,Subband Offset
1925.574380,40.312099,75,12,13
2197.590952,57.531436,75,12,13
6307.296589,55.450639,75,12,13
305.360702,24.626053,75,12,13
6570.354642,48.067217,75,12,13
1663.127603,38.106967,75,12,13
4266.943475,15.856212,75,12,13
8506.938873,41.427354,75,12,13
6357.455157,43.587516,75,12,13
