Distance,Tx Power,Bandwidth,Subband BW,Subband Offset
8578.253109,33.922528,15,10,2
3861.898444,21.288791,15,10,2
7337.559570,55.814299,15,10,2
8475.323441,57.780968,15,10,2
9998.347145,51.574844,15,10,2
9708.560632,18.625585,15,10,2
9713.396141,51.220047,15,10,2
3112.134970,58.489169,15,10,2
289.489737,52.341261,15,10,2
