Distance,Tx Power,Bandwidth,Subband BW,Subband Offset
1585.081413,57.799309,25,13,7
5388.812586,50.932083,25,13,7
2633.563857,51.286332,25,13,7
5284.105300,23.888286,25,13,7
7259.984168,31.934986,25,13,7
6379.877282,52.270760,25,13,7
3351.711364,53.814907,25,13,7
3308.954468,45.525797,25,13,7
4199.037418,57.454121,25,13,7
