Distance,Tx Power,Bandwidth,Subband BW,Subband Offset
1431.544295,58.036071,50,30,20
6439.744421,56.224207,50,30,20
8572.572342,27.601317,50,30,20
703.931934,53.083541,50,30,20
5396.772785,51.805928,50,30,20
5978.423625,20.537581,50,30,20
9566.050653,40.002102,50,30,20
5034.732604,22.860440,50,30,20
6444.472358,40.050823,50,30,20
