Distance,Tx Power,Bandwidth,Subband BW,Subband Offset
7664.791937,18.425272,75,41,8
4929.546441,56.114563,75,41,8
9562.236081,53.034043,75,41,8
2385.896661,38.033908,75,41,8
9195.157233,16.761683,75,41,8
4901.193095,16.239665,75,41,8
4189.929491,42.974889,75,41,8
1219.605912,16.877455,75,41,8
2895.489742,39.908063,75,41,8
