Distance,Tx Power,Bandwidth,Subband BW,Subband Offset
9703.414775,37.154913,25,7,7
1293.241593,41.418043,25,7,7
3235.698608,41.286926,25,7,7
7202.015634,23.346028,25,7,7
5572.299244,46.391503,25,7,7
9236.936215,56.439469,25,7,7
8934.781237,55.735805,25,7,7
8148.651145,59.574460,25,7,7
3226.729667,47.667377,25,7,7
