Distance,Tx Power,Bandwidth,Subband BW,Subband Offset
8708.945120,38.840947,15,8,4
8533.428584,36.920625,15,8,4
2429.795431,30.948418,15,8,4
7724.013707,19.998058,15,8,4
6367.425397,52.706607,15,8,4
1575.362709,43.214752,15,8,4
3646.616529,46.567802,15,8,4
3893.329748,48.850185,15,8,4
4683.644137,28.050635,15,8,4
