Distance,Tx Power,Bandwidth,Subband BW,Subband Offset
9246.457514,43.973375,50,13,5
4004.611968,22.847208,50,13,5
6980.090075,24.787191,50,13,5
2401.247764,24.112219,50,13,5
4239.035364,43.806207,50,13,5
9011.403969,36.728772,50,13,5
8436.763333,35.961668,50,13,5
2518.121488,21.848027,50,13,5
2984.436617,40.095337,50,13,5
