Distance,Tx Power,Bandwidth,Subband BW,Subband Offset
2549.764722,20.301407,15,9,5
6748.630390,26.620274,15,9,5
8017.794016,20.434315,15,9,5
5158.320321,43.863517,15,9,5
6872.722509,53.555621,15,9,5
3922.094142,32.490826,15,9,5
7013.335930,17.157031,15,9,5
7642.761059,48.748653,15,9,5
2183.165937,49.327985,15,9,5
