Distance,Tx Power,Bandwidth,Subband BW,Subband Offset
8292.006279,16.309128,75,45,17
5724.218927,29.564744,75,45,17
2246.753867,51.909254,75,45,17
719.129237,51.257365,75,45,17
299.201845,27.087751,75,45,17
8915.437312,26.305736,75,45,17
4685.202193,33.757284,75,45,17
7600.594532,43.411703,75,45,17
8280.505311,33.040865,75,45,17
