Distance,Tx Power,Bandwidth,Subband BW,Subband Offset
8122.448109,18.572034,75,6,2
5245.515191,24.756491,75,6,2
3707.486431,27.894528,75,6,2
5292.557073,28.041707,75,6,2
8648.033418,48.687904,75,6,2
6018.347282,16.642905,75,6,2
8559.317868,59.112919,75,6,2
1378.676694,35.145803,75,6,2
2825.681676,49.295574,75,6,2
