Distance,Tx Power,Bandwidth,Subband BW,Subband Offset
6739.160836,19.014498,25,9,5
2436.017040,49.813517,25,9,5
8235.393637,29.502893,25,9,5
9062.575357,52.619402,25,9,5
223.182032,58.932370,25,9,5
8124.171468,55.866634,25,9,5
7954.026333,47.274032,25,9,5
2742.551796,20.999503,25,9,5
3219.605065,43.996426,25,9,5
