Distance,Tx Power,Bandwidth,Subband BW,Subband Offset
3515.250172,27.165498,100,41,5
7330.818889,26.147352,100,41,5
6043.951881,26.168228,100,41,5
4241.130845,29.008075,100,41,5
7937.187092,38.427754,100,41,5
2251.364930,27.988699,100,41,5
2898.014453,36.171755,100,41,5
1720.420348,47.745527,100,41,5
5504.983555,23.565239,100,41,5
