Distance,Tx Power,Bandwidth,Subband BW,Subband Offset
3585.084551,25.765127,100,32,34
418.380633,53.335089,100,32,34
6403.252560,48.950349,100,32,34
1997.957113,48.277800,100,32,34
1648.134164,18.656381,100,32,34
297.864791,56.866612,100,32,34
5900.645798,44.374303,100,32,34
6939.166138,35.237847,100,32,34
526.103519,20.225004,100,32,34
