Distance,Tx Power,Bandwidth,Subband BW,Subband Offset
5269.569211,21.656802,25,10,5
989.357082,58.549406,25,10,5
8107.584035,48.683676,25,10,5
9023.015422,57.674544,25,10,5
6968.988951,30.029659,25,10,5
8821.000660,35.759786,25,10,5
6035.985740,33.840818,25,10,5
8325.293758,42.708609,25,10,5
3866.905790,25.474468,25,10,5
