Distance,Tx Power,Bandwidth,Subband BW,Subband Offset
8857.014074,47.630281,100,54,11
1225.754261,22.673920,100,54,11
5344.650084,59.662522,100,54,11
5102.842116,59.955347,100,54,11
5432.131653,30.195005,100,54,11
6715.296392,21.346375,100,54,11
6058.462680,33.563591,100,54,11
7252.302930,37.206390,100,54,11
3495.823037,27.345478,100,54,11
