Distance,Tx Power,Bandwidth,Subband BW,Subband Offset
1503.639174,42.110096,100,53,47
804.795012,36.302367,100,53,47
3483.408539,54.184957,100,53,47
3004.610711,26.849843,100,53,47
2834.953418,28.315266,100,53,47
8048.718320,28.690567,100,53,47
1016.546893,28.025751,100,53,47
9316.770999,20.023587,100,53,47
652.703799,52.767660,100,53,47
