Distance,Tx Power,Bandwidth,Subband BW,Subband Offset
8592.949686,27.274057,75,36,25
8977.160134,57.838222,75,36,25
5610.403743,15.429082,75,36,25
6854.683454,48.282861,75,36,25
5981.936508,16.342712,75,36,25
6187.496152,32.236744,75,36,25
351.798568,21.205711,75,36,25
5543.873262,42.059207,75,36,25
6397.876733,23.271459,75,36,25
