Distance,Tx Power,Bandwidth,Subband BW,Subband Offset
666.523685,56.781033,100,16,55
8212.151190,54.660601,100,16,55
2317.670389,33.244643,100,16,55
2069.468523,33.031525,100,16,55
289.989594,50.464608,100,16,55
8086.441009,15.975615,100,16,55
737.188846,37.436850,100,16,55
3255.755988,34.577136,100,16,55
3301.972599,35.297107,100,16,55
