Distance,Tx Power,Bandwidth,Subband BW,Subband Offset
8903.116389,51.642145,75,38,27
1905.125735,50.409481,75,38,27
8848.849323,44.194253,75,38,27
3456.558680,40.523983,75,38,27
8401.176729,32.384956,75,38,27
5945.574453,32.803352,75,38,27
2509.766930,22.434693,75,38,27
820.794345,58.242411,75,38,27
5051.947316,23.086683,75,38,27
