Distance,Tx Power,Bandwidth,Subband BW,Subband Offset
2067.331525,31.887161,75,28,17
5838.001060,18.693576,75,28,17
2591.938055,39.560978,75,28,17
7498.440556,47.075896,75,28,17
1537.248294,18.691500,75,28,17
8416.591203,38.516306,75,28,17
5099.635068,38.029288,75,28,17
7682.957445,51.175160,75,28,17
4345.408065,18.452042,75,28,17
