Distance,Tx Power,Bandwidth,Subband BW,Subband Offset
7998.047331,41.690309,25,25,0
3524.338987,34.578399,25,25,0
524.402622,19.950249,25,25,0
2410.267352,26.009095,25,25,0
3128.361970,33.645114,25,25,0
3063.979856,46.082941,25,25,0
9685.675320,50.188143,25,25,0
9848.050190,34.140652,25,25,0
8456.430443,58.965452,25,25,0
