Distance,Tx Power,Bandwidth,Subband BW,Subband Offset
1569.728095,41.481052,50,11,18
2736.504204,51.704346,50,11,18
6110.396868,37.031833,50,11,18
4099.537914,38.955510,50,11,18
1540.739223,39.368656,50,11,18
1652.552275,34.487186,50,11,18
5491.309838,30.394974,50,11,18
3682.065715,47.113462,50,11,18
558.757447,45.468021,50,11,18
