Distance,Tx Power,Bandwidth,Subband BW,Subband Offset
3055.582935,23.741562,100,70,6
625.030677,18.136662,100,70,6
1656.696937,17.368551,100,70,6
8040.355511,15.310273,100,70,6
1870.519423,58.984338,100,70,6
8891.232827,56.249194,100,70,6
7909.519820,21.255509,100,70,6
1462.019124,38.748550,100,70,6
7302.569325,30.540168,100,70,6
