Distance,Tx Power,Bandwidth,Subband BW,Subband Offset
1304.859706,22.852536,15,6,8
4375.990193,59.314706,15,6,8
6134.941870,38.094954,15,6,8
3731.739007,46.508185,15,6,8
7133.988121,26.815333,15,6,8
2069.461265,24.919748,15,6,8
2360.723159,40.044892,15,6,8
8995.612593,46.247810,15,6,8
689.858751,34.423069,15,6,8
