Distance,Tx Power,Bandwidth,Subband BW,Subband Offset
4743.713839,18.786074,50,26,23
9165.117873,27.945015,50,26,23
2694.503424,26.000203,50,26,23
2492.396266,46.174658,50,26,23
8887.814200,32.741358,50,26,23
1341.801921,56.498295,50,26,23
4688.460997,31.981408,50,26,23
246.424128,57.798580,50,26,23
283.582803,26.492267,50,26,23
