Distance,Tx Power,Bandwidth,Subband BW,Subband Offset
6191.141479,59.567616,15,6,4
414.319882,32.899710,15,6,4
4025.505225,50.139814,15,6,4
2052.159151,35.934050,15,6,4
3853.065320,50.116203,15,6,4
4825.352365,18.845832,15,6,4
2942.125089,47.064660,15,6,4
6745.574197,19.277631,15,6,4
9779.982717,30.275293,15,6,4
