Distance,Tx Power,Bandwidth,Subband BW,Subband Offset
1504.981578,39.283511,75,29,38
2107.803356,39.829397,75,29,38
8217.162804,40.565850,75,29,38
3813.633183,15.477700,75,29,38
9935.540821,36.709155,75,29,38
4332.591159,44.970255,75,29,38
9913.142873,45.011409,75,29,38
3120.268317,41.041963,75,29,38
3588.278736,49.369913,75,29,38
