Distance,Tx Power,Bandwidth,Subband BW,Subband Offset
3534.280010,45.826795,15,11,0
7098.389007,27.741163,15,11,0
1305.871269,48.803348,15,11,0
638.781261,17.387242,15,11,0
8414.789819,38.460928,15,11,0
8774.846870,47.673897,15,11,0
8674.913770,16.877656,15,11,0
9753.412047,44.130570,15,11,0
3923.538960,43.699979,15,11,0
