Distance,Tx Power,Bandwidth,Subband BW,Subband Offset
4792.976617,47.650454,50,32,1
3333.631298,51.899100,50,32,1
2273.460250,28.855486,50,32,1
3631.000775,24.778934,50,32,1
5027.675385,51.940456,50,32,1
4986.198711,53.747934,50,32,1
5227.373073,50.281378,50,32,1
2618.807676,51.807121,50,32,1
8741.180709,41.888997,50,32,1
