Distance,Tx Power,Bandwidth,Subband BW,Subband Offset
3578.985630,19.751614,50,25,1
2096.159164,24.421402,50,25,1
9579.868897,33.816124,50,25,1
2489.447068,19.751325,50,25,1
7854.800250,25.835871,50,25,1
6169.122953,59.296219,50,25,1
4084.453540,21.963824,50,25,1
6121.202892,22.409705,50,25,1
3194.150046,56.297560,50,25,1
