Distance,Tx Power,Bandwidth,Subband BW,Subband Offset
1845.779389,53.939552,75,46,4
7017.487639,45.459308,75,46,4
5657.414762,40.424045,75,46,4
3250.880740,43.907967,75,46,4
8258.395333,15.412139,75,46,4
134.341588,42.790126,75,46,4
7651.998211,37.493303,75,46,4
1120.730550,41.491583,75,46,4
4207.298846,24.741637,75,46,4
