Distance,Tx Power,Bandwidth,Subband BW,Subband Offset
1170.172842,48.924772,50,6,35
2978.136215,25.548512,50,6,35
2710.018275,17.417412,50,6,35
9198.703601,38.305009,50,6,35
3830.299658,15.353338,50,6,35
8408.550149,27.699296,50,6,35
9505.871485,59.054936,50,6,35
8691.050619,45.127000,50,6,35
6573.731168,51.310979,50,6,35
