Distance,Tx Power,Bandwidth,Subband BW,Subband Offset
9202.899336,24.881355,25,11,5
8566.848135,42.129453,25,11,5
7611.608233,35.219165,25,11,5
9995.054321,26.537342,25,11,5
8779.033323,30.701282,25,11,5
3516.844377,35.912578,25,11,5
1372.967646,41.579111,25,11,5
6127.427456,37.518034,25,11,5
367.248936,32.472966,25,11,5
