Distance,Tx Power,Bandwidth,Subband BW,Subband Offset
7502.975947,42.263289,25,14,6
5156.166988,58.987761,25,14,6
8856.971202,42.537348,25,14,6
5112.405072,19.517978,25,14,6
5675.169051,21.558094,25,14,6
5060.623589,50.892207,25,14,6
6532.160598,37.505216,25,14,6
802.322599,26.092299,25,14,6
2624.833459,56.834099,25,14,6
