Distance,Tx Power,Bandwidth,Subband BW,Subband Offset
8251.634473,28.502469,25,7,10
4358.568819,23.004620,25,7,10
624.475518,20.969882,25,7,10
2278.388462,45.952338,25,7,10
3069.211976,47.356431,25,7,10
2985.192260,38.533050,25,7,10
1863.617036,59.151535,25,7,10
438.709107,41.235054,25,7,10
3895.647581,24.684886,25,7,10
