Distance,Tx Power,Bandwidth,Subband BW,Subband Offset
7765.431496,19.064013,100,57,26
7464.503526,51.628328,100,57,26
2702.229734,40.383046,100,57,26
7846.320534,22.061381,100,57,26
8017.927241,16.266291,100,57,26
2250.975889,29.463550,100,57,26
4174.404642,43.385499,100,57,26
4685.168319,34.872477,100,57,26
775.023619,21.484042,100,57,26
