Distance,Tx Power,Bandwidth,Subband BW,Subband Offset
2721.589746,21.121906,15,7,5
1975.393289,49.121098,15,7,5
6208.417452,31.017271,15,7,5
9414.368213,59.912217,15,7,5
4958.262585,45.445047,15,7,5
6067.718535,32.616564,15,7,5
2359.472144,35.098108,15,7,5
8822.523886,55.656907,15,7,5
9866.595195,26.865878,15,7,5
