Distance,Tx Power,Bandwidth,Subband BW,Subband Offset
4494.232041,20.751308,50,8,39
9024.746977,41.019039,50,8,39
4112.003189,43.733626,50,8,39
1940.568937,21.413396,50,8,39
4465.791346,57.029015,50,8,39
8959.635660,35.120719,50,8,39
2578.868452,57.660503,50,8,39
7822.914548,34.280023,50,8,39
5420.781838,26.471451,50,8,39
