Distance,Tx Power,Bandwidth,Subband BW,Subband Offset
8779.421001,50.514342,25,15,9
9768.349623,43.883918,25,15,9
2252.406356,15.726791,25,15,9
6596.196265,50.653129,25,15,9
7252.818821,44.473746,25,15,9
9108.117448,51.716630,25,15,9
6821.362283,35.715892,25,15,9
8347.436513,29.454975,25,15,9
6725.787057,33.333041,25,15,9
