Distance,Tx Power,Bandwidth,Subband BW,Subband Offset
2677.479545,53.890527,75,66,5
8015.773681,29.949734,75,66,5
8141.858812,59.023276,75,66,5
4103.613221,25.680757,75,66,5
4007.758665,58.014399,75,66,5
3594.126439,37.580504,75,66,5
1769.544217,40.594002,75,66,5
8865.860584,52.273354,75,66,5
7369.008882,15.249038,75,66,5
