Distance,Tx Power,Bandwidth,Subband BW,Subband Offset
3679.977854,30.527279,75,8,35
6341.360186,20.248213,75,8,35
3046.229750,35.506993,75,8,35
6975.902240,22.109909,75,8,35
2505.334125,51.809085,75,8,35
7199.500590,48.455659,75,8,35
6892.214209,23.189273,75,8,35
7923.352436,28.704007,75,8,35
1254.012560,23.416137,75,8,35
