Distance,Tx Power,Bandwidth,Subband BW,Subband Offset
3706.595788,18.152440,50,21,10
8343.527728,43.894324,50,21,10
594.273946,22.536274,50,21,10
5851.530951,46.777750,50,21,10
7095.095194,31.519146,50,21,10
3421.487365,51.400142,50,21,10
7263.547703,33.733998,50,21,10
4831.310246,39.820723,50,21,10
1137.232065,33.701110,50,21,10
