Distance,Tx Power,Bandwidth,Subband BW,Subband Offset
2319.712391,30.122596,50,15,9
177.622819,29.648052,50,15,9
3789.638964,56.309596,50,15,9
458.942416,49.490633,50,15,9
6660.307889,41.935498,50,15,9
892.156674,53.282774,50,15,9
3253.855535,47.992673,50,15,9
7301.256458,55.003841,50,15,9
9126.088025,49.418080,50,15,9
