Distance,Tx Power,Bandwidth,Subband BW,Subband Offset
2572.195318,55.762821,75,30,23
7015.460577,42.299471,75,30,23
8513.448771,54.855326,75,30,23
2916.413743,32.069403,75,30,23
2716.204002,43.152588,75,30,23
6382.182654,47.006748,75,30,23
3895.757541,45.578229,75,30,23
3195.913046,38.443766,75,30,23
5202.538094,19.759899,75,30,23
