Distance,Tx Power,Bandwidth,Subband BW,Subband Offset
3487.098305,35.472480,25,22,1
3096.729307,41.771220,25,22,1
7971.846582,29.507290,25,22,1
7198.078439,17.319138,25,22,1
3986.256642,48.774119,25,22,1
7170.773661,34.139878,25,22,1
3245.286640,36.905154,25,22,1
4493.516136,37.621406,25,22,1
9227.112597,19.835356,25,22,1
