Distance,Tx Power,Bandwidth,Subband BW,Subband Offset
7285.550905,56.106226,75,20,26
9401.038030,46.577165,75,20,26
9148.163748,33.505831,75,20,26
1466.371137,53.252306,75,20,26
2629.672759,55.619642,75,20,26
4045.603878,41.403656,75,20,26
890.077790,24.366759,75,20,26
6998.512940,58.836154,75,20,26
3231.596127,34.054691,75,20,26
