Distance,Tx Power,Bandwidth,Subband BW,Subband Offset
8644.950339,51.971848,75,30,12
3975.785372,54.933466,75,30,12
8209.019618,35.776934,75,30,12
6082.501594,39.377888,75,30,12
5006.715818,17.323179,75,30,12
2734.518715,33.551538,75,30,12
1949.015758,54.761984,75,30,12
5284.080013,25.826119,75,30,12
3504.416715,49.853354,75,30,12
