Distance,Tx Power,Bandwidth,Subband BW,Subband Offset
2972.356743,59.092444,50,20,3
4899.867978,53.396417,50,20,3
4553.384027,34.139969,50,20,3
6491.944124,28.523916,50,20,3
8689.206019,34.509685,50,20,3
9494.450126,45.639697,50,20,3
3181.820032,54.431715,50,20,3
4015.532157,15.006776,50,20,3
5197.080394,50.873731,50,20,3
