Distance,Tx Power,Bandwidth,Subband BW,Subband Offset
2943.971972,56.257747,50,18,20
2759.794730,32.927466,50,18,20
9351.239880,55.557201,50,18,20
7046.899423,52.659468,50,18,20
3651.906305,54.078983,50,18,20
180.750425,35.402447,50,18,20
4101.579793,41.440151,50,18,20
2576.413278,22.115933,50,18,20
5981.620438,41.422117,50,18,20
