Distance,Tx Power,Bandwidth,Subband BW,Subband Offset
6848.056702,27.289622,25,16,8
7808.636612,19.853779,25,16,8
6454.306730,37.199918,25,16,8
4652.745226,15.383064,25,16,8
2332.975583,17.508639,25,16,8
4289.606180,45.994510,25,16,8
5950.100081,40.771412,25,16,8
9586.973828,53.574187,25,16,8
9051.027198,53.042078,25,16,8
