Distance,Tx Power,Bandwidth,Subband BW,Subband Offset
8067.743066,27.549406,100,38,55
6175.477240,58.664232,100,38,55
5783.728799,23.036649,100,38,55
3672.506026,15.869282,100,38,55
9395.744008,30.281176,100,38,55
2525.512166,38.950527,100,38,55
9866.520093,22.321173,100,38,55
8635.806978,53.890645,100,38,55
6448.791330,30.663835,100,38,55
