Distance,Tx Power,Bandwidth,Subband BW,Subband Offset
7321.526355,22.916570,100,22,43
4384.089087,22.237369,100,22,43
8438.659775,41.948321,100,22,43
6527.881777,53.587621,100,22,43
9388.334584,37.245190,100,22,43
609.290263,19.823199,100,22,43
147.508700,47.444020,100,22,43
2419.137455,49.422628,100,22,43
5833.052683,38.374700,100,22,43
