Distance,Tx Power,Bandwidth,Subband BW,Subband Offset
507.593181,55.273192,50,13,10
2056.996341,23.510587,50,13,10
3907.884055,28.366237,50,13,10
3232.790679,32.896107,50,13,10
9368.947827,58.229510,50,13,10
1980.260148,22.191727,50,13,10
2356.891127,38.293751,50,13,10
653.717302,52.998898,50,13,10
3729.034071,18.386211,50,13,10
