Distance,Tx Power,Bandwidth,Subband BW,Subband Offset
7417.093076,59.527209,15,6,6
9282.759863,59.316828,15,6,6
3769.943021,59.192740,15,6,6
9552.248981,22.036571,15,6,6
3317.420113,51.683847,15,6,6
3485.928101,21.817146,15,6,6
7906.699815,25.642023,15,6,6
840.121966,17.862676,15,6,6
6355.778531,50.984009,15,6,6
