Distance,Tx Power,Bandwidth,Subband BW,Subband Offset
9837.849093,50.273196,50,24,3
6214.692520,48.306493,50,24,3
8955.005943,28.606877,50,24,3
2836.389118,19.677650,50,24,3
5773.656083,52.286612,50,24,3
5526.420514,57.862904,50,24,3
4184.212833,21.642040,50,24,3
8696.291754,20.863341,50,24,3
2712.703514,50.223081,50,24,3
