Distance,Tx Power,Bandwidth,Subband BW,Subband Offset
1435.305441,45.751154,100,29,15
4993.803265,38.326921,100,29,15
7000.101375,36.233541,100,29,15
7645.047212,24.592437,100,29,15
8218.030059,21.184530,100,29,15
3630.843582,46.340529,100,29,15
6803.798529,48.062693,100,29,15
2976.739559,48.576836,100,29,15
3593.432828,31.821795,100,29,15
