Distance,Tx Power,Bandwidth,Subband BW,Subband Offset
988.828702,43.500118,25,8,12
5757.986970,35.607145,25,8,12
5716.388233,27.306020,25,8,12
5071.500174,57.317130,25,8,12
680.145978,38.794785,25,8,12
2107.104266,19.990636,25,8,12
4549.797616,28.755604,25,8,12
8627.894088,45.904273,25,8,12
2673.736216,42.812933,25,8,12
