Distance,Tx Power,Bandwidth,Subband BW,Subband Offset
2312.085115,32.337516,100,47,43
8354.129247,43.516055,100,47,43
2689.026383,29.302765,100,47,43
7534.635189,35.437665,100,47,43
9399.721535,55.924601,100,47,43
2591.468510,41.771369,100,47,43
9857.493646,31.536210,100,47,43
7275.394380,47.093624,100,47,43
7416.364173,41.033000,100,47,43
