Distance,Tx Power,Bandwidth,Subband BW,Subband Offset
8210.156260,23.176158,100,80,19
7693.372661,34.020830,100,80,19
2833.397747,25.906238,100,80,19
6754.956791,32.382226,100,80,19
8866.332976,42.010577,100,80,19
5584.152340,59.345508,100,80,19
5550.609727,58.581323,100,80,19
6356.138349,50.515298,100,80,19
4511.807322,56.488305,100,80,19
