Distance,Tx Power,Bandwidth,Subband BW,Subband Offset
100.052855,35.261274,50,15,22
4559.229090,19.753815,50,15,22
8376.032908,58.423627,50,15,22
2334.568480,17.182277,50,15,22
4698.047300,31.904218,50,15,22
1604.466981,57.229723,50,15,22
3775.078043,37.785610,50,15,22
4876.435783,57.359238,50,15,22
4613.184863,21.551095,50,15,22
