Distance,Tx Power,Bandwidth,Subband BW,Subband Offset
929.861211,53.391856,15,10,0
8970.603944,22.420094,15,10,0
3377.534389,51.618643,15,10,0
1172.314014,47.610621,15,10,0
8323.019100,25.614306,15,10,0
2114.061066,30.219265,15,10,0
7993.697545,20.888615,15,10,0
2601.364313,26.524802,15,10,0
7062.370541,21.833187,15,10,0
