Distance,Tx Power,Bandwidth,Subband BW,Subband Offset
7176.175096,59.361447,100,35,46
3457.346202,41.318716,100,35,46
591.211634,46.001212,100,35,46
2264.743098,57.656999,100,35,46
2114.426689,55.402810,100,35,46
9543.744357,38.769324,100,35,46
874.232258,46.261632,100,35,46
4963.259166,54.940466,100,35,46
9078.955447,42.930899,100,35,46
