Distance,Tx Power,Bandwidth,Subband BW,Subband Offset
8545.133974,21.768707,50,20,4
5734.897513,43.300579,50,20,4
4655.939344,22.886380,50,20,4
1030.950770,55.819531,50,20,4
7136.651513,47.639443,50,20,4
795.349106,15.765294,50,20,4
8312.327868,16.128842,50,20,4
6347.451007,53.636316,50,20,4
373.257296,21.181722,50,20,4
