Distance,Tx Power,Bandwidth,Subband BW,Subband Offset
5756.311289,59.627094,50,18,23
4331.841395,53.451884,50,18,23
302.075902,27.368063,50,18,23
4150.956350,24.019905,50,18,23
8172.285095,38.622047,50,18,23
9999.593706,49.441440,50,18,23
4100.537173,29.909429,50,18,23
6477.520878,35.907456,50,18,23
6028.365400,39.741835,50,18,23
