Distance,Tx Power,Bandwidth,Subband BW,Subband Offset
3509.562170,28.647389,100,79,10
5075.484903,18.598360,100,79,10
2368.689285,30.770955,100,79,10
4534.547981,49.621564,100,79,10
5109.017332,32.149192,100,79,10
7038.664538,32.754171,100,79,10
5886.500189,17.230985,100,79,10
708.816590,51.084915,100,79,10
3309.234498,20.516967,100,79,10
