Distance,Tx Power,Bandwidth,Subband BW,Subband Offset
6906.001299,56.333927,75,18,41
1368.693674,40.034635,75,18,41
4351.996767,49.744834,75,18,41
7115.361839,32.640229,75,18,41
1306.303231,22.953158,75,18,41
1244.616199,38.477792,75,18,41
5131.720852,54.488337,75,18,41
6508.293307,23.332193,75,18,41
461.194292,36.704473,75,18,41
