Distance,Tx Power,Bandwidth,Subband BW,Subband Offset
6648.867667,27.784678,50,31,10
2800.669342,57.000925,50,31,10
8448.483659,54.397237,50,31,10
8750.019790,21.872738,50,31,10
4815.326156,41.005553,50,31,10
1821.730108,22.809991,50,31,10
408.606934,25.599406,50,31,10
6348.110985,41.521772,50,31,10
2798.787465,46.585520,50,31,10
