Distance,Tx Power,Bandwidth,Subband BW,Subband Offset
3356.885280,24.729576,25,10,7
1944.945345,57.565569,25,10,7
384.763554,37.274375,25,10,7
6480.058513,50.545948,25,10,7
4590.734860,24.339432,25,10,7
794.375050,38.206785,25,10,7
3259.595653,40.579447,25,10,7
124.098068,42.570573,25,10,7
2012.071452,51.576041,25,10,7
