Distance,Tx Power,Bandwidth,Subband BW,Subband Offset
9744.938727,32.319665,100,14,20
9986.260044,25.196360,100,14,20
2030.733214,29.285082,100,14,20
5316.239234,56.393438,100,14,20
9191.119349,17.514947,100,14,20
2971.900382,43.101935,100,14,20
6800.736950,43.975686,100,14,20
8690.452315,43.790223,100,14,20
1123.750464,24.512580,100,14,20
