Distance,Tx Power,Bandwidth,Subband BW,Subband Offset
5301.755883,23.966777,75,6,48
7164.936797,49.261559,75,6,48
6642.477000,59.089208,75,6,48
1775.233184,42.154254,75,6,48
6490.690219,18.397824,75,6,48
5054.378127,31.632076,75,6,48
7896.074498,50.669811,75,6,48
3916.505673,40.710164,75,6,48
6830.720297,58.970962,75,6,48
