Distance,Tx Power,Bandwidth,Subband BW,Subband Offset
451.580700,48.606899,100,80,20
256.575768,49.796812,100,80,20
2546.485502,41.562382,100,80,20
2368.828262,52.254343,100,80,20
1329.511715,48.966433,100,80,20
4525.046220,58.837645,100,80,20
2915.992204,55.293770,100,80,20
8797.400191,44.738453,100,80,20
1287.699091,45.358053,100,80,20
