Distance,Tx Power,Bandwidth,Subband BW,Subband Offset
3155.161347,23.948454,50,16,32
8276.395503,30.933531,50,16,32
3561.040870,40.412334,50,16,32
8044.633408,19.121642,50,16,32
3108.274660,48.295978,50,16,32
3488.211667,30.238736,50,16,32
5042.449288,53.409928,50,16,32
7759.234652,52.603894,50,16,32
313.230190,53.632397,50,16,32
