Distance,Tx Power,Bandwidth,Subband BW,Subband Offset
8222.850705,20.032338,75,9,41
310.839812,20.096293,75,9,41
361.535167,50.332448,75,9,41
8579.863162,56.061012,75,9,41
7472.318644,29.757320,75,9,41
6743.750719,29.248014,75,9,41
5589.451474,48.230450,75,9,41
7540.029999,38.432799,75,9,41
4029.079644,41.425584,75,9,41
