Distance,Tx Power,Bandwidth,Subband BW,Subband Offset
4300.697598,31.876467,100,28,68
4254.660720,49.410539,100,28,68
3421.426324,46.505013,100,28,68
3281.498281,55.956897,100,28,68
7911.754529,32.133624,100,28,68
9609.864542,23.722570,100,28,68
903.689524,46.412594,100,28,68
1668.471074,23.032789,100,28,68
1954.940281,40.014645,100,28,68
