Distance,Tx Power,Bandwidth,Subband BW,Subband Offset
8085.568915,54.898438,100,53,42
3346.478452,26.537204,100,53,42
1738.234567,18.268341,100,53,42
2858.949958,44.853219,100,53,42
2764.762884,34.521971,100,53,42
6321.111472,23.206747,100,53,42
2350.149947,43.882695,100,53,42
8937.641256,29.074520,100,53,42
2378.652592,16.881462,100,53,42
