Distance,Tx Power,Bandwidth,Subband BW,Subband Offset
3144.116593,40.860361,75,19,39
1340.882456,45.785361,75,19,39
1251.841634,51.472646,75,19,39
9575.219220,52.675659,75,19,39
8608.278092,21.995323,75,19,39
5299.587545,58.959886,75,19,39
3666.284025,34.598857,75,19,39
3783.730033,19.544191,75,19,39
9193.406361,21.252577,75,19,39
