Distance,Tx Power,Bandwidth,Subband BW,Subband Offset
8823.040146,16.857879,15,7,6
4327.820460,39.387877,15,7,6
1793.467760,25.007815,15,7,6
6228.261590,33.312613,15,7,6
873.417298,16.443372,15,7,6
8335.655539,38.543395,15,7,6
3113.972299,18.511161,15,7,6
5736.642726,32.853951,15,7,6
8099.378099,37.771561,15,7,6
