Distance,Tx Power,Bandwidth,Subband BW,Subband Offset
665.716579,33.058661,100,93,5
3281.401763,54.800311,100,93,5
4361.785069,49.330802,100,93,5
5741.368430,54.280969,100,93,5
7665.008438,37.437293,100,93,5
7779.233286,47.909702,100,93,5
4941.404816,55.654630,100,93,5
6713.207689,55.917697,100,93,5
4520.445768,57.152252,100,93,5
