Distance,Tx Power,Bandwidth,Subband BW,Subband Offset
4066.200141,24.943374,15,13,2
4122.509253,18.954788,15,13,2
8024.819467,31.602179,15,13,2
5999.307589,20.887719,15,13,2
9367.775708,44.536156,15,13,2
3897.411138,38.723095,15,13,2
9775.130881,53.369924,15,13,2
7863.218188,59.173885,15,13,2
9022.253300,22.625944,15,13,2
