Distance,Tx Power,Bandwidth,Subband BW,Subband Offset
5029.590876,27.650106,50,31,4
190.546852,32.198355,50,31,4
2161.445103,45.702108,50,31,4
8724.770892,35.252931,50,31,4
218.710254,33.815558,50,31,4
9618.001971,44.456843,50,31,4
9099.110670,26.254926,50,31,4
4687.053866,16.971489,50,31,4
3527.210976,38.618627,50,31,4
