Distance,Tx Power,Bandwidth,Subband BW,Subband Offset
1903.366640,59.663471,75,16,38
1801.971992,42.138307,75,16,38
5368.873763,35.745166,75,16,38
3835.163791,20.643792,75,16,38
9830.062310,31.292100,75,16,38
1642.104179,49.834490,75,16,38
7523.482041,26.094744,75,16,38
7950.240842,19.249143,75,16,38
5420.389546,17.819604,75,16,38
