Distance,Tx Power,Bandwidth,Subband BW,Subband Offset
1046.644659,50.787325,15,9,5
3296.443883,31.051252,15,9,5
9198.100712,51.433326,15,9,5
2717.282565,28.955296,15,9,5
932.778062,28.474136,15,9,5
9657.654257,56.478441,15,9,5
7988.578121,48.710673,15,9,5
3248.746910,27.267952,15,9,5
379.857025,48.280832,15,9,5
