Distance,Tx Power,Bandwidth,Subband BW,Subband Offset
4090.255900,53.017373,50,15,31
4679.685630,56.232298,50,15,31
4060.900180,32.251795,50,15,31
1554.593818,58.505139,50,15,31
9039.997203,34.981106,50,15,31
490.868047,32.598667,50,15,31
5817.344614,35.888536,50,15,31
5096.767108,57.047325,50,15,31
1141.304775,33.776649,50,15,31
