Distance,Tx Power,Bandwidth,Subband BW,Subband Offset
2088.029274,46.172827,100,23,30
376.948368,54.406825,100,23,30
6781.373239,56.973763,100,23,30
3661.997646,41.416875,100,23,30
8223.785512,46.455809,100,23,30
1830.269617,35.875432,100,23,30
9312.620473,59.093392,100,23,30
6451.608560,37.063307,100,23,30
7736.833082,38.926580,100,23,30
