Distance,Tx Power,Bandwidth,Subband BW,Subband Offset
7729.538865,25.353900,50,21,19
3598.743181,42.734844,50,21,19
8697.064445,29.400503,50,21,19
2876.688348,56.642241,50,21,19
939.634490,19.280235,50,21,19
5477.434042,39.580311,50,21,19
7366.975317,15.425757,50,21,19
5125.037509,21.618814,50,21,19
1903.222997,20.327883,50,21,19
