Distance,Tx Power,Bandwidth,Subband BW,Subband Offset
4056.843249,50.319842,50,11,25
7485.209570,35.667806,50,11,25
695.622078,48.056120,50,11,25
546.297442,51.362388,50,11,25
2616.201112,22.086679,50,11,25
9218.961818,21.227599,50,11,25
8511.683079,28.646365,50,11,25
4053.570438,15.515780,50,11,25
8527.946654,31.397069,50,11,25
