Distance,Tx Power,Bandwidth,Subband BW,Subband Offset
3374.380564,57.262208,25,15,0
1459.452483,17.262374,25,15,0
1027.655413,34.080329,25,15,0
314.129270,19.417293,25,15,0
2400.633186,52.753985,25,15,0
1194.397993,23.217955,25,15,0
4540.573601,50.455085,25,15,0
4930.626504,42.616671,25,15,0
2738.239126,49.900910,25,15,0
