Distance,Tx Power,Bandwidth,Subband BW,Subband Offset
3154.062737,47.303321,15,6,6
5277.413691,37.601024,15,6,6
6275.051965,19.883922,15,6,6
2439.287427,35.907348,15,6,6
7455.217870,49.824950,15,6,6
206.855585,34.864156,15,6,6
9844.532477,18.842915,15,6,6
1089.429491,31.150455,15,6,6
6678.557665,22.938475,15,6,6
