Distance,Tx Power,Bandwidth,Subband BW,Subband Offset
1387.855355,50.743832,100,39,38
2735.990036,24.069914,100,39,38
6354.194439,20.269321,100,39,38
6409.436507,44.226731,100,39,38
3087.415348,51.517219,100,39,38
2818.199836,26.936345,100,39,38
8041.324351,41.780599,100,39,38
299.937688,45.856602,100,39,38
6532.769925,55.813938,100,39,38
