Distance,Tx Power,Bandwidth,Subband BW,Subband Offset
7067.986741,15.140926,100,19,52
6747.958538,44.133381,100,19,52
820.626543,23.479809,100,19,52
2719.486438,16.466951,100,19,52
6483.670589,20.139449,100,19,52
3577.082522,45.896890,100,19,52
442.136817,58.536214,100,19,52
8329.955767,40.423969,100,19,52
2772.970887,36.830176,100,19,52
