Distance,Tx Power,Bandwidth,Subband BW,Subband Offset
2700.853095,41.040464,15,6,5
7247.741571,25.431597,15,6,5
9740.172738,39.552508,15,6,5
8100.001347,57.119463,15,6,5
9602.652697,19.493461,15,6,5
2058.212620,34.172516,15,6,5
2904.765241,54.705204,15,6,5
9808.886661,17.148017,15,6,5
9212.141584,45.130796,15,6,5
