Distance,Tx Power,Bandwidth,Subband BW,Subband Offset
665.519358,19.492403,25,12,2
3527.856442,53.630493,25,12,2
497.864567,21.408981,25,12,2
2149.082009,33.301457,25,12,2
5236.147610,22.560460,25,12,2
9755.885049,48.654563,25,12,2
5390.822234,44.133717,25,12,2
1525.255062,42.457886,25,12,2
2324.760139,40.838871,25,12,2
