Distance,Tx Power,Bandwidth,Subband BW,Subband Offset
6245.298221,42.073659,50,38,6
6295.764996,43.125898,50,38,6
9043.773751,51.671855,50,38,6
8112.022405,20.462529,50,38,6
1939.715774,45.703348,50,38,6
6675.882484,28.316646,50,38,6
1134.731243,26.627210,50,38,6
1574.695183,37.239519,50,38,6
8120.882636,39.880163,50,38,6
