Distance,Tx Power,Bandwidth,Subband BW,Subband Offset
9054.199747,15.882274,75,22,31
7428.705656,36.603023,75,22,31
4625.114300,48.738300,75,22,31
1805.904144,38.871144,75,22,31
8169.464141,42.071702,75,22,31
1843.995015,17.648555,75,22,31
7148.841561,22.552625,75,22,31
2331.353091,16.526775,75,22,31
3818.364826,49.710296,75,22,31
