Distance,Tx Power,Bandwidth,Subband BW,Subband Offset
8786.708436,59.197915,75,14,8
2205.060335,18.785768,75,14,8
3555.898133,54.360668,75,14,8
6731.459341,49.476243,75,14,8
5659.061888,22.648605,75,14,8
9303.959461,59.325305,75,14,8
6091.354410,28.277877,75,14,8
2135.827229,45.386664,75,14,8
4798.899395,40.896912,75,14,8
