Distance,Tx Power,Bandwidth,Subband BW,Subband Offset
9210.875111,37.047742,25,6,19
7249.625440,44.695959,25,6,19
5515.391828,41.544802,25,6,19
9280.914027,59.870971,25,6,19
359.317031,18.497813,25,6,19
5363.598950,22.423217,25,6,19
3165.295105,44.019946,25,6,19
6010.248246,19.149835,25,6,19
324.156923,58.697881,25,6,19
