Distance,Tx Power,Bandwidth,Subband BW,Subband Offset
6173.680368,56.003073,50,8,30
4838.432256,51.126290,50,8,30
495.175959,27.987019,50,8,30
747.964764,16.516213,50,8,30
4363.889193,37.857210,50,8,30
4637.239757,37.423612,50,8,30
5976.358355,50.530161,50,8,30
4506.876555,34.289474,50,8,30
5238.097687,28.258283,50,8,30
