Distance,Tx Power,Bandwidth,Subband BW,Subband Offset
6323.974564,39.545873,100,41,12
1172.515083,47.143521,100,41,12
5653.712786,19.109684,100,41,12
8583.770389,54.201898,100,41,12
3130.205694,20.098638,100,41,12
1361.844527,58.467543,100,41,12
4550.916561,24.098546,100,41,12
3226.635102,47.254225,100,41,12
4721.316100,36.085752,100,41,12
