Distance,Tx Power,Bandwidth,Subband BW,Subband Offset
739.112230,24.251141,100,21,65
5751.640972,49.249760,100,21,65
7662.138217,36.849999,100,21,65
5744.024115,54.698378,100,21,65
8276.972516,20.667572,100,21,65
1978.625031,57.635701,100,21,65
1262.325796,40.926383,100,21,65
4570.545311,59.735737,100,21,65
9629.114074,47.833184,100,21,65
