Distance,Tx Power,Bandwidth,Subband BW,Subband Offset
5057.814166,25.629290,75,23,48
8967.100025,54.942438,75,23,48
655.914671,28.185153,75,23,48
9158.423303,46.276589,75,23,48
4628.833106,43.853302,75,23,48
9141.458724,27.641552,75,23,48
6748.543657,37.542744,75,23,48
2325.005527,26.944432,75,23,48
8989.461443,35.956300,75,23,48
