Distance,Tx Power,Bandwidth,Subband BW,Subband Offset
4781.398137,28.715803,75,15,43
6838.496987,36.254634,75,15,43
5914.193318,31.019838,75,15,43
2502.051731,23.033547,75,15,43
1501.512073,52.962690,75,15,43
841.738888,45.608876,75,15,43
7798.184341,56.975403,75,15,43
7236.246893,21.271197,75,15,43
2147.694663,40.135478,75,15,43
