Distance,Tx Power,Bandwidth,Subband BW,Subband Offset
9743.923311,31.850961,50,26,5
5485.960411,40.220669,50,26,5
2564.756665,59.567205,50,26,5
6291.596469,57.430943,50,26,5
6224.396516,25.161890,50,26,5
3155.584453,16.285198,50,26,5
3919.186754,38.697035,50,26,5
6562.457360,34.152658,50,26,5
4560.263229,25.038034,50,26,5
