Distance,Tx Power,Bandwidth,Subband BW,Subband Offset
4439.519511,26.197483,25,12,0
4140.316975,39.984829,25,12,0
7044.925425,35.787106,25,12,0
8511.104722,45.664810,25,12,0
5621.236901,21.707665,25,12,0
6996.722087,36.300529,25,12,0
242.161175,30.485197,25,12,0
3110.667437,38.829245,25,12,0
813.643825,20.791526,25,12,0
