Distance,Tx Power,Bandwidth,Subband BW,Subband Offset
7505.122591,44.395337,25,9,10
7646.906469,27.473223,25,9,10
2298.520944,53.756786,25,9,10
1818.384816,26.953929,25,9,10
2709.210957,46.076122,25,9,10
4181.465107,18.536834,25,9,10
4431.169283,57.620961,25,9,10
5107.357642,35.748244,25,9,10
9011.456452,32.008342,25,9,10
