Distance,Tx Power,Bandwidth,Subband BW,Subband Offset
5263.770044,55.132272,75,38,8
6924.568205,34.520599,75,38,8
1304.385628,54.605272,75,38,8
4553.616790,30.240835,75,38,8
8582.003535,22.007151,75,38,8
6638.082204,39.486835,75,38,8
965.358969,27.918345,75,38,8
2871.952002,38.429971,75,38,8
894.389845,28.264095,75,38,8
