Distance,Tx Power,Bandwidth,Subband BW,Subband Offset
2495.540078,37.061694,15,9,4
7527.870681,50.089615,15,9,4
6144.973574,45.574592,15,9,4
7405.779395,47.488137,15,9,4
7050.801511,39.391573,15,9,4
6436.661760,36.009832,15,9,4
5424.229450,22.909226,15,9,4
4360.687183,23.914051,15,9,4
6317.512139,17.080183,15,9,4
