Distance,Tx Power,Bandwidth,Subband BW,Subband Offset
1368.296378,15.298763,50,43,1
6489.116282,35.485505,50,43,1
6078.579568,21.170809,50,43,1
7989.013160,29.074812,50,43,1
1133.981456,33.064715,50,43,1
2013.045261,21.342380,50,43,1
2002.531387,40.320245,50,43,1
5264.978090,38.091025,50,43,1
5140.605854,50.131199,50,43,1
