Distance,Tx Power,Bandwidth,Subband BW,Subband Offset
5567.531968,15.299163,15,10,1
1779.305650,47.307027,15,10,1
5647.901593,28.305828,15,10,1
5817.232742,46.820297,15,10,1
3948.399175,32.300528,15,10,1
5359.037309,45.615514,15,10,1
8391.726514,55.594359,15,10,1
5558.410393,18.193188,15,10,1
8292.947838,31.901544,15,10,1
