Distance,Tx Power,Bandwidth,Subband BW,Subband Offset
933.923089,52.346508,15,7,0
704.293373,49.908503,15,7,0
588.357053,46.425682,15,7,0
3951.107860,51.890033,15,7,0
1347.655124,32.158488,15,7,0
4286.158307,34.408684,15,7,0
7456.367170,25.140904,15,7,0
7206.790841,38.329066,15,7,0
8217.029506,15.803915,15,7,0
