Distance,Tx Power,Bandwidth,Subband BW,Subband Offset
6263.094651,25.746814,15,7,5
6752.719585,39.274618,15,7,5
7917.797750,26.041906,15,7,5
8632.639338,51.066865,15,7,5
5109.441119,38.073997,15,7,5
7584.747540,56.839591,15,7,5
4242.979167,32.104492,15,7,5
1300.719086,48.076984,15,7,5
911.107820,38.642639,15,7,5
