Distance,Tx Power,Bandwidth,Subband BW,Subband Offset
5443.822212,16.381549,75,69,2
9269.548241,37.567484,75,69,2
9907.769850,46.754730,75,69,2
1088.605432,53.664399,75,69,2
7886.019333,39.186028,75,69,2
1131.208870,29.771705,75,69,2
588.142836,55.636456,75,69,2
8461.232965,22.773645,75,69,2
2314.904528,16.387731,75,69,2
