Distance,Tx Power,Bandwidth,Subband BW,Subband Offset
1512.293140,48.833378,50,12,23
539.909371,26.601139,50,12,23
3437.370247,35.899312,50,12,23
4486.687486,39.408391,50,12,23
1315.474417,35.262688,50,12,23
9203.340760,50.459364,50,12,23
2446.101359,23.831686,50,12,23
312.485598,15.092783,50,12,23
6465.355483,49.189398,50,12,23
