Distance,Tx Power,Bandwidth,Subband BW,Subband Offset
5641.464203,45.614696,15,9,3
2663.436406,35.932109,15,9,3
4748.715647,21.478568,15,9,3
7263.932347,17.288163,15,9,3
2462.478931,43.532281,15,9,3
750.832465,52.290592,15,9,3
8085.052778,53.806854,15,9,3
1142.046954,20.095308,15,9,3
1126.557510,26.676529,15,9,3
