Distance,Tx Power,Bandwidth,Subband BW,Subband Offset
4909.786481,44.555833,50,11,1
122.410950,21.462555,50,11,1
4784.334233,50.081565,50,11,1
7740.440387,50.451989,50,11,1
3711.061995,50.897641,50,11,1
9083.877849,40.264993,50,11,1
1380.715462,44.149335,50,11,1
8653.034123,56.843511,50,11,1
5601.068181,36.823297,50,11,1
