Distance,Tx Power,Bandwidth,Subband BW,Subband Offset
3083.558105,33.049419,50,16,20
173.306951,30.813201,50,16,20
6273.045586,57.118517,50,16,20
3737.207912,47.094692,50,16,20
3392.337091,47.497322,50,16,20
8999.300219,29.862698,50,16,20
9872.931478,39.644921,50,16,20
4535.068858,15.583114,50,16,20
3542.973687,55.038360,50,16,20
