Distance,Tx Power,Bandwidth,Subband BW,Subband Offset
7221.817093,46.064870,75,14,28
691.928038,54.163021,75,14,28
4923.928805,29.911458,75,14,28
486.334760,35.896955,75,14,28
5318.102878,56.971025,75,14,28
5336.665981,22.135747,75,14,28
9353.096775,23.447103,75,14,28
979.585982,27.517953,75,14,28
8356.756139,47.050365,75,14,28
