Distance,Tx Power,Bandwidth,Subband BW,Subband Offset
8842.762559,50.530348,15,11,0
5415.079930,44.136385,15,11,0
4214.017146,26.265056,15,11,0
5819.806880,39.616151,15,11,0
9314.159412,21.927642,15,11,0
5519.722782,26.436150,15,11,0
7419.443359,55.138606,15,11,0
3615.616932,29.891153,15,11,0
2181.618621,47.825514,15,11,0
