Distance,Tx Power,Bandwidth,Subband BW,Subband Offset
5528.476153,39.250080,100,10,16
9120.086317,32.896564,100,10,16
3398.188396,24.535004,100,10,16
3032.176846,39.489176,100,10,16
1381.305092,41.555000,100,10,16
485.421499,46.101316,100,10,16
8288.609052,54.096168,100,10,16
3209.189053,46.468465,100,10,16
7055.807034,37.675144,100,10,16
