Distance,Tx Power,Bandwidth,Subband BW,Subband Offset
2501.441135,43.651340,50,7,22
7112.466946,57.747301,50,7,22
4145.143709,48.146144,50,7,22
1514.641634,24.266663,50,7,22
2891.851350,25.309537,50,7,22
7802.579984,21.202375,50,7,22
3549.216176,54.957216,50,7,22
7791.816835,51.961281,50,7,22
4007.463338,28.414793,50,7,22
