Distance,Tx Power,Bandwidth,Subband BW,Subband Offset
8161.569544,53.507725,15,8,6
4095.992620,17.982360,15,8,6
133.805979,34.213743,15,8,6
6946.205038,47.529507,15,8,6
4744.385475,57.875383,15,8,6
234.524679,38.933259,15,8,6
2972.183204,38.189073,15,8,6
9596.382374,39.701137,15,8,6
740.502236,59.032086,15,8,6
