Distance,Tx Power,Bandwidth,Subband BW,Subband Offset
6270.934449,29.664845,75,12,32
1610.010247,39.040136,75,12,32
1580.162525,16.103932,75,12,32
8361.544683,33.259505,75,12,32
5027.310199,52.500481,75,12,32
2147.733246,43.401057,75,12,32
6184.495134,33.086487,75,12,32
5022.937108,52.763167,75,12,32
7235.263186,18.059960,75,12,32
