Distance,Tx Power,Bandwidth,Subband BW,Subband Offset
579.507510,32.345748,100,48,40
3245.549540,21.733469,100,48,40
8762.736937,31.556482,100,48,40
3909.879887,31.735890,100,48,40
5292.846606,29.521594,100,48,40
2580.967668,47.575736,100,48,40
7903.869094,59.365213,100,48,40
392.805357,34.127543,100,48,40
8419.356277,26.373826,100,48,40
