Distance,Tx Power,Bandwidth,Subband BW,Subband Offset
8654.545634,30.567248,50,7,34
4826.892325,51.723889,50,7,34
1138.915293,54.351687,50,7,34
6392.297347,28.654628,50,7,34
9810.926056,50.458907,50,7,34
8823.163037,38.495582,50,7,34
7763.785367,23.270459,50,7,34
6523.221174,15.999044,50,7,34
242.624903,41.631420,50,7,34
