Distance,Tx Power,Bandwidth,Subband BW,Subband Offset
1598.293487,43.934627,15,8,4
5302.864022,24.760859,15,8,4
489.743430,19.464084,15,8,4
4764.248566,43.416417,15,8,4
6052.485301,50.394877,15,8,4
5155.935510,26.847346,15,8,4
8889.997687,45.136117,15,8,4
8655.614183,41.427880,15,8,4
3910.348990,32.416814,15,8,4
