Distance,Tx Power,Bandwidth,Subband BW,Subband Offset
6971.291511,39.292162,75,35,5
1497.629584,59.561542,75,35,5
9318.157852,26.202137,75,35,5
3517.471702,31.844498,75,35,5
8851.083061,53.915330,75,35,5
7904.756946,52.938807,75,35,5
5328.339466,31.653826,75,35,5
4779.181187,50.304806,75,35,5
5678.828607,50.887732,75,35,5
