Distance,Tx Power,Bandwidth,Subband BW,Subband Offset
274.761127,31.976199,50,35,9
2446.753037,32.120446,50,35,9
8446.087479,50.634518,50,35,9
1699.047577,59.762691,50,35,9
3371.850229,52.079402,50,35,9
5969.795673,55.757656,50,35,9
4325.247372,49.219990,50,35,9
1852.432375,25.690432,50,35,9
1050.481806,49.172662,50,35,9
