Distance,Tx Power,Bandwidth,Subband BW,Subband Offset
5224.483854,52.757213,15,9,1
3922.237318,26.866645,15,9,1
4794.316880,35.080282,15,9,1
5335.199171,54.986881,15,9,1
7828.574758,22.398860,15,9,1
3064.625029,55.647577,15,9,1
6693.817538,15.519599,15,9,1
8890.657113,56.489956,15,9,1
3648.967937,57.567243,15,9,1
