Distance,Tx Power,Bandwidth,Subband BW,Subband Offset
5228.792270,31.627714,50,26,23
5245.596511,45.082262,50,26,23
466.751594,54.945244,50,26,23
5157.576768,50.511802,50,26,23
7300.668920,56.590135,50,26,23
184.830959,22.488056,50,26,23
7561.112937,34.659342,50,26,23
6363.259517,24.338696,50,26,23
3543.433880,31.739456,50,26,23
