Distance,Tx Power,Bandwidth,Subband BW,Subband Offset
3658.969111,18.446154,25,18,0
4729.735703,27.783810,25,18,0
3170.310124,41.561786,25,18,0
497.606221,33.016659,25,18,0
630.804147,29.735802,25,18,0
8945.329486,30.758857,25,18,0
4759.577923,47.284861,25,18,0
8658.255944,35.644189,25,18,0
3158.904320,20.426920,25,18,0
