Distance,Tx Power,Bandwidth,Subband BW,Subband Offset
1894.015404,16.403825,15,8,1
3259.870088,25.385013,15,8,1
1063.186710,52.122453,15,8,1
2601.700036,46.593046,15,8,1
639.821850,40.313089,15,8,1
6134.296479,29.832720,15,8,1
1573.059769,42.704384,15,8,1
4924.507126,40.736783,15,8,1
1217.377327,24.564174,15,8,1
