Distance,Tx Power,Bandwidth,Subband BW,Subband Offset
5402.883097,50.360211,25,13,10
3112.413089,27.835277,25,13,10
7689.323539,40.257786,25,13,10
8717.194252,52.330028,25,13,10
7637.440390,50.960256,25,13,10
1994.369199,31.294348,25,13,10
5628.990885,25.202336,25,13,10
3853.152145,35.149825,25,13,10
1092.599339,42.434576,25,13,10
