Distance,Tx Power,Bandwidth,Subband BW,Subband Offset
2119.710538,19.147162,50,21,12
6016.651835,23.469219,50,21,12
4926.669907,44.015053,50,21,12
2351.499778,33.630795,50,21,12
6967.871500,21.951794,50,21,12
3531.810351,43.026192,50,21,12
3873.784677,39.281413,50,21,12
1561.680315,24.133970,50,21,12
7675.753878,16.643036,50,21,12
