Distance,Tx Power,Bandwidth,Subband BW,Subband Offset
8978.388288,38.964607,75,7,62
6874.212872,45.215533,75,7,62
7564.189222,17.817402,75,7,62
238.785190,52.895304,75,7,62
6462.312905,53.994035,75,7,62
2300.305348,38.824292,75,7,62
5941.966571,50.497814,75,7,62
5638.504475,38.950874,75,7,62
9797.288860,48.949697,75,7,62
