Distance,Tx Power,Bandwidth,Subband BW,Subband Offset
2918.541646,55.006137,100,42,1
7182.651790,22.064134,100,42,1
9892.603069,21.274897,100,42,1
1790.441879,33.651153,100,42,1
5071.823794,47.281937,100,42,1
6919.420913,42.857181,100,42,1
5478.805975,29.967868,100,42,1
1518.159393,32.133657,100,42,1
8991.228644,46.365745,100,42,1
