Distance,Tx Power,Bandwidth,Subband BW,Subband Offset
202.800770,35.355086,100,48,37
1997.516745,24.534718,100,48,37
768.684327,36.139287,100,48,37
9361.139936,18.268026,100,48,37
3494.201979,41.310454,100,48,37
1169.811022,55.622372,100,48,37
5413.850610,20.016551,100,48,37
952.273133,47.299699,100,48,37
9189.447248,45.323054,100,48,37
