Distance,Tx Power,Bandwidth,Subband BW,Subband Offset
9761.556320,26.844179,50,15,35
2353.028494,40.889008,50,15,35
6159.878874,39.625074,50,15,35
1920.581038,49.420146,50,15,35
4394.659530,23.525168,50,15,35
1987.443056,48.018421,50,15,35
7452.530054,21.027497,50,15,35
5962.149438,26.401682,50,15,35
9236.276575,44.774761,50,15,35
