Distance,Tx Power,Bandwidth,Subband BW,Subband Offset
1326.171651,37.736541,75,29,20
8303.231954,52.148875,75,29,20
7253.972616,15.958645,75,29,20
8672.444403,30.706063,75,29,20
8793.602670,52.667294,75,29,20
6468.193897,36.223402,75,29,20
9971.268541,28.806368,75,29,20
236.946765,32.833782,75,29,20
2643.088364,26.791908,75,29,20
