Distance,Tx Power,Bandwidth,Subband BW,Subband Offset
9032.081868,42.597732,75,14,35
1427.391511,44.666334,75,14,35
6228.493530,28.405088,75,14,35
6450.955322,58.551120,75,14,35
3197.525431,16.866089,75,14,35
4980.326676,19.638259,75,14,35
4334.218474,26.009498,75,14,35
929.842061,43.977184,75,14,35
3503.814354,18.266554,75,14,35
