Distance,Tx Power,Bandwidth,Subband BW,Subband Offset
3213.054539,41.782246,25,17,0
6852.198471,25.983789,25,17,0
4340.451083,58.012208,25,17,0
5944.580691,22.709810,25,17,0
9335.074572,35.492588,25,17,0
6698.379852,21.528214,25,17,0
2675.224411,35.031827,25,17,0
6015.729585,37.552645,25,17,0
5095.531868,39.055784,25,17,0
