Distance,Tx Power,Bandwidth,Subband BW,Subband Offset
4004.890825,19.823496,25,11,7
1318.793053,44.826011,25,11,7
3422.802965,28.123125,25,11,7
9738.515573,53.329978,25,11,7
2196.259995,44.027456,25,11,7
5716.424026,21.520865,25,11,7
5099.817112,48.611368,25,11,7
5808.928671,38.436195,25,11,7
781.288501,51.000634,25,11,7
