Distance,Tx Power,Bandwidth,Subband BW,Subband Offset
2434.812361,33.295242,75,15,46
7185.699041,20.695448,75,15,46
4989.260215,26.130107,75,15,46
2053.880152,32.109687,75,15,46
8484.151792,37.526594,75,15,46
1485.070281,26.074957,75,15,46
7144.551660,45.719733,75,15,46
8693.974096,24.254854,75,15,46
5064.079158,24.374954,75,15,46
