Distance,Tx Power,Bandwidth,Subband BW,Subband Offset
5539.759518,29.664360,100,21,32
8850.621545,40.692447,100,21,32
7866.751508,50.793984,100,21,32
7502.867438,34.939182,100,21,32
4900.491668,30.366370,100,21,32
855.401205,17.790495,100,21,32
9685.466570,50.718570,100,21,32
6832.723332,20.434719,100,21,32
3564.959999,58.326264,100,21,32
