Distance,Tx Power,Bandwidth,Subband BW,Subband Offset
8015.245916,19.858594,75,39,33
1575.131887,37.456026,75,39,33
6150.642991,57.276685,75,39,33
203.537673,40.172364,75,39,33
7307.956436,33.700069,75,39,33
4399.677418,32.879319,75,39,33
3802.466025,50.733675,75,39,33
9413.970132,48.521452,75,39,33
6412.128852,39.296349,75,39,33
