Distance,Tx Power,Bandwidth,Subband BW,Subband Offset
3465.454662,37.549874,100,42,46
1413.483107,24.540124,100,42,46
2011.936775,19.198622,100,42,46
7915.970317,15.660982,100,42,46
3434.476819,53.388928,100,42,46
2562.756280,40.090305,100,42,46
7362.150614,15.114046,100,42,46
6132.462311,53.099318,100,42,46
1197.987316,43.539691,100,42,46
