Distance,Tx Power,Bandwidth,Subband BW,Subband Offset
2327.257273,19.001025,100,43,46
3808.780770,55.261906,100,43,46
7363.472128,51.936387,100,43,46
4769.993798,30.971134,100,43,46
6993.400001,39.230949,100,43,46
5105.351487,20.017042,100,43,46
5777.925041,59.784809,100,43,46
4313.558877,26.232354,100,43,46
8627.017312,25.663460,100,43,46
