Distance,Tx Power,Bandwidth,Subband BW,Subband Offset
3012.758964,48.882060,75,43,18
9217.200148,33.564939,75,43,18
2097.848923,19.741573,75,43,18
9424.072627,19.400709,75,43,18
4698.002457,19.968927,75,43,18
2161.469989,15.948790,75,43,18
1054.362974,22.042342,75,43,18
1719.009106,18.647204,75,43,18
928.892570,45.267679,75,43,18
