Distance,Tx Power,Bandwidth,Subband BW,Subband Offset
1380.877606,26.959345,50,44,5
1758.283109,36.667016,50,44,5
9380.412763,56.601202,50,44,5
5181.283697,15.424312,50,44,5
6899.933503,42.039715,50,44,5
1325.152866,16.120261,50,44,5
1481.416439,39.996412,50,44,5
7541.191571,57.645928,50,44,5
4393.724522,41.790833,50,44,5
