Distance,Tx Power,Bandwidth,Subband BW,Subband Offset
1601.033731,16.983668,50,22,10
6150.778485,48.416136,50,22,10
7848.557676,55.182569,50,22,10
888.182872,17.611275,50,22,10
8135.703402,47.498914,50,22,10
7990.406731,44.377589,50,22,10
7724.799169,43.979206,50,22,10
4759.618750,17.321370,50,22,10
6802.944266,26.218039,50,22,10
