Distance,Tx Power,Bandwidth,Subband BW,Subband Offset
256.027579,54.345808,15,9,4
7916.947880,29.800789,15,9,4
982.188389,54.742005,15,9,4
312.147240,48.986257,15,9,4
2903.012431,47.530370,15,9,4
9899.389657,53.579136,15,9,4
8201.104863,25.799160,15,9,4
2980.690920,16.685017,15,9,4
4268.361358,42.587543,15,9,4
