Distance,Tx Power,Bandwidth,Subband BW,Subband Offset
645.791672,26.455311,25,10,2
4120.795871,51.363666,25,10,2
6133.136026,51.055464,25,10,2
8690.487876,31.383427,25,10,2
7640.806478,36.691878,25,10,2
7262.625975,18.177941,25,10,2
1491.274037,28.904091,25,10,2
220.656660,56.191681,25,10,2
9942.412352,38.239948,25,10,2
