Distance,Tx Power,Bandwidth,Subband BW,Subband Offset
7691.155546,55.909854,25,11,9
5378.255707,38.030291,25,11,9
1515.658106,48.205181,25,11,9
2870.876069,49.147218,25,11,9
5221.431866,20.341866,25,11,9
1241.549768,26.246362,25,11,9
5411.563192,15.879661,25,11,9
9148.718644,20.937500,25,11,9
925.566324,34.976300,25,11,9
