Distance,Tx Power,Bandwidth,Subband BW,Subband Offset
991.970827,40.021888,50,26,10
8883.394374,37.655778,50,26,10
5143.307346,19.475138,50,26,10
2817.107775,49.767404,50,26,10
6756.704843,43.323814,50,26,10
7168.951940,57.164510,50,26,10
9819.417746,38.025158,50,26,10
3121.050754,43.046065,50,26,10
5628.553557,19.106457,50,26,10
