Distance,Tx Power,Bandwidth,Subband BW,Subband Offset
176.991107,20.263440,25,11,12
2268.644699,25.858938,25,11,12
8148.544769,59.315874,25,11,12
5648.676720,48.296454,25,11,12
6565.840244,35.561574,25,11,12
5246.704606,24.386891,25,11,12
7393.732881,48.017056,25,11,12
8010.275980,48.448882,25,11,12
306.363651,45.048325,25,11,12
