Distance,Tx Power,Bandwidth,Subband BW,Subband Offset
2700.819067,23.838925,15,7,6
6515.297447,40.236504,15,7,6
7202.513219,49.991076,15,7,6
9168.324196,38.507379,15,7,6
6901.170700,21.239784,15,7,6
370.087658,15.177526,15,7,6
5075.532214,58.624587,15,7,6
2883.882238,31.614385,15,7,6
651.504458,42.763084,15,7,6
