Distance,Tx Power,Bandwidth,Subband BW,Subband Offset
2194.083518,47.491743,100,15,44
3402.267255,42.049929,100,15,44
3687.271151,33.563640,100,15,44
8543.172263,49.468864,100,15,44
7404.529836,35.062799,100,15,44
9797.804249,21.171191,100,15,44
8155.732700,50.580127,100,15,44
9418.688465,35.604418,100,15,44
7621.749237,27.213497,100,15,44
