Distance,Tx Power,Bandwidth,Subband BW,Subband Offset
6369.555998,26.051582,100,53,47
5385.405301,38.250702,100,53,47
5560.755493,49.093993,100,53,47
8671.636972,44.426436,100,53,47
7977.126087,37.167199,100,53,47
6021.982329,20.582072,100,53,47
7784.508559,54.374330,100,53,47
6041.322147,53.972081,100,53,47
4418.517723,53.219585,100,53,47
