Distance,Tx Power,Bandwidth,Subband BW,Subband Offset
9927.941971,18.739598,25,20,3
6836.685153,40.356987,25,20,3
4781.797971,40.657891,25,20,3
9713.509604,21.489499,25,20,3
9998.226229,16.982336,25,20,3
7609.164861,38.965806,25,20,3
3732.650821,29.604214,25,20,3
244.672581,41.510365,25,20,3
7986.011400,31.629164,25,20,3
