Distance,Tx Power,Bandwidth,Subband BW,Subband Offset
337.840706,41.458177,50,29,19
1756.746787,42.711417,50,29,19
234.713023,20.819152,50,29,19
5620.171879,30.692477,50,29,19
2380.179138,55.662426,50,29,19
2132.236350,36.861871,50,29,19
6251.018588,57.906914,50,29,19
9694.281767,29.799450,50,29,19
5777.378399,40.462046,50,29,19
