Distance,Tx Power,Bandwidth,Subband BW,Subband Offset
2731.408012,25.976804,50,20,20
7361.895106,58.288120,50,20,20
7107.156888,27.992394,50,20,20
3300.380915,34.091871,50,20,20
9133.742884,21.255911,50,20,20
1004.138670,16.838463,50,20,20
183.767499,25.190962,50,20,20
4509.190830,27.032102,50,20,20
9533.088899,22.212125,50,20,20
