Distance,Tx Power,Bandwidth,Subband BW,Subband Offset
2570.997576,39.756400,15,9,4
3293.073854,21.048602,15,9,4
6464.979598,39.816116,15,9,4
4360.574191,42.837400,15,9,4
4377.743143,45.927574,15,9,4
6714.590202,20.404863,15,9,4
2177.475827,54.295465,15,9,4
1807.192928,36.372327,15,9,4
3644.912697,28.667103,15,9,4
