Distance,Tx Power,Bandwidth,Subband BW,Subband Offset
2008.155983,28.012645,75,8,56
3424.721345,51.585078,75,8,56
8310.860616,52.977551,75,8,56
9247.378539,38.804465,75,8,56
5488.915902,43.669769,75,8,56
3401.427411,48.588253,75,8,56
3727.906549,49.238229,75,8,56
9281.598310,46.319086,75,8,56
1656.220452,39.683982,75,8,56
