Distance,Tx Power,Bandwidth,Subband BW,Subband Offset
3920.746522,25.464319,15,9,6
4618.326982,16.885823,15,9,6
5080.231228,58.739475,15,9,6
4972.620264,56.321875,15,9,6
9480.601022,42.565184,15,9,6
7197.311313,32.920461,15,9,6
850.006036,26.315746,15,9,6
444.645699,40.253481,15,9,6
9324.337107,44.352000,15,9,6
