Distance,Tx Power,Bandwidth,Subband BW,Subband Offset
6083.224814,31.177088,75,39,20
7999.923308,18.267585,75,39,20
6452.288865,28.417926,75,39,20
4397.684765,15.136321,75,39,20
1758.975506,34.237171,75,39,20
3352.392303,20.413954,75,39,20
7173.161274,38.296233,75,39,20
9519.842072,36.120077,75,39,20
2280.681026,32.211064,75,39,20
