Distance,Tx Power,Bandwidth,Subband BW,Subband Offset
7361.978632,49.145890,25,21,1
2333.996598,57.301621,25,21,1
9971.577096,26.259322,25,21,1
8742.868476,53.075840,25,21,1
776.533919,38.919669,25,21,1
2641.971343,57.985744,25,21,1
5355.386216,17.418083,25,21,1
2036.901890,28.321097,25,21,1
5215.334321,52.084829,25,21,1
