Distance,Tx Power,Bandwidth,Subband BW,Subband Offset
5015.381347,50.730580,15,13,2
8576.568012,47.471738,15,13,2
5543.697073,41.449023,15,13,2
8696.874830,32.168984,15,13,2
6095.329450,56.287670,15,13,2
1551.643965,15.448100,15,13,2
5749.669059,59.194732,15,13,2
3872.112816,32.605806,15,13,2
5560.602982,18.619006,15,13,2
