Distance,Tx Power,Bandwidth,Subband BW,Subband Offset
7245.791254,15.363093,100,40,53
7964.295783,50.107210,100,40,53
3502.337355,52.705725,100,40,53
2332.792623,17.151556,100,40,53
1341.814630,42.231835,100,40,53
2708.157544,22.707635,100,40,53
4072.156813,28.233157,100,40,53
8694.550072,54.149021,100,40,53
4416.824204,32.084887,100,40,53
