Distance,Tx Power,Bandwidth,Subband BW,Subband Offset
3118.435794,52.334238,25,11,3
1991.105904,24.822197,25,11,3
3655.596438,26.873461,25,11,3
5012.978474,43.822994,25,11,3
7151.818288,44.418774,25,11,3
4195.953009,41.442177,25,11,3
9355.537349,32.915517,25,11,3
3418.984975,26.686336,25,11,3
8083.395092,18.734714,25,11,3
