Distance,Tx Power,Bandwidth,Subband BW,Subband Offset
1042.971062,15.162462,15,13,0
1653.363362,45.172801,15,13,0
7854.147986,38.175596,15,13,0
5362.618846,26.654500,15,13,0
8935.691497,48.091007,15,13,0
3006.192529,37.128632,15,13,0
2385.566774,52.363649,15,13,0
8365.509807,51.038284,15,13,0
1406.862406,48.400201,15,13,0
