Distance,Tx Power,Bandwidth,Subband BW,Subband Offset
1547.196213,40.066911,25,18,0
7005.903906,15.498151,25,18,0
8582.535153,50.800605,25,18,0
5979.441821,33.563902,25,18,0
2161.376697,32.843399,25,18,0
7733.545696,29.810297,25,18,0
4597.373877,52.114368,25,18,0
8391.695850,38.905111,25,18,0
1173.522334,17.413325,25,18,0
