Distance,Tx Power,Bandwidth,Subband BW,Subband Offset
9359.505632,16.041905,25,9,16
9019.685791,33.940035,25,9,16
2038.173500,57.558954,25,9,16
3541.676444,23.601281,25,9,16
7103.556992,30.300311,25,9,16
5008.852136,28.988490,25,9,16
117.206885,24.151735,25,9,16
3060.945725,17.017922,25,9,16
2208.248141,56.786375,25,9,16
