Distance,Tx Power,Bandwidth,Subband BW,Subband Offset
8179.674317,22.418870,75,18,15
6003.531977,31.804378,75,18,15
9810.796330,35.661929,75,18,15
4247.672990,30.561720,75,18,15
6966.199762,38.715545,75,18,15
294.017004,45.731947,75,18,15
5715.912378,31.956022,75,18,15
2143.360201,28.843074,75,18,15
7005.265807,37.244097,75,18,15
