Distance,Tx Power,Bandwidth,Subband BW,Subband Offset
1456.912614,29.267748,50,6,40
6881.709340,28.424040,50,6,40
7790.220649,22.096905,50,6,40
5737.262713,29.584466,50,6,40
2329.211236,40.557804,50,6,40
7217.453855,37.954117,50,6,40
6587.915873,26.923570,50,6,40
757.838577,47.181988,50,6,40
8145.301353,15.167293,50,6,40
