Distance,Tx Power,Bandwidth,Subband BW,Subband Offset
6549.276312,19.276594,75,71,3
332.982537,47.045371,75,71,3
4037.092046,59.619816,75,71,3
8301.214273,54.933183,75,71,3
9490.836125,26.307218,75,71,3
3796.827988,56.848413,75,71,3
5738.584325,42.393577,75,71,3
1515.908279,49.335121,75,71,3
9898.773936,55.348866,75,71,3
