Distance,Tx Power,Bandwidth,Subband BW,Subband Offset
6518.919668,40.798715,100,50,26
8890.031074,21.071886,100,50,26
2188.356554,33.186183,100,50,26
9619.321081,35.581848,100,50,26
4810.690766,35.954657,100,50,26
2779.821750,44.910005,100,50,26
537.645003,58.940010,100,50,26
1655.379839,27.425977,100,50,26
9752.510236,53.788826,100,50,26
