Distance,Tx Power,Bandwidth,Subband BW,Subband Offset
6332.090494,32.774403,50,9,28
4839.375207,45.918355,50,9,28
5018.516747,28.472281,50,9,28
3374.014801,28.969519,50,9,28
1878.630764,42.735884,50,9,28
6440.747738,45.754779,50,9,28
4504.830916,25.937946,50,9,28
4952.979917,41.579789,50,9,28
1551.288426,57.458498,50,9,28
