Distance,Tx Power,Bandwidth,Subband BW,Subband Offset
5151.269812,19.412378,75,54,16
9887.010694,48.341706,75,54,16
2968.185725,54.555155,75,54,16
4664.352617,44.651941,75,54,16
8924.399780,32.422538,75,54,16
2932.938134,48.051292,75,54,16
6520.344263,32.299976,75,54,16
7555.844933,33.857029,75,54,16
3959.596101,59.967985,75,54,16
