Distance,Tx Power,Bandwidth,Subband BW,Subband Offset
1223.987686,18.372365,75,35,21
8493.665256,20.269815,75,35,21
2079.323928,45.028228,75,35,21
8216.974413,34.268290,75,35,21
1443.346212,16.676980,75,35,21
4899.778116,53.328252,75,35,21
5585.121363,59.040037,75,35,21
7508.465557,49.947103,75,35,21
7260.486248,30.955843,75,35,21
