Distance,Tx Power,Bandwidth,Subband BW,Subband Offset
2147.181085,29.944929,75,33,20
8698.858977,51.847020,75,33,20
4639.102837,50.640349,75,33,20
8353.683969,20.002995,75,33,20
3450.008756,52.438552,75,33,20
8003.844541,18.972566,75,33,20
8959.601392,44.875737,75,33,20
4338.807553,16.382375,75,33,20
7962.462315,31.363236,75,33,20
