Distance,Tx Power,Bandwidth,Subband BW,Subband Offset
6133.332215,32.629303,25,12,5
1874.471851,22.815001,25,12,5
3910.014167,39.801421,25,12,5
4984.586729,54.515971,25,12,5
5393.747487,21.056736,25,12,5
1579.467641,35.521649,25,12,5
9738.166415,49.242055,25,12,5
3284.319153,38.463125,25,12,5
5974.512881,36.757119,25,12,5
