Distance,Tx Power,Bandwidth,Subband BW,Subband Offset
2117.153384,30.472504,25,13,1
8467.252210,48.874640,25,13,1
3062.494089,44.556331,25,13,1
3565.852121,53.527624,25,13,1
1044.125117,41.065996,25,13,1
812.765706,22.032199,25,13,1
6456.218309,31.763877,25,13,1
2647.529850,30.328661,25,13,1
6308.451150,56.774203,25,13,1
