Distance,Tx Power,Bandwidth,Subband BW,Subband Offset
1550.787322,36.026823,25,16,0
2253.186547,15.999292,25,16,0
6475.615703,52.372286,25,16,0
3901.539301,47.202096,25,16,0
3846.848402,41.179989,25,16,0
9738.649170,44.188101,25,16,0
7486.481661,32.352568,25,16,0
7974.484985,39.167129,25,16,0
136.237557,26.131269,25,16,0
