Distance,Tx Power,Bandwidth,Subband BW,Subband Offset
7622.620166,40.232356,25,16,8
6509.235674,26.019523,25,16,8
3872.891915,16.329163,25,16,8
8849.726879,37.880594,25,16,8
9078.549522,45.467730,25,16,8
3871.065568,49.903623,25,16,8
3581.875347,43.620875,25,16,8
2362.472045,53.187521,25,16,8
672.927005,55.888439,25,16,8
