Distance,Tx Power,Bandwidth,Subband BW,Subband Offset
6563.334356,44.925575,50,50,0
3927.534236,31.612600,50,50,0
5523.691836,39.698508,50,50,0
9457.866681,27.786790,50,50,0
3620.950676,31.587229,50,50,0
6865.194115,55.194989,50,50,0
9603.069057,57.843545,50,50,0
5924.784282,53.353678,50,50,0
6898.735620,16.125473,50,50,0
