Distance,Tx Power,Bandwidth,Subband BW,Subband Offset
918.181239,30.044431,100,22,10
2456.646635,21.341333,100,22,10
8967.703590,59.895215,100,22,10
1378.174267,17.735552,100,22,10
4953.146599,15.965412,100,22,10
1589.911742,39.396053,100,22,10
2558.528126,29.652807,100,22,10
7675.808054,15.652832,100,22,10
4062.408192,45.898019,100,22,10
