Distance,Tx Power,Bandwidth,Subband BW,Subband Offset
7288.445897,49.498223,100,57,17
6213.598922,41.819680,100,57,17
1208.512167,30.136894,100,57,17
452.937043,27.927911,100,57,17
6039.406210,19.230142,100,57,17
5217.373175,29.279744,100,57,17
6503.202082,17.417461,100,57,17
8737.065514,18.442377,100,57,17
8192.038305,22.392434,100,57,17
