Distance,Tx Power,Bandwidth,Subband BW,Subband Offset
5911.112542,41.413984,15,6,3
2441.887846,43.298688,15,6,3
995.078942,49.779159,15,6,3
1771.512787,15.581346,15,6,3
1955.552028,23.363778,15,6,3
7473.655947,19.434961,15,6,3
897.323320,36.235388,15,6,3
5718.502934,57.744240,15,6,3
4946.776579,27.889367,15,6,3
