Distance,Tx Power,Bandwidth,Subband BW,Subband Offset
5414.144113,36.379691,50,44,2
6023.735566,35.114474,50,44,2
4582.652915,43.404641,50,44,2
3302.578357,47.920674,50,44,2
4775.838026,32.085202,50,44,2
6755.978409,41.151454,50,44,2
7263.985940,44.113987,50,44,2
8393.350848,55.536796,50,44,2
4139.740852,52.199879,50,44,2
