Distance,Tx Power,Bandwidth,Subband BW,Subband Offset
2119.396169,53.593490,25,19,6
9825.100430,42.212773,25,19,6
8069.275462,30.833694,25,19,6
435.920971,22.634747,25,19,6
8487.824899,55.757829,25,19,6
6979.501723,23.069218,25,19,6
651.709785,24.856654,25,19,6
7061.102893,37.997499,25,19,6
2966.538827,42.225229,25,19,6
