Distance,Tx Power,Bandwidth,Subband BW,Subband Offset
3306.291176,26.276085,25,12,6
9359.017720,16.531104,25,12,6
4983.289303,46.836062,25,12,6
1905.587913,20.520628,25,12,6
3402.676016,36.365460,25,12,6
817.882755,53.621163,25,12,6
6465.776257,35.401912,25,12,6
6560.461057,33.408750,25,12,6
1584.199345,51.215766,25,12,6
