Distance,Tx Power,Bandwidth,Subband BW,Subband Offset
3641.417626,18.114579,100,35,53
993.965279,25.083351,100,35,53
9984.037217,35.931103,100,35,53
3140.545687,29.720024,100,35,53
6586.076705,26.343305,100,35,53
9897.980123,36.820797,100,35,53
1122.515737,39.837163,100,35,53
1297.486801,47.470094,100,35,53
1632.403808,36.784616,100,35,53
