Distance,Tx Power,Bandwidth,Subband BW,Subband Offset
7497.550077,53.910563,50,40,10
2752.184628,47.813565,50,40,10
3109.238997,50.864990,50,40,10
7443.355747,45.379373,50,40,10
6930.341730,16.545106,50,40,10
5131.523843,23.157478,50,40,10
3726.351376,18.351093,50,40,10
9561.432787,15.414623,50,40,10
8530.136740,31.015987,50,40,10
