Distance,Tx Power,Bandwidth,Subband BW,Subband Offset
6432.636570,55.245040,100,18,52
9602.649040,15.286618,100,18,52
132.843696,21.442461,100,18,52
6608.321851,39.822469,100,18,52
3684.241522,15.368784,100,18,52
4354.786716,56.588084,100,18,52
8447.854666,37.942397,100,18,52
1777.692976,15.347068,100,18,52
5386.211973,32.204506,100,18,52
