Distance,Tx Power,Bandwidth,Subband BW,Subband Offset
3052.532677,38.135928,100,38,0
1632.666095,44.913357,100,38,0
6227.980622,58.359411,100,38,0
9451.094574,57.840134,100,38,0
4872.291794,42.391055,100,38,0
5871.047562,30.300350,100,38,0
6805.956271,31.092235,100,38,0
4772.363407,32.776089,100,38,0
2820.196371,55.663253,100,38,0
