Distance,Tx Power,Bandwidth,Subband BW,Subband Offset
5114.623652,34.190021,50,32,18
4131.898026,59.304322,50,32,18
6768.201393,22.421185,50,32,18
5685.118713,29.691564,50,32,18
3299.600925,20.469757,50,32,18
3888.557883,32.444506,50,32,18
7724.395194,54.455987,50,32,18
3999.417171,47.149677,50,32,18
4780.194211,22.559900,50,32,18
