Distance,Tx Power,Bandwidth,Subband BW,Subband Offset
4023.105722,28.557545,50,21,6
8690.067944,52.879630,50,21,6
9021.006187,42.431724,50,21,6
9177.116864,46.206251,50,21,6
5653.520579,39.137958,50,21,6
142.186996,38.032825,50,21,6
3725.228950,30.732456,50,21,6
7423.727092,42.220334,50,21,6
9020.725605,15.459463,50,21,6
