Distance,Tx Power,Bandwidth,Subband BW,Subband Offset
8116.425977,15.108539,100,40,13
3360.886123,48.124442,100,40,13
9139.757245,44.454409,100,40,13
8763.446069,47.939330,100,40,13
6352.047078,16.381409,100,40,13
1372.625686,45.888481,100,40,13
4627.572129,19.018187,100,40,13
5233.293256,38.943329,100,40,13
4766.348553,40.739719,100,40,13
