Distance,Tx Power,Bandwidth,Subband BW,Subband Offset
8651.634451,38.334432,100,76,22
1407.563639,24.942542,100,76,22
9399.842252,15.188233,100,76,22
5404.165069,46.150235,100,76,22
420.266273,45.704342,100,76,22
1115.801391,57.258435,100,76,22
8252.630763,51.514516,100,76,22
4421.824872,36.145976,100,76,22
7130.129990,38.044532,100,76,22
