Distance,Tx Power,Bandwidth,Subband BW,Subband Offset
3654.665800,17.407376,15,15,0
3932.188925,29.254581,15,15,0
6490.767369,19.724769,15,15,0
4337.071747,46.274165,15,15,0
3319.804190,39.468566,15,15,0
1740.624088,30.772247,15,15,0
3517.934436,31.877509,15,15,0
5257.423622,15.274961,15,15,0
931.268550,25.261876,15,15,0
