Distance,Tx Power,Bandwidth,Subband BW,Subband Offset
5409.766360,44.414877,50,29,3
1493.409978,50.903189,50,29,3
1427.557743,51.420524,50,29,3
1533.149815,48.843787,50,29,3
9456.239852,34.320670,50,29,3
6030.385078,50.401839,50,29,3
2533.667688,28.788197,50,29,3
947.315327,42.445070,50,29,3
4954.536843,38.620275,50,29,3
