Distance,Tx Power,Bandwidth,Subband BW,Subband Offset
1045.826336,25.575092,100,17,65
9827.180462,19.285169,100,17,65
6778.371845,40.537583,100,17,65
6734.249052,59.140308,100,17,65
9949.159602,50.740946,100,17,65
402.483816,44.963203,100,17,65
2593.278325,45.365500,100,17,65
982.223819,20.959407,100,17,65
787.702061,49.448784,100,17,65
