Distance,Tx Power,Bandwidth,Subband BW,Subband Offset
2337.890159,52.946651,50,23,17
1315.545858,59.999730,50,23,17
1491.591857,41.284835,50,23,17
992.116038,51.666605,50,23,17
1612.642014,38.841812,50,23,17
2405.004323,15.347083,50,23,17
8596.944448,31.422949,50,23,17
9212.827936,21.623490,50,23,17
8929.511966,49.003248,50,23,17
