Distance,Tx Power,Bandwidth,Subband BW,Subband Offset
4117.508648,59.562365,50,40,9
1174.343564,37.832569,50,40,9
9920.551091,43.186320,50,40,9
7522.910476,15.584657,50,40,9
3310.376635,41.111942,50,40,9
3201.922640,47.725989,50,40,9
4659.244142,57.596928,50,40,9
6482.160734,15.793900,50,40,9
432.914022,49.102058,50,40,9
