Distance,Tx Power,Bandwidth,Subband BW,Subband Offset
4821.245327,52.007552,15,8,4
7241.355061,39.495580,15,8,4
4549.539094,44.678859,15,8,4
9665.450528,24.203869,15,8,4
6488.010095,31.604786,15,8,4
9739.135333,23.826086,15,8,4
6193.074297,50.183290,15,8,4
4350.822321,39.025750,15,8,4
6788.107323,17.547240,15,8,4
