Distance,Tx Power,Bandwidth,Subband BW,Subband Offset
8508.506322,28.223643,100,37,12
8918.439936,41.582804,100,37,12
3201.745975,25.368458,100,37,12
6104.042053,45.198745,100,37,12
9401.168339,46.148156,100,37,12
2927.314399,52.445225,100,37,12
4216.969473,21.729383,100,37,12
7746.966673,31.499788,100,37,12
1008.565763,36.269274,100,37,12
