Distance,Tx Power,Bandwidth,Subband BW,Subband Offset
8986.127973,47.033949,75,27,21
8260.807718,52.381634,75,27,21
2999.659024,21.960663,75,27,21
8520.699220,31.415885,75,27,21
3637.619038,56.953493,75,27,21
4034.091602,56.484043,75,27,21
3155.611678,20.482307,75,27,21
7901.469715,46.163011,75,27,21
3523.088434,23.257288,75,27,21
