Distance,Tx Power,Bandwidth,Subband BW,Subband Offset
1611.368548,18.133094,50,15,29
1939.893913,25.559129,50,15,29
1888.805433,53.034145,50,15,29
8657.068621,30.371259,50,15,29
7112.871064,24.936681,50,15,29
6380.568727,55.268762,50,15,29
1887.497425,52.511208,50,15,29
6016.526142,44.277712,50,15,29
4148.605727,23.611117,50,15,29
