Distance,Tx Power,Bandwidth,Subband BW,Subband Offset
3684.692238,52.859006,100,36,45
9063.168835,57.001446,100,36,45
9525.431199,51.048714,100,36,45
3208.308448,44.727958,100,36,45
8020.865358,39.382792,100,36,45
6996.781183,40.283463,100,36,45
2766.863066,45.185402,100,36,45
7774.034539,47.688403,100,36,45
6731.464439,24.591198,100,36,45
