Distance,Tx Power,Bandwidth,Subband BW,Subband Offset
7456.963247,19.959124,50,16,13
7185.654520,22.534416,50,16,13
4203.364979,41.471149,50,16,13
4497.661608,45.247699,50,16,13
3735.719739,23.162340,50,16,13
7769.802907,23.898359,50,16,13
1633.354618,43.198151,50,16,13
8934.439553,31.009002,50,16,13
9846.464988,26.994547,50,16,13
