Distance,Tx Power,Bandwidth,Subband BW,Subband Offset
4119.433407,48.141787,15,9,0
3673.357726,19.488116,15,9,0
318.523445,46.090932,15,9,0
9719.043413,45.304635,15,9,0
1777.740387,53.659338,15,9,0
7047.240888,34.617232,15,9,0
4294.127286,20.599815,15,9,0
7384.897763,26.397622,15,9,0
7768.183303,39.631021,15,9,0
