Distance,Tx Power,Bandwidth,Subband BW,Subband Offset
3492.305199,50.903207,75,10,53
2381.909829,30.771861,75,10,53
614.793908,39.220287,75,10,53
8764.475998,30.214377,75,10,53
2833.039958,23.090901,75,10,53
4709.598450,19.865963,75,10,53
7397.439795,32.133776,75,10,53
7732.446236,18.581004,75,10,53
3777.017493,16.159326,75,10,53
