Distance,Tx Power,Bandwidth,Subband BW,Subband Offset
9837.367721,15.995079,100,71,23
4814.223161,38.615100,100,71,23
6457.421591,34.858659,100,71,23
764.015405,57.756956,100,71,23
1195.971588,20.896049,100,71,23
8417.069902,24.668738,100,71,23
4125.651437,39.904110,100,71,23
6037.051535,22.522880,100,71,23
6470.564159,36.871088,100,71,23
