Distance,Tx Power,Bandwidth,Subband BW,Subband Offset
3634.225002,57.235677,100,7,58
4050.668404,59.873537,100,7,58
2980.013111,58.728878,100,7,58
3062.689860,30.786145,100,7,58
2064.710639,19.546629,100,7,58
8148.180005,42.725184,100,7,58
1906.884154,52.583486,100,7,58
8409.402819,17.295627,100,7,58
3405.088949,38.671107,100,7,58
