Distance,Tx Power,Bandwidth,Subband BW,Subband Offset
7520.485032,45.027055,50,26,11
8523.937509,35.754421,50,26,11
466.447274,55.656360,50,26,11
7866.408112,39.807729,50,26,11
803.595109,50.579255,50,26,11
8247.456032,39.567711,50,26,11
8190.765615,39.442545,50,26,11
260.101550,22.633071,50,26,11
3493.628936,51.447836,50,26,11
