Distance,Tx Power,Bandwidth,Subband BW,Subband Offset
7725.532902,28.377897,75,35,18
9470.664575,23.702726,75,35,18
2235.256452,34.466201,75,35,18
3551.692696,19.742116,75,35,18
924.618664,43.610604,75,35,18
2774.013942,57.197596,75,35,18
2010.720032,18.547010,75,35,18
1913.168074,20.340311,75,35,18
8803.708142,23.596087,75,35,18
