Distance,Tx Power,Bandwidth,Subband BW,Subband Offset
2826.559228,31.159999,50,38,6
273.198449,44.744519,50,38,6
2895.182501,17.308357,50,38,6
9963.514714,43.128718,50,38,6
3115.114661,53.870928,50,38,6
2717.529009,55.181679,50,38,6
2134.275512,20.875070,50,38,6
1777.897994,36.826793,50,38,6
3327.102418,24.472325,50,38,6
