Distance,Tx Power,Bandwidth,Subband BW,Subband Offset
8973.262027,16.658782,100,67,6
4945.997975,58.696906,100,67,6
8149.107597,44.743988,100,67,6
9627.420035,47.317331,100,67,6
2150.615322,16.973078,100,67,6
4580.084045,34.291358,100,67,6
1503.910693,57.927830,100,67,6
3725.210680,46.819357,100,67,6
5411.854199,52.420975,100,67,6
