Distance,Tx Power,Bandwidth,Subband BW,Subband Offset
7941.942489,32.494279,100,25,51
7994.109528,39.848923,100,25,51
226.914366,49.997667,100,25,51
7539.765782,45.122549,100,25,51
6496.125282,37.672610,100,25,51
2031.759290,49.010674,100,25,51
3414.292830,30.571137,100,25,51
5337.346009,17.215809,100,25,51
4967.817905,44.873099,100,25,51
