Distance,Tx Power,Bandwidth,Subband BW,Subband Offset
9161.120940,58.540400,75,9,29
4608.348880,54.698668,75,9,29
8861.249986,19.618610,75,9,29
5906.081943,41.658632,75,9,29
6539.815971,33.686314,75,9,29
488.923056,34.026800,75,9,29
3220.237114,48.605821,75,9,29
2753.734128,48.277205,75,9,29
8448.507608,19.869663,75,9,29
