Distance,Tx Power,Bandwidth,Subband BW,Subband Offset
2551.519793,36.413860,75,16,33
5695.039534,58.638515,75,16,33
6840.020203,16.459484,75,16,33
5925.764684,53.475001,75,16,33
3523.758881,45.560921,75,16,33
3656.853394,15.091880,75,16,33
699.848154,36.966248,75,16,33
5834.400050,35.454065,75,16,33
3474.877826,42.495513,75,16,33
