Distance,Tx Power,Bandwidth,Subband BW,Subband Offset
4895.789970,37.985018,100,79,17
4685.174561,18.817332,100,79,17
8379.833571,39.678102,100,79,17
9585.883681,20.197301,100,79,17
525.980872,40.950437,100,79,17
7174.090434,50.451274,100,79,17
5521.300062,27.256154,100,79,17
2194.168594,49.022953,100,79,17
8782.211096,41.362828,100,79,17
