Distance,Tx Power,Bandwidth,Subband BW,Subband Offset
1670.101627,27.934310,50,45,0
341.320959,21.020414,50,45,0
8481.267187,46.512552,50,45,0
4831.303232,26.790389,50,45,0
6455.686505,40.784586,50,45,0
2618.152359,21.564373,50,45,0
1751.833019,44.586274,50,45,0
8367.981231,24.353008,50,45,0
2677.527533,34.120723,50,45,0
