Distance,Tx Power,Bandwidth,Subband BW,Subband Offset
2649.949768,20.993146,75,25,7
5965.555684,32.249825,75,25,7
9289.042755,52.244523,75,25,7
1694.970531,15.840612,75,25,7
1999.315603,43.413823,75,25,7
4479.411796,20.024809,75,25,7
9381.752132,16.055632,75,25,7
6441.596028,54.342833,75,25,7
6187.701324,49.924058,75,25,7
