Distance,Tx Power,Bandwidth,Subband BW,Subband Offset
9875.994635,28.880243,25,11,0
9223.335478,34.621255,25,11,0
6524.867030,40.172504,25,11,0
5731.386347,35.752132,25,11,0
2794.219316,58.998888,25,11,0
7407.580078,21.804063,25,11,0
3787.633578,41.441923,25,11,0
5563.023056,32.127701,25,11,0
1040.632957,17.059683,25,11,0
