Distance,Tx Power,Bandwidth,Subband BW,Subband Offset
6993.384823,20.723330,25,21,1
8956.768921,31.350778,25,21,1
2748.027043,42.032904,25,21,1
5497.233061,45.506043,25,21,1
121.593705,28.690960,25,21,1
9176.218727,53.444554,25,21,1
5377.571944,28.176650,25,21,1
6507.392934,59.474763,25,21,1
4720.058110,57.120327,25,21,1
