Distance,Tx Power,Bandwidth,Subband BW,Subband Offset
2073.082843,59.254469,75,11,21
9951.454054,15.561760,75,11,21
9295.154238,20.145738,75,11,21
9680.736904,47.885107,75,11,21
6324.969490,48.406278,75,11,21
1970.655079,44.698999,75,11,21
3986.898824,34.709071,75,11,21
8044.815031,50.264233,75,11,21
1847.158538,49.617426,75,11,21
