Distance,Tx Power,Bandwidth,Subband BW,Subband Offset
574.682204,32.461117,100,31,9
8132.985129,27.351846,100,31,9
1259.901070,31.826718,100,31,9
9686.611695,31.074685,100,31,9
4466.712292,57.015097,100,31,9
7429.086188,54.629452,100,31,9
3053.560088,18.224571,100,31,9
5214.969512,42.927061,100,31,9
2182.808143,38.093523,100,31,9
