Distance,Tx Power,Bandwidth,Subband BW,Subband Offset
464.968307,40.459479,75,17,57
2137.935016,23.518879,75,17,57
8395.772714,40.536144,75,17,57
5977.494843,27.384486,75,17,57
9158.540035,52.077928,75,17,57
9665.341233,24.092092,75,17,57
9065.765648,37.018641,75,17,57
1371.402894,16.217952,75,17,57
6561.313153,57.430995,75,17,57
