Distance,Tx Power,Bandwidth,Subband BW,Subband Offset
672.084469,35.923470,75,36,13
7452.176179,59.075139,75,36,13
2050.560950,45.818961,75,36,13
8271.911888,53.723348,75,36,13
4485.765667,30.121136,75,36,13
6548.346256,42.617731,75,36,13
7274.122877,58.787284,75,36,13
8669.083807,54.739242,75,36,13
2235.067171,25.351204,75,36,13
