Distance,Tx Power,Bandwidth,Subband BW,Subband Offset
7376.248473,51.493230,25,22,2
8321.362058,21.079078,25,22,2
326.173375,45.163148,25,22,2
7982.999451,43.276865,25,22,2
7952.446089,51.834445,25,22,2
9611.527406,49.358329,25,22,2
6094.117076,41.837664,25,22,2
531.021743,17.130141,25,22,2
2357.788273,54.706985,25,22,2
