Distance,Tx Power,Bandwidth,Subband BW,Subband Offset
7744.677397,54.756800,25,12,8
2401.021701,57.785071,25,12,8
5831.059697,27.028181,25,12,8
2737.929014,21.628806,25,12,8
831.350930,39.571962,25,12,8
541.612110,33.725572,25,12,8
7504.067177,41.811229,25,12,8
4169.933303,33.786495,25,12,8
4880.758205,51.282507,25,12,8
