Distance,Tx Power,Bandwidth,Subband BW,Subband Offset
523.390022,15.632901,100,23,7
144.308263,46.357209,100,23,7
9960.487410,56.283793,100,23,7
8062.601731,31.149051,100,23,7
4103.126323,15.215274,100,23,7
4335.469723,35.610105,100,23,7
7563.039979,57.122162,100,23,7
2177.943769,52.029544,100,23,7
759.356729,28.656325,100,23,7
