Distance,Tx Power,Bandwidth,Subband BW,Subband Offset
7177.627596,38.990606,50,11,11
9293.110218,40.969735,50,11,11
7707.772258,32.824250,50,11,11
4399.653556,31.978506,50,11,11
6155.779614,28.591852,50,11,11
4516.877064,39.221350,50,11,11
4401.596734,54.389532,50,11,11
1115.224302,17.593935,50,11,11
7292.766448,48.525052,50,11,11
