Distance,Tx Power,Bandwidth,Subband BW,Subband Offset
363.701509,48.492410,50,13,24
5806.816203,57.798296,50,13,24
4115.186061,33.304671,50,13,24
9248.292807,46.976797,50,13,24
6361.324118,33.099504,50,13,24
3922.303435,20.224368,50,13,24
3945.544639,16.249149,50,13,24
4875.577470,19.330436,50,13,24
2999.084365,57.481796,50,13,24
