Distance,Tx Power,Bandwidth,Subband BW,Subband Offset
3982.718661,19.705772,100,10,16
8928.020273,50.675065,100,10,16
3947.917611,58.652127,100,10,16
9195.750553,49.546962,100,10,16
1700.306437,48.499598,100,10,16
9186.414395,25.059185,100,10,16
7807.921416,43.696298,100,10,16
2774.673718,28.547677,100,10,16
2271.844638,25.253792,100,10,16
