Distance,Tx Power,Bandwidth,Subband BW,Subband Offset
2557.353486,21.795296,100,25,48
2706.546414,35.513626,100,25,48
1993.618963,24.701633,100,25,48
8406.867809,38.663900,100,25,48
5864.009755,39.721844,100,25,48
3959.298415,39.965283,100,25,48
8640.679245,48.351056,100,25,48
433.548095,37.713818,100,25,48
6335.534567,35.728654,100,25,48
