Distance,Tx Power,Bandwidth,Subband BW,Subband Offset
8856.069218,29.741383,15,6,6
5826.091276,22.655989,15,6,6
875.704642,47.175970,15,6,6
4361.447542,42.984057,15,6,6
2694.559588,22.719256,15,6,6
2403.167751,50.749918,15,6,6
5805.297060,21.095532,15,6,6
9829.601456,58.266514,15,6,6
6689.993285,50.611918,15,6,6
