Distance,Tx Power,Bandwidth,Subband BW,Subband Offset
7694.906521,54.433436,25,21,3
8533.277751,51.831602,25,21,3
3028.308015,16.057853,25,21,3
2889.225066,39.763194,25,21,3
6422.147635,17.160703,25,21,3
9159.537437,55.169247,25,21,3
6332.657390,54.819213,25,21,3
530.505550,51.048954,25,21,3
8937.572286,20.587390,25,21,3
