Distance,Tx Power,Bandwidth,Subband BW,Subband Offset
5964.545802,45.655638,75,19,53
362.895615,56.539688,75,19,53
3465.952302,57.606709,75,19,53
3540.168018,27.571369,75,19,53
9729.990601,27.675554,75,19,53
4557.921584,55.500509,75,19,53
7975.377038,46.248877,75,19,53
5336.391861,57.612451,75,19,53
9497.186118,58.735076,75,19,53
