Distance,Tx Power,Bandwidth,Subband BW,Subband Offset
9610.887604,22.347136,75,38,4
276.884783,58.615969,75,38,4
4502.971448,59.050749,75,38,4
6779.141650,24.524628,75,38,4
1203.921145,39.409256,75,38,4
5476.068033,51.671557,75,38,4
7302.693518,15.492938,75,38,4
7987.213096,52.630704,75,38,4
3710.802517,31.374720,75,38,4
