Distance,Tx Power,Bandwidth,Subband BW,Subband Offset
4358.884450,22.949789,50,24,15
9679.805611,31.001373,50,24,15
4053.204869,33.925010,50,24,15
6473.128012,50.437769,50,24,15
3870.690622,47.113972,50,24,15
9154.087986,48.067452,50,24,15
2924.007368,52.877269,50,24,15
8507.470479,56.763927,50,24,15
8844.164403,26.606919,50,24,15
