Distance,Tx Power,Bandwidth,Subband BW,Subband Offset
5183.421192,18.362574,50,8,11
9486.054224,57.340666,50,8,11
3180.251810,20.736933,50,8,11
6645.989783,40.367247,50,8,11
9556.801816,27.727106,50,8,11
6553.608517,41.994404,50,8,11
3514.084158,31.228089,50,8,11
1942.969022,36.096670,50,8,11
1634.420940,52.391701,50,8,11
