Distance,Tx Power,Bandwidth,Subband BW,Subband Offset
9133.704724,55.626213,75,11,14
2630.348507,59.020409,75,11,14
6120.929729,39.839696,75,11,14
2749.399884,42.933694,75,11,14
8408.321561,52.761524,75,11,14
6471.904383,27.355829,75,11,14
3597.976560,57.391209,75,11,14
8906.937734,56.544394,75,11,14
9135.878699,44.235690,75,11,14
