Distance,Tx Power,Bandwidth,Subband BW,Subband Offset
9896.685937,19.318123,75,9,53
272.101051,37.306350,75,9,53
5457.493768,42.656662,75,9,53
7993.389831,35.800265,75,9,53
6742.429107,59.511214,75,9,53
8101.979885,18.226413,75,9,53
3162.932173,58.734192,75,9,53
494.449411,37.461535,75,9,53
5842.433117,49.515986,75,9,53
