Distance,Tx Power,Bandwidth,Subband BW,Subband Offset
8126.063984,17.960974,100,25,13
8021.359751,53.463937,100,25,13
5479.801305,38.685564,100,25,13
8745.439199,36.241286,100,25,13
2065.279785,29.525140,100,25,13
6732.750067,32.747983,100,25,13
2501.681975,27.520042,100,25,13
9707.245274,27.794518,100,25,13
1260.989776,34.192818,100,25,13
