Distance,Tx Power,Bandwidth,Subband BW,Subband Offset
253.877420,49.026540,50,35,13
1891.784384,39.637867,50,35,13
3009.215957,40.639297,50,35,13
2602.757159,32.476661,50,35,13
4282.182449,31.202598,50,35,13
2011.549480,54.369560,50,35,13
2641.213239,43.899726,50,35,13
2181.215549,51.247676,50,35,13
3032.812367,28.611001,50,35,13
