Distance,Tx Power,Bandwidth,Subband BW,Subband Offset
6185.499810,23.900164,75,19,8
8867.718925,50.106669,75,19,8
6763.452161,57.643743,75,19,8
3762.981080,49.300626,75,19,8
8061.788419,48.894287,75,19,8
5744.528472,20.084460,75,19,8
8832.236500,55.871607,75,19,8
3515.204725,56.916810,75,19,8
5345.215479,25.596405,75,19,8
