Distance,Tx Power,Bandwidth,Subband BW,Subband Offset
7465.512533,27.635119,75,13,61
2097.674269,48.713823,75,13,61
8653.624054,25.483150,75,13,61
5050.510388,51.981316,75,13,61
4115.680425,35.605186,75,13,61
4068.603404,31.605514,75,13,61
2105.399565,16.554341,75,13,61
7502.652546,47.448845,75,13,61
3015.407207,41.313934,75,13,61
