Distance,Tx Power,Bandwidth,Subband BW,Subband Offset
8978.735553,34.935663,75,15,33
5439.164319,38.888297,75,15,33
3464.838291,49.059150,75,15,33
8506.929866,52.466018,75,15,33
8952.312984,16.336621,75,15,33
4404.611135,46.186461,75,15,33
3343.777917,34.605914,75,15,33
3940.737352,24.155615,75,15,33
482.517885,50.758477,75,15,33
