Distance,Tx Power,Bandwidth,Subband BW,Subband Offset
6883.195782,35.113814,100,43,48
8776.944840,35.561689,100,43,48
9458.086923,38.451090,100,43,48
8873.286770,24.366012,100,43,48
7588.218932,36.500757,100,43,48
4418.487173,36.638611,100,43,48
3871.507371,48.343872,100,43,48
1692.745414,18.657547,100,43,48
4892.464187,41.245673,100,43,48
