Distance,Tx Power,Bandwidth,Subband BW,Subband Offset
2551.403281,34.868320,75,13,24
8161.106952,36.241845,75,13,24
9815.708676,55.977230,75,13,24
932.522534,15.135975,75,13,24
3909.595169,29.469484,75,13,24
287.161172,48.703262,75,13,24
6164.262316,25.782286,75,13,24
5407.724985,56.603191,75,13,24
7940.180923,39.728473,75,13,24
