Distance,Tx Power,Bandwidth,Subband BW,Subband Offset
1628.279828,25.910630,25,8,13
7983.308758,38.373367,25,8,13
4748.790497,16.403373,25,8,13
4869.508815,34.222654,25,8,13
8235.287391,45.193943,25,8,13
3628.439388,35.509340,25,8,13
2399.494904,50.772631,25,8,13
3456.046723,45.624224,25,8,13
430.990320,24.891006,25,8,13
