Distance,Tx Power,Bandwidth,Subband BW,Subband Offset
7441.768872,30.828180,15,9,4
2947.661057,25.109487,15,9,4
8783.854380,17.152014,15,9,4
6237.953541,15.202520,15,9,4
6059.222383,56.491240,15,9,4
4581.050416,52.035999,15,9,4
1589.926096,44.516200,15,9,4
7922.592671,21.766030,15,9,4
9675.229546,17.314835,15,9,4
