Distance,Tx Power,Bandwidth,Subband BW,Subband Offset
8420.035052,32.291392,15,6,8
2079.977378,15.852403,15,6,8
817.080626,36.740268,15,6,8
5054.370333,44.336356,15,6,8
7007.607822,17.270144,15,6,8
5606.111814,16.721108,15,6,8
2490.248179,30.415079,15,6,8
6924.196251,18.629613,15,6,8
8622.181140,16.238433,15,6,8
