Distance,Tx Power,Bandwidth,Subband BW,Subband Offset
5018.052810,51.985846,100,59,37
258.254325,32.856731,100,59,37
7271.566308,53.738597,100,59,37
2535.179900,21.490864,100,59,37
5664.792851,43.743534,100,59,37
1341.636238,23.402806,100,59,37
1667.982394,22.040750,100,59,37
9628.932852,15.631931,100,59,37
503.022644,54.190814,100,59,37
