Distance,Tx Power,Bandwidth,Subband BW,Subband Offset
6998.031797,59.952838,100,50,28
7665.444397,47.407465,100,50,28
1686.425692,40.035620,100,50,28
6073.595893,56.469150,100,50,28
8801.407868,52.632264,100,50,28
6700.888742,34.779073,100,50,28
6802.320556,34.990266,100,50,28
1751.715431,19.418248,100,50,28
5125.766326,51.484861,100,50,28
