Distance,Tx Power,Bandwidth,Subband BW,Subband Offset
130.300091,59.386081,75,9,58
1321.710373,48.993704,75,9,58
1614.002525,37.195306,75,9,58
4998.822315,48.140756,75,9,58
4308.765885,38.567671,75,9,58
1556.425207,43.993118,75,9,58
8483.487656,17.774700,75,9,58
7573.738369,34.692339,75,9,58
6613.377041,46.106618,75,9,58
