Distance,Tx Power,Bandwidth,Subband BW,Subband Offset
7087.683262,16.919918,25,16,9
8891.007538,30.073750,25,16,9
1603.040508,15.811341,25,16,9
6343.909702,56.933212,25,16,9
329.567072,23.069773,25,16,9
4502.456290,28.707333,25,16,9
5373.663475,49.885625,25,16,9
6759.397392,26.520375,25,16,9
6901.845972,59.345747,25,16,9
