Distance,Tx Power,Bandwidth,Subband BW,Subband Offset
9544.318162,17.501795,25,10,2
7681.845612,41.423023,25,10,2
7267.286644,20.721828,25,10,2
1915.915963,45.723603,25,10,2
3772.737624,33.375298,25,10,2
2147.822487,46.309630,25,10,2
2728.313093,40.242830,25,10,2
3243.093635,52.158376,25,10,2
7299.452767,27.828272,25,10,2
