Distance,Tx Power,Bandwidth,Subband BW,Subband Offset
1378.816790,36.818646,15,13,0
5067.245343,15.170174,15,13,0
1931.308722,25.140160,15,13,0
8539.380358,24.903922,15,13,0
3341.589071,54.443543,15,13,0
2147.389676,53.961500,15,13,0
4446.948491,39.803926,15,13,0
1064.475872,55.800982,15,13,0
3196.933118,39.841911,15,13,0
