Distance,Tx Power,Bandwidth,Subband BW,Subband Offset
1010.995215,15.710766,75,37,5
3344.724575,16.774477,75,37,5
6887.311770,40.231031,75,37,5
687.180018,22.257807,75,37,5
6736.288976,23.996520,75,37,5
9143.639877,30.412223,75,37,5
8817.122842,56.499505,75,37,5
8646.947255,32.955819,75,37,5
1355.240911,21.419085,75,37,5
