Distance,Tx Power,Bandwidth,Subband BW,Subband Offset
3064.905965,49.187494,100,36,47
6182.199553,32.248058,100,36,47
125.340856,52.486690,100,36,47
6041.898656,31.123511,100,36,47
6107.180444,21.946956,100,36,47
8224.102432,53.913003,100,36,47
6312.946878,42.340443,100,36,47
3742.229340,51.483752,100,36,47
7472.853187,32.832987,100,36,47
