Distance,Tx Power,Bandwidth,Subband BW,Subband Offset
9858.292490,39.368478,75,44,21
4389.224467,37.808000,75,44,21
5323.315639,42.258358,75,44,21
2872.854385,24.920725,75,44,21
6951.341324,57.169031,75,44,21
1257.952218,21.226303,75,44,21
7870.670173,16.831066,75,44,21
1936.390164,52.143511,75,44,21
7113.531289,27.091495,75,44,21
