Distance,Tx Power,Bandwidth,Subband BW,Subband Offset
2960.161821,25.123266,75,43,16
7050.238343,39.527889,75,43,16
7895.591071,33.173700,75,43,16
8163.970393,52.013202,75,43,16
2773.352832,20.242141,75,43,16
6159.412850,15.199963,75,43,16
6597.407327,38.513433,75,43,16
9772.763167,24.188038,75,43,16
2253.889954,32.151191,75,43,16
