Distance,Tx Power,Bandwidth,Subband BW,Subband Offset
709.726884,34.440390,15,6,4
4427.338166,43.466260,15,6,4
9414.852484,45.851412,15,6,4
6629.170162,48.817071,15,6,4
1439.474709,40.654408,15,6,4
5439.825664,39.738639,15,6,4
3478.604375,29.149607,15,6,4
9749.510787,17.691614,15,6,4
4045.610901,18.818460,15,6,4
