Distance,Tx Power,Bandwidth,Subband BW,Subband Offset
8083.214888,58.865332,100,23,64
7526.568063,19.393757,100,23,64
1381.476539,28.624087,100,23,64
8393.145214,42.500023,100,23,64
8408.128046,48.898679,100,23,64
8576.643877,26.463812,100,23,64
317.210637,54.327279,100,23,64
5591.465591,49.462322,100,23,64
7902.164586,47.109997,100,23,64
