Distance,Tx Power,Bandwidth,Subband BW,Subband Offset
7032.394340,22.913581,50,15,0
4980.036744,38.390823,50,15,0
5083.639717,54.782694,50,15,0
8732.685652,43.719329,50,15,0
7894.234394,35.016960,50,15,0
713.049389,23.402923,50,15,0
534.893197,59.786464,50,15,0
7030.514460,54.269206,50,15,0
1007.707560,50.963550,50,15,0
