Distance,Tx Power,Bandwidth,Subband BW,Subband Offset
1077.030774,16.964613,50,37,2
5124.806036,17.814148,50,37,2
4390.202295,59.136619,50,37,2
4948.532251,18.191371,50,37,2
1951.512484,41.200254,50,37,2
6565.180000,51.023165,50,37,2
1727.559603,32.293549,50,37,2
8729.064607,24.536719,50,37,2
7478.941028,43.491040,50,37,2
