Distance,Tx Power,Bandwidth,Subband BW,Subband Offset
6252.067669,49.703194,50,8,11
3204.752759,28.376029,50,8,11
8970.238457,27.647494,50,8,11
2896.910283,55.754308,50,8,11
9284.748787,28.907130,50,8,11
4272.492705,39.355217,50,8,11
720.485113,25.753414,50,8,11
6386.473864,30.489775,50,8,11
5327.782729,31.335996,50,8,11
