Distance,Tx Power,Bandwidth,Subband BW,Subband Offset
9401.667398,43.073636,75,7,38
1717.048595,40.294292,75,7,38
8981.346083,26.386830,75,7,38
8642.944142,36.167510,75,7,38
2549.522338,26.309716,75,7,38
501.818696,31.918959,75,7,38
3169.428553,45.392074,75,7,38
6534.061569,56.561871,75,7,38
7958.570850,51.244060,75,7,38
