Distance,Tx Power,Bandwidth,Subband BW,Subband Offset
9643.648242,24.493905,75,60,9
9599.072245,43.249959,75,60,9
4579.768299,45.435024,75,60,9
477.770171,15.651572,75,60,9
4632.005931,16.793681,75,60,9
5016.874510,56.167779,75,60,9
1153.442562,49.367502,75,60,9
4295.313221,15.569169,75,60,9
1082.948686,29.459899,75,60,9
