Distance,Tx Power,Bandwidth,Subband BW,Subband Offset
2154.341474,34.528420,75,14,7
7389.743894,48.143969,75,14,7
2718.615370,26.571792,75,14,7
9529.014365,43.634897,75,14,7
5371.996891,35.387175,75,14,7
6468.190598,26.924664,75,14,7
2081.426337,39.631388,75,14,7
3917.466212,32.505424,75,14,7
6489.828423,51.018199,75,14,7
