Distance,Tx Power,Bandwidth,Subband BW,Subband Offset
8356.010982,23.943053,100,20,54
1675.721118,43.626083,100,20,54
6575.273845,58.278886,100,20,54
1523.689386,20.066642,100,20,54
4320.721853,59.345372,100,20,54
7828.028335,22.193423,100,20,54
7254.096907,41.938790,100,20,54
3704.561583,46.268951,100,20,54
4484.662219,16.049801,100,20,54
