Distance,Tx Power,Bandwidth,Subband BW,Subband Offset
1836.384204,25.257982,25,13,5
7574.823659,46.848080,25,13,5
9178.159805,31.851811,25,13,5
4445.927229,37.950535,25,13,5
8305.563238,49.537466,25,13,5
5285.782330,18.949247,25,13,5
1033.509535,52.488711,25,13,5
2060.308073,47.485248,25,13,5
6885.125800,20.485561,25,13,5
