Distance,Tx Power,Bandwidth,Subband BW,Subband Offset
1841.034317,44.840630,15,7,5
5355.511446,25.164784,15,7,5
2204.996124,53.663840,15,7,5
3956.224518,57.300987,15,7,5
3032.098956,27.342438,15,7,5
237.899732,49.297402,15,7,5
9108.150523,28.904339,15,7,5
6244.639617,32.094737,15,7,5
1611.804499,30.368056,15,7,5
