Distance,Tx Power,Bandwidth,Subband BW,Subband Offset
6521.788375,55.536781,75,9,26
1557.852744,34.681182,75,9,26
6768.344727,35.762207,75,9,26
5167.275164,47.319379,75,9,26
9874.931703,29.269633,75,9,26
550.620140,27.015114,75,9,26
4331.422605,16.545015,75,9,26
2088.980136,49.845391,75,9,26
9210.976997,44.054014,75,9,26
