Distance,Tx Power,Bandwidth,Subband BW,Subband Offset
3527.641474,26.798030,50,47,2
6498.176292,34.163949,50,47,2
2169.808500,19.569575,50,47,2
2898.675979,40.458571,50,47,2
6557.194036,29.950617,50,47,2
2352.961624,40.288192,50,47,2
7233.637562,31.861815,50,47,2
1863.196018,22.965702,50,47,2
5482.412637,44.661513,50,47,2
