Distance,Tx Power,Bandwidth,Subband BW,Subband Offset
3072.902075,31.811750,50,14,14
8238.801526,20.490828,50,14,14
3352.165713,15.818256,50,14,14
1855.934842,23.387044,50,14,14
6052.880579,26.183305,50,14,14
1785.460824,58.863089,50,14,14
4895.947301,49.257351,50,14,14
8484.996511,59.191662,50,14,14
9935.256331,43.047102,50,14,14
