Distance,Tx Power,Bandwidth,Subband BW,Subband Offset
179.249888,25.759311,75,16,54
2742.060313,26.761773,75,16,54
2297.568064,21.994492,75,16,54
2645.021727,56.453138,75,16,54
798.990299,15.727107,75,16,54
3736.233597,49.045899,75,16,54
5356.331012,37.228813,75,16,54
5240.450261,57.012938,75,16,54
5856.339387,15.320922,75,16,54
