Distance,Tx Power,Bandwidth,Subband BW,Subband Offset
7642.930527,17.024211,100,9,75
5250.959878,40.518663,100,9,75
703.093336,25.440644,100,9,75
2240.307130,24.762909,100,9,75
6047.006371,52.496895,100,9,75
5881.977237,31.602759,100,9,75
5793.434569,50.796396,100,9,75
1423.272993,25.795374,100,9,75
5692.616159,49.315006,100,9,75
