Distance,Tx Power,Bandwidth,Subband BW,Subband Offset
2143.962622,35.792994,75,59,10
6713.449922,53.217931,75,59,10
3579.484047,34.087043,75,59,10
959.138549,17.241311,75,59,10
444.411835,44.293786,75,59,10
629.080434,26.736208,75,59,10
2776.636895,15.840184,75,59,10
270.188505,17.925298,75,59,10
5520.463073,18.092808,75,59,10
