Distance,Tx Power,Bandwidth,Subband BW,Subband Offset
6482.248496,37.523112,25,12,8
3301.781620,46.657294,25,12,8
7124.532254,17.086412,25,12,8
1619.206199,46.481549,25,12,8
665.136894,21.918228,25,12,8
5850.729876,29.617717,25,12,8
4538.679138,20.654928,25,12,8
6106.042188,40.187498,25,12,8
7353.209554,42.987998,25,12,8
