Distance,Tx Power,Bandwidth,Subband BW,Subband Offset
418.044781,36.237472,25,22,3
5108.627536,40.978755,25,22,3
8112.189176,17.956827,25,22,3
3506.105597,33.645559,25,22,3
3952.659936,56.356108,25,22,3
7650.151700,47.553696,25,22,3
8530.711122,27.922805,25,22,3
6144.410986,31.216125,25,22,3
562.055445,26.616215,25,22,3
