Distance,Tx Power,Bandwidth,Subband BW,Subband Offset
6917.045740,36.216912,75,39,7
9350.343931,42.795378,75,39,7
8935.866358,48.691537,75,39,7
4327.442735,39.581889,75,39,7
8279.696167,21.095316,75,39,7
4771.355132,39.325726,75,39,7
6852.839115,21.249954,75,39,7
7733.759839,39.136753,75,39,7
5859.184256,49.640105,75,39,7
