Distance,Tx Power,Bandwidth,Subband BW,Subband Offset
198.603375,54.810359,50,16,30
4903.773458,53.268814,50,16,30
2061.062504,17.157722,50,16,30
9759.691996,59.515545,50,16,30
7617.187598,58.303350,50,16,30
4896.417338,34.690147,50,16,30
628.537483,56.360522,50,16,30
5047.521653,30.415636,50,16,30
1654.252931,56.123581,50,16,30
