Distance,Tx Power,Bandwidth,Subband BW,Subband Offset
692.674335,40.319924,25,10,11
3491.501179,21.724357,25,10,11
6574.814190,30.363322,25,10,11
4959.086621,43.498082,25,10,11
5597.421937,43.980999,25,10,11
7382.978528,48.620845,25,10,11
6214.887362,57.214534,25,10,11
1192.539845,32.274420,25,10,11
174.245617,54.869448,25,10,11
