Distance,Tx Power,Bandwidth,Subband BW,Subband Offset
4131.367947,55.864598,50,13,15
709.796580,47.467717,50,13,15
7304.394210,50.101015,50,13,15
4058.374473,55.459116,50,13,15
3291.243993,49.866438,50,13,15
4922.508395,26.754737,50,13,15
9171.780996,24.123858,50,13,15
3938.325335,38.004490,50,13,15
5060.074045,49.264769,50,13,15
