Distance,Tx Power,Bandwidth,Subband BW,Subband Offset
2446.900454,53.099223,100,75,7
4681.267143,48.282902,100,75,7
3191.451813,23.679650,100,75,7
7094.366537,15.002581,100,75,7
6412.539468,38.401743,100,75,7
5713.307641,31.528829,100,75,7
5636.947474,18.863272,100,75,7
876.803005,26.494717,100,75,7
2665.191971,22.675826,100,75,7
