Distance,Tx Power,Bandwidth,Subband BW,Subband Offset
4426.949536,31.221482,100,73,24
7997.084865,30.111265,100,73,24
4148.215819,40.878804,100,73,24
3154.117168,52.869073,100,73,24
6447.335117,47.028759,100,73,24
6240.635742,55.285600,100,73,24
2376.304692,39.121163,100,73,24
6497.718420,25.987247,100,73,24
2706.715451,58.791990,100,73,24
