Distance,Tx Power,Bandwidth,Subband BW,Subband Offset
7471.730016,43.754679,75,8,48
4072.468607,37.504441,75,8,48
5334.813209,47.729550,75,8,48
2721.867829,42.484787,75,8,48
8079.618707,26.253445,75,8,48
865.779598,28.530933,75,8,48
5744.782752,18.637787,75,8,48
1132.582340,49.783205,75,8,48
8864.987549,36.724919,75,8,48
