Distance,Tx Power,Bandwidth,Subband BW,Subband Offset
7183.947770,31.703775,100,77,9
3973.676382,25.983341,100,77,9
3749.486051,42.728515,100,77,9
8435.974375,53.450440,100,77,9
3065.588990,26.603226,100,77,9
9322.213600,41.557128,100,77,9
8212.990574,40.052186,100,77,9
3910.366597,47.035104,100,77,9
6394.978091,18.075173,100,77,9
