Distance,Tx Power,Bandwidth,Subband BW,Subband Offset
5690.303357,55.026602,25,9,1
5964.960742,47.418942,25,9,1
5775.380918,53.930862,25,9,1
8014.794873,44.134420,25,9,1
1858.950697,31.624869,25,9,1
9196.863841,26.461527,25,9,1
8191.350949,30.203045,25,9,1
4008.312863,39.882786,25,9,1
8268.019361,36.910186,25,9,1
