Distance,Tx Power,Bandwidth,Subband BW,Subband Offset
8539.859349,51.961079,75,21,5
5378.265450,32.688456,75,21,5
1989.829265,42.556685,75,21,5
2377.067398,57.056244,75,21,5
4411.962259,32.622708,75,21,5
3567.102646,26.157545,75,21,5
8482.723341,55.894109,75,21,5
8458.251104,50.297693,75,21,5
7717.663736,42.766392,75,21,5
