Distance,Tx Power,Bandwidth,Subband BW,Subband Offset
9976.294772,40.032505,25,14,3
3017.705141,15.500957,25,14,3
9142.026820,56.349761,25,14,3
3947.680353,22.611246,25,14,3
3783.278369,39.253161,25,14,3
9975.933269,48.507036,25,14,3
4083.705581,48.569939,25,14,3
648.048831,30.811385,25,14,3
7421.491463,45.909216,25,14,3
