Distance,Tx Power,Bandwidth,Subband BW,Subband Offset
6455.377123,27.005698,75,12,26
587.203751,49.549757,75,12,26
4156.425135,32.013016,75,12,26
6919.005116,58.719934,75,12,26
4198.934087,50.968387,75,12,26
4683.576151,43.960053,75,12,26
7090.877644,50.931850,75,12,26
8194.487649,36.129169,75,12,26
9396.218920,49.148875,75,12,26
