Distance,Tx Power,Bandwidth,Subband BW,Subband Offset
4468.344601,29.721065,50,15,4
7669.384465,18.201169,50,15,4
8928.938129,18.557412,50,15,4
3244.083637,43.790646,50,15,4
7769.978127,17.261170,50,15,4
263.732678,22.898380,50,15,4
4809.519793,36.730701,50,15,4
9650.082913,38.612431,50,15,4
9342.157564,26.977834,50,15,4
