Distance,Tx Power,Bandwidth,Subband BW,Subband Offset
262.537765,53.503656,50,17,2
2635.508951,17.537807,50,17,2
8939.253837,34.814092,50,17,2
9098.448565,41.712713,50,17,2
3033.088040,19.019777,50,17,2
9057.880413,16.831237,50,17,2
7148.745299,30.002345,50,17,2
6462.354859,49.543805,50,17,2
2305.219180,21.052666,50,17,2
