Distance,Tx Power,Bandwidth,Subband BW,Subband Offset
2230.273905,16.716571,15,6,6
289.708135,32.988040,15,6,6
6758.742753,51.741993,15,6,6
4385.395025,53.994598,15,6,6
6905.993930,57.176998,15,6,6
7354.499675,37.076442,15,6,6
2910.422610,56.360561,15,6,6
9674.311269,54.370771,15,6,6
5561.952851,41.037400,15,6,6
