Distance,Tx Power,Bandwidth,Subband BW,Subband Offset
8162.606594,33.272474,100,8,60
1605.350411,22.754455,100,8,60
8034.301937,29.928743,100,8,60
792.098789,54.279021,100,8,60
2098.224927,45.190407,100,8,60
6768.098731,34.968684,100,8,60
2522.809863,46.953957,100,8,60
8988.716844,55.455787,100,8,60
8112.455623,25.704889,100,8,60
