Distance,Tx Power,Bandwidth,Subband BW,Subband Offset
6920.261734,33.556959,75,32,0
8176.368290,16.161358,75,32,0
9146.502626,40.077962,75,32,0
2818.976608,44.924089,75,32,0
7516.424887,20.286230,75,32,0
5127.202649,45.824761,75,32,0
8518.397032,41.632293,75,32,0
8298.673878,20.029792,75,32,0
2973.445242,46.593071,75,32,0
