Distance,Tx Power,Bandwidth,Subband BW,Subband Offset
7061.076299,54.737388,50,11,27
8857.538516,50.346644,50,11,27
2999.479652,48.150527,50,11,27
3520.351467,22.773784,50,11,27
7288.046421,21.073640,50,11,27
926.041235,30.003362,50,11,27
9416.913906,54.836929,50,11,27
3931.103605,40.175817,50,11,27
9411.929563,38.949862,50,11,27
