Distance,Tx Power,Bandwidth,Subband BW,Subband Offset
4496.333044,35.091362,75,17,12
8129.876388,38.393756,75,17,12
4475.823770,39.279352,75,17,12
9561.514347,39.565453,75,17,12
2171.578916,31.796291,75,17,12
2256.974853,25.066008,75,17,12
4140.168024,44.897048,75,17,12
2408.130569,38.020247,75,17,12
7229.381642,58.260363,75,17,12
