Distance,Tx Power,Bandwidth,Subband BW,Subband Offset
3516.327423,36.916670,25,18,5
5967.130851,56.464874,25,18,5
1115.610219,39.993483,25,18,5
7497.183904,58.551280,25,18,5
1398.454752,51.420353,25,18,5
9417.572587,56.250185,25,18,5
3897.798666,22.692479,25,18,5
5609.998406,39.790511,25,18,5
7301.492264,53.533511,25,18,5
