Distance,Tx Power,Bandwidth,Subband BW,Subband Offset
5019.226451,28.565293,25,24,1
6466.609471,52.453668,25,24,1
9143.082107,26.469272,25,24,1
7704.460403,40.291640,25,24,1
9662.611205,47.932080,25,24,1
7451.842564,27.415977,25,24,1
7911.149635,49.276991,25,24,1
1753.363359,49.069178,25,24,1
4298.498763,52.242512,25,24,1
