Distance,Tx Power,Bandwidth,Subband BW,Subband Offset
6650.404954,38.474113,15,10,5
5060.038894,27.894795,15,10,5
7188.966664,26.894915,15,10,5
8486.651179,50.454222,15,10,5
9427.085971,46.100643,15,10,5
3204.290522,31.396491,15,10,5
8937.662368,28.574196,15,10,5
4500.022473,20.374957,15,10,5
4980.950852,20.891856,15,10,5
