Distance,Tx Power,Bandwidth,Subband BW,Subband Offset
4810.557186,28.887227,50,7,22
1211.627060,44.393119,50,7,22
7997.685131,42.601320,50,7,22
204.863759,27.037973,50,7,22
2730.698633,28.622311,50,7,22
9239.527615,39.044134,50,7,22
5743.248649,32.954582,50,7,22
6067.826388,43.910004,50,7,22
4203.577424,29.132812,50,7,22
