Distance,Tx Power,Bandwidth,Subband BW,Subband Offset
8431.903656,37.011755,75,10,23
854.341176,29.728359,75,10,23
4446.675076,28.747390,75,10,23
6309.548256,38.037124,75,10,23
1147.608886,20.539656,75,10,23
5408.869707,29.711379,75,10,23
1652.965189,45.878497,75,10,23
7399.963226,32.797947,75,10,23
6254.024718,18.540192,75,10,23
