Distance,Tx Power,Bandwidth,Subband BW,Subband Offset
4915.350379,58.608547,75,53,8
8456.716712,21.203518,75,53,8
143.608671,56.906497,75,53,8
7475.595046,45.721567,75,53,8
1276.360134,58.269403,75,53,8
774.204397,49.364021,75,53,8
9682.186636,23.444789,75,53,8
5409.859661,47.668298,75,53,8
1324.422195,44.523841,75,53,8
