Distance,Tx Power,Bandwidth,Subband BW,Subband Offset
8130.645852,17.009832,75,47,18
8347.541831,18.201127,75,47,18
666.168039,38.822997,75,47,18
2511.636075,16.231226,75,47,18
1756.252054,30.232187,75,47,18
9485.541568,17.423735,75,47,18
6523.149428,59.813364,75,47,18
8679.909046,40.407946,75,47,18
8562.453923,44.434791,75,47,18
