Distance,Tx Power,Bandwidth,Subband BW,Subband Offset
8272.601157,17.788651,15,8,4
606.952391,30.473387,15,8,4
9410.644389,39.764866,15,8,4
808.460249,25.008945,15,8,4
2980.125054,32.067010,15,8,4
3163.990974,40.198276,15,8,4
8808.690742,58.905199,15,8,4
237.858569,49.115246,15,8,4
9895.959401,59.135332,15,8,4
