Distance,Tx Power,Bandwidth,Subband BW,Subband Offset
2553.787225,53.897265,25,22,1
8553.251863,40.002045,25,22,1
5625.569773,45.619241,25,22,1
8547.569203,40.107964,25,22,1
726.628308,29.256690,25,22,1
4049.648936,18.762145,25,22,1
2755.333551,26.056003,25,22,1
1941.557930,24.926272,25,22,1
8257.074007,30.110963,25,22,1
