Distance,Tx Power,Bandwidth,Subband BW,Subband Offset
2390.587287,18.377964,75,42,15
761.438604,17.559038,75,42,15
7362.192944,17.902152,75,42,15
7456.992632,31.480686,75,42,15
4598.335932,18.813675,75,42,15
6677.526511,41.495824,75,42,15
9065.819083,33.647089,75,42,15
7919.923899,51.033063,75,42,15
7404.964969,50.201089,75,42,15
