Distance,Tx Power,Bandwidth,Subband BW,Subband Offset
6425.772048,56.150128,75,12,59
4193.220342,30.632055,75,12,59
7060.444323,20.019046,75,12,59
9393.763904,55.380006,75,12,59
2443.814407,41.724401,75,12,59
4340.767508,28.891652,75,12,59
2158.530546,46.171899,75,12,59
476.521969,29.474361,75,12,59
1472.845740,49.477183,75,12,59
