Distance,Tx Power,Bandwidth,Subband BW,Subband Offset
2227.697804,39.246283,50,17,11
2254.460158,39.261756,50,17,11
1236.556422,54.584391,50,17,11
2329.369803,21.331628,50,17,11
2951.352452,46.778592,50,17,11
248.754512,37.550578,50,17,11
5867.995090,37.620561,50,17,11
3442.010308,26.736333,50,17,11
3199.542609,15.575883,50,17,11
