Distance,Tx Power,Bandwidth,Subband BW,Subband Offset
3233.794897,45.944994,25,8,6
9591.293969,54.963650,25,8,6
235.570496,29.652985,25,8,6
2315.983603,21.153786,25,8,6
6868.163414,42.570841,25,8,6
9169.194490,38.046104,25,8,6
4092.565674,37.706919,25,8,6
4250.526999,37.621616,25,8,6
5471.981405,56.601178,25,8,6
