Distance,Tx Power,Bandwidth,Subband BW,Subband Offset
5139.306716,35.230100,15,6,7
6691.073064,52.147102,15,6,7
116.695013,58.230321,15,6,7
6650.099163,27.708475,15,6,7
1942.215627,59.196830,15,6,7
3102.214548,55.575441,15,6,7
7496.594488,27.659251,15,6,7
6643.352367,46.088134,15,6,7
385.506774,36.446972,15,6,7
