Distance,Tx Power,Bandwidth,Subband BW,Subband Offset
263.937565,42.486123,25,8,11
4487.588331,47.524798,25,8,11
585.507427,35.601213,25,8,11
1015.098047,34.108060,25,8,11
5296.801894,46.899784,25,8,11
4426.179901,36.751838,25,8,11
2214.014262,44.901773,25,8,11
4458.139597,27.069595,25,8,11
7236.753003,54.366264,25,8,11
