Distance,Tx Power,Bandwidth,Subband BW,Subband Offset
1840.570128,38.783757,25,6,14
7007.053752,50.469752,25,6,14
3613.080367,15.409862,25,6,14
7863.160163,19.192804,25,6,14
3242.477566,30.755876,25,6,14
7064.404861,24.811983,25,6,14
816.226182,36.168138,25,6,14
3929.765228,34.780948,25,6,14
663.196334,26.633733,25,6,14
