Distance,Tx Power,Bandwidth,Subband BW,Subband Offset
549.966137,39.053283,50,16,24
1401.243574,54.653437,50,16,24
8816.525917,41.565911,50,16,24
1724.442310,44.330018,50,16,24
2265.991476,37.953336,50,16,24
6224.334076,57.495194,50,16,24
5441.128138,53.163088,50,16,24
1437.222830,46.500762,50,16,24
178.952853,45.774221,50,16,24
