Distance,Tx Power,Bandwidth,Subband BW,Subband Offset
2595.708976,37.969672,15,11,4
3663.311136,54.681295,15,11,4
5997.015443,17.032175,15,11,4
8292.492984,22.020653,15,11,4
3010.114256,41.869153,15,11,4
400.719791,51.837415,15,11,4
6495.094859,31.676675,15,11,4
6923.994393,50.471053,15,11,4
8840.007165,17.412157,15,11,4
