Distance,Tx Power,Bandwidth,Subband BW,Subband Offset
2262.560780,15.832827,75,21,42
8164.233130,48.393631,75,21,42
2034.541843,29.196968,75,21,42
7228.012364,40.793327,75,21,42
6623.114432,16.457290,75,21,42
4652.925672,21.006014,75,21,42
112.777927,16.911813,75,21,42
5241.024421,44.302177,75,21,42
3895.173424,50.814003,75,21,42
