Distance,Tx Power,Bandwidth,Subband BW,Subband Offset
6616.484093,57.209123,50,22,13
3523.140293,41.058013,50,22,13
4369.426206,30.481852,50,22,13
1786.657230,29.909385,50,22,13
5259.770938,22.404843,50,22,13
2480.670534,29.817214,50,22,13
3925.059556,51.590539,50,22,13
6337.201039,48.680553,50,22,13
9498.642501,27.785630,50,22,13
