Distance,Tx Power,Bandwidth,Subband BW,Subband Offset
3920.110462,22.540556,15,11,1
6955.743582,57.634658,15,11,1
8935.356535,54.592910,15,11,1
8797.266839,39.506202,15,11,1
5966.637623,20.482847,15,11,1
1404.989321,26.698644,15,11,1
3871.503829,29.075093,15,11,1
3437.257717,42.651200,15,11,1
4611.956026,16.676312,15,11,1
