Distance,Tx Power,Bandwidth,Subband BW,Subband Offset
1009.729276,35.039541,100,18,38
7166.230918,31.861084,100,18,38
8211.765895,18.941647,100,18,38
892.073034,37.032055,100,18,38
7323.440760,15.547153,100,18,38
7829.441014,24.575224,100,18,38
5059.856604,42.231882,100,18,38
3611.929035,24.661525,100,18,38
6373.281913,47.799663,100,18,38
