Distance,Tx Power,Bandwidth,Subband BW,Subband Offset
3170.699109,20.305194,100,13,63
2645.622454,51.620772,100,13,63
6700.771108,59.021237,100,13,63
5376.997413,38.952587,100,13,63
3870.262914,37.385373,100,13,63
7333.384085,44.807659,100,13,63
5328.074800,36.628633,100,13,63
2604.323027,26.621522,100,13,63
5331.189652,57.256749,100,13,63
