Distance,Tx Power,Bandwidth,Subband BW,Subband Offset
1916.156153,41.701700,50,16,29
4835.926448,55.412485,50,16,29
9572.350722,59.612651,50,16,29
6369.842539,46.897693,50,16,29
3319.728181,46.157322,50,16,29
3628.491161,32.205395,50,16,29
9138.188459,26.726364,50,16,29
3048.786366,43.915713,50,16,29
7555.189327,25.611246,50,16,29
