Distance,Tx Power,Bandwidth,Subband BW,Subband Offset
5496.642930,41.098212,100,64,22
9909.466153,51.971964,100,64,22
2764.493939,35.045377,100,64,22
6882.913164,18.296915,100,64,22
6770.185959,45.579893,100,64,22
6278.178661,31.306618,100,64,22
2637.157868,48.409453,100,64,22
8669.636698,24.609557,100,64,22
1959.857330,32.692851,100,64,22
