Distance,Tx Power,Bandwidth,Subband BW,Subband Offset
7102.970516,48.243395,100,61,35
2094.559863,15.221215,100,61,35
8922.354979,33.131262,100,61,35
7150.663290,16.709095,100,61,35
5542.888210,26.083033,100,61,35
6691.216377,54.065818,100,61,35
7612.265065,26.486345,100,61,35
5563.000111,36.966202,100,61,35
7496.498271,30.465143,100,61,35
