Distance,Tx Power,Bandwidth,Subband BW,Subband Offset
3111.800349,38.757742,15,7,5
4017.877557,42.299998,15,7,5
3496.210158,57.468742,15,7,5
2222.841255,45.229126,15,7,5
5412.543930,20.108337,15,7,5
9682.430450,33.585524,15,7,5
143.958375,53.480741,15,7,5
3970.881725,34.572038,15,7,5
3834.693800,21.884125,15,7,5
