Distance,Tx Power,Bandwidth,Subband BW,Subband Offset
5326.989721,46.533960,75,32,0
1775.282590,54.746150,75,32,0
4777.420055,16.935551,75,32,0
8492.886658,45.657079,75,32,0
1163.858748,48.945761,75,32,0
8862.879588,59.373446,75,32,0
7588.396577,36.759661,75,32,0
8006.342155,37.025878,75,32,0
6552.170382,36.683348,75,32,0
