Distance,Tx Power,Bandwidth,Subband BW,Subband Offset
2472.615702,42.068965,15,8,6
3576.055104,37.557989,15,8,6
2572.156578,44.526934,15,8,6
7376.744131,15.751657,15,8,6
5819.311680,31.807559,15,8,6
9398.097557,33.401058,15,8,6
1580.040359,58.476255,15,8,6
5285.411902,44.450012,15,8,6
8785.229458,56.087260,15,8,6
