Distance,Tx Power,Bandwidth,Subband BW,Subband Offset
4045.262494,49.180772,25,14,0
7036.306345,15.833712,25,14,0
4288.360576,23.480273,25,14,0
2726.665983,20.756053,25,14,0
3457.486473,19.824348,25,14,0
4335.041324,22.043267,25,14,0
8854.372473,42.884324,25,14,0
9070.849761,20.534618,25,14,0
4523.320184,55.410622,25,14,0
