Distance,Tx Power,Bandwidth,Subband BW,Subband Offset
6774.172383,31.561997,50,37,4
1186.333092,56.049579,50,37,4
2344.475044,22.640439,50,37,4
6027.057651,15.898628,50,37,4
6014.952028,32.759829,50,37,4
5535.209445,47.229122,50,37,4
602.166531,17.415676,50,37,4
2339.638088,33.652239,50,37,4
8625.440040,51.704220,50,37,4
