Distance,Tx Power,Bandwidth,Subband BW,Subband Offset
8402.852025,43.114154,50,8,22
8568.909529,35.778016,50,8,22
1776.456066,22.728461,50,8,22
5909.250855,33.108276,50,8,22
5511.849534,18.978197,50,8,22
9700.744153,28.185830,50,8,22
4700.201532,30.415541,50,8,22
5237.468109,31.921268,50,8,22
7988.687526,54.342305,50,8,22
