Distance,Tx Power,Bandwidth,Subband BW,Subband Offset
4192.645483,17.441467,25,11,6
6750.737205,59.926621,25,11,6
517.627370,20.163736,25,11,6
2170.098091,32.168806,25,11,6
9549.308638,25.583368,25,11,6
7472.594141,24.874287,25,11,6
7964.022541,53.155420,25,11,6
4752.320087,34.176506,25,11,6
2124.044243,20.972423,25,11,6
