Distance,Tx Power,Bandwidth,Subband BW,Subband Offset
505.293215,58.074666,50,45,2
1235.426093,25.293320,50,45,2
1023.108637,29.214272,50,45,2
8861.660848,37.137698,50,45,2
2595.706066,40.249532,50,45,2
6758.604467,59.820530,50,45,2
6027.241599,21.484815,50,45,2
942.845361,44.455418,50,45,2
8328.806987,22.286989,50,45,2
