Distance,Tx Power,Bandwidth,Subband BW,Subband Offset
5519.927013,26.146450,75,35,0
905.430132,44.581956,75,35,0
5690.879978,24.192925,75,35,0
2462.258624,35.817580,75,35,0
3228.538473,26.112799,75,35,0
1996.771269,44.890388,75,35,0
5981.023762,55.144597,75,35,0
5945.749176,37.829260,75,35,0
6519.772736,52.708509,75,35,0
