Distance,Tx Power,Bandwidth,Subband BW,Subband Offset
3402.028308,31.436535,100,46,7
8446.049617,51.028754,100,46,7
9879.445555,46.418542,100,46,7
7720.860227,51.038914,100,46,7
9630.335305,22.669239,100,46,7
6116.932190,23.544548,100,46,7
5448.268246,37.669348,100,46,7
3377.603722,44.145611,100,46,7
1440.855081,24.058203,100,46,7
