Distance,Tx Power,Bandwidth,Subband BW,Subband Offset
9881.235410,24.365364,100,46,54
2940.136972,35.162279,100,46,54
1031.276567,24.849387,100,46,54
5763.498870,15.566374,100,46,54
9664.117491,44.329351,100,46,54
989.917004,51.570755,100,46,54
5792.744389,56.690370,100,46,54
1118.996304,42.199803,100,46,54
3295.495181,43.314606,100,46,54
