Distance,Tx Power,Bandwidth,Subband BW,Subband Offset
2543.690859,40.443338,100,24,68
5840.576011,43.186762,100,24,68
5678.516439,28.096116,100,24,68
4705.087213,29.288323,100,24,68
5994.557148,21.307765,100,24,68
4669.492552,47.413290,100,24,68
378.970992,42.846518,100,24,68
8547.841122,39.966638,100,24,68
7418.404268,39.910066,100,24,68
