Distance,Tx Power,Bandwidth,Subband BW,Subband Offset
4678.489101,37.721973,75,24,13
579.430166,16.823245,75,24,13
7114.885746,40.354076,75,24,13
5197.557145,37.865871,75,24,13
5049.526182,57.679869,75,24,13
6851.658983,34.690477,75,24,13
6866.152096,45.238343,75,24,13
5813.854558,52.182347,75,24,13
3260.565220,48.359484,75,24,13
