Distance,Tx Power,Bandwidth,Subband BW,Subband Offset
9052.393457,27.237625,15,8,2
9858.689641,23.729616,15,8,2
365.965246,26.767135,15,8,2
9755.681266,53.569393,15,8,2
5091.681589,18.030893,15,8,2
6159.877864,15.130041,15,8,2
9694.745950,58.999874,15,8,2
9570.402407,35.529330,15,8,2
8017.713396,32.302806,15,8,2
