Distance,Tx Power,Bandwidth,Subband BW,Subband Offset
4377.904647,21.688277,50,6,28
9913.359584,19.817118,50,6,28
3354.642640,25.794310,50,6,28
9797.795027,49.203685,50,6,28
3947.754428,44.526486,50,6,28
4969.908062,23.342132,50,6,28
8574.682916,33.335294,50,6,28
3538.212247,49.984183,50,6,28
6148.266087,48.808102,50,6,28
