Distance,Tx Power,Bandwidth,Subband BW,Subband Offset
9531.130043,36.602516,100,8,34
6681.908738,47.763392,100,8,34
4473.544409,39.093305,100,8,34
3951.178251,22.218815,100,8,34
2704.493929,58.946410,100,8,34
3499.806742,37.764445,100,8,34
4902.346542,20.962318,100,8,34
7675.168207,47.083446,100,8,34
231.890577,47.225107,100,8,34
