Distance,Tx Power,Bandwidth,Subband BW,Subband Offset
8158.753020,23.836854,50,32,15
5064.997705,40.598749,50,32,15
9477.198525,29.309037,50,32,15
5509.865282,23.472050,50,32,15
5416.153208,38.045898,50,32,15
7507.639003,38.166004,50,32,15
6528.932459,26.134265,50,32,15
5484.637142,20.387049,50,32,15
2465.392316,44.823915,50,32,15
