Distance,Tx Power,Bandwidth,Subband BW,Subband Offset
3604.246349,44.959994,50,19,7
916.977486,23.746497,50,19,7
9826.695172,52.690935,50,19,7
9176.329980,20.267665,50,19,7
6520.599762,46.697576,50,19,7
8446.375119,49.630287,50,19,7
8382.850496,29.829000,50,19,7
1744.633224,40.332391,50,19,7
6933.900613,54.593411,50,19,7
