Distance,Tx Power,Bandwidth,Subband BW,Subband Offset
1581.632610,44.005076,75,21,48
7521.793095,34.284549,75,21,48
4553.144539,52.112073,75,21,48
8554.352533,24.692690,75,21,48
9777.458548,59.695433,75,21,48
9462.415287,54.218483,75,21,48
1290.352094,17.362175,75,21,48
4067.280471,21.218694,75,21,48
7629.467937,47.010864,75,21,48
