Distance,Tx Power,Bandwidth,Subband BW,Subband Offset
4131.284869,51.770349,100,12,87
9866.074906,48.614711,100,12,87
5018.051524,21.773192,100,12,87
3161.924322,50.463057,100,12,87
7444.122584,54.600165,100,12,87
3153.752999,24.005483,100,12,87
8256.900290,59.615825,100,12,87
5446.506356,23.101060,100,12,87
5828.669752,16.826554,100,12,87
