Distance,Tx Power,Bandwidth,Subband BW,Subband Offset
8069.139990,32.137405,50,14,26
2925.451557,22.182537,50,14,26
6715.135352,36.908633,50,14,26
3065.801512,40.339017,50,14,26
7548.475641,45.737693,50,14,26
9464.782958,37.981315,50,14,26
5757.691808,15.269508,50,14,26
6193.322519,23.688330,50,14,26
2187.995637,40.184957,50,14,26
