Distance,Tx Power,Bandwidth,Subband BW,Subband Offset
5387.549117,44.759401,100,35,29
9544.967600,19.397724,100,35,29
1843.466755,55.662907,100,35,29
1598.855244,38.269948,100,35,29
6114.123314,54.942830,100,35,29
613.152381,42.312155,100,35,29
9984.150539,46.782949,100,35,29
4359.050466,23.504271,100,35,29
6371.833009,58.779738,100,35,29
