Distance,Tx Power,Bandwidth,Subband BW,Subband Offset
9513.005678,26.035638,75,50,18
6803.988275,47.635963,75,50,18
7132.062995,19.647376,75,50,18
3707.021536,52.479054,75,50,18
7561.080481,17.259217,75,50,18
6483.050495,22.579152,75,50,18
6878.823792,27.376415,75,50,18
3493.911725,33.402858,75,50,18
9043.778365,30.839119,75,50,18
