Distance,Tx Power,Bandwidth,Subband BW,Subband Offset
4187.935018,27.511684,25,6,15
8376.690271,24.525421,25,6,15
6105.770812,32.429435,25,6,15
7209.365191,50.838708,25,6,15
2652.553325,20.337033,25,6,15
2151.849287,44.105658,25,6,15
1962.582302,52.408254,25,6,15
5967.062975,48.478684,25,6,15
4315.647140,52.713549,25,6,15
