Distance,Tx Power,Bandwidth,Subband BW,Subband Offset
297.990121,37.021121,50,16,29
5145.651769,44.340541,50,16,29
1039.262089,40.055556,50,16,29
9430.688219,55.563709,50,16,29
2474.256688,39.317639,50,16,29
2735.009385,43.913648,50,16,29
8201.627394,46.652277,50,16,29
7337.145398,40.018180,50,16,29
4804.364135,51.577000,50,16,29
