Distance,Tx Power,Bandwidth,Subband BW,Subband Offset
1402.780057,22.955794,50,16,9
9404.911384,15.433947,50,16,9
1156.687660,45.482943,50,16,9
6388.148988,25.441559,50,16,9
3445.832220,18.026544,50,16,9
9521.822308,28.521265,50,16,9
5133.948446,37.453378,50,16,9
4004.936004,58.411550,50,16,9
7794.340776,36.274808,50,16,9
