Distance,Tx Power,Bandwidth,Subband BW,Subband Offset
5403.931664,51.133939,15,12,3
6048.709704,28.188330,15,12,3
8858.316311,47.294069,15,12,3
7760.020108,25.720633,15,12,3
8327.050082,53.926756,15,12,3
528.451511,41.479062,15,12,3
3707.913932,24.748904,15,12,3
3898.110742,24.896317,15,12,3
5549.846158,36.156298,15,12,3
