Distance,Tx Power,Bandwidth,Subband BW,Subband Offset
2888.805560,51.295859,75,8,23
2677.737030,51.205322,75,8,23
9102.086658,41.982066,75,8,23
5546.256611,42.728472,75,8,23
8527.129357,50.518254,75,8,23
5420.381304,48.791395,75,8,23
1294.608427,30.326577,75,8,23
6022.171607,30.357672,75,8,23
3191.887602,59.830601,75,8,23
