Distance,Tx Power,Bandwidth,Subband BW,Subband Offset
9768.623737,16.203274,25,11,4
7832.877693,35.067443,25,11,4
9685.065639,41.456901,25,11,4
437.826497,35.370749,25,11,4
7424.586935,37.635304,25,11,4
3776.253371,56.277911,25,11,4
5422.618357,40.432631,25,11,4
8038.171724,54.542897,25,11,4
8565.449323,39.895958,25,11,4
