Distance,Tx Power,Bandwidth,Subband BW,Subband Offset
7304.041951,40.202539,50,16,22
2558.197173,43.009876,50,16,22
5790.095979,55.349935,50,16,22
2920.090610,39.686216,50,16,22
5663.399432,16.073447,50,16,22
8913.286493,37.847299,50,16,22
9279.859996,51.081143,50,16,22
3153.955810,25.966802,50,16,22
7897.143054,23.989515,50,16,22
