Distance,Tx Power,Bandwidth,Subband BW,Subband Offset
2575.114316,27.746357,50,17,8
6397.450516,27.255855,50,17,8
2663.687485,59.324681,50,17,8
936.316559,54.878588,50,17,8
7619.064325,26.071329,50,17,8
1721.324000,58.673040,50,17,8
1974.864714,31.963905,50,17,8
8086.187024,55.893636,50,17,8
9140.313960,54.514153,50,17,8
