Distance,Tx Power,Bandwidth,Subband BW,Subband Offset
919.297158,49.294254,100,62,14
5586.599329,39.306623,100,62,14
9399.082503,55.186762,100,62,14
2616.362098,59.446835,100,62,14
1361.566002,18.956676,100,62,14
1955.215349,48.603432,100,62,14
6980.380373,57.795641,100,62,14
8788.591256,24.314426,100,62,14
7982.173694,24.964750,100,62,14
