Distance,Tx Power,Bandwidth,Subband BW,Subband Offset
2860.279913,20.342348,100,65,22
1073.430978,28.063784,100,65,22
6710.391960,44.240776,100,65,22
1297.561207,44.389574,100,65,22
1878.632754,52.005306,100,65,22
8627.910948,51.118742,100,65,22
5300.447892,51.102954,100,65,22
7705.343749,36.577985,100,65,22
9532.781984,17.116612,100,65,22
