Distance,Tx Power,Bandwidth,Subband BW,Subband Offset
3201.675037,34.293805,25,8,11
7312.643024,57.680291,25,8,11
6810.055074,47.027466,25,8,11
681.768638,50.434681,25,8,11
6306.718198,47.188677,25,8,11
9661.722959,34.990816,25,8,11
9314.463828,22.418557,25,8,11
5035.620903,25.906071,25,8,11
8243.492334,31.843101,25,8,11
