Distance,Tx Power,Bandwidth,Subband BW,Subband Offset
8729.065338,46.007930,15,7,7
9744.979004,50.164519,15,7,7
3732.075530,21.694335,15,7,7
5878.218471,24.422518,15,7,7
3119.821053,49.565669,15,7,7
2614.085784,21.386369,15,7,7
9503.008892,19.082605,15,7,7
7482.072476,32.452238,15,7,7
2493.267708,43.227344,15,7,7
