Distance,Tx Power,Bandwidth,Subband BW,Subband Offset
3372.999896,49.521929,50,31,19
6559.794848,30.307865,50,31,19
6718.914306,47.402815,50,31,19
5899.306274,43.035173,50,31,19
6528.678018,50.090196,50,31,19
3429.333494,15.036818,50,31,19
2663.666886,21.855963,50,31,19
9524.744045,37.697823,50,31,19
4713.957658,30.009867,50,31,19
