Distance,Tx Power,Bandwidth,Subband BW,Subband Offset
1382.956830,16.328483,15,9,6
8207.448753,54.242851,15,9,6
4072.746013,47.144596,15,9,6
1264.350032,39.805104,15,9,6
1185.648085,34.461896,15,9,6
621.532112,47.611648,15,9,6
8381.603656,40.429709,15,9,6
7427.823201,54.715474,15,9,6
4076.232340,25.242670,15,9,6
