Distance,Tx Power,Bandwidth,Subband BW,Subband Offset
1016.415538,56.783631,15,10,3
9385.912777,41.588392,15,10,3
6471.554402,34.940257,15,10,3
6685.504494,38.107435,15,10,3
9302.512037,47.765642,15,10,3
5620.974350,40.386106,15,10,3
6950.317477,51.835968,15,10,3
8292.934393,27.723628,15,10,3
3134.437755,45.478110,15,10,3
