Distance,Tx Power,Bandwidth,Subband BW,Subband Offset
4607.437352,42.394617,75,57,16
1800.376283,18.028804,75,57,16
2422.557490,48.741981,75,57,16
4392.058766,48.107586,75,57,16
1660.523726,45.947054,75,57,16
5986.943924,52.266262,75,57,16
9108.253098,28.273861,75,57,16
687.441038,30.143369,75,57,16
3614.198881,18.047323,75,57,16
