Distance,Tx Power,Bandwidth,Subband BW,Subband Offset
2002.006943,50.954954,100,74,11
3529.733491,16.818101,100,74,11
955.147911,19.199853,100,74,11
7688.568948,17.014850,100,74,11
9676.721989,54.328866,100,74,11
7571.262668,23.048853,100,74,11
3884.244092,37.875472,100,74,11
6846.199932,37.228463,100,74,11
382.233892,32.689487,100,74,11
