Distance,Tx Power,Bandwidth,Subband BW,Subband Offset
2750.905602,40.899533,75,62,5
9339.876240,55.051232,75,62,5
7559.546873,41.782419,75,62,5
4624.438506,45.427777,75,62,5
3608.587762,23.701316,75,62,5
7943.920041,53.994282,75,62,5
7289.337942,34.619887,75,62,5
1587.978104,59.956100,75,62,5
1229.041137,22.065100,75,62,5
