Distance,Tx Power,Bandwidth,Subband BW,Subband Offset
1996.440536,22.926400,25,13,3
2973.958163,37.136773,25,13,3
6316.444960,38.022687,25,13,3
5281.214686,33.794783,25,13,3
3687.454305,52.137614,25,13,3
3451.990544,17.582788,25,13,3
704.059506,52.129532,25,13,3
559.202623,16.753779,25,13,3
2711.227656,47.886843,25,13,3
