Distance,Tx Power,Bandwidth,Subband BW,Subband Offset
1523.640592,25.678348,100,20,37
2291.886903,59.370757,100,20,37
4851.811014,34.427361,100,20,37
7433.161223,27.660950,100,20,37
6167.274021,21.663672,100,20,37
9104.159768,39.361392,100,20,37
8335.113197,48.833604,100,20,37
3355.152837,34.916169,100,20,37
2814.849627,31.667327,100,20,37
