Distance,Tx Power,Bandwidth,Subband BW,Subband Offset
229.495148,56.274292,75,29,46
6962.757580,28.897481,75,29,46
9804.111917,30.459975,75,29,46
1325.898241,18.625452,75,29,46
6415.226840,48.463706,75,29,46
3288.674704,37.016965,75,29,46
1528.031126,20.191391,75,29,46
9676.977993,24.990927,75,29,46
3757.320031,20.208677,75,29,46
