Distance,Tx Power,Bandwidth,Subband BW,Subband Offset
892.920822,25.734168,50,22,26
2628.049787,48.208519,50,22,26
8841.628913,24.051480,50,22,26
5145.595415,40.052881,50,22,26
5567.211228,17.377613,50,22,26
8679.174653,48.745096,50,22,26
9135.059795,17.831468,50,22,26
1341.793754,54.345065,50,22,26
6588.301960,43.794893,50,22,26
