Distance,Tx Power,Bandwidth,Subband BW,Subband Offset
9801.117266,46.722058,25,6,1
1688.867547,41.511902,25,6,1
2736.952437,40.128090,25,6,1
4673.713252,19.351699,25,6,1
7916.955146,19.116317,25,6,1
1378.386304,36.472537,25,6,1
4803.032731,33.845087,25,6,1
5431.036444,36.405261,25,6,1
2699.143929,18.339087,25,6,1
