Distance,Tx Power,Bandwidth,Subband BW,Subband Offset
7565.692209,38.230712,25,15,0
2962.282777,23.124371,25,15,0
4011.091887,25.576186,25,15,0
5537.305282,17.284080,25,15,0
9509.605586,35.462087,25,15,0
2153.390990,23.400710,25,15,0
1786.891113,27.808610,25,15,0
1940.719417,46.656648,25,15,0
6718.339813,32.189995,25,15,0
