Distance,Tx Power,Bandwidth,Subband BW,Subband Offset
1319.098519,47.141740,15,14,0
5543.998652,39.166526,15,14,0
4550.917738,18.531734,15,14,0
5286.045196,39.891908,15,14,0
3438.531515,45.860241,15,14,0
8984.343800,22.038532,15,14,0
1887.237082,36.361805,15,14,0
2235.317386,15.735578,15,14,0
9917.234292,37.065146,15,14,0
