Distance,Tx Power,Bandwidth,Subband BW,Subband Offset
6327.247328,33.013010,15,11,1
4851.873851,58.678549,15,11,1
923.687327,29.625646,15,11,1
4821.725869,54.696181,15,11,1
5842.021981,23.483926,15,11,1
5079.959688,39.913732,15,11,1
6176.252079,38.160831,15,11,1
3937.816157,54.196174,15,11,1
6711.360060,24.640311,15,11,1
