Distance,Tx Power,Bandwidth,Subband BW,Subband Offset
6824.134271,39.489427,50,12,27
5947.494434,30.069718,50,12,27
4059.003684,47.122813,50,12,27
4668.396934,49.860610,50,12,27
4211.316293,57.811743,50,12,27
1243.663299,38.346398,50,12,27
7213.422658,40.925830,50,12,27
804.963757,18.456423,50,12,27
6467.917384,51.192178,50,12,27
