Distance,Tx Power,Bandwidth,Subband BW,Subband Offset
9470.982460,58.197999,75,49,19
6888.100733,36.510850,75,49,19
5328.656396,39.989850,75,49,19
7186.848327,37.256963,75,49,19
988.517947,39.556459,75,49,19
9319.610974,57.528916,75,49,19
658.357296,22.855714,75,49,19
5194.016147,59.462732,75,49,19
7776.498488,20.342047,75,49,19
