Distance,Tx Power,Bandwidth,Subband BW,Subband Offset
8177.693367,32.533779,50,18,5
7300.505726,37.884451,50,18,5
4608.322325,51.693996,50,18,5
2343.463402,43.375772,50,18,5
6443.429140,53.093213,50,18,5
6437.785759,22.854704,50,18,5
4432.405073,28.921784,50,18,5
4712.971539,34.403878,50,18,5
7558.310240,25.388447,50,18,5
