Distance,Tx Power,Bandwidth,Subband BW,Subband Offset
4478.489426,24.184161,75,42,26
1981.024644,16.231313,75,42,26
7132.742284,19.043440,75,42,26
933.619960,46.738842,75,42,26
2274.507637,54.198393,75,42,26
7285.709661,33.538097,75,42,26
7973.903320,59.773542,75,42,26
6584.603005,56.135183,75,42,26
7281.377380,18.417495,75,42,26
