Distance,Tx Power,Bandwidth,Subband BW,Subband Offset
1764.159209,40.753283,75,16,10
2347.480393,53.408206,75,16,10
9547.162236,51.357362,75,16,10
2094.832367,46.949906,75,16,10
4889.292390,38.008331,75,16,10
8546.310000,48.293720,75,16,10
8386.735288,56.288252,75,16,10
1967.902168,56.577828,75,16,10
5053.155620,39.638667,75,16,10
