Distance,Tx Power,Bandwidth,Subband BW,Subband Offset
4457.054003,33.657356,75,37,32
2651.519738,17.582399,75,37,32
3460.008867,23.122910,75,37,32
1112.401872,42.651057,75,37,32
463.370000,31.247915,75,37,32
2944.534281,16.123115,75,37,32
6071.131702,35.390559,75,37,32
9764.990937,47.491540,75,37,32
8741.647495,45.539713,75,37,32
