Distance,Tx Power,Bandwidth,Subband BW,Subband Offset
9954.358781,56.288089,25,6,15
4755.555492,29.203007,25,6,15
2358.345208,40.816915,25,6,15
5788.303989,15.525123,25,6,15
4092.954754,26.680052,25,6,15
1163.535847,53.930167,25,6,15
6508.592134,48.394691,25,6,15
3070.964523,32.249912,25,6,15
4300.152602,43.824898,25,6,15
