Distance,Tx Power,Bandwidth,Subband BW,Subband Offset
6149.592929,58.336437,75,16,41
1196.955924,53.715797,75,16,41
3896.518078,25.050111,75,16,41
4384.200626,40.288720,75,16,41
3019.329160,50.428348,75,16,41
1068.189531,19.402244,75,16,41
8721.048446,16.178360,75,16,41
2730.132439,40.365667,75,16,41
4966.183145,15.353240,75,16,41
