Distance,Tx Power,Bandwidth,Subband BW,Subband Offset
2256.220233,24.352420,25,7,9
4268.841617,16.669274,25,7,9
5433.127379,24.000186,25,7,9
8870.171704,17.279654,25,7,9
1167.179475,20.465378,25,7,9
3789.810615,25.145302,25,7,9
5834.827672,29.948169,25,7,9
7091.119698,21.028917,25,7,9
520.270643,48.164239,25,7,9
