Distance,Tx Power,Bandwidth,Subband BW,Subband Offset
5287.099250,37.690309,100,8,12
8105.288179,36.356103,100,8,12
3040.502841,19.599516,100,8,12
5672.328162,21.695440,100,8,12
3642.596456,24.039195,100,8,12
871.425669,26.096235,100,8,12
3822.170902,55.188363,100,8,12
7952.396660,19.529422,100,8,12
9039.377560,22.234266,100,8,12
