Distance,Tx Power,Bandwidth,Subband BW,Subband Offset
2146.703693,54.030240,75,25,25
2214.021514,38.525698,75,25,25
2415.188630,39.551965,75,25,25
2952.760359,52.077831,75,25,25
9154.308229,35.000604,75,25,25
9800.260359,52.066227,75,25,25
9766.223615,37.509836,75,25,25
592.370651,16.388211,75,25,25
4054.683110,38.427179,75,25,25
