Distance,Tx Power,Bandwidth,Subband BW,Subband Offset
6204.821600,15.673978,100,23,4
9224.961269,30.183166,100,23,4
7354.302764,31.046845,100,23,4
3164.362129,49.918190,100,23,4
2117.884135,55.731613,100,23,4
8339.775740,29.418776,100,23,4
5564.690640,59.712495,100,23,4
6519.557672,33.515056,100,23,4
1279.687161,17.101698,100,23,4
