Distance,Tx Power,Bandwidth,Subband BW,Subband Offset
9568.974917,42.152775,25,12,7
8890.786105,31.609838,25,12,7
3687.857417,19.964156,25,12,7
9385.600190,18.999131,25,12,7
6962.176294,47.168935,25,12,7
6025.121003,25.856081,25,12,7
6417.096730,53.880953,25,12,7
3164.109071,16.705187,25,12,7
5784.591958,31.128763,25,12,7
