Distance,Tx Power,Bandwidth,Subband BW,Subband Offset
5031.587038,55.724548,15,11,0
6338.670357,42.796946,15,11,0
9866.894417,24.954403,15,11,0
7266.268036,27.469703,15,11,0
9718.694792,48.925748,15,11,0
2969.670019,53.212378,15,11,0
2622.781454,41.196023,15,11,0
618.403489,54.214723,15,11,0
4047.658565,26.228863,15,11,0
