Distance,Tx Power,Bandwidth,Subband BW,Subband Offset
4645.079533,39.143065,100,61,30
9027.196468,48.466327,100,61,30
4816.627997,33.550609,100,61,30
4401.790179,41.724322,100,61,30
8923.431362,47.253126,100,61,30
1931.534259,23.481699,100,61,30
5643.792937,29.363525,100,61,30
2740.730906,41.323407,100,61,30
4086.502671,30.996533,100,61,30
