Distance,Tx Power,Bandwidth,Subband BW,Subband Offset
2545.790212,51.301619,75,32,40
8229.583602,59.795401,75,32,40
3633.877130,58.074856,75,32,40
2122.441911,21.749815,75,32,40
5222.217611,55.633848,75,32,40
3168.268007,57.446597,75,32,40
9978.814956,46.302559,75,32,40
4570.714835,57.078805,75,32,40
1841.173831,33.399712,75,32,40
