Distance,Tx Power,Bandwidth,Subband BW,Subband Offset
7398.192363,16.216301,25,9,7
8779.697316,32.008650,25,9,7
2946.627211,21.339839,25,9,7
9521.954764,18.171386,25,9,7
2456.597779,28.782743,25,9,7
5396.592558,26.153562,25,9,7
3981.230833,28.087105,25,9,7
1615.716190,27.448954,25,9,7
5682.679288,44.544955,25,9,7
