Distance,Tx Power,Bandwidth,Subband BW,Subband Offset
3823.626635,47.393896,100,91,1
3527.684636,17.559689,100,91,1
2010.035926,30.701923,100,91,1
6270.470732,59.567879,100,91,1
7914.196070,38.083141,100,91,1
4234.386745,19.453058,100,91,1
137.706520,22.167152,100,91,1
6900.471968,24.930373,100,91,1
450.340734,56.632892,100,91,1
