Distance,Tx Power,Bandwidth,Subband BW,Subband Offset
2982.696897,56.957360,100,16,75
605.145348,58.213716,100,16,75
558.765256,20.358426,100,16,75
2581.705366,52.252536,100,16,75
6555.179181,48.800361,100,16,75
8159.342993,19.421980,100,16,75
7387.547069,27.420729,100,16,75
8058.188516,19.909391,100,16,75
5407.716487,59.645164,100,16,75
