Distance,Tx Power,Bandwidth,Subband BW,Subband Offset
8229.866551,42.023108,50,6,24
7614.198951,30.900606,50,6,24
5425.458218,39.613811,50,6,24
3800.963219,27.333060,50,6,24
4821.863465,45.034801,50,6,24
5055.435815,22.217742,50,6,24
8275.136365,28.483512,50,6,24
3190.590114,53.495133,50,6,24
7396.002537,52.248405,50,6,24
