Distance,Tx Power,Bandwidth,Subband BW,Subband Offset
8933.289505,45.291074,50,11,2
3410.462579,40.293986,50,11,2
6666.495269,30.824191,50,11,2
7495.552543,52.463907,50,11,2
5188.185631,49.051255,50,11,2
3841.051430,54.675242,50,11,2
6039.225041,19.547808,50,11,2
437.247209,42.588977,50,11,2
4717.741434,33.668954,50,11,2
