Distance,Tx Power,Bandwidth,Subband BW,Subband Offset
4193.943360,55.702642,100,66,10
6792.401588,26.021222,100,66,10
9717.141368,30.688618,100,66,10
2859.020119,23.583381,100,66,10
7575.536289,34.297588,100,66,10
2783.674272,34.516047,100,66,10
3316.700252,35.295306,100,66,10
9691.926130,28.030846,100,66,10
3535.614760,24.015531,100,66,10
