Distance,Tx Power,Bandwidth,Subband BW,Subband Offset
8360.177595,43.076197,100,35,25
1894.161327,35.881334,100,35,25
5080.963157,42.334820,100,35,25
7576.935974,32.354259,100,35,25
4972.661467,49.026076,100,35,25
8711.549433,38.053179,100,35,25
5002.540065,30.406619,100,35,25
3316.988274,21.686661,100,35,25
9381.656273,46.728048,100,35,25
