Distance,Tx Power,Bandwidth,Subband BW,Subband Offset
1454.920133,20.540107,15,10,2
9912.798435,17.183441,15,10,2
9049.326827,53.509537,15,10,2
2509.255726,51.194792,15,10,2
8446.912798,43.953199,15,10,2
1058.277316,39.993975,15,10,2
7600.501444,20.305693,15,10,2
7336.847130,46.691763,15,10,2
3526.565448,42.599382,15,10,2
