Distance,Tx Power,Bandwidth,Subband BW,Subband Offset
8494.517777,35.825188,25,9,3
5788.995800,35.359014,25,9,3
2917.875368,33.076803,25,9,3
364.162198,50.359636,25,9,3
6956.508030,35.839074,25,9,3
9176.034533,26.166611,25,9,3
3383.845433,16.962949,25,9,3
7877.531642,58.899775,25,9,3
9159.686111,52.422108,25,9,3
