Distance,Tx Power,Bandwidth,Subband BW,Subband Offset
4213.852397,49.316886,100,17,27
2696.496288,24.070339,100,17,27
8871.578874,34.641805,100,17,27
6085.135591,16.822351,100,17,27
3251.448867,48.478041,100,17,27
5983.033379,52.420187,100,17,27
7244.831525,21.762450,100,17,27
1621.719100,52.228628,100,17,27
2209.510113,27.702061,100,17,27
