Distance,Tx Power,Bandwidth,Subband BW,Subband Offset
7547.895436,48.460580,25,22,2
7584.784673,28.780642,25,22,2
8722.604700,57.765688,25,22,2
6535.882531,27.492922,25,22,2
6497.401108,53.989425,25,22,2
8977.980247,38.169813,25,22,2
6804.388209,49.287018,25,22,2
8286.342833,45.661576,25,22,2
668.718153,44.739599,25,22,2
