Distance,Tx Power,Bandwidth,Subband BW,Subband Offset
3637.599851,45.396199,100,28,23
2569.679669,52.503721,100,28,23
224.658405,45.946802,100,28,23
7121.588408,47.652452,100,28,23
5721.443371,53.290443,100,28,23
6697.901779,17.051984,100,28,23
7597.612551,47.649576,100,28,23
3117.998546,53.168473,100,28,23
8434.538444,43.048520,100,28,23
