Distance,Tx Power,Bandwidth,Subband BW,Subband Offset
3837.120391,29.234604,50,10,1
3551.145278,47.801050,50,10,1
1699.533236,57.342198,50,10,1
1584.242268,59.001344,50,10,1
5311.206934,19.169150,50,10,1
1786.313288,39.062578,50,10,1
5299.515320,27.603060,50,10,1
1832.536504,46.789785,50,10,1
8149.805498,20.968588,50,10,1
