Distance,Tx Power,Bandwidth,Subband BW,Subband Offset
9365.925614,15.139592,75,7,14
9179.556024,24.164267,75,7,14
9649.013686,48.267910,75,7,14
9987.140276,47.365209,75,7,14
776.280502,47.513251,75,7,14
136.161038,32.795783,75,7,14
5061.617603,52.428903,75,7,14
5345.166686,24.811263,75,7,14
7279.094743,43.447374,75,7,14
