Distance,Tx Power,Bandwidth,Subband BW,Subband Offset
5094.861196,21.599913,15,8,0
7709.527969,42.777086,15,8,0
2256.294273,50.368006,15,8,0
6825.799123,25.313557,15,8,0
3987.997721,19.611204,15,8,0
5185.676401,20.811166,15,8,0
5397.374203,32.030743,15,8,0
1986.362027,47.116435,15,8,0
877.090692,15.468777,15,8,0
