Distance,Tx Power,Bandwidth,Subband BW,Subband Offset
8582.809394,42.903080,75,39,16
4235.587700,53.935220,75,39,16
9368.774577,18.332127,75,39,16
2799.719502,40.512066,75,39,16
4081.335571,57.614782,75,39,16
8897.123842,30.831330,75,39,16
5622.056388,44.218320,75,39,16
6669.507239,25.319697,75,39,16
5790.553331,28.606811,75,39,16
