Distance,Tx Power,Bandwidth,Subband BW,Subband Offset
4412.531168,59.742342,100,56,29
2132.534389,41.231611,100,56,29
2942.423376,16.776029,100,56,29
4150.262392,47.909007,100,56,29
223.849149,32.914192,100,56,29
5012.906034,33.217125,100,56,29
2790.271976,50.150492,100,56,29
6845.096860,16.431259,100,56,29
7368.925969,17.340436,100,56,29
