Distance,Tx Power,Bandwidth,Subband BW,Subband Offset
5132.270207,28.636698,50,16,2
616.603434,51.146644,50,16,2
6693.532444,40.719732,50,16,2
2818.651439,43.239619,50,16,2
2717.814183,30.489131,50,16,2
2512.380758,50.018503,50,16,2
7766.840270,52.221283,50,16,2
4539.532776,23.883425,50,16,2
8978.845044,27.510292,50,16,2
