Distance,Tx Power,Bandwidth,Subband BW,Subband Offset
1471.528577,15.993162,100,78,16
256.344962,51.921216,100,78,16
1680.127562,43.075411,100,78,16
3163.524154,25.517859,100,78,16
9453.661021,27.089741,100,78,16
4989.045006,29.234781,100,78,16
4793.410482,55.658645,100,78,16
829.245932,16.344247,100,78,16
4478.624906,16.070541,100,78,16
