Distance,Tx Power,Bandwidth,Subband BW,Subband Offset
465.486013,37.700019,100,10,0
7903.221883,49.187442,100,10,0
9863.042008,39.085917,100,10,0
8272.861840,42.003698,100,10,0
3264.376511,24.805723,100,10,0
5071.894977,38.123187,100,10,0
5595.413252,24.833562,100,10,0
9149.267912,30.086103,100,10,0
855.966375,46.690564,100,10,0
