Distance,Tx Power,Bandwidth,Subband BW,Subband Offset
1278.360524,42.934899,50,21,25
2854.976675,55.757513,50,21,25
2429.313652,17.041049,50,21,25
6195.867796,28.117038,50,21,25
4155.122207,49.809519,50,21,25
5260.020297,17.608167,50,21,25
4536.742468,35.867757,50,21,25
2258.610154,27.300897,50,21,25
4492.765991,52.634457,50,21,25
