Distance,Tx Power,Bandwidth,Subband BW,Subband Offset
4672.197576,43.706779,75,22,7
1174.497510,23.350193,75,22,7
5603.590001,57.351660,75,22,7
1174.848012,19.078318,75,22,7
5429.100960,48.367340,75,22,7
5888.808252,44.037405,75,22,7
2247.308882,42.113622,75,22,7
1325.567988,39.397186,75,22,7
1757.478466,16.252464,75,22,7
