Distance,Tx Power,Bandwidth,Subband BW,Subband Offset
652.743488,52.383149,50,9,10
2895.735237,36.015469,50,9,10
9471.598986,44.134282,50,9,10
1240.378843,32.739995,50,9,10
3211.948154,27.932623,50,9,10
139.580330,57.446532,50,9,10
1094.391532,49.928206,50,9,10
9184.857634,36.052336,50,9,10
507.448845,36.869261,50,9,10
