Distance,Tx Power,Bandwidth,Subband BW,Subband Offset
459.882662,38.835774,15,7,5
5274.461233,20.399820,15,7,5
3608.224053,32.348222,15,7,5
9754.456853,44.321464,15,7,5
8858.209014,48.955194,15,7,5
1800.551264,32.504453,15,7,5
961.613367,33.092272,15,7,5
5602.934229,57.058708,15,7,5
3609.823246,21.257605,15,7,5
