Distance,Tx Power,Bandwidth,Subband BW,Subband Offset
7255.108434,22.546923,100,67,1
8979.759138,38.683419,100,67,1
5578.393459,40.843940,100,67,1
8012.443892,26.195808,100,67,1
8977.034300,47.235493,100,67,1
8795.436999,53.948920,100,67,1
1483.134138,56.200177,100,67,1
1343.809792,25.755881,100,67,1
9867.806079,23.681096,100,67,1
