Distance,Tx Power,Bandwidth,Subband BW,Subband Offset
7949.819039,58.088812,75,17,52
640.259655,50.038126,75,17,52
591.232056,22.590157,75,17,52
6346.990198,35.982842,75,17,52
6881.664086,59.860695,75,17,52
165.351940,45.691813,75,17,52
841.876764,24.760710,75,17,52
8053.816059,29.327893,75,17,52
6494.193395,22.770025,75,17,52
