Distance,Tx Power,Bandwidth,Subband BW,Subband Offset
4590.549906,41.393424,50,8,35
9210.576926,29.040055,50,8,35
2800.489259,44.551430,50,8,35
391.354153,39.485343,50,8,35
7158.055239,54.525260,50,8,35
4086.789000,18.186737,50,8,35
8086.298236,46.663847,50,8,35
7530.928560,43.991059,50,8,35
1370.097427,40.190300,50,8,35
