Distance,Tx Power,Bandwidth,Subband BW,Subband Offset
2719.040408,37.624198,15,8,6
9776.918250,18.001422,15,8,6
1352.095234,31.596177,15,8,6
7416.404785,39.428948,15,8,6
6236.194598,43.262212,15,8,6
4323.918545,50.633566,15,8,6
9285.876521,53.974669,15,8,6
483.626580,41.082140,15,8,6
5726.815121,18.500864,15,8,6
