Distance,Tx Power,Bandwidth,Subband BW,Subband Offset
6160.442281,32.846874,15,12,3
436.238368,22.208139,15,12,3
2734.958774,36.043479,15,12,3
9662.150537,48.245307,15,12,3
3695.435900,40.445402,15,12,3
4510.218173,41.870685,15,12,3
9438.655966,41.747728,15,12,3
1807.811212,44.382685,15,12,3
8997.140301,27.096337,15,12,3
