Distance,Tx Power,Bandwidth,Subband BW,Subband Offset
2298.555754,55.829867,100,11,62
5091.902219,59.055232,100,11,62
9761.869167,24.032817,100,11,62
8797.040035,57.124591,100,11,62
130.609444,59.960572,100,11,62
1505.065243,53.571093,100,11,62
336.468578,29.502124,100,11,62
246.616857,39.221728,100,11,62
919.256315,53.038361,100,11,62
