Distance,Tx Power,Bandwidth,Subband BW,Subband Offset
7959.208028,50.505632,25,16,4
9451.361152,25.434811,25,16,4
8222.431377,55.606965,25,16,4
3042.178437,59.778620,25,16,4
8075.229209,49.004290,25,16,4
3158.965242,15.626939,25,16,4
599.989182,18.154820,25,16,4
1085.340640,37.815237,25,16,4
2174.753932,48.252752,25,16,4
