Distance,Tx Power,Bandwidth,Subband BW,Subband Offset
9239.423774,25.513891,25,7,10
3572.520322,19.993107,25,7,10
3005.930446,48.012372,25,7,10
703.253459,24.140971,25,7,10
3848.671390,51.925192,25,7,10
5140.025462,45.115957,25,7,10
5747.115402,20.457923,25,7,10
9521.124565,52.407686,25,7,10
4086.085423,42.787519,25,7,10
