Distance,Tx Power,Bandwidth,Subband BW,Subband Offset
1562.947910,56.673067,25,17,2
5427.413817,47.444521,25,17,2
6765.158188,49.256851,25,17,2
1420.610604,51.245500,25,17,2
8268.198181,40.207126,25,17,2
4496.615625,41.934844,25,17,2
2354.040122,15.993039,25,17,2
1660.781023,46.789487,25,17,2
7333.995735,39.821969,25,17,2
