Distance,Tx Power,Bandwidth,Subband BW,Subband Offset
8084.339282,49.535905,50,22,17
5803.981937,40.460355,50,22,17
4560.106180,58.738069,50,22,17
793.950702,21.123598,50,22,17
7683.060878,41.567417,50,22,17
2529.614642,48.223262,50,22,17
1159.585359,52.072127,50,22,17
6352.549474,22.750854,50,22,17
8483.282358,43.199354,50,22,17
