Distance,Tx Power,Bandwidth,Subband BW,Subband Offset
5340.731420,28.129863,25,6,9
2868.059911,23.589295,25,6,9
2601.427168,40.846088,25,6,9
4081.044512,44.356518,25,6,9
3986.100911,28.966376,25,6,9
782.761613,47.448504,25,6,9
8697.440221,31.362619,25,6,9
5202.331209,46.492791,25,6,9
2407.000850,29.311215,25,6,9
