Distance,Tx Power,Bandwidth,Subband BW,Subband Offset
2590.680170,19.701281,100,20,33
5533.101365,21.459229,100,20,33
991.493491,48.391420,100,20,33
1482.615182,19.129342,100,20,33
1686.773090,25.822123,100,20,33
9170.735023,27.345133,100,20,33
4610.592782,35.327366,100,20,33
7207.385098,24.396201,100,20,33
9057.764513,28.816595,100,20,33
