Distance,Tx Power,Bandwidth,Subband BW,Subband Offset
320.121909,54.944879,100,70,20
4985.324175,41.176930,100,70,20
1424.797866,27.055189,100,70,20
7080.564305,36.881635,100,70,20
7587.993037,28.203416,100,70,20
184.435509,58.935021,100,70,20
6144.888814,56.036302,100,70,20
9265.925295,54.209875,100,70,20
8498.824911,38.759112,100,70,20
