Distance,Tx Power,Bandwidth,Subband BW,Subband Offset
8335.503535,21.151746,50,7,27
6919.160468,32.198091,50,7,27
8053.721978,41.967613,50,7,27
4705.379313,24.555397,50,7,27
5818.723473,33.533590,50,7,27
8799.218399,34.084768,50,7,27
599.518090,22.586742,50,7,27
9159.278428,31.481580,50,7,27
5563.286880,58.498399,50,7,27
