Distance,Tx Power,Bandwidth,Subband BW,Subband Offset
3250.559205,15.479813,75,47,9
6400.873284,53.381330,75,47,9
8505.722318,46.764986,75,47,9
1260.748443,16.147227,75,47,9
4369.624046,25.323664,75,47,9
6889.722789,36.422258,75,47,9
7755.766022,40.108280,75,47,9
4472.665679,26.505463,75,47,9
4166.445649,35.835460,75,47,9
