Distance,Tx Power,Bandwidth,Subband BW,Subband Offset
8240.192772,15.512656,100,21,62
4292.094416,16.148429,100,21,62
4596.543227,47.498793,100,21,62
3803.907244,37.385469,100,21,62
342.665559,50.159048,100,21,62
6488.255691,36.360503,100,21,62
9392.490405,38.658283,100,21,62
1118.228803,47.242178,100,21,62
6978.249198,42.750111,100,21,62
