Distance,Tx Power,Bandwidth,Subband BW,Subband Offset
6969.530306,39.603207,50,15,0
7202.250439,46.872128,50,15,0
1154.898386,53.763080,50,15,0
1261.576448,50.733886,50,15,0
3183.966499,48.058834,50,15,0
4959.942650,21.830203,50,15,0
8206.159213,32.419550,50,15,0
9287.507237,54.684786,50,15,0
466.030544,30.156689,50,15,0
