Distance,Tx Power,Bandwidth,Subband BW,Subband Offset
3343.984419,39.460246,25,10,13
8730.691410,52.576246,25,10,13
4673.941556,29.214739,25,10,13
5199.319117,49.738904,25,10,13
4598.990412,43.162438,25,10,13
6263.418938,30.769357,25,10,13
598.759751,48.145473,25,10,13
5946.535509,46.261368,25,10,13
6281.328450,18.926830,25,10,13
