Distance,Tx Power,Bandwidth,Subband BW,Subband Offset
1119.267476,58.392401,15,9,5
1738.449535,48.282542,15,9,5
4025.886685,58.021785,15,9,5
6017.533852,48.451544,15,9,5
3932.353124,20.126424,15,9,5
4684.861603,53.466960,15,9,5
8232.230665,39.652897,15,9,5
247.612476,40.151993,15,9,5
3237.667703,51.713435,15,9,5
