Distance,Tx Power,Bandwidth,Subband BW,Subband Offset
2226.135017,58.550971,75,15,15
5553.214829,19.488975,75,15,15
2828.125293,46.304328,75,15,15
9024.970279,36.945320,75,15,15
7742.184374,22.291346,75,15,15
4889.540025,46.103877,75,15,15
2206.923673,46.866000,75,15,15
4935.522243,51.068172,75,15,15
3580.909502,55.354275,75,15,15
