Distance,Tx Power,Bandwidth,Subband BW,Subband Offset
1060.187099,38.190396,75,23,36
5013.227741,44.928880,75,23,36
1178.194294,45.145875,75,23,36
8497.535295,29.149557,75,23,36
5827.752831,24.932525,75,23,36
1436.805762,38.899878,75,23,36
5628.080726,40.878400,75,23,36
3395.446409,53.772761,75,23,36
6973.667069,44.642969,75,23,36
