Distance,Tx Power,Bandwidth,Subband BW,Subband Offset
4151.284204,16.162450,25,19,1
7538.817781,17.839639,25,19,1
5407.612029,37.491720,25,19,1
9025.909673,29.813270,25,19,1
4478.867979,39.601453,25,19,1
2245.499819,17.927270,25,19,1
3472.368290,20.253477,25,19,1
4526.677622,59.619223,25,19,1
7506.611157,59.450206,25,19,1
