Distance,Tx Power,Bandwidth,Subband BW,Subband Offset
1211.134880,31.663223,100,41,55
1967.621047,59.679754,100,41,55
1074.521256,33.718770,100,41,55
8633.765831,59.447418,100,41,55
4766.565435,23.596335,100,41,55
6133.673998,32.977114,100,41,55
5758.832947,59.896103,100,41,55
1069.442059,49.138344,100,41,55
620.270312,37.089657,100,41,55
