Distance,Tx Power,Bandwidth,Subband BW,Subband Offset
471.619771,52.835712,75,63,2
9271.927282,21.593953,75,63,2
7683.554060,49.674821,75,63,2
3073.098298,43.562201,75,63,2
1518.071892,35.281755,75,63,2
6408.640817,16.507837,75,63,2
3065.255372,46.537346,75,63,2
6104.610410,21.962220,75,63,2
8868.902801,23.829104,75,63,2
