Distance,Tx Power,Bandwidth,Subband BW,Subband Offset
9079.918212,59.173708,75,21,49
9106.341514,33.378464,75,21,49
5079.335968,57.410402,75,21,49
1503.432175,19.167191,75,21,49
7177.595662,26.553681,75,21,49
853.147051,49.685791,75,21,49
736.018595,24.202258,75,21,49
2398.223789,56.883026,75,21,49
4143.900729,18.657452,75,21,49
