Distance,Tx Power,Bandwidth,Subband BW,Subband Offset
7967.897457,49.155148,75,48,15
2871.374354,36.272834,75,48,15
5673.773839,37.620701,75,48,15
2182.914795,51.057367,75,48,15
9818.444182,25.073880,75,48,15
1927.851702,28.863963,75,48,15
2902.775372,50.717085,75,48,15
8958.769590,59.867424,75,48,15
5146.506140,29.041036,75,48,15
