Distance,Tx Power,Bandwidth,Subband BW,Subband Offset
8885.692985,52.320518,50,6,39
9577.466417,23.202892,50,6,39
8725.964968,33.635425,50,6,39
799.837686,18.801126,50,6,39
7697.021763,41.754308,50,6,39
8526.579395,19.877507,50,6,39
3559.678307,28.412666,50,6,39
5007.961184,42.472520,50,6,39
2965.610879,33.870111,50,6,39
