Distance,Tx Power,Bandwidth,Subband BW,Subband Offset
9575.951976,20.825900,50,15,2
5599.220049,52.612127,50,15,2
5507.983513,45.486101,50,15,2
6332.885737,20.390491,50,15,2
2708.008372,18.268734,50,15,2
2249.350529,31.217694,50,15,2
4788.269492,54.242676,50,15,2
6699.439227,56.284030,50,15,2
7568.010611,15.025555,50,15,2
