Distance,Tx Power,Bandwidth,Subband BW,Subband Offset
2490.650038,52.502439,100,76,22
5303.974727,41.511954,100,76,22
2249.910523,32.460971,100,76,22
833.402030,50.138588,100,76,22
9814.957364,45.917292,100,76,22
6474.365958,59.041512,100,76,22
1227.599709,53.266986,100,76,22
3599.434685,18.257437,100,76,22
7039.910030,40.025089,100,76,22
