Distance,Tx Power,Bandwidth,Subband BW,Subband Offset
9113.975967,41.714817,15,13,2
615.591826,39.666170,15,13,2
8300.725842,29.102233,15,13,2
2776.283111,45.444729,15,13,2
2903.124111,30.342880,15,13,2
3041.464095,40.730379,15,13,2
8178.654677,37.945793,15,13,2
4492.046105,54.076772,15,13,2
9612.653410,18.855997,15,13,2
