Distance,Tx Power,Bandwidth,Subband BW,Subband Offset
1650.501788,54.625092,15,10,3
5769.251173,50.188926,15,10,3
4854.664387,36.151697,15,10,3
8790.637587,44.175863,15,10,3
6737.615862,43.922108,15,10,3
8200.965400,47.544229,15,10,3
5378.973150,20.677119,15,10,3
571.821630,17.238518,15,10,3
3840.698381,55.498224,15,10,3
