Distance,Tx Power,Bandwidth,Subband BW,Subband Offset
1609.299256,30.280089,15,7,4
3354.362397,32.998441,15,7,4
7612.123581,58.520658,15,7,4
8552.662794,19.856623,15,7,4
2575.341918,21.809949,15,7,4
2307.430974,23.266422,15,7,4
8606.925042,28.193528,15,7,4
3670.930919,42.715401,15,7,4
3198.774250,35.560806,15,7,4
