Distance,Tx Power,Bandwidth,Subband BW,Subband Offset
9179.169377,38.583238,25,8,15
684.799704,49.023565,25,8,15
8521.785155,59.464937,25,8,15
957.081440,53.532465,25,8,15
5976.074717,15.666800,25,8,15
685.854168,22.269213,25,8,15
6829.069531,17.943804,25,8,15
1862.527102,42.393107,25,8,15
8609.382426,38.188785,25,8,15
