Distance,Tx Power,Bandwidth,Subband BW,Subband Offset
3158.966932,40.776830,50,37,2
7966.826814,17.607473,50,37,2
3282.142227,55.461956,50,37,2
4276.364639,35.323595,50,37,2
5130.743832,22.388952,50,37,2
1247.137494,29.435325,50,37,2
1254.344200,51.489653,50,37,2
5009.813641,54.288780,50,37,2
312.289352,42.946949,50,37,2
