Distance,Tx Power,Bandwidth,Subband BW,Subband Offset
1474.019680,46.419683,100,21,66
967.559953,35.215227,100,21,66
7956.785417,27.854390,100,21,66
3348.249508,58.853182,100,21,66
7922.498436,19.070643,100,21,66
6638.615618,46.705283,100,21,66
4399.935648,19.455380,100,21,66
4571.316853,22.126186,100,21,66
7504.605291,52.116909,100,21,66
