Distance,Tx Power,Bandwidth,Subband BW,Subband Offset
4923.408521,22.056167,100,31,52
1326.816259,25.594374,100,31,52
5568.948978,47.099246,100,31,52
8892.967155,30.412297,100,31,52
1955.884861,50.024835,100,31,52
7648.942987,50.499901,100,31,52
3458.526796,53.759396,100,31,52
2739.147907,42.063698,100,31,52
6553.100000,48.653752,100,31,52
