Distance,Tx Power,Bandwidth,Subband BW,Subband Offset
4882.947749,17.601881,75,62,7
4065.314711,23.887178,75,62,7
3439.797344,24.007540,75,62,7
4144.121467,54.126407,75,62,7
9472.523279,23.768525,75,62,7
1419.776821,26.700117,75,62,7
3234.204976,52.391891,75,62,7
7606.943659,50.196107,75,62,7
828.823777,42.602591,75,62,7
