Distance,Tx Power,Bandwidth,Subband BW,Subband Offset
6208.579777,30.460765,100,36,63
8069.895992,30.454654,100,36,63
7529.514365,34.954185,100,36,63
4430.320420,31.173681,100,36,63
6333.555762,58.713534,100,36,63
1516.476158,31.252067,100,36,63
334.574598,34.797626,100,36,63
3087.071980,37.614091,100,36,63
5430.836556,53.497710,100,36,63
