Distance,Tx Power,Bandwidth,Subband BW,Subband Offset
8803.737056,54.979554,50,35,1
1103.990621,29.304469,50,35,1
815.104557,30.077216,50,35,1
4349.413410,38.543663,50,35,1
8309.508471,55.257250,50,35,1
3307.050907,56.777508,50,35,1
898.026113,54.525100,50,35,1
7043.711498,23.319328,50,35,1
7864.135672,53.659815,50,35,1
