Distance,Tx Power,Bandwidth,Subband BW,Subband Offset
7152.996710,19.043281,50,19,6
5638.502829,58.684220,50,19,6
1630.257319,50.685245,50,19,6
6647.915848,43.206277,50,19,6
4479.519387,33.296898,50,19,6
935.126303,23.118569,50,19,6
2260.765805,32.003892,50,19,6
4283.798666,32.053312,50,19,6
2896.659168,51.356624,50,19,6
