Distance,Tx Power,Bandwidth,Subband BW,Subband Offset
9704.821056,53.701938,25,11,13
3842.901888,42.472758,25,11,13
6218.164797,19.170798,25,11,13
7906.174606,25.389101,25,11,13
2859.298822,23.381457,25,11,13
8491.092086,27.570232,25,11,13
2108.501391,45.214917,25,11,13
1305.798643,34.198575,25,11,13
8883.518670,26.567466,25,11,13
