Distance,Tx Power,Bandwidth,Subband BW,Subband Offset
2486.989181,18.192516,25,24,0
408.619326,19.507442,25,24,0
4116.294739,20.450090,25,24,0
8244.848870,22.012819,25,24,0
9507.422792,25.136533,25,24,0
2855.006739,50.284115,25,24,0
3542.492446,43.650163,25,24,0
8380.978772,58.487470,25,24,0
5486.087636,29.122000,25,24,0
