Distance,Tx Power,Bandwidth,Subband BW,Subband Offset
6545.837059,31.649921,15,6,4
6465.263394,20.755498,15,6,4
2336.278700,25.792309,15,6,4
5722.401567,30.802234,15,6,4
4529.659113,34.245827,15,6,4
2140.613399,52.988617,15,6,4
7560.384826,38.619000,15,6,4
8065.694118,47.900790,15,6,4
5715.592144,38.901713,15,6,4
