Distance,Tx Power,Bandwidth,Subband BW,Subband Offset
4833.578004,41.815216,25,9,1
5274.898898,54.470236,25,9,1
156.249250,45.259633,25,9,1
6525.228453,30.475953,25,9,1
1346.557588,42.901041,25,9,1
452.026696,44.847564,25,9,1
9523.929809,44.412533,25,9,1
2417.034876,46.645002,25,9,1
1032.832100,44.162861,25,9,1
