Distance,Tx Power,Bandwidth,Subband BW,Subband Offset
8163.096254,33.854975,100,15,45
3324.577567,56.361364,100,15,45
8430.562700,48.264546,100,15,45
4843.134159,54.489641,100,15,45
4515.893541,24.156409,100,15,45
8861.006998,43.427741,100,15,45
4499.366509,45.055469,100,15,45
6837.947673,28.851320,100,15,45
456.665115,25.395459,100,15,45
