Distance,Tx Power,Bandwidth,Subband BW,Subband Offset
6119.535347,35.459509,75,10,58
7524.966682,32.077041,75,10,58
435.631713,55.862679,75,10,58
5809.164893,16.191106,75,10,58
3945.169310,59.317541,75,10,58
8243.814253,24.489878,75,10,58
2623.668930,43.310124,75,10,58
6224.994364,57.415723,75,10,58
1768.484287,30.286832,75,10,58
