Distance,Tx Power,Bandwidth,Subband BW,Subband Offset
2288.592101,46.075041,50,11,31
1234.300100,50.012383,50,11,31
8725.635918,39.565182,50,11,31
5085.481617,16.070612,50,11,31
924.086901,48.763769,50,11,31
1001.394958,54.840388,50,11,31
356.197385,24.367862,50,11,31
804.147548,18.097340,50,11,31
7564.545308,40.497583,50,11,31
