Distance,Tx Power,Bandwidth,Subband BW,Subband Offset
7190.842183,40.595232,25,17,7
8739.489594,54.201886,25,17,7
4550.233893,15.966580,25,17,7
7030.834606,30.489005,25,17,7
9639.354027,37.374348,25,17,7
5467.301823,15.730170,25,17,7
8818.096285,58.767401,25,17,7
9034.486692,42.031270,25,17,7
8545.650805,30.211666,25,17,7
