Distance,Tx Power,Bandwidth,Subband BW,Subband Offset
8957.386842,28.259383,15,11,0
792.716836,53.911341,15,11,0
9218.136487,41.947782,15,11,0
2284.415214,42.061811,15,11,0
7576.893835,23.782835,15,11,0
5470.188523,50.093711,15,11,0
9078.860907,32.563979,15,11,0
3407.768610,47.215760,15,11,0
4249.591886,16.466010,15,11,0
