Distance,Tx Power,Bandwidth,Subband BW,Subband Offset
1823.981361,17.709788,75,53,15
5415.803444,22.341980,75,53,15
4666.903659,57.463266,75,53,15
7899.819985,53.629782,75,53,15
3528.742953,34.031268,75,53,15
6414.703880,30.474564,75,53,15
3177.580549,57.842349,75,53,15
6445.087012,23.439326,75,53,15
5063.230019,40.580152,75,53,15
