Distance,Tx Power,Bandwidth,Subband BW,Subband Offset
1640.216007,24.296254,50,36,2
3743.898278,58.396683,50,36,2
7284.099780,46.838573,50,36,2
1604.926032,38.551354,50,36,2
3665.708649,38.862348,50,36,2
3020.380938,50.647445,50,36,2
8588.098116,47.910026,50,36,2
3488.010562,27.954572,50,36,2
2915.093007,39.580698,50,36,2
