Distance,Tx Power,Bandwidth,Subband BW,Subband Offset
969.111675,58.905346,50,22,18
9618.976711,36.161254,50,22,18
8640.146865,40.131835,50,22,18
6298.939056,52.211068,50,22,18
4228.491786,23.094957,50,22,18
2976.788669,28.021306,50,22,18
6172.828311,48.551185,50,22,18
3891.315823,40.457043,50,22,18
9659.596213,18.113627,50,22,18
