Distance,Tx Power,Bandwidth,Subband BW,Subband Offset
2076.787226,17.294244,100,32,39
7429.663614,51.807528,100,32,39
3365.112212,46.918221,100,32,39
5799.529805,21.810100,100,32,39
2329.222629,24.788808,100,32,39
7671.310660,25.130187,100,32,39
8654.058246,59.426527,100,32,39
388.538950,48.926452,100,32,39
7571.930023,50.404785,100,32,39
