Distance,Tx Power,Bandwidth,Subband BW,Subband Offset
3057.276812,15.567351,15,9,4
5966.964774,48.727130,15,9,4
1972.355965,26.486142,15,9,4
8491.945131,35.974834,15,9,4
7245.386044,34.989904,15,9,4
6864.165357,17.926918,15,9,4
8382.649616,42.519991,15,9,4
7505.607700,39.991496,15,9,4
5672.848476,40.870447,15,9,4
