Distance,Tx Power,Bandwidth,Subband BW,Subband Offset
9933.758402,58.787877,75,32,8
3933.697185,31.219173,75,32,8
1812.911216,51.413785,75,32,8
6964.183375,25.703397,75,32,8
2283.902833,31.077518,75,32,8
4559.771710,45.884956,75,32,8
5633.038524,34.364673,75,32,8
4679.014364,23.331968,75,32,8
679.476607,28.378082,75,32,8
