Distance,Tx Power,Bandwidth,Subband BW,Subband Offset
1475.156111,27.948758,50,32,11
7033.508370,37.342001,50,32,11
9964.677552,55.952813,50,32,11
2268.734287,27.067105,50,32,11
5592.517084,49.991551,50,32,11
9024.486538,56.679290,50,32,11
9838.341793,43.495773,50,32,11
5520.950059,47.074629,50,32,11
352.199829,25.958580,50,32,11
