Distance,Tx Power,Bandwidth,Subband BW,Subband Offset
6122.528851,35.756335,75,31,11
4930.318038,35.968155,75,31,11
6947.891573,26.239476,75,31,11
9145.855654,37.284778,75,31,11
4569.263153,31.873024,75,31,11
4982.471826,16.238121,75,31,11
802.293169,37.218926,75,31,11
4293.953999,47.080557,75,31,11
3716.356700,21.820737,75,31,11
