Distance,Tx Power,Bandwidth,Subband BW,Subband Offset
7493.098053,32.888514,50,12,30
4283.752417,17.047084,50,12,30
3299.236975,41.010751,50,12,30
5273.406666,58.215544,50,12,30
6491.165932,15.253509,50,12,30
1343.875147,20.179155,50,12,30
2747.985559,23.992158,50,12,30
7734.642563,34.424556,50,12,30
9723.888433,59.687145,50,12,30
