Distance,Tx Power,Bandwidth,Subband BW,Subband Offset
8737.469541,38.622223,25,15,6
7490.595675,46.015063,25,15,6
8763.669602,54.901656,25,15,6
2428.011295,28.154420,25,15,6
8064.205231,20.229270,25,15,6
6536.872140,30.481934,25,15,6
5375.065361,43.591459,25,15,6
4153.687486,21.469039,25,15,6
3388.142787,40.298870,25,15,6
