Distance,Tx Power,Bandwidth,Subband BW,Subband Offset
3329.941214,31.441224,25,9,10
1996.587036,56.744883,25,9,10
8869.785817,51.732255,25,9,10
1258.336381,36.288303,25,9,10
6816.041902,17.038599,25,9,10
3562.912794,28.585027,25,9,10
4655.703478,42.836557,25,9,10
9115.379724,25.187041,25,9,10
3302.655651,33.851811,25,9,10
