Distance,Tx Power,Bandwidth,Subband BW,Subband Offset
921.233194,53.508047,75,17,9
4200.939996,30.171345,75,17,9
7958.030838,25.777131,75,17,9
7150.552284,58.419950,75,17,9
5690.624341,37.005239,75,17,9
1793.871165,32.531292,75,17,9
5766.969943,54.525208,75,17,9
9778.125495,57.644615,75,17,9
6263.227279,26.854818,75,17,9
