Distance,Tx Power,Bandwidth,Subband BW,Subband Offset
3330.624933,33.859654,50,30,2
8132.348355,16.648755,50,30,2
2061.247866,30.054318,50,30,2
2508.055765,27.989882,50,30,2
3652.641706,56.078358,50,30,2
3285.879793,33.652070,50,30,2
4393.699128,46.983352,50,30,2
4291.314860,53.432436,50,30,2
5209.970442,17.630259,50,30,2
