Distance,Tx Power,Bandwidth,Subband BW,Subband Offset
4555.851028,59.691997,25,9,3
4066.320255,25.969716,25,9,3
8160.287787,25.264897,25,9,3
8901.755637,35.137716,25,9,3
2603.490186,57.866689,25,9,3
1925.619454,37.644119,25,9,3
174.188326,21.527287,25,9,3
7150.437834,48.334961,25,9,3
6502.915757,40.159224,25,9,3
