Distance,Tx Power,Bandwidth,Subband BW,Subband Offset
5733.972452,33.338691,15,8,6
9794.126872,24.135175,15,8,6
9100.824699,37.418501,15,8,6
1945.056856,17.127975,15,8,6
2940.093041,30.198635,15,8,6
5130.618392,34.576769,15,8,6
2309.900024,36.905917,15,8,6
3474.496702,45.117815,15,8,6
3455.142406,20.365525,15,8,6
