Distance,Tx Power,Bandwidth,Subband BW,Subband Offset
5827.305870,28.799179,100,57,37
7396.531643,31.871594,100,57,37
5022.305446,26.312443,100,57,37
5426.422385,24.921123,100,57,37
3812.547319,30.648705,100,57,37
5939.704993,38.161785,100,57,37
1441.415513,47.998734,100,57,37
9059.936645,31.194293,100,57,37
4545.555755,48.318915,100,57,37
