Distance,Tx Power,Bandwidth,Subband BW,Subband Offset
5681.400402,57.081090,100,47,20
4480.244849,38.612660,100,47,20
6777.036437,40.612094,100,47,20
7089.307642,29.328719,100,47,20
2384.511258,36.644702,100,47,20
1856.190679,30.834646,100,47,20
8217.478397,41.695549,100,47,20
2477.422414,25.295029,100,47,20
4591.755437,44.221604,100,47,20
