Distance,Tx Power,Bandwidth,Subband BW,Subband Offset
4200.034336,15.236361,100,30,26
4936.456421,26.243015,100,30,26
6666.493430,20.761480,100,30,26
312.328065,57.662701,100,30,26
6349.437241,50.376267,100,30,26
8119.213806,21.506765,100,30,26
5387.641138,21.341104,100,30,26
5485.028134,59.574713,100,30,26
8283.934906,24.148849,100,30,26
