Distance,Tx Power,Bandwidth,Subband BW,Subband Offset
4160.658770,19.623627,15,8,2
4481.643933,39.409526,15,8,2
1305.150721,23.122046,15,8,2
3877.356376,24.400213,15,8,2
1486.522950,22.561084,15,8,2
3670.559834,58.564285,15,8,2
5358.006031,42.491065,15,8,2
621.725415,32.912616,15,8,2
6491.202588,39.797429,15,8,2
