Distance,Tx Power,Bandwidth,Subband BW,Subband Offset
5153.340741,28.540625,100,79,6
4515.027193,50.233369,100,79,6
5756.041006,28.679491,100,79,6
4475.598579,26.992542,100,79,6
5228.639336,15.289746,100,79,6
8258.589959,59.074693,100,79,6
8346.144911,41.279480,100,79,6
6880.160117,56.008953,100,79,6
483.366263,42.225324,100,79,6
