Distance,Tx Power,Bandwidth,Subband BW,Subband Offset
7868.115229,16.408400,75,57,9
7613.662947,55.529228,75,57,9
6512.175526,24.770236,75,57,9
5223.939632,18.062090,75,57,9
4402.322801,45.128106,75,57,9
933.938397,28.032611,75,57,9
3856.858998,58.606398,75,57,9
3671.022233,44.462911,75,57,9
2624.526311,26.853516,75,57,9
