Distance,Tx Power,Bandwidth,Subband BW,Subband Offset
7920.539075,57.527746,15,7,0
4472.307061,25.162577,15,7,0
9397.443468,25.806343,15,7,0
6999.600366,48.773982,15,7,0
7893.564825,32.484005,15,7,0
5553.200255,38.686951,15,7,0
7085.045770,27.552085,15,7,0
1151.981741,45.001676,15,7,0
8338.337087,42.273252,15,7,0
