Distance,Tx Power,Bandwidth,Subband BW,Subband Offset
9891.656886,59.862002,50,16,20
4778.978496,34.604568,50,16,20
9250.609354,36.083849,50,16,20
3905.865353,35.869091,50,16,20
3474.962837,48.491375,50,16,20
6494.219275,16.330325,50,16,20
5716.830831,46.593729,50,16,20
5031.114998,43.015362,50,16,20
4491.720465,43.898895,50,16,20
