Distance,Tx Power,Bandwidth,Subband BW,Subband Offset
3638.672850,29.349165,15,14,0
5444.485672,46.314255,15,14,0
870.046510,41.293194,15,14,0
964.734152,54.092656,15,14,0
801.413841,48.758753,15,14,0
753.677931,55.848955,15,14,0
253.995701,20.560453,15,14,0
9027.266627,52.970545,15,14,0
5284.446488,26.927443,15,14,0
