Distance,Tx Power,Bandwidth,Subband BW,Subband Offset
8424.195199,16.988254,75,8,54
9123.082319,32.940498,75,8,54
5417.444393,49.920345,75,8,54
8990.539316,55.420068,75,8,54
9351.843598,56.756198,75,8,54
6682.978048,58.447475,75,8,54
8020.989039,58.634075,75,8,54
9938.538279,23.188511,75,8,54
4958.015571,15.671076,75,8,54
