Distance,Tx Power,Bandwidth,Subband BW,Subband Offset
9364.230285,56.230158,25,11,6
2422.084727,25.403653,25,11,6
1407.407042,42.529158,25,11,6
9192.041919,35.875873,25,11,6
830.326595,29.700788,25,11,6
8410.162623,28.341326,25,11,6
7861.195448,58.304378,25,11,6
7697.735442,47.187895,25,11,6
6936.731142,57.085441,25,11,6
