Distance,Tx Power,Bandwidth,Subband BW,Subband Offset
884.273350,45.073737,25,12,6
7230.465808,21.466887,25,12,6
7731.029073,50.376370,25,12,6
7673.700239,46.492933,25,12,6
2589.326774,48.636477,25,12,6
1439.027775,53.722698,25,12,6
8386.378582,41.750902,25,12,6
1562.142669,53.644289,25,12,6
3938.922162,24.733792,25,12,6
