Distance,Tx Power,Bandwidth,Subband BW,Subband Offset
6830.490651,23.865821,100,7,83
9030.352466,52.336004,100,7,83
1097.370356,20.536927,100,7,83
8585.412441,28.604208,100,7,83
221.004382,53.993970,100,7,83
3423.629088,53.105908,100,7,83
3892.057530,57.161979,100,7,83
9775.178083,39.294436,100,7,83
6800.940938,58.633205,100,7,83
