Distance,Tx Power,Bandwidth,Subband BW,Subband Offset
4454.664132,44.748360,25,10,14
2982.939394,44.916941,25,10,14
2185.919382,34.886319,25,10,14
5046.079920,15.124953,25,10,14
1730.310790,55.554868,25,10,14
5157.130097,53.001558,25,10,14
9675.049985,29.069279,25,10,14
678.941960,51.568020,25,10,14
8640.489690,20.900416,25,10,14
