Distance,Tx Power,Bandwidth,Subband BW,Subband Offset
1634.649039,58.440604,100,15,42
8741.334653,45.332223,100,15,42
8443.714327,31.766317,100,15,42
3625.616321,55.111831,100,15,42
2914.825299,37.398547,100,15,42
2815.947838,57.969585,100,15,42
5975.134424,35.477749,100,15,42
4331.646380,52.487346,100,15,42
1502.904521,27.214878,100,15,42
