Distance,Tx Power,Bandwidth,Subband BW,Subband Offset
2706.712360,44.681863,50,16,24
220.716770,36.003173,50,16,24
3195.540490,31.125790,50,16,24
2072.980073,35.615086,50,16,24
3858.113654,48.568001,50,16,24
7796.815476,15.482111,50,16,24
1140.363232,51.901931,50,16,24
5289.092185,58.868209,50,16,24
9892.457021,52.209730,50,16,24
