Distance,Tx Power,Bandwidth,Subband BW,Subband Offset
2704.433099,24.086595,25,10,13
1074.637355,38.223863,25,10,13
5296.760116,22.352997,25,10,13
5193.671908,20.290040,25,10,13
8230.821190,30.377629,25,10,13
3579.601083,37.903873,25,10,13
2960.773127,58.138391,25,10,13
8382.451832,51.559666,25,10,13
7223.494657,41.456987,25,10,13
