Distance,Tx Power,Bandwidth,Subband BW,Subband Offset
8688.999484,16.303300,25,11,5
2224.371388,20.025261,25,11,5
256.623886,25.999815,25,11,5
3219.316990,55.106226,25,11,5
5778.808288,32.372185,25,11,5
2793.203929,20.779190,25,11,5
7748.082200,28.990754,25,11,5
5643.848926,50.509117,25,11,5
4850.164906,33.065909,25,11,5
