Distance,Tx Power,Bandwidth,Subband BW,Subband Offset
9833.588384,48.231509,50,21,23
3164.074290,45.106134,50,21,23
7364.011764,27.295920,50,21,23
2454.342945,58.518482,50,21,23
2020.896097,33.604350,50,21,23
7321.580189,22.386640,50,21,23
4949.006896,22.149976,50,21,23
1935.610284,39.097525,50,21,23
1208.762501,59.150014,50,21,23
