Distance,Tx Power,Bandwidth,Subband BW,Subband Offset
2674.050521,47.873177,100,16,71
8326.490595,57.451389,100,16,71
160.304655,22.393901,100,16,71
3493.148592,43.831115,100,16,71
167.702030,53.768082,100,16,71
3062.339162,32.559467,100,16,71
3915.451712,49.846061,100,16,71
763.055380,25.733280,100,16,71
4728.672911,57.983266,100,16,71
