Distance,Tx Power,Bandwidth,Subband BW,Subband Offset
8093.716498,48.161582,15,7,3
2333.408443,49.057907,15,7,3
3467.622390,48.015392,15,7,3
3183.189811,48.990043,15,7,3
715.877939,15.120735,15,7,3
652.180537,28.980460,15,7,3
6768.498475,42.743216,15,7,3
4423.096622,15.918922,15,7,3
5570.344272,47.618710,15,7,3
