Distance,Tx Power,Bandwidth,Subband BW,Subband Offset
8211.665340,50.130152,50,40,8
9211.596555,57.218902,50,40,8
856.341955,22.153624,50,40,8
3024.483805,20.367242,50,40,8
9453.984694,31.350852,50,40,8
2205.673409,32.091492,50,40,8
7198.076834,52.794173,50,40,8
9355.467767,50.557460,50,40,8
1489.712487,50.530294,50,40,8
