Distance,Tx Power,Bandwidth,Subband BW,Subband Offset
6974.649383,22.312715,75,34,1
6981.007251,47.488597,75,34,1
7890.271065,15.898744,75,34,1
9797.164617,19.475860,75,34,1
3818.391685,59.483999,75,34,1
7681.655901,43.718617,75,34,1
1073.981629,17.274221,75,34,1
5866.942430,45.231375,75,34,1
9960.224318,22.279974,75,34,1
