Distance,Tx Power,Bandwidth,Subband BW,Subband Offset
7574.768549,44.770134,100,10,32
4144.154924,40.552094,100,10,32
1965.082258,57.831117,100,10,32
9963.387225,52.392990,100,10,32
9411.657839,16.923427,100,10,32
2253.145742,46.726196,100,10,32
6506.306133,21.080804,100,10,32
6533.169714,54.403455,100,10,32
3248.145180,47.073447,100,10,32
