Distance,Tx Power,Bandwidth,Subband BW,Subband Offset
478.406585,28.446445,50,8,12
738.036757,51.487308,50,8,12
3827.544724,40.990765,50,8,12
828.401222,46.067900,50,8,12
8506.677552,52.157645,50,8,12
7935.096142,24.597604,50,8,12
6942.266831,31.684025,50,8,12
6595.856332,50.013299,50,8,12
7234.213300,24.131373,50,8,12
