Distance,Tx Power,Bandwidth,Subband BW,Subband Offset
9882.129196,42.175493,100,18,13
8292.444940,34.389639,100,18,13
6284.161225,34.734157,100,18,13
7340.240651,33.712502,100,18,13
3947.269457,19.981697,100,18,13
3209.754934,54.717660,100,18,13
6671.499782,40.125236,100,18,13
4317.698177,45.185332,100,18,13
5733.505707,54.971531,100,18,13
