Distance,Tx Power,Bandwidth,Subband BW,Subband Offset
825.677839,57.524371,75,40,24
4742.024822,16.116998,75,40,24
5609.448669,20.584192,75,40,24
5457.137903,23.287078,75,40,24
3343.939873,38.260204,75,40,24
4844.017982,40.028304,75,40,24
2424.826126,30.466477,75,40,24
8462.064639,38.690578,75,40,24
6807.660778,43.110565,75,40,24
