Distance,Tx Power,Bandwidth,Subband BW,Subband Offset
5381.396439,31.409972,25,18,0
1233.751835,44.245298,25,18,0
5528.940373,55.065105,25,18,0
193.911503,31.104991,25,18,0
6773.652698,32.358176,25,18,0
8561.938012,25.617564,25,18,0
6464.992182,53.801593,25,18,0
9192.778324,25.691571,25,18,0
3942.983590,47.696921,25,18,0
