Distance,Tx Power,Bandwidth,Subband BW,Subband Offset
9515.283838,25.681040,50,7,35
3497.728806,59.142382,50,7,35
1729.289297,45.891277,50,7,35
7721.604787,23.277785,50,7,35
5633.940500,18.557620,50,7,35
692.765566,57.010282,50,7,35
5089.069394,38.741966,50,7,35
533.838150,22.951704,50,7,35
4370.687437,48.249461,50,7,35
