Distance,Tx Power,Bandwidth,Subband BW,Subband Offset
6203.722656,37.911543,50,16,32
1483.873830,21.692313,50,16,32
402.746958,17.455891,50,16,32
9195.550684,31.459419,50,16,32
9952.584415,33.625438,50,16,32
7729.372873,31.021611,50,16,32
4482.968963,58.552321,50,16,32
474.302589,28.754553,50,16,32
8788.180277,59.679134,50,16,32
