Distance,Tx Power,Bandwidth,Subband BW,Subband Offset
4485.448711,34.576807,100,29,41
4481.145846,41.925783,100,29,41
7149.940164,48.449398,100,29,41
680.380738,31.366851,100,29,41
5433.858970,52.212019,100,29,41
3237.147590,25.724038,100,29,41
1717.332146,28.685533,100,29,41
6939.831914,49.475317,100,29,41
2530.606528,30.452494,100,29,41
