Distance,Tx Power,Bandwidth,Subband BW,Subband Offset
2856.802614,39.039608,75,46,23
2817.465809,40.358444,75,46,23
7862.733403,35.084974,75,46,23
573.858131,36.940196,75,46,23
3854.358709,41.571901,75,46,23
9959.846614,50.752225,75,46,23
2210.889022,48.028372,75,46,23
7612.550834,27.812153,75,46,23
612.018240,47.654554,75,46,23
