Distance,Tx Power,Bandwidth,Subband BW,Subband Offset
7905.134907,51.752744,100,10,40
1166.345203,15.830256,100,10,40
2766.946908,33.644232,100,10,40
9581.993078,22.670527,100,10,40
9887.775570,31.598312,100,10,40
3644.870640,36.309286,100,10,40
413.539746,23.132345,100,10,40
4772.355306,56.658148,100,10,40
5969.302143,55.379805,100,10,40
