Distance,Tx Power,Bandwidth,Subband BW,Subband Offset
9330.002051,16.983221,75,12,49
6405.572207,49.121828,75,12,49
7642.424079,57.025406,75,12,49
7175.159968,48.776142,75,12,49
3843.845598,37.475474,75,12,49
9825.470072,35.509906,75,12,49
5000.885832,25.191241,75,12,49
9414.062240,17.120067,75,12,49
1492.809000,53.465553,75,12,49
