Distance,Tx Power,Bandwidth,Subband BW,Subband Offset
5518.518631,22.407149,75,10,55
7480.241939,23.195259,75,10,55
2690.446782,24.152359,75,10,55
1787.259565,30.067745,75,10,55
1112.070980,31.727169,75,10,55
3210.643201,19.853590,75,10,55
4671.603015,56.840168,75,10,55
5004.936465,54.330529,75,10,55
5186.224851,19.776814,75,10,55
