Distance,Tx Power,Bandwidth,Subband BW,Subband Offset
8736.157455,48.607598,75,21,40
3617.330265,17.605753,75,21,40
2929.492151,35.373902,75,21,40
4379.298060,17.414795,75,21,40
2635.706696,42.206879,75,21,40
9257.784920,28.432482,75,21,40
4804.327012,37.185086,75,21,40
1909.878851,44.944126,75,21,40
6050.851099,59.830250,75,21,40
