Distance,Tx Power,Bandwidth,Subband BW,Subband Offset
4597.152363,46.954678,50,19,9
1841.769567,17.614461,50,19,9
3976.028961,53.881857,50,19,9
4599.843298,24.727815,50,19,9
2188.611014,33.732367,50,19,9
4433.187659,30.867476,50,19,9
985.305151,46.961788,50,19,9
342.431957,32.459520,50,19,9
6927.348875,20.924262,50,19,9
