Distance,Tx Power,Bandwidth,Subband BW,Subband Offset
4930.437433,26.061928,25,6,8
6869.592432,41.591517,25,6,8
3111.306033,51.111723,25,6,8
8516.715735,40.406175,25,6,8
1472.930793,35.085976,25,6,8
1218.695615,30.428218,25,6,8
8300.027876,31.749474,25,6,8
6821.563880,53.842494,25,6,8
3417.433098,52.794576,25,6,8
