Distance,Tx Power,Bandwidth,Subband BW,Subband Offset
1279.912903,19.436209,15,9,1
1002.878591,40.666759,15,9,1
2141.551035,23.637690,15,9,1
9780.355950,40.619257,15,9,1
5923.912231,23.136688,15,9,1
7344.539796,17.531275,15,9,1
3279.794724,33.773886,15,9,1
7989.232632,17.969453,15,9,1
3647.548019,23.079890,15,9,1
