Distance,Tx Power,Bandwidth,Subband BW,Subband Offset
8357.512604,51.872432,15,6,2
3020.685056,40.825137,15,6,2
3859.987051,45.274753,15,6,2
8850.981793,21.428718,15,6,2
8842.278999,33.320635,15,6,2
2211.252806,37.793687,15,6,2
9026.850665,54.892112,15,6,2
8684.904610,27.323894,15,6,2
3477.359083,58.335857,15,6,2
