Distance,Tx Power,Bandwidth,Subband BW,Subband Offset
7772.581997,41.759288,15,8,0
1808.932881,59.956977,15,8,0
379.694234,37.844482,15,8,0
645.599476,20.702682,15,8,0
8825.015087,22.065039,15,8,0
801.042095,23.625249,15,8,0
5444.602637,43.470567,15,8,0
6431.608085,49.370919,15,8,0
843.648187,52.853815,15,8,0
