Distance,Tx Power,Bandwidth,Subband BW,Subband Offset
4604.652690,58.052197,50,13,31
4663.495943,35.094372,50,13,31
4981.308395,34.862911,50,13,31
3712.252443,40.847871,50,13,31
4908.170095,23.061149,50,13,31
5671.905532,38.007801,50,13,31
4408.625556,36.290504,50,13,31
3001.985596,20.981596,50,13,31
1338.343944,52.445229,50,13,31
