Distance,Tx Power,Bandwidth,Subband BW,Subband Offset
704.271686,52.123992,15,9,6
8470.767475,20.081003,15,9,6
5552.417209,42.872404,15,9,6
9890.821622,20.692314,15,9,6
2663.564619,59.227600,15,9,6
8137.213857,35.392189,15,9,6
7345.384737,38.951026,15,9,6
5758.731674,15.608147,15,9,6
9825.089694,23.011647,15,9,6
