Distance,Tx Power,Bandwidth,Subband BW,Subband Offset
9773.440138,47.255271,100,39,34
9158.574332,23.195072,100,39,34
1736.175795,36.853018,100,39,34
8312.827411,19.249837,100,39,34
2259.336141,43.063647,100,39,34
4511.699163,58.430183,100,39,34
6574.739885,19.451905,100,39,34
9812.367049,28.296939,100,39,34
9864.075694,39.770327,100,39,34
