Distance,Tx Power,Bandwidth,Subband BW,Subband Offset
416.267858,23.860423,50,19,26
5865.540171,20.350153,50,19,26
2218.003664,18.662763,50,19,26
1074.678452,56.964759,50,19,26
835.598017,38.814572,50,19,26
1120.193022,35.196860,50,19,26
8525.757985,47.296326,50,19,26
2954.657784,15.879254,50,19,26
8451.546274,59.707586,50,19,26
