Distance,Tx Power,Bandwidth,Subband BW,Subband Offset
1402.022599,48.953516,25,8,9
1831.350055,29.296186,25,8,9
5213.202357,40.184654,25,8,9
1698.873130,30.656960,25,8,9
9510.814777,39.170782,25,8,9
1264.902939,54.203114,25,8,9
8504.800206,56.658180,25,8,9
2333.509123,55.852703,25,8,9
573.315149,33.477568,25,8,9
