Distance,Tx Power,Bandwidth,Subband BW,Subband Offset
7898.595284,23.985617,75,11,20
7634.439291,43.984505,75,11,20
6648.736846,56.448529,75,11,20
8479.437005,18.215449,75,11,20
5406.398340,49.955871,75,11,20
1782.694537,38.448541,75,11,20
1129.520065,44.427637,75,11,20
1754.837192,42.782428,75,11,20
2671.556223,26.785205,75,11,20
