Distance,Tx Power,Bandwidth,Subband BW,Subband Offset
7524.302131,23.690800,75,37,33
4210.716365,45.432487,75,37,33
8483.358198,54.886290,75,37,33
8687.688327,19.378209,75,37,33
6349.004166,39.931356,75,37,33
3470.263595,22.609384,75,37,33
7646.295006,33.731566,75,37,33
6506.105621,34.275581,75,37,33
4811.652878,36.138327,75,37,33
