Distance,Tx Power,Bandwidth,Subband BW,Subband Offset
3613.886542,15.519321,75,12,16
5426.128293,33.389515,75,12,16
1275.595180,23.212568,75,12,16
6762.460403,39.605411,75,12,16
4887.572174,23.771576,75,12,16
3910.032263,51.775958,75,12,16
1973.088180,38.905141,75,12,16
6975.141593,23.585886,75,12,16
7519.481556,55.035119,75,12,16
