Distance,Tx Power,Bandwidth,Subband BW,Subband Offset
7903.038955,59.882702,75,9,55
4620.320858,15.496495,75,9,55
5676.377956,45.384070,75,9,55
3433.359605,51.222657,75,9,55
1511.094782,46.762009,75,9,55
1164.176638,30.998229,75,9,55
8864.238853,24.584856,75,9,55
1108.729965,58.884495,75,9,55
6050.794794,18.473479,75,9,55
