Distance,Tx Power,Bandwidth,Subband BW,Subband Offset
5860.399889,49.653913,100,20,24
8612.943572,48.909337,100,20,24
9359.089132,40.378561,100,20,24
882.211592,47.859784,100,20,24
9006.877221,30.249774,100,20,24
6026.917768,41.231537,100,20,24
4436.012438,43.931317,100,20,24
1341.686636,35.247136,100,20,24
1597.884437,20.735915,100,20,24
