Distance,Tx Power,Bandwidth,Subband BW,Subband Offset
6583.576967,43.499961,50,39,10
5575.730974,45.645919,50,39,10
3901.090047,22.134405,50,39,10
5298.162188,59.696652,50,39,10
6763.035290,43.820761,50,39,10
7531.259239,31.135578,50,39,10
2895.684096,15.491488,50,39,10
3582.134118,31.438181,50,39,10
450.809674,30.907683,50,39,10
