Distance,Tx Power,Bandwidth,Subband BW,Subband Offset
3920.305918,29.453941,15,9,1
2330.948891,42.234991,15,9,1
8097.981820,23.934928,15,9,1
6442.022539,45.037182,15,9,1
7808.926384,43.691622,15,9,1
5048.985785,20.520107,15,9,1
4027.922957,30.258375,15,9,1
5032.710723,41.636521,15,9,1
3750.622153,41.296818,15,9,1
