Distance,Tx Power,Bandwidth,Subband BW,Subband Offset
5383.484728,16.397040,15,10,2
1293.079255,36.137537,15,10,2
3307.357656,33.926007,15,10,2
787.775116,24.447219,15,10,2
9213.649769,20.410498,15,10,2
5185.018242,26.339713,15,10,2
7847.816957,54.800729,15,10,2
6331.442895,35.631558,15,10,2
2344.757196,24.843757,15,10,2
