Distance,Tx Power,Bandwidth,Subband BW,Subband Offset
1503.876483,36.709000,15,6,8
7259.303585,27.782712,15,6,8
6310.682222,55.968037,15,6,8
6950.556896,29.328596,15,6,8
8540.086653,19.004645,15,6,8
1820.010604,35.688008,15,6,8
3138.382574,18.370045,15,6,8
1101.508267,40.954732,15,6,8
1714.640639,25.405777,15,6,8
