Distance,Tx Power,Bandwidth,Subband BW,Subband Offset
7894.485622,54.625355,75,21,2
9317.370588,20.586899,75,21,2
5083.372942,21.607170,75,21,2
2344.922048,36.034744,75,21,2
5840.190427,22.236883,75,21,2
3338.366813,15.411040,75,21,2
5249.621870,30.265767,75,21,2
9398.282835,58.963648,75,21,2
9207.529430,15.158285,75,21,2
