Distance,Tx Power,Bandwidth,Subband BW,Subband Offset
7762.382166,56.596347,50,22,22
9040.882570,38.836931,50,22,22
6296.579123,16.458262,50,22,22
3318.521584,49.038088,50,22,22
326.780527,53.531062,50,22,22
1411.407547,20.598382,50,22,22
302.644369,34.370889,50,22,22
386.464066,32.201159,50,22,22
4219.236657,50.998591,50,22,22
