Distance,Tx Power,Bandwidth,Subband BW,Subband Offset
6285.390439,41.795851,100,32,10
6426.864169,52.605444,100,32,10
9977.480658,44.650725,100,32,10
8913.538581,59.946189,100,32,10
4240.123601,44.828837,100,32,10
7119.157135,52.238697,100,32,10
4045.684957,35.630731,100,32,10
3512.840363,24.022017,100,32,10
3206.478355,55.244598,100,32,10
