Distance,Tx Power,Bandwidth,Subband BW,Subband Offset
8257.781361,17.628697,25,16,0
3982.431719,46.381200,25,16,0
1628.935560,51.068818,25,16,0
4518.639700,34.113272,25,16,0
8879.849243,55.632154,25,16,0
9466.847557,23.907854,25,16,0
8913.400377,52.894705,25,16,0
5305.791933,21.405189,25,16,0
6039.804881,34.224122,25,16,0
