Distance,Tx Power,Bandwidth,Subband BW,Subband Offset
9978.270824,47.467708,75,26,15
1868.930249,17.431118,75,26,15
5591.660709,18.300427,75,26,15
6616.247373,49.259571,75,26,15
9964.175141,20.262817,75,26,15
4663.536247,37.215514,75,26,15
4195.192518,19.460789,75,26,15
1908.578594,27.372435,75,26,15
2438.546265,20.694937,75,26,15
