Distance,Tx Power,Bandwidth,Subband BW,Subband Offset
3357.761708,29.890137,100,34,62
7683.443264,35.857361,100,34,62
6884.741557,51.784495,100,34,62
8945.488031,36.472852,100,34,62
3268.378761,35.140515,100,34,62
3048.539548,30.906158,100,34,62
2498.617860,37.618830,100,34,62
5283.857310,36.959241,100,34,62
6762.686735,47.379244,100,34,62
