Distance,Tx Power,Bandwidth,Subband BW,Subband Offset
8892.715193,47.099958,15,10,0
5346.565623,50.813522,15,10,0
4840.453893,24.081019,15,10,0
3986.095535,57.894901,15,10,0
6946.874478,43.673631,15,10,0
1702.210718,45.709205,15,10,0
980.350341,18.011647,15,10,0
1179.869259,36.778260,15,10,0
4037.158829,34.156981,15,10,0
