Distance,Tx Power,Bandwidth,Subband BW,Subband Offset
9547.203753,54.844002,100,24,6
1552.802046,17.549821,100,24,6
7664.436338,48.912409,100,24,6
4348.399289,46.541283,100,24,6
9659.032329,41.619595,100,24,6
1697.332311,40.521654,100,24,6
3324.323618,23.765170,100,24,6
6128.201068,29.402901,100,24,6
8626.929829,19.081632,100,24,6
