Distance,Tx Power,Bandwidth,Subband BW,Subband Offset
2966.482949,41.981788,75,24,15
7941.006284,51.373118,75,24,15
5494.938562,50.931324,75,24,15
350.420350,54.350802,75,24,15
4237.429620,23.775721,75,24,15
1002.312453,47.818740,75,24,15
1208.691713,35.172837,75,24,15
1738.600353,29.217316,75,24,15
5670.523720,23.449331,75,24,15
