Distance,Tx Power,Bandwidth,Subband BW,Subband Offset
6760.540401,24.946160,25,7,17
4019.726839,41.006461,25,7,17
8413.713883,57.376509,25,7,17
3006.853323,19.031288,25,7,17
2626.948349,33.567236,25,7,17
9739.050444,16.139935,25,7,17
1333.766186,36.236334,25,7,17
207.004869,49.333601,25,7,17
4281.652576,38.588187,25,7,17
