Distance,Tx Power,Bandwidth,Subband BW,Subband Offset
6344.107893,54.249370,25,18,7
8223.498983,56.624334,25,18,7
3634.711398,20.918862,25,18,7
6762.047043,38.587575,25,18,7
3069.371864,36.248158,25,18,7
5400.625776,40.004668,25,18,7
9507.158696,32.399341,25,18,7
7183.254033,59.863065,25,18,7
5260.465360,22.988445,25,18,7
