Distance,Tx Power,Bandwidth,Subband BW,Subband Offset
5451.750689,44.296522,25,13,9
2761.366549,36.098845,25,13,9
1968.828037,32.102719,25,13,9
1531.583844,21.478156,25,13,9
3855.169617,39.012308,25,13,9
1917.332277,38.128162,25,13,9
5754.692238,26.648168,25,13,9
5504.046384,34.793728,25,13,9
1021.886268,59.028637,25,13,9
