Distance,Tx Power,Bandwidth,Subband BW,Subband Offset
7226.145648,48.747012,75,25,25
6071.393632,50.945669,75,25,25
4134.568993,35.600598,75,25,25
6944.470469,40.283707,75,25,25
283.230761,36.605620,75,25,25
8540.039263,56.509956,75,25,25
8525.975957,37.683577,75,25,25
109.520516,34.030842,75,25,25
4096.603456,36.320663,75,25,25
