Distance,Tx Power,Bandwidth,Subband BW,Subband Offset
7680.385668,58.291088,100,24,13
4457.036370,36.327295,100,24,13
4403.665975,56.386610,100,24,13
6938.921828,50.970489,100,24,13
4087.610201,49.353054,100,24,13
9678.328844,54.116448,100,24,13
6155.971386,53.806274,100,24,13
5465.834962,57.283329,100,24,13
4296.493843,55.572627,100,24,13
