Distance,Tx Power,Bandwidth,Subband BW,Subband Offset
7003.218090,42.664104,25,24,0
7879.713878,52.618247,25,24,0
2851.980254,55.525707,25,24,0
3725.402851,17.498341,25,24,0
1417.898295,34.046739,25,24,0
3019.324301,23.152831,25,24,0
2001.999142,58.319000,25,24,0
1978.813519,28.458785,25,24,0
1799.405228,37.081355,25,24,0
