Distance,Tx Power,Bandwidth,Subband BW,Subband Offset
647.233987,47.733476,15,6,3
6813.281615,56.772831,15,6,3
4958.949849,44.053655,15,6,3
2134.778327,39.561636,15,6,3
6993.034492,47.849583,15,6,3
3175.639854,37.509314,15,6,3
3047.981396,42.664508,15,6,3
3145.075641,34.868987,15,6,3
5864.624203,43.432348,15,6,3
