Distance,Tx Power,Bandwidth,Subband BW,Subband Offset
6880.118514,30.600161,50,18,23
4091.958831,57.836672,50,18,23
133.649431,22.862952,50,18,23
1262.495028,29.755434,50,18,23
3251.770154,31.340524,50,18,23
2049.242006,44.435367,50,18,23
1537.690844,30.544211,50,18,23
8341.524253,52.288517,50,18,23
867.696572,33.440652,50,18,23
