Distance,Tx Power,Bandwidth,Subband BW,Subband Offset
2913.713189,36.699928,75,10,4
2254.783747,45.351964,75,10,4
2914.947772,44.750004,75,10,4
6525.501633,40.093776,75,10,4
2349.129262,34.610534,75,10,4
1430.937931,33.257173,75,10,4
7404.538593,57.210609,75,10,4
6563.312665,59.946091,75,10,4
5232.334749,33.492437,75,10,4
