Distance,Tx Power,Bandwidth,Subband BW,Subband Offset
2415.483935,33.962865,100,15,25
6279.197660,55.780514,100,15,25
8150.835527,42.165712,100,15,25
2818.464800,15.969235,100,15,25
1682.797596,39.851097,100,15,25
192.889187,39.181275,100,15,25
6351.464456,31.027231,100,15,25
5684.339859,47.753229,100,15,25
4965.612157,15.578833,100,15,25
