Distance,Tx Power,Bandwidth,Subband BW,Subband Offset
2176.918887,21.924589,25,6,7
5975.578499,55.544225,25,6,7
245.048626,33.089766,25,6,7
7750.129238,16.070571,25,6,7
5430.317255,15.301101,25,6,7
2348.894838,37.362843,25,6,7
1937.256782,16.206140,25,6,7
5656.135955,22.795528,25,6,7
8339.126767,18.183642,25,6,7
