Distance,Tx Power,Bandwidth,Subband BW,Subband Offset
1485.945153,51.899387,15,11,0
8397.413547,54.260523,15,11,0
201.932148,38.328138,15,11,0
4801.243725,41.686302,15,11,0
6165.768083,55.562024,15,11,0
6187.730763,25.728927,15,11,0
9871.962279,25.146365,15,11,0
2611.814081,41.804886,15,11,0
1000.724615,46.244079,15,11,0
