Distance,Tx Power,Bandwidth,Subband BW,Subband Offset
1316.990966,44.654651,15,7,5
2153.625996,34.503932,15,7,5
2894.931618,53.293946,15,7,5
9480.326816,40.862186,15,7,5
4498.640350,16.828960,15,7,5
7177.942797,17.042420,15,7,5
3539.621927,40.314669,15,7,5
9677.856864,40.641533,15,7,5
7412.570483,27.233635,15,7,5
