Distance,Tx Power,Bandwidth,Subband BW,Subband Offset
7521.138567,36.611180,25,9,15
9035.764808,54.669050,25,9,15
145.646798,43.426581,25,9,15
1671.387824,57.482435,25,9,15
9217.089451,37.684622,25,9,15
1416.909150,16.045801,25,9,15
8672.847466,53.146215,25,9,15
5946.894593,39.443571,25,9,15
982.896844,52.778309,25,9,15
