Distance,Tx Power,Bandwidth,Subband BW,Subband Offset
6523.951536,19.510010,100,13,54
4212.409738,33.886931,100,13,54
6230.263279,37.588382,100,13,54
5424.029791,50.354636,100,13,54
4192.055319,52.888889,100,13,54
6931.643044,16.136857,100,13,54
9772.632919,34.818781,100,13,54
3650.150505,22.141761,100,13,54
375.792734,59.048942,100,13,54
