Distance,Tx Power,Bandwidth,Subband BW,Subband Offset
6460.094473,33.338152,100,28,63
4427.216832,38.088992,100,28,63
8508.879658,29.576050,100,28,63
8735.042341,54.836969,100,28,63
2284.767194,51.417489,100,28,63
7033.549076,15.017670,100,28,63
9545.617826,24.682573,100,28,63
1218.672959,50.987631,100,28,63
3529.986894,59.177052,100,28,63
