Distance,Tx Power,Bandwidth,Subband BW,Subband Offset
3071.384345,23.210544,15,11,3
2278.561261,30.392611,15,11,3
4580.502255,58.897351,15,11,3
8386.302917,49.940796,15,11,3
5226.615868,19.788272,15,11,3
1861.603799,18.058547,15,11,3
9600.554714,18.416056,15,11,3
9758.396675,17.747644,15,11,3
5620.297294,34.403419,15,11,3
