Distance,Tx Power,Bandwidth,Subband BW,Subband Offset
367.060089,41.326632,75,53,6
8309.586543,59.604916,75,53,6
9779.115917,40.909322,75,53,6
2386.257293,21.650757,75,53,6
7318.042219,58.094411,75,53,6
149.976190,49.046524,75,53,6
7136.651902,36.873038,75,53,6
2645.554023,58.592459,75,53,6
5373.222730,41.262835,75,53,6
