Distance,Tx Power,Bandwidth,Subband BW,Subband Offset
3284.901194,40.908211,25,16,1
1164.480488,56.570960,25,16,1
2559.166815,47.590202,25,16,1
7853.520294,29.425084,25,16,1
3090.567549,56.086675,25,16,1
1831.436837,17.524371,25,16,1
9789.435842,26.635900,25,16,1
1583.177557,51.238306,25,16,1
2371.486295,29.338932,25,16,1
