Distance,Tx Power,Bandwidth,Subband BW,Subband Offset
3507.615500,15.935204,50,23,13
3855.926156,23.197633,50,23,13
8408.669136,55.432798,50,23,13
6835.741939,17.533991,50,23,13
7259.732514,23.188365,50,23,13
1948.698722,18.354437,50,23,13
9953.573743,26.921500,50,23,13
1950.587012,57.283178,50,23,13
8324.626809,15.480057,50,23,13
