Distance,Tx Power,Bandwidth,Subband BW,Subband Offset
2864.329020,51.418078,50,33,11
9362.262338,58.851967,50,33,11
1672.904276,44.039933,50,33,11
8162.249350,59.170899,50,33,11
1045.474062,30.895105,50,33,11
7141.462705,54.302703,50,33,11
2236.151974,37.241485,50,33,11
4470.666416,24.753122,50,33,11
6398.445098,25.693533,50,33,11
