Distance,Tx Power,Bandwidth,Subband BW,Subband Offset
9994.684426,21.857648,100,85,15
6978.347275,57.977782,100,85,15
7220.492951,48.971035,100,85,15
7957.054923,28.000747,100,85,15
4215.015809,38.641331,100,85,15
3380.488018,21.367204,100,85,15
4400.968465,46.297654,100,85,15
9115.836896,49.947426,100,85,15
1905.605330,34.144580,100,85,15
