Distance,Tx Power,Bandwidth,Subband BW,Subband Offset
3410.554550,18.434277,75,15,11
8319.366464,27.930710,75,15,11
7476.988373,43.484637,75,15,11
3364.481517,34.866907,75,15,11
3445.294952,34.278788,75,15,11
8932.148571,33.102813,75,15,11
2129.339977,19.621507,75,15,11
3911.543933,37.789149,75,15,11
529.348726,15.413537,75,15,11
