Distance,Tx Power,Bandwidth,Subband BW,Subband Offset
4275.789070,43.390563,75,14,5
3783.328497,45.145131,75,14,5
2165.494808,18.808920,75,14,5
1831.933666,25.019483,75,14,5
7470.789311,24.349124,75,14,5
4589.682958,20.852997,75,14,5
9886.253412,16.791696,75,14,5
3628.463771,28.450942,75,14,5
770.205294,21.544207,75,14,5
