Distance,Tx Power,Bandwidth,Subband BW,Subband Offset
5740.668932,57.495262,25,8,13
2985.765272,40.469185,25,8,13
1069.980797,35.041353,25,8,13
7037.222443,58.349948,25,8,13
6741.846876,51.187165,25,8,13
2202.968915,25.000633,25,8,13
527.272022,27.207373,25,8,13
4305.466396,16.172846,25,8,13
5635.324523,34.477118,25,8,13
