Distance,Tx Power,Bandwidth,Subband BW,Subband Offset
9678.559075,18.338602,100,21,28
5512.334534,59.065513,100,21,28
3260.184060,24.738162,100,21,28
3991.028083,44.515948,100,21,28
3425.566964,51.667119,100,21,28
3812.883222,18.261417,100,21,28
7462.668692,24.955325,100,21,28
9560.571551,16.792400,100,21,28
1364.348958,34.698066,100,21,28
