Distance,Tx Power,Bandwidth,Subband BW,Subband Offset
3927.087084,53.419794,50,16,1
6330.610651,17.779821,50,16,1
3492.272226,57.234278,50,16,1
2739.563382,42.507924,50,16,1
1644.336690,37.383558,50,16,1
7923.034050,48.407126,50,16,1
6109.460733,53.448613,50,16,1
9922.738479,52.948228,50,16,1
5980.443679,50.628693,50,16,1
