Distance,Tx Power,Bandwidth,Subband BW,Subband Offset
4030.846873,24.769081,100,98,0
4360.208729,41.922409,100,98,0
1062.756008,22.089925,100,98,0
6927.289637,57.493989,100,98,0
8690.926667,21.635185,100,98,0
5472.040158,46.198815,100,98,0
3507.122710,46.874394,100,98,0
4695.999344,43.067265,100,98,0
7225.920239,16.940881,100,98,0
