Distance,Tx Power,Bandwidth,Subband BW,Subband Offset
1292.056211,39.354645,50,9,22
7352.086084,20.146975,50,9,22
630.776926,38.764873,50,9,22
2080.466429,37.317143,50,9,22
8637.511022,54.467167,50,9,22
2141.594907,22.312632,50,9,22
3026.325597,39.342521,50,9,22
3623.709420,22.503573,50,9,22
3973.152055,42.438282,50,9,22
