Distance,Tx Power,Bandwidth,Subband BW,Subband Offset
9566.526799,49.236914,100,61,32
5174.940850,35.688859,100,61,32
4048.861403,19.529105,100,61,32
6979.321400,30.422457,100,61,32
4845.891836,39.369473,100,61,32
9908.801328,32.998397,100,61,32
5158.997072,37.877676,100,61,32
5914.475787,52.263170,100,61,32
167.555994,25.114831,100,61,32
