Distance,Tx Power,Bandwidth,Subband BW,Subband Offset
8392.279804,55.232700,100,13,59
9299.904998,40.227312,100,13,59
5757.170664,40.396651,100,13,59
4297.734612,51.003559,100,13,59
9063.696264,49.003934,100,13,59
6976.989180,45.286572,100,13,59
7495.437557,29.863701,100,13,59
8151.273940,59.578995,100,13,59
9953.305607,55.780537,100,13,59
