Distance,Tx Power,Bandwidth,Subband BW,Subband Offset
5011.273450,19.520489,25,15,5
7239.927553,55.999363,25,15,5
6969.821518,32.330211,25,15,5
3406.338302,40.054611,25,15,5
7164.320228,29.778630,25,15,5
6488.369460,39.868448,25,15,5
4816.755362,34.915107,25,15,5
1791.411179,29.496104,25,15,5
7616.846043,38.765419,25,15,5
