Distance,Tx Power,Bandwidth,Subband BW,Subband Offset
8092.977007,19.946984,100,15,55
5723.996927,34.828259,100,15,55
5557.670396,48.857333,100,15,55
1997.120354,15.881202,100,15,55
8884.542432,57.522939,100,15,55
8131.114058,58.978381,100,15,55
2011.179055,48.496215,100,15,55
2099.314100,35.567686,100,15,55
7364.146134,22.010563,100,15,55
