Distance,Tx Power,Bandwidth,Subband BW,Subband Offset
7394.285248,45.287876,25,10,11
6281.526414,18.677695,25,10,11
8721.344370,59.856381,25,10,11
2669.881583,58.107675,25,10,11
931.265948,28.953527,25,10,11
7943.468464,19.484695,25,10,11
5106.369749,55.166529,25,10,11
7369.977450,44.024121,25,10,11
5317.011896,52.316132,25,10,11
