Distance,Tx Power,Bandwidth,Subband BW,Subband Offset
6637.411792,19.142936,50,13,31
2316.128029,57.558886,50,13,31
1107.187886,36.820340,50,13,31
2280.633419,41.999120,50,13,31
6070.038491,50.507127,50,13,31
7383.047911,33.723950,50,13,31
6920.870329,54.997640,50,13,31
3877.597322,54.816136,50,13,31
5317.777831,33.936718,50,13,31
