Distance,Tx Power,Bandwidth,Subband BW,Subband Offset
3990.236065,49.122473,50,18,16
6045.563564,15.814256,50,18,16
7933.833508,59.270894,50,18,16
9780.233041,35.550480,50,18,16
7091.140864,45.182236,50,18,16
832.075024,45.391255,50,18,16
8967.000030,20.802825,50,18,16
6725.303512,33.173646,50,18,16
2929.457386,29.878705,50,18,16
