Distance,Tx Power,Bandwidth,Subband BW,Subband Offset
7642.684945,55.446350,75,15,28
1570.604488,27.011883,75,15,28
5337.227342,34.138743,75,15,28
3697.140372,21.488963,75,15,28
6116.500251,55.751111,75,15,28
6353.687482,52.331748,75,15,28
4454.775064,15.242669,75,15,28
7755.397374,59.674114,75,15,28
7490.314977,53.489370,75,15,28
