Distance,Tx Power,Bandwidth,Subband BW,Subband Offset
9383.893948,50.830990,75,33,35
3502.138549,33.090582,75,33,35
5108.174568,15.886255,75,33,35
8285.949175,50.414238,75,33,35
6728.846162,48.630162,75,33,35
2983.652679,32.976017,75,33,35
1139.260016,18.258077,75,33,35
4154.620894,37.288793,75,33,35
740.645385,58.888851,75,33,35
