Distance,Tx Power,Bandwidth,Subband BW,Subband Offset
7322.828211,47.769795,100,69,26
2892.000758,33.702043,100,69,26
8414.330508,33.963832,100,69,26
4078.929053,36.832834,100,69,26
4877.720273,23.405932,100,69,26
656.258871,35.335173,100,69,26
2365.711812,52.475817,100,69,26
3907.534917,37.842012,100,69,26
9394.316943,50.575270,100,69,26
