Distance,Tx Power,Bandwidth,Subband BW,Subband Offset
6481.660344,40.126977,100,70,11
4160.473525,15.255702,100,70,11
5598.884139,49.974401,100,70,11
7591.580677,36.569548,100,70,11
6564.451721,22.563729,100,70,11
8099.351071,18.636482,100,70,11
4059.041514,19.518411,100,70,11
5321.269557,55.527471,100,70,11
8801.591783,52.067679,100,70,11
