Distance,Tx Power,Bandwidth,Subband BW,Subband Offset
3762.711722,29.659027,75,23,10
1850.340010,52.739498,75,23,10
5989.163276,16.851829,75,23,10
1301.102330,23.786199,75,23,10
6571.490516,30.280127,75,23,10
2807.751273,57.012704,75,23,10
4516.076480,44.348607,75,23,10
6289.376828,45.582839,75,23,10
5741.401216,46.456642,75,23,10
