Distance,Tx Power,Bandwidth,Subband BW,Subband Offset
3316.734491,51.843662,25,6,18
6592.936821,40.400027,25,6,18
9395.531573,26.146752,25,6,18
9570.566623,43.695341,25,6,18
4032.068688,20.838153,25,6,18
8641.432425,52.873165,25,6,18
3652.475357,16.515495,25,6,18
3887.580404,18.249739,25,6,18
411.706906,30.679779,25,6,18
