Distance,Tx Power,Bandwidth,Subband BW,Subband Offset
7036.270631,22.049482,15,8,4
2157.854626,19.508037,15,8,4
9723.771572,53.883006,15,8,4
5147.923144,35.940681,15,8,4
349.681537,16.336911,15,8,4
3341.576521,25.471372,15,8,4
9569.614895,35.708421,15,8,4
5169.396825,19.210439,15,8,4
8369.754119,49.274910,15,8,4
