Distance,Tx Power,Bandwidth,Subband BW,Subband Offset
3112.663178,15.624556,75,42,24
4433.832099,35.007378,75,42,24
4953.451011,57.750262,75,42,24
1106.661084,16.990292,75,42,24
5436.246422,27.270646,75,42,24
6282.729827,59.217921,75,42,24
4653.318762,40.260745,75,42,24
7556.886150,51.232752,75,42,24
4457.652525,47.447654,75,42,24
