Distance,Tx Power,Bandwidth,Subband BW,Subband Offset
3879.797710,36.020121,15,9,3
7835.398331,56.918064,15,9,3
7912.838689,15.259236,15,9,3
5327.877169,38.890990,15,9,3
2547.919063,34.493036,15,9,3
931.465483,27.243165,15,9,3
6200.226995,44.528018,15,9,3
768.011951,42.175635,15,9,3
9561.423135,40.408118,15,9,3
