Distance,Tx Power,Bandwidth,Subband BW,Subband Offset
7073.844412,57.468015,100,16,24
4238.301200,28.145525,100,16,24
2447.078700,55.145578,100,16,24
1207.964236,18.255391,100,16,24
1471.547926,28.851673,100,16,24
4281.593157,54.120640,100,16,24
9259.325902,45.264378,100,16,24
3263.436933,51.571962,100,16,24
4192.014037,23.639531,100,16,24
