Distance,Tx Power,Bandwidth,Subband BW,Subband Offset
2309.587302,44.926943,25,20,4
1438.445328,23.739045,25,20,4
9300.676635,43.712104,25,20,4
4458.831442,22.883446,25,20,4
9981.185523,25.187955,25,20,4
8987.819992,21.718689,25,20,4
272.953978,25.483405,25,20,4
3202.411767,31.118415,25,20,4
2349.236762,50.994607,25,20,4
