Distance,Tx Power,Bandwidth,Subband BW,Subband Offset
4671.173492,15.410151,25,16,8
8718.566186,23.406608,25,16,8
3531.930699,16.552958,25,16,8
5190.415203,41.962878,25,16,8
4531.029236,34.249318,25,16,8
7580.050854,20.441378,25,16,8
6704.753530,59.731393,25,16,8
8594.315185,39.535215,25,16,8
5226.618214,54.081762,25,16,8
