Distance,Tx Power,Bandwidth,Subband BW,Subband Offset
7058.042050,44.965783,25,12,5
1829.487202,39.801503,25,12,5
6793.272496,58.695094,25,12,5
9000.179134,55.447652,25,12,5
824.646381,53.183048,25,12,5
1504.994098,18.395775,25,12,5
9589.618871,43.086574,25,12,5
3652.241941,55.287053,25,12,5
861.339235,48.412603,25,12,5
