Distance,Tx Power,Bandwidth,Subband BW,Subband Offset
8326.895387,34.412218,50,25,10
4330.587823,35.649124,50,25,10
1632.147426,39.748770,50,25,10
1231.519792,29.678648,50,25,10
9874.682764,21.273361,50,25,10
3145.649835,49.459889,50,25,10
4207.484876,55.492615,50,25,10
6133.470337,28.784401,50,25,10
1680.249371,49.731024,50,25,10
