Distance,Tx Power,Bandwidth,Subband BW,Subband Offset
6435.773384,31.046376,75,34,8
811.995472,20.871402,75,34,8
7899.892907,15.359612,75,34,8
2136.908140,25.805476,75,34,8
1980.979622,16.449609,75,34,8
2150.497436,33.742116,75,34,8
4224.413299,39.764567,75,34,8
407.707892,32.653426,75,34,8
4728.771771,17.238935,75,34,8
