Distance,Tx Power,Bandwidth,Subband BW,Subband Offset
3777.895121,39.300144,15,8,2
9008.598444,34.660347,15,8,2
7301.910342,29.742852,15,8,2
852.659304,22.105914,15,8,2
4376.134609,34.743237,15,8,2
3872.862319,25.213443,15,8,2
6032.878692,55.495547,15,8,2
7552.936703,49.546442,15,8,2
8843.224409,24.258273,15,8,2
