Distance,Tx Power,Bandwidth,Subband BW,Subband Offset
8135.905844,32.189214,50,27,8
3460.314053,35.293502,50,27,8
3686.669724,33.710605,50,27,8
4008.435543,58.628040,50,27,8
2811.349986,54.007196,50,27,8
3339.838922,32.385310,50,27,8
4034.288274,43.428387,50,27,8
6232.304913,19.975350,50,27,8
3449.085364,30.426728,50,27,8
