Distance,Tx Power,Bandwidth,Subband BW,Subband Offset
8657.951330,49.430224,50,8,21
3205.249151,43.655409,50,8,21
5218.729003,41.139735,50,8,21
8690.251611,41.866919,50,8,21
2355.082327,25.137256,50,8,21
8871.511095,29.597654,50,8,21
4791.633496,48.819981,50,8,21
4700.449265,32.441460,50,8,21
8064.828478,39.902867,50,8,21
