Distance,Tx Power,Bandwidth,Subband BW,Subband Offset
7884.708146,33.231872,25,6,19
4394.286415,43.278395,25,6,19
9276.362407,49.569401,25,6,19
2433.502022,48.486550,25,6,19
1514.347347,16.750910,25,6,19
3592.530303,43.019500,25,6,19
6052.209135,25.072204,25,6,19
1091.209221,45.292349,25,6,19
3288.020101,58.159335,25,6,19
