Distance,Tx Power,Bandwidth,Subband BW,Subband Offset
8323.247752,18.894990,100,7,24
3450.598094,33.080570,100,7,24
3598.344124,47.950098,100,7,24
1074.746009,27.586457,100,7,24
5275.569243,53.033489,100,7,24
6239.636061,49.195891,100,7,24
5697.048899,48.598934,100,7,24
3351.451670,15.810357,100,7,24
6520.597377,37.855015,100,7,24
