Distance,Tx Power,Bandwidth,Subband BW,Subband Offset
1015.596579,58.266539,15,7,7
6303.795688,20.128703,15,7,7
7404.071883,16.317059,15,7,7
4972.026376,39.390895,15,7,7
571.368028,40.407505,15,7,7
6219.447784,17.726010,15,7,7
8791.212809,50.971533,15,7,7
5853.019704,52.110390,15,7,7
2538.721576,22.904456,15,7,7
