Distance,Tx Power,Bandwidth,Subband BW,Subband Offset
9471.758474,30.767209,15,6,6
7433.491480,52.287933,15,6,6
4130.231994,26.147242,15,6,6
287.861564,45.628954,15,6,6
3480.067153,26.795754,15,6,6
4104.859832,59.455696,15,6,6
4220.994435,44.393374,15,6,6
9868.487746,39.387921,15,6,6
8880.483262,23.213303,15,6,6
