Distance,Tx Power,Bandwidth,Subband BW,Subband Offset
3802.217919,29.108799,100,14,24
9716.893764,24.068196,100,14,24
409.315752,21.629898,100,14,24
3820.873254,22.664817,100,14,24
8784.062664,34.155503,100,14,24
344.592047,30.394783,100,14,24
5086.989426,37.860884,100,14,24
3338.666386,30.701392,100,14,24
5967.651218,43.158623,100,14,24
