Distance,Tx Power,Bandwidth,Subband BW,Subband Offset
4349.114639,56.396125,50,9,34
3063.432071,58.200190,50,9,34
8776.810419,21.575352,50,9,34
588.371126,42.200681,50,9,34
7810.896147,20.446481,50,9,34
4299.205405,58.316179,50,9,34
9528.946074,17.726589,50,9,34
7949.169660,38.955719,50,9,34
9527.067577,39.277215,50,9,34
