Distance,Tx Power,Bandwidth,Subband BW,Subband Offset
9635.356805,36.533328,50,33,11
7086.039063,50.498183,50,33,11
4111.683614,54.076340,50,33,11
4135.422560,53.015135,50,33,11
6579.431037,39.490027,50,33,11
8974.111086,44.640227,50,33,11
1552.134736,46.962590,50,33,11
7404.960699,56.072827,50,33,11
1352.480790,19.058974,50,33,11
