Distance,Tx Power,Bandwidth,Subband BW,Subband Offset
5983.265483,36.719114,15,8,1
9269.117945,19.446019,15,8,1
185.241482,42.869821,15,8,1
9367.125588,57.194024,15,8,1
5191.010612,17.300426,15,8,1
8815.573932,55.616393,15,8,1
3115.213298,39.477610,15,8,1
6441.597491,32.538111,15,8,1
1174.476723,35.096884,15,8,1
