Distance,Tx Power,Bandwidth,Subband BW,Subband Offset
3581.533082,51.135741,25,12,12
1860.721466,25.499993,25,12,12
3205.214873,28.758934,25,12,12
4987.121955,27.237219,25,12,12
8591.388784,58.757770,25,12,12
1906.543100,44.621126,25,12,12
682.059733,37.928754,25,12,12
8926.783574,56.413724,25,12,12
4273.766096,25.079604,25,12,12
