Distance,Tx Power,Bandwidth,Subband BW,Subband Offset
7953.703022,32.254995,75,56,17
6860.990637,53.471669,75,56,17
2924.146787,35.146598,75,56,17
4929.004481,45.780941,75,56,17
2316.260094,56.935193,75,56,17
8625.363724,31.321561,75,56,17
4707.880310,38.086099,75,56,17
9384.485860,21.494403,75,56,17
4907.064359,49.103463,75,56,17
