Distance,Tx Power,Bandwidth,Subband BW,Subband Offset
3696.188757,33.494226,25,8,2
4791.963561,37.496219,25,8,2
7424.290292,48.507533,25,8,2
4469.198120,31.571188,25,8,2
2315.868277,22.152775,25,8,2
3368.880384,38.555346,25,8,2
6045.651001,54.995039,25,8,2
7115.855146,15.178835,25,8,2
7407.039976,29.859328,25,8,2
