Distance,Tx Power,Bandwidth,Subband BW,Subband Offset
6022.071569,32.915526,50,10,14
7029.856693,18.271689,50,10,14
6948.489623,15.942396,50,10,14
1168.900402,24.140526,50,10,14
3310.552226,56.236525,50,10,14
6206.872562,45.203201,50,10,14
152.846037,21.989733,50,10,14
8967.471841,50.352176,50,10,14
9476.253084,28.038090,50,10,14
