Distance,Tx Power,Bandwidth,Subband BW,Subband Offset
3668.065845,48.928334,25,19,4
5708.521411,43.350776,25,19,4
8111.228220,24.370233,25,19,4
4885.672412,21.732796,25,19,4
1932.022444,19.898011,25,19,4
3343.759425,19.789903,25,19,4
3395.312651,21.209497,25,19,4
8710.589338,32.466970,25,19,4
9414.337268,28.073245,25,19,4
