Distance,Tx Power,Bandwidth,Subband BW,Subband Offset
9537.203293,36.416088,50,39,8
1126.638959,21.721091,50,39,8
6430.772451,18.359253,50,39,8
1967.925739,26.960266,50,39,8
9624.451599,39.609425,50,39,8
4721.621617,50.601067,50,39,8
3163.047356,40.973412,50,39,8
3290.081888,26.843299,50,39,8
2773.767184,57.002617,50,39,8
