Distance,Tx Power,Bandwidth,Subband BW,Subband Offset
3303.345199,56.743552,25,19,5
8316.607837,37.394051,25,19,5
3424.605046,45.003897,25,19,5
2014.124008,43.078983,25,19,5
8018.023253,15.737456,25,19,5
9911.155637,21.773463,25,19,5
3294.050445,26.348205,25,19,5
7270.702785,35.826436,25,19,5
8573.338237,57.709672,25,19,5
