Distance,Tx Power,Bandwidth,Subband BW,Subband Offset
4927.893625,24.871784,75,32,33
9887.459128,18.957258,75,32,33
6843.213898,58.633169,75,32,33
5081.594023,55.738811,75,32,33
9021.241640,26.468806,75,32,33
2777.117977,52.990757,75,32,33
2170.354079,29.926648,75,32,33
3813.839393,27.722058,75,32,33
2106.953617,50.762251,75,32,33
