Distance,Tx Power,Bandwidth,Subband BW,Subband Offset
7720.958568,56.251055,25,14,1
808.872906,23.450691,25,14,1
1174.180060,43.659569,25,14,1
5402.767402,31.020858,25,14,1
3029.273710,31.209870,25,14,1
8576.663142,16.768137,25,14,1
7303.902650,26.593836,25,14,1
9157.280432,23.296864,25,14,1
6794.003402,39.758326,25,14,1
