Distance,Tx Power,Bandwidth,Subband BW,Subband Offset
993.182470,41.548149,100,49,0
5355.212866,56.604234,100,49,0
8108.666211,28.703815,100,49,0
8813.209063,29.900280,100,49,0
7748.501965,43.538919,100,49,0
3627.737043,17.875654,100,49,0
1135.799523,24.605030,100,49,0
1082.248228,51.353114,100,49,0
4507.684728,26.915869,100,49,0
