Distance,Tx Power,Bandwidth,Subband BW,Subband Offset
9018.763525,31.997376,25,20,1
1226.617231,51.536472,25,20,1
8398.552191,36.984346,25,20,1
6536.244865,41.806223,25,20,1
2991.028713,32.163790,25,20,1
1239.932058,27.313684,25,20,1
6420.311216,19.645108,25,20,1
340.809771,16.487232,25,20,1
3024.377263,28.635330,25,20,1
