Distance,Tx Power,Bandwidth,Subband BW,Subband Offset
5495.962874,45.123633,100,41,38
8683.901998,48.204974,100,41,38
5826.863263,37.780889,100,41,38
7219.599909,51.953968,100,41,38
1003.481127,38.421538,100,41,38
7232.093113,21.937077,100,41,38
2235.720149,22.871083,100,41,38
1413.773827,29.026930,100,41,38
7732.701085,42.027078,100,41,38
