Distance,Tx Power,Bandwidth,Subband BW,Subband Offset
5414.088758,26.581311,50,20,16
1185.038750,21.778537,50,20,16
4695.681101,43.693775,50,20,16
4821.851464,19.562026,50,20,16
5435.150381,48.380407,50,20,16
8889.325228,58.158732,50,20,16
8860.292074,17.545819,50,20,16
4017.460091,29.422558,50,20,16
3245.951110,36.759233,50,20,16
