Distance,Tx Power,Bandwidth,Subband BW,Subband Offset
7611.217895,49.278704,75,28,41
6211.664756,46.096427,75,28,41
2414.353027,38.381008,75,28,41
2292.232665,30.239108,75,28,41
3538.235951,39.269323,75,28,41
7730.432881,57.053191,75,28,41
2420.972034,24.875024,75,28,41
6910.883150,50.923420,75,28,41
4247.065147,38.798159,75,28,41
