Distance,Tx Power,Bandwidth,Subband BW,Subband Offset
5482.094332,53.170948,15,8,0
8468.404665,46.017294,15,8,0
3687.990621,49.371781,15,8,0
9216.459949,33.216848,15,8,0
8467.057522,24.433013,15,8,0
4782.670897,41.061268,15,8,0
2761.888003,27.648771,15,8,0
1603.980351,42.999370,15,8,0
8688.177544,46.022014,15,8,0
