Distance,Tx Power,Bandwidth,Subband BW,Subband Offset
5183.333493,22.970079,15,8,2
9961.113210,29.993667,15,8,2
3802.879102,39.538955,15,8,2
2487.527805,48.405462,15,8,2
8603.385848,52.655123,15,8,2
3765.493358,16.557429,15,8,2
9513.685256,25.582991,15,8,2
2013.905732,15.166604,15,8,2
1477.490143,39.213632,15,8,2
