Distance,Tx Power,Bandwidth,Subband BW,Subband Offset
3869.245337,57.697688,25,15,4
1251.856443,45.857749,25,15,4
7585.693017,42.712198,25,15,4
9614.177866,45.226952,25,15,4
539.428507,38.519584,25,15,4
3797.022509,30.546475,25,15,4
702.515709,28.386758,25,15,4
6111.420543,52.145410,25,15,4
752.210958,50.353430,25,15,4
