Distance,Tx Power,Bandwidth,Subband BW,Subband Offset
1250.756330,55.362841,15,7,3
3030.783878,56.018668,15,7,3
2563.273358,19.312030,15,7,3
6026.811332,19.664754,15,7,3
673.499524,57.502401,15,7,3
5317.325040,18.162165,15,7,3
8258.568757,54.427896,15,7,3
7221.139259,41.665740,15,7,3
1629.693867,20.022118,15,7,3
