Distance,Tx Power,Bandwidth,Subband BW,Subband Offset
9090.011823,40.933043,100,33,6
7577.794922,18.464293,100,33,6
4240.222745,56.526619,100,33,6
8529.382974,57.877241,100,33,6
7092.953276,26.215608,100,33,6
8237.353578,23.866159,100,33,6
7043.578701,20.974490,100,33,6
6547.843762,27.562730,100,33,6
1932.195460,32.677412,100,33,6
