Distance,Tx Power,Bandwidth,Subband BW,Subband Offset
1037.137746,15.403502,75,22,18
8265.192512,41.154047,75,22,18
1881.733837,18.548477,75,22,18
5218.027424,45.460354,75,22,18
1703.955101,31.608111,75,22,18
1104.899651,30.753416,75,22,18
748.651932,36.963933,75,22,18
3952.926151,19.390338,75,22,18
9654.739146,24.435575,75,22,18
