Distance,Tx Power,Bandwidth,Subband BW,Subband Offset
3618.845049,30.051494,75,12,11
8876.084829,27.021698,75,12,11
6720.011883,55.351528,75,12,11
6478.847356,39.057334,75,12,11
3222.049175,26.414952,75,12,11
3197.426632,21.809435,75,12,11
2542.994931,54.236122,75,12,11
3897.603128,23.591982,75,12,11
4626.588213,35.104501,75,12,11
