Distance,Tx Power,Bandwidth,Subband BW,Subband Offset
1070.063682,20.111501,75,6,61
159.134647,25.863408,75,6,61
6042.980856,49.678884,75,6,61
4299.773699,56.502141,75,6,61
6534.694659,17.007602,75,6,61
1983.699865,36.684200,75,6,61
262.537519,46.650272,75,6,61
7593.455138,40.572419,75,6,61
8148.948106,22.588829,75,6,61
