Distance,Tx Power,Bandwidth,Subband BW,Subband Offset
8097.511542,32.868266,15,6,0
4423.846140,29.203443,15,6,0
5800.214466,49.166838,15,6,0
4019.874146,29.821322,15,6,0
5671.913142,37.781247,15,6,0
139.105379,15.916589,15,6,0
4015.291326,28.536788,15,6,0
9057.677909,46.601273,15,6,0
7963.691621,20.223661,15,6,0
