Distance,Tx Power,Bandwidth,Subband BW,Subband Offset
7715.579214,42.865519,25,7,16
5422.213603,30.175482,25,7,16
9333.037843,31.130446,25,7,16
4718.609987,57.252620,25,7,16
5669.101704,57.420064,25,7,16
6231.833025,18.273179,25,7,16
7380.424119,26.945845,25,7,16
3422.867717,50.396989,25,7,16
7277.709911,53.210310,25,7,16
