Distance,Tx Power,Bandwidth,Subband BW,Subband Offset
3237.010079,32.663537,75,13,32
3572.694490,54.086707,75,13,32
7520.815255,46.171229,75,13,32
4457.274075,45.491489,75,13,32
562.465555,30.197582,75,13,32
8732.881664,38.908764,75,13,32
6427.318288,56.268473,75,13,32
2447.441648,58.196899,75,13,32
1077.645503,20.905927,75,13,32
