Distance,Tx Power,Bandwidth,Subband BW,Subband Offset
6644.291202,23.802149,75,16,17
9062.679104,44.949044,75,16,17
6500.153845,55.170210,75,16,17
7115.221403,20.297391,75,16,17
6005.806647,56.999459,75,16,17
9359.887299,46.239845,75,16,17
6062.850020,46.682920,75,16,17
6092.871069,23.313468,75,16,17
1361.139717,35.389074,75,16,17
