Distance,Tx Power,Bandwidth,Subband BW,Subband Offset
9600.569311,52.832119,50,43,6
9720.004605,28.377947,50,43,6
765.633283,15.229287,50,43,6
1783.753196,47.812341,50,43,6
9638.604444,18.855865,50,43,6
7047.469860,35.586424,50,43,6
6937.562098,43.750319,50,43,6
5229.170208,47.531578,50,43,6
6295.050002,27.905651,50,43,6
