Distance,Tx Power,Bandwidth,Subband BW,Subband Offset
6422.040329,40.648018,50,30,4
6952.164723,39.396745,50,30,4
5267.917525,18.771215,50,30,4
7437.773926,27.812722,50,30,4
1319.261330,27.738705,50,30,4
6417.124626,49.356317,50,30,4
5661.885857,44.563375,50,30,4
7603.262632,51.313443,50,30,4
7402.185785,33.979303,50,30,4
