Distance,Tx Power,Bandwidth,Subband BW,Subband Offset
1821.656341,20.626800,75,7,53
6361.965838,59.000615,75,7,53
3471.156442,34.067169,75,7,53
4624.731110,20.147970,75,7,53
2962.814259,26.272994,75,7,53
4574.996827,49.038149,75,7,53
5080.481206,47.331292,75,7,53
9999.708003,53.434269,75,7,53
4902.042612,49.874605,75,7,53
