Distance,Tx Power,Bandwidth,Subband BW,Subband Offset
6500.798005,50.127307,25,18,4
3405.938895,51.334513,25,18,4
335.523941,26.831702,25,18,4
7920.019855,58.221046,25,18,4
731.014013,56.708573,25,18,4
7160.486931,45.886269,25,18,4
9257.812121,19.580289,25,18,4
5192.682983,25.716995,25,18,4
9831.857468,47.205497,25,18,4
