Distance,Tx Power,Bandwidth,Subband BW,Subband Offset
5606.431072,53.352356,100,68,21
165.762825,29.199248,100,68,21
8473.711316,22.292078,100,68,21
8667.323973,35.470319,100,68,21
7800.734563,34.151545,100,68,21
4500.617614,36.221117,100,68,21
7775.975569,18.638551,100,68,21
3974.043217,20.369703,100,68,21
2735.357267,35.093870,100,68,21
