Distance,Tx Power,Bandwidth,Subband BW,Subband Offset
8163.463406,43.847336,25,11,7
8382.672848,44.250270,25,11,7
4279.052304,22.333011,25,11,7
2863.264777,37.083061,25,11,7
9415.714143,36.038119,25,11,7
8924.169940,58.025230,25,11,7
4541.036145,22.172666,25,11,7
4579.206077,25.300116,25,11,7
6641.300030,44.523436,25,11,7
