Distance,Tx Power,Bandwidth,Subband BW,Subband Offset
4995.332158,57.417580,75,53,17
255.969456,50.923429,75,53,17
9213.427507,24.794226,75,53,17
6581.760701,39.038589,75,53,17
4786.347612,57.955328,75,53,17
9274.186076,22.035036,75,53,17
2535.755939,28.349506,75,53,17
3908.962778,55.165620,75,53,17
8470.062384,48.679702,75,53,17
