Distance,Tx Power,Bandwidth,Subband BW,Subband Offset
3310.106179,20.128279,25,13,7
5608.683234,38.362431,25,13,7
183.300448,58.835971,25,13,7
1337.667330,53.868091,25,13,7
4151.918303,36.329232,25,13,7
2342.788207,29.247175,25,13,7
6175.085315,28.748331,25,13,7
295.242154,30.057687,25,13,7
3651.117194,46.500637,25,13,7
