Distance,Tx Power,Bandwidth,Subband BW,Subband Offset
2301.393934,37.595166,15,9,2
6187.385844,51.882676,15,9,2
8892.584999,20.312856,15,9,2
2908.416569,50.734204,15,9,2
2690.950266,57.291934,15,9,2
129.571044,39.087004,15,9,2
6953.587303,45.804168,15,9,2
5859.927159,58.439214,15,9,2
6010.392069,59.984153,15,9,2
