Distance,Tx Power,Bandwidth,Subband BW,Subband Offset
7603.676196,55.276796,15,11,4
570.884622,20.678304,15,11,4
8021.584307,19.585325,15,11,4
5931.913384,55.404604,15,11,4
7097.145731,15.515663,15,11,4
4879.429786,20.219875,15,11,4
4714.560075,21.815763,15,11,4
1334.844783,36.914284,15,11,4
9441.990392,49.030648,15,11,4
