Distance,Tx Power,Bandwidth,Subband BW,Subband Offset
6517.168443,33.413379,25,19,6
2266.267125,59.102986,25,19,6
9367.023594,48.676876,25,19,6
4082.777047,58.357656,25,19,6
2148.461706,29.785534,25,19,6
1074.803586,32.309702,25,19,6
701.642108,45.970242,25,19,6
5262.411215,59.436810,25,19,6
6628.156712,34.684808,25,19,6
