Distance,Tx Power,Bandwidth,Subband BW,Subband Offset
6427.285459,55.956784,15,8,6
5467.574932,51.716735,15,8,6
9365.212520,51.195576,15,8,6
9959.183994,28.196453,15,8,6
4473.081559,19.727918,15,8,6
9171.351039,37.961281,15,8,6
4438.127178,40.764801,15,8,6
194.230894,59.248856,15,8,6
987.662421,24.538965,15,8,6
