Distance,Tx Power,Bandwidth,Subband BW,Subband Offset
7316.656750,37.284141,50,19,8
235.897337,18.091254,50,19,8
1285.817936,15.973582,50,19,8
9686.091572,30.272034,50,19,8
2302.778097,32.743226,50,19,8
7774.364342,35.164300,50,19,8
502.205414,21.883512,50,19,8
4187.951392,37.974694,50,19,8
2970.800808,16.821230,50,19,8
