Distance,Tx Power,Bandwidth,Subband BW,Subband Offset
4509.769312,46.638163,25,10,14
1820.132813,37.755501,25,10,14
328.737573,24.712947,25,10,14
860.464514,39.285089,25,10,14
6127.550940,52.127088,25,10,14
6123.209514,16.954841,25,10,14
3832.856194,42.849661,25,10,14
7741.486989,15.005505,25,10,14
8194.035629,32.776875,25,10,14
