Distance,Tx Power,Bandwidth,Subband BW,Subband Offset
3884.186337,48.769530,25,18,4
5069.436358,42.363247,25,18,4
4670.419232,38.217151,25,18,4
1323.660153,48.272712,25,18,4
5957.047259,17.213016,25,18,4
4715.918345,33.133282,25,18,4
3289.356258,39.854327,25,18,4
6513.571234,57.424451,25,18,4
2931.998670,54.842436,25,18,4
