Distance,Tx Power,Bandwidth,Subband BW,Subband Offset
4542.431400,43.998412,75,19,24
9394.279598,19.003441,75,19,24
6048.538236,44.183563,75,19,24
2467.914342,49.674930,75,19,24
8203.765676,25.339875,75,19,24
4007.973335,17.566307,75,19,24
5948.493842,44.780484,75,19,24
4002.123661,26.105812,75,19,24
9256.827930,31.704359,75,19,24
