Distance,Tx Power,Bandwidth,Subband BW,Subband Offset
7024.481207,39.232433,50,27,18
5680.890460,20.521153,50,27,18
4057.442661,57.502307,50,27,18
5576.534311,56.205596,50,27,18
3188.511395,26.053917,50,27,18
7644.298872,54.440518,50,27,18
3442.407557,59.049171,50,27,18
1740.537842,55.303636,50,27,18
1081.742147,36.083017,50,27,18
