Distance,Tx Power,Bandwidth,Subband BW,Subband Offset
1274.500613,54.434407,100,25,39
5615.962041,39.011052,100,25,39
2942.684997,19.570357,100,25,39
5515.512971,57.864845,100,25,39
7118.744540,58.208834,100,25,39
9609.497417,58.978065,100,25,39
976.371122,34.598098,100,25,39
7244.015359,24.950381,100,25,39
2288.363520,20.337831,100,25,39
