Distance,Tx Power,Bandwidth,Subband BW,Subband Offset
4582.276552,29.557978,75,34,32
1511.737772,51.675229,75,34,32
2095.152875,18.856387,75,34,32
1667.045432,45.879544,75,34,32
6864.438680,52.759074,75,34,32
198.090291,27.765075,75,34,32
3030.740089,48.211805,75,34,32
5123.069671,30.104707,75,34,32
1211.590295,29.751546,75,34,32
