Distance,Tx Power,Bandwidth,Subband BW,Subband Offset
2120.790359,54.711822,15,10,1
7785.332122,46.874952,15,10,1
2156.638384,22.390434,15,10,1
2959.621828,24.694242,15,10,1
6870.971189,46.520087,15,10,1
4226.027750,23.571530,15,10,1
9929.662425,25.406101,15,10,1
3416.372652,25.387018,15,10,1
9436.431860,16.427019,15,10,1
