Distance,Tx Power,Bandwidth,Subband BW,Subband Offset
1403.571015,52.860631,50,20,10
2067.445344,49.874574,50,20,10
9819.826081,44.084520,50,20,10
8706.307557,54.182867,50,20,10
6739.519625,43.165563,50,20,10
578.652035,41.439001,50,20,10
5981.014432,48.725159,50,20,10
9833.051371,30.610668,50,20,10
8992.773506,19.809721,50,20,10
