Distance,Tx Power,Bandwidth,Subband BW,Subband Offset
684.357031,35.257496,50,11,4
1693.276508,40.627686,50,11,4
6959.823984,51.728556,50,11,4
7719.896148,39.641945,50,11,4
7967.348922,57.634448,50,11,4
3824.695966,53.299573,50,11,4
8536.691812,48.144114,50,11,4
364.888007,54.043366,50,11,4
4003.983434,31.281928,50,11,4
