Distance,Tx Power,Bandwidth,Subband BW,Subband Offset
2654.918308,17.782534,100,29,63
8780.653351,19.047798,100,29,63
1109.473499,19.577794,100,29,63
3230.179479,31.362206,100,29,63
4209.881404,21.485354,100,29,63
6721.508241,52.643374,100,29,63
3489.836693,18.462591,100,29,63
972.667201,31.972289,100,29,63
633.457841,36.216246,100,29,63
