Distance,Tx Power,Bandwidth,Subband BW,Subband Offset
4323.205420,17.082232,50,37,7
8319.802151,30.494443,50,37,7
9346.253155,36.059714,50,37,7
620.256278,16.632979,50,37,7
3275.922702,58.086506,50,37,7
5765.527881,42.478388,50,37,7
1942.688764,45.230496,50,37,7
3962.850528,24.055869,50,37,7
662.338094,30.010990,50,37,7
