Distance,Tx Power,Bandwidth,Subband BW,Subband Offset
353.848362,39.599798,100,68,17
3585.806150,26.907182,100,68,17
1374.760233,28.482749,100,68,17
4655.520982,40.976043,100,68,17
7482.414360,41.943860,100,68,17
6581.710971,42.973333,100,68,17
8102.854147,41.630837,100,68,17
6036.192465,52.227107,100,68,17
4708.215011,31.414443,100,68,17
