Distance,Tx Power,Bandwidth,Subband BW,Subband Offset
9025.215132,33.180228,15,7,0
8661.310302,31.151292,15,7,0
3448.246869,39.553017,15,7,0
4044.317740,16.767660,15,7,0
9986.533274,35.452050,15,7,0
1574.314002,38.815103,15,7,0
6662.288608,25.192250,15,7,0
5132.878507,43.252342,15,7,0
6677.966730,38.131078,15,7,0
