Distance,Tx Power,Bandwidth,Subband BW,Subband Offset
7550.948691,36.873363,50,25,6
2666.564626,31.327815,50,25,6
2609.946180,46.498437,50,25,6
2408.634294,45.459029,50,25,6
5129.220426,24.841046,50,25,6
6978.631937,18.289078,50,25,6
1879.672090,54.446706,50,25,6
1474.007105,29.850113,50,25,6
252.678518,31.233180,50,25,6
