Distance,Tx Power,Bandwidth,Subband BW,Subband Offset
1511.092800,45.677372,15,9,6
5716.665537,55.061440,15,9,6
7242.280005,59.551867,15,9,6
8749.047681,43.368767,15,9,6
8289.829982,37.340582,15,9,6
7328.387049,58.260209,15,9,6
7272.131447,20.238421,15,9,6
1340.194420,24.461693,15,9,6
3194.689642,16.782355,15,9,6
