Distance,Tx Power,Bandwidth,Subband BW,Subband Offset
3929.784113,18.730482,15,11,0
6113.897394,19.916957,15,11,0
8149.922838,44.795169,15,11,0
8772.991001,36.412401,15,11,0
5225.819657,28.128938,15,11,0
456.083950,40.425585,15,11,0
7762.901880,27.751740,15,11,0
5581.299866,46.641665,15,11,0
709.188780,20.875237,15,11,0
