Distance,Tx Power,Bandwidth,Subband BW,Subband Offset
4920.992977,29.323898,75,17,15
9831.830696,17.726338,75,17,15
5827.489038,18.720036,75,17,15
6050.237277,32.762519,75,17,15
214.085579,22.420038,75,17,15
3192.768369,39.539126,75,17,15
1907.901289,25.001048,75,17,15
691.697037,58.403014,75,17,15
3978.966661,52.014411,75,17,15
