Distance,Tx Power,Bandwidth,Subband BW,Subband Offset
5162.681928,51.462606,100,45,50
9186.404341,34.025321,100,45,50
6473.231843,17.348427,100,45,50
1143.983801,22.234802,100,45,50
9826.091604,24.749411,100,45,50
8124.101436,16.954235,100,45,50
3898.775888,25.319116,100,45,50
3745.970271,50.352833,100,45,50
4187.922571,28.827883,100,45,50
