Distance,Tx Power,Bandwidth,Subband BW,Subband Offset
2720.147538,56.579947,25,15,10
8744.671041,20.789402,25,15,10
3078.645177,36.221519,25,15,10
8086.492371,37.207730,25,15,10
1738.767706,47.687876,25,15,10
3088.065332,46.553141,25,15,10
6087.292341,46.899492,25,15,10
5348.416024,25.047820,25,15,10
6244.476339,50.675570,25,15,10
