Distance,Tx Power,Bandwidth,Subband BW,Subband Offset
5000.063456,30.179591,75,18,21
7182.130767,28.838446,75,18,21
5882.392184,25.855935,75,18,21
8282.261262,34.031035,75,18,21
6307.024569,58.366445,75,18,21
1344.054361,39.961164,75,18,21
8949.884691,15.280900,75,18,21
9392.879641,43.417532,75,18,21
5696.473754,33.677513,75,18,21
