Distance,Tx Power,Bandwidth,Subband BW,Subband Offset
9671.028035,57.762356,100,71,21
3742.572328,45.736237,100,71,21
3030.698055,48.552970,100,71,21
1675.708772,19.278526,100,71,21
2291.476187,25.905818,100,71,21
6537.355580,49.244525,100,71,21
4743.604256,51.777764,100,71,21
5201.094028,32.845031,100,71,21
7098.946559,33.757432,100,71,21
