Distance,Tx Power,Bandwidth,Subband BW,Subband Offset
9730.262710,51.932233,25,10,3
3014.473199,28.375069,25,10,3
2839.097489,58.515806,25,10,3
8596.753579,24.738815,25,10,3
3243.566451,32.117264,25,10,3
6877.281911,17.932113,25,10,3
9282.387141,25.986708,25,10,3
2527.654341,58.474109,25,10,3
3275.816383,17.866411,25,10,3
