Distance,Tx Power,Bandwidth,Subband BW,Subband Offset
563.994853,39.539314,100,6,2
3431.108235,48.428182,100,6,2
9382.990452,59.172963,100,6,2
1353.014070,18.443301,100,6,2
5165.525057,21.287661,100,6,2
5311.118607,19.285133,100,6,2
2321.603026,17.363684,100,6,2
2498.862468,51.039100,100,6,2
2590.485044,21.947560,100,6,2
