Distance,Tx Power,Bandwidth,Subband BW,Subband Offset
1028.922013,45.286998,15,14,1
4705.082325,39.674737,15,14,1
4995.881408,31.781213,15,14,1
8225.816652,55.251909,15,14,1
2089.314788,42.885399,15,14,1
3984.962709,40.203099,15,14,1
3464.415886,52.071306,15,14,1
1027.471980,43.486040,15,14,1
859.534615,46.115857,15,14,1
