Distance,Tx Power,Bandwidth,Subband BW,Subband Offset
393.249890,31.002154,100,16,48
472.897920,57.466197,100,16,48
6121.713359,38.152731,100,16,48
9240.976671,28.880824,100,16,48
3240.270384,22.052423,100,16,48
1736.358882,37.575224,100,16,48
6927.684681,34.140518,100,16,48
6264.304192,41.811383,100,16,48
1916.205813,40.200785,100,16,48
