Distance,Tx Power,Bandwidth,Subband BW,Subband Offset
9764.527713,39.749826,25,15,7
5659.521515,56.665908,25,15,7
817.184181,38.858236,25,15,7
1534.321735,23.004599,25,15,7
6424.003633,32.731801,25,15,7
9878.777926,25.970148,25,15,7
6500.539011,50.680303,25,15,7
5882.818212,32.028995,25,15,7
3221.632513,44.214532,25,15,7
