Distance,Tx Power,Bandwidth,Subband BW,Subband Offset
1587.682547,26.894992,15,9,6
6826.642896,51.695762,15,9,6
9531.632480,53.728249,15,9,6
7772.508742,27.371227,15,9,6
1992.349463,24.639260,15,9,6
2380.276128,40.058680,15,9,6
5255.934534,15.945319,15,9,6
639.838174,46.184310,15,9,6
8621.271916,27.446240,15,9,6
