Distance,Tx Power,Bandwidth,Subband BW,Subband Offset
7535.413090,18.525741,15,11,3
8580.854819,34.281527,15,11,3
4972.181261,40.318432,15,11,3
8838.147404,16.980349,15,11,3
5060.790396,23.529910,15,11,3
8488.681585,35.011275,15,11,3
462.875739,43.638269,15,11,3
2444.276595,47.717441,15,11,3
2011.112656,55.873556,15,11,3
