Distance,Tx Power,Bandwidth,Subband BW,Subband Offset
467.767929,55.823528,100,90,0
7804.025611,56.160998,100,90,0
8908.922332,16.413554,100,90,0
334.678736,56.168892,100,90,0
8514.967303,43.501041,100,90,0
6672.678022,27.332426,100,90,0
2269.086348,23.737636,100,90,0
1421.915187,56.464763,100,90,0
7610.269114,22.545592,100,90,0
