Distance,Tx Power,Bandwidth,Subband BW,Subband Offset
3764.320102,40.499004,15,7,4
5747.733523,33.096232,15,7,4
8644.326472,34.533789,15,7,4
4334.838804,54.640817,15,7,4
3740.492524,46.809339,15,7,4
1996.064933,44.839439,15,7,4
8628.005801,49.780234,15,7,4
185.370320,43.747382,15,7,4
6861.484618,32.278485,15,7,4
