Distance,Tx Power,Bandwidth,Subband BW,Subband Offset
6008.355517,20.793508,15,6,0
468.315996,27.149115,15,6,0
6043.232087,39.672585,15,6,0
9002.104962,44.358753,15,6,0
495.479712,29.710908,15,6,0
8341.982450,41.510821,15,6,0
4268.257363,27.110215,15,6,0
3038.156507,30.587913,15,6,0
9211.311137,47.139360,15,6,0
