Distance,Tx Power,Bandwidth,Subband BW,Subband Offset
777.395198,55.910039,25,7,4
1398.124794,47.344924,25,7,4
197.794546,21.121035,25,7,4
1713.377735,30.561263,25,7,4
4788.701213,18.569294,25,7,4
7092.118455,32.906424,25,7,4
446.661091,48.630477,25,7,4
9390.253426,15.967022,25,7,4
813.117286,18.992392,25,7,4
