Distance,Tx Power,Bandwidth,Subband BW,Subband Offset
2878.507084,54.237687,25,22,3
9072.698032,42.521599,25,22,3
6285.123420,54.149621,25,22,3
6372.781296,50.090387,25,22,3
6903.222140,24.584574,25,22,3
8017.716570,46.033566,25,22,3
9237.400648,20.700048,25,22,3
1704.587305,30.459077,25,22,3
3164.794592,48.487946,25,22,3
