Distance,Tx Power,Bandwidth,Subband BW,Subband Offset
114.788859,18.791546,100,11,71
993.552361,17.187231,100,11,71
379.856460,16.164254,100,11,71
4087.814927,58.870971,100,11,71
1194.657376,22.254350,100,11,71
183.994762,51.128680,100,11,71
6625.627573,54.912315,100,11,71
5879.182858,32.633350,100,11,71
8968.459393,31.370454,100,11,71
