Distance,Tx Power,Bandwidth,Subband BW,Subband Offset
216.834397,54.973895,50,19,11
9540.974114,16.767856,50,19,11
8589.846576,57.656854,50,19,11
8437.439985,35.141153,50,19,11
1742.659572,19.039149,50,19,11
6278.533304,58.004319,50,19,11
8045.861365,46.817136,50,19,11
9714.193314,17.743598,50,19,11
5020.946995,33.104280,50,19,11
