Distance,Tx Power,Bandwidth,Subband BW,Subband Offset
4482.056974,32.943330,50,8,11
2743.213391,39.839398,50,8,11
2297.166307,55.442619,50,8,11
5824.102697,30.162542,50,8,11
5675.454149,15.453689,50,8,11
2137.111069,58.435882,50,8,11
9215.375910,25.038850,50,8,11
5071.175953,42.143711,50,8,11
773.238009,41.107628,50,8,11
