Distance,Tx Power,Bandwidth,Subband BW,Subband Offset
6333.018055,51.228186,50,16,7
2052.641984,44.613517,50,16,7
4210.009489,21.456388,50,16,7
4367.723354,20.563679,50,16,7
3973.016363,19.905545,50,16,7
622.552226,27.156134,50,16,7
2827.114856,37.983637,50,16,7
6385.423040,55.303612,50,16,7
7166.402366,55.815273,50,16,7
