Distance,Tx Power,Bandwidth,Subband BW,Subband Offset
2928.830226,32.782619,50,30,5
9865.081218,48.959250,50,30,5
4897.554209,56.705525,50,30,5
2508.425025,52.567902,50,30,5
9421.358732,52.870035,50,30,5
2627.571035,23.360886,50,30,5
2322.004401,22.339269,50,30,5
9413.124207,29.328098,50,30,5
6307.651438,31.354405,50,30,5
