Distance,Tx Power,Bandwidth,Subband BW,Subband Offset
1023.836260,59.223324,100,69,5
6121.822165,39.868609,100,69,5
6930.129371,31.314041,100,69,5
2244.033839,34.056993,100,69,5
6386.457737,42.550327,100,69,5
4814.100516,27.657202,100,69,5
5989.553630,55.999174,100,69,5
8393.409262,19.536203,100,69,5
8823.331056,51.275897,100,69,5
