Distance,Tx Power,Bandwidth,Subband BW,Subband Offset
7387.948088,43.475694,25,11,3
7545.789284,16.201042,25,11,3
6694.503477,30.521585,25,11,3
659.327526,50.303299,25,11,3
9343.969554,18.423028,25,11,3
6731.990135,24.208253,25,11,3
4883.663279,35.189078,25,11,3
3706.034634,25.591819,25,11,3
6375.395650,53.191010,25,11,3
