Distance,Tx Power,Bandwidth,Subband BW,Subband Offset
2014.544192,27.019643,50,15,11
1607.081207,47.313788,50,15,11
3830.671560,45.488050,50,15,11
3812.893355,28.670646,50,15,11
4241.418886,22.691374,50,15,11
7537.930386,49.410821,50,15,11
2909.998666,46.933471,50,15,11
959.654033,33.719689,50,15,11
2607.030038,53.060751,50,15,11
