Distance,Tx Power,Bandwidth,Subband BW,Subband Offset
3969.884217,52.222240,75,19,18
815.417685,49.668408,75,19,18
426.406618,34.487410,75,19,18
2742.039144,15.655518,75,19,18
5441.863676,36.744832,75,19,18
3137.034784,46.794993,75,19,18
9727.803663,21.819614,75,19,18
6427.023773,55.441482,75,19,18
1255.228149,18.590493,75,19,18
