Distance,Tx Power,Bandwidth,Subband BW,Subband Offset
314.783735,52.178174,15,9,5
3245.081989,26.635366,15,9,5
6100.803795,29.787148,15,9,5
5384.091082,33.495364,15,9,5
9470.915186,26.206850,15,9,5
7675.449454,35.275140,15,9,5
7828.008200,40.958696,15,9,5
7111.740693,38.369574,15,9,5
9339.353092,43.497126,15,9,5
