Distance,Tx Power,Bandwidth,Subband BW,Subband Offset
4876.343359,59.939060,15,8,0
184.278148,39.026666,15,8,0
7049.659741,46.870585,15,8,0
859.726726,59.005016,15,8,0
1468.000685,41.986142,15,8,0
634.839624,43.137894,15,8,0
5441.613503,57.556856,15,8,0
7411.561291,31.214076,15,8,0
7499.034900,57.356335,15,8,0
