Distance,Tx Power,Bandwidth,Subband BW,Subband Offset
1473.954754,32.327501,15,7,6
4716.106330,26.811205,15,7,6
5518.909912,29.588570,15,7,6
9765.999049,55.369601,15,7,6
9613.335802,52.032794,15,7,6
1161.417474,44.174919,15,7,6
5490.249207,48.965377,15,7,6
5823.020783,56.892367,15,7,6
481.910183,24.686292,15,7,6
