Distance,Tx Power,Bandwidth,Subband BW,Subband Offset
6571.890572,47.496298,100,48,16
9555.925420,54.139003,100,48,16
4127.078732,39.203281,100,48,16
3015.175269,47.002166,100,48,16
1878.864418,54.915037,100,48,16
7904.632804,25.384525,100,48,16
6437.383776,27.991938,100,48,16
9097.213947,51.466431,100,48,16
2007.933901,41.573184,100,48,16
