Distance,Tx Power,Bandwidth,Subband BW,Subband Offset
5255.591298,59.852291,15,9,4
5322.645957,15.347917,15,9,4
5875.219033,28.630266,15,9,4
4109.870492,24.176030,15,9,4
7382.413445,19.113055,15,9,4
8860.669112,31.749328,15,9,4
3143.608176,49.766287,15,9,4
2101.951928,20.742620,15,9,4
6773.317234,55.912095,15,9,4
