Distance,Tx Power,Bandwidth,Subband BW,Subband Offset
9139.355562,33.957962,100,13,52
4620.977211,51.782071,100,13,52
7014.279538,43.021956,100,13,52
8052.703164,52.209058,100,13,52
6450.408484,17.301607,100,13,52
3135.147315,19.378610,100,13,52
6317.041596,52.201059,100,13,52
7699.591123,57.077966,100,13,52
8670.793023,34.885044,100,13,52
