Distance,Tx Power,Bandwidth,Subband BW,Subband Offset
8673.712065,55.597843,75,28,5
1545.217621,52.022106,75,28,5
7179.238824,20.449637,75,28,5
5245.148797,47.013366,75,28,5
8573.359908,53.802907,75,28,5
5328.523648,36.708805,75,28,5
458.109046,22.421121,75,28,5
2331.744303,52.489233,75,28,5
5279.428623,56.570031,75,28,5
