Distance,Tx Power,Bandwidth,Subband BW,Subband Offset
9323.612037,56.407981,50,35,15
5125.696084,31.959644,50,35,15
8314.263526,39.112886,50,35,15
2862.163059,38.994633,50,35,15
8454.488522,58.550504,50,35,15
6913.424457,32.661739,50,35,15
9791.496791,41.556243,50,35,15
8914.807257,45.124786,50,35,15
6303.553550,36.881944,50,35,15
