Distance,Tx Power,Bandwidth,Subband BW,Subband Offset
4439.960646,55.945660,25,15,2
9589.875353,20.463615,25,15,2
1977.707500,41.869953,25,15,2
6090.024387,38.018639,25,15,2
3071.713600,39.791611,25,15,2
1518.619646,45.122640,25,15,2
5156.773812,40.921028,25,15,2
8371.641768,43.849823,25,15,2
8305.115683,56.203859,25,15,2
