Distance,Tx Power,Bandwidth,Subband BW,Subband Offset
161.161782,43.711648,75,20,49
2400.588770,26.992549,75,20,49
2794.547592,23.069175,75,20,49
4407.427353,18.791335,75,20,49
1265.374782,50.356339,75,20,49
4803.393694,34.891015,75,20,49
6579.469327,26.757805,75,20,49
9663.252610,26.269051,75,20,49
1048.316690,40.957291,75,20,49
