Distance,Tx Power,Bandwidth,Subband BW,Subband Offset
3178.898424,35.598113,25,8,4
3530.708197,18.759707,25,8,4
8887.572346,45.757137,25,8,4
2999.360884,40.705805,25,8,4
7672.906167,17.901613,25,8,4
4538.129313,40.746489,25,8,4
4261.433460,38.262331,25,8,4
5817.975955,32.885388,25,8,4
1207.987861,34.451783,25,8,4
