Distance,Tx Power,Bandwidth,Subband BW,Subband Offset
4355.596333,42.446285,15,14,0
2950.398270,18.516108,15,14,0
2156.184530,19.311857,15,14,0
2408.492445,15.332911,15,14,0
7436.097441,47.776968,15,14,0
4768.586718,49.272917,15,14,0
9742.916789,38.541715,15,14,0
4902.674685,39.642200,15,14,0
7762.633270,59.479613,15,14,0
