Distance,Tx Power,Bandwidth,Subband BW,Subband Offset
8485.277167,49.478115,25,9,8
7966.484286,30.175180,25,9,8
5805.927664,52.219022,25,9,8
2817.079730,18.062798,25,9,8
5758.537473,18.284676,25,9,8
142.394425,30.827434,25,9,8
4916.493805,19.495228,25,9,8
7208.282971,18.644215,25,9,8
5046.160077,38.626623,25,9,8
