Distance,Tx Power,Bandwidth,Subband BW,Subband Offset
1667.783709,31.504008,15,14,1
3169.867761,23.288432,15,14,1
4371.174804,41.449330,15,14,1
398.857848,22.380574,15,14,1
7975.598785,51.588301,15,14,1
532.983197,43.516280,15,14,1
1629.472429,22.731654,15,14,1
9289.493841,38.558429,15,14,1
5792.383154,29.965317,15,14,1
