Distance,Tx Power,Bandwidth,Subband BW,Subband Offset
6502.715569,49.172226,100,53,31
9626.738507,58.745006,100,53,31
4843.840458,36.453073,100,53,31
8776.896304,18.409096,100,53,31
6816.711652,42.590760,100,53,31
9327.460723,25.060144,100,53,31
8695.716486,19.684495,100,53,31
1804.380405,22.932419,100,53,31
8409.661021,16.784948,100,53,31
