Distance,Tx Power,Bandwidth,Subband BW,Subband Offset
5834.081976,50.595683,75,37,15
8514.411660,27.034815,75,37,15
3931.544176,51.181520,75,37,15
6091.061975,19.966602,75,37,15
8363.663641,42.281558,75,37,15
668.309377,50.234310,75,37,15
6925.087915,56.227318,75,37,15
378.438345,25.899923,75,37,15
9581.140303,19.705706,75,37,15
