Distance,Tx Power,Bandwidth,Subband BW,Subband Offset
9587.804062,42.921243,15,11,3
4417.874381,22.163658,15,11,3
282.892124,37.805139,15,11,3
4367.394628,28.410970,15,11,3
7207.334859,30.065230,15,11,3
2699.082047,39.216643,15,11,3
2047.402261,25.746300,15,11,3
2070.013508,28.940519,15,11,3
5047.161727,52.454452,15,11,3
