Distance,Tx Power,Bandwidth,Subband BW,Subband Offset
4213.592296,26.566131,75,20,12
1825.573941,52.858867,75,20,12
1662.132071,52.269850,75,20,12
2212.568835,25.331868,75,20,12
1827.808435,52.456610,75,20,12
6488.135830,46.375756,75,20,12
4005.307603,46.177615,75,20,12
2221.504033,45.773489,75,20,12
9477.397880,27.865403,75,20,12
