Distance,Tx Power,Bandwidth,Subband BW,Subband Offset
5997.164549,17.646659,25,9,5
9996.880122,16.147657,25,9,5
7466.606849,16.827853,25,9,5
2780.030651,31.874981,25,9,5
6883.340245,53.517745,25,9,5
4704.466747,31.520829,25,9,5
7054.908548,58.297306,25,9,5
8552.013878,15.842520,25,9,5
9806.662002,52.251177,25,9,5
