Distance,Tx Power,Bandwidth,Subband BW,Subband Offset
6029.882082,44.530162,100,22,52
2661.963332,31.468631,100,22,52
1346.290097,23.194936,100,22,52
1590.748453,34.316049,100,22,52
9514.682238,24.997256,100,22,52
4803.055984,49.568671,100,22,52
998.821000,58.570080,100,22,52
2813.767682,52.683176,100,22,52
4825.153989,35.363011,100,22,52
