Distance,Tx Power,Bandwidth,Subband BW,Subband Offset
1700.733884,47.908919,50,16,15
7787.923086,59.220794,50,16,15
8721.071945,39.974577,50,16,15
7955.369667,36.395210,50,16,15
6024.965473,30.379159,50,16,15
3361.895171,37.322466,50,16,15
2984.739570,19.165346,50,16,15
3259.059135,25.463570,50,16,15
5101.670396,58.843376,50,16,15
