Distance,Tx Power,Bandwidth,Subband BW,Subband Offset
7338.626257,57.815005,15,13,0
7993.063367,30.342703,15,13,0
9375.213895,41.716407,15,13,0
5555.630779,35.796541,15,13,0
4995.783531,54.265724,15,13,0
6759.496079,51.654722,15,13,0
1798.242930,40.924007,15,13,0
239.974343,57.202639,15,13,0
3281.681668,52.294962,15,13,0
