Distance,Tx Power,Bandwidth,Subband BW,Subband Offset
479.291873,38.736776,100,6,66
7289.882535,43.544497,100,6,66
5561.515326,42.246566,100,6,66
2062.903099,16.077271,100,6,66
9709.726509,58.913853,100,6,66
1690.900253,57.716181,100,6,66
3877.225592,43.266068,100,6,66
5642.647319,58.256586,100,6,66
1519.414832,58.599690,100,6,66
