Distance,Tx Power,Bandwidth,Subband BW,Subband Offset
8761.787905,17.314706,75,39,24
2683.383615,19.982140,75,39,24
7650.826188,41.200789,75,39,24
4090.462165,29.755351,75,39,24
7726.698740,35.438565,75,39,24
5242.452532,33.815258,75,39,24
407.085413,42.820141,75,39,24
5814.711461,17.783083,75,39,24
631.503005,17.247187,75,39,24
