Distance,Tx Power,Bandwidth,Subband BW,Subband Offset
449.416643,35.421247,100,34,55
163.266074,41.056060,100,34,55
9583.502067,17.523454,100,34,55
9930.754445,43.302638,100,34,55
6488.663332,31.387014,100,34,55
115.439414,56.443966,100,34,55
3399.874886,53.103277,100,34,55
8231.789259,17.240930,100,34,55
7198.709548,54.098106,100,34,55
