Distance,Tx Power,Bandwidth,Subband BW,Subband Offset
849.744362,57.664945,25,12,12
606.164018,17.063266,25,12,12
4888.660960,35.089783,25,12,12
2993.021801,44.363592,25,12,12
100.724785,51.572230,25,12,12
7757.791603,44.061349,25,12,12
2121.651144,41.599771,25,12,12
6996.473680,36.283844,25,12,12
3984.990276,31.446857,25,12,12
