Distance,Tx Power,Bandwidth,Subband BW,Subband Offset
6103.141756,21.743848,100,80,7
1783.024753,22.473701,100,80,7
8578.093312,17.946619,100,80,7
3493.755309,46.969186,100,80,7
8941.965303,16.545668,100,80,7
8786.614786,44.548829,100,80,7
9262.211717,49.411317,100,80,7
1582.530106,22.656847,100,80,7
4620.794191,18.941972,100,80,7
