Distance,Tx Power,Bandwidth,Subband BW,Subband Offset
2199.957148,18.773059,15,6,7
7018.465807,30.621443,15,6,7
406.103539,28.098522,15,6,7
920.021556,36.527099,15,6,7
9540.006552,40.860480,15,6,7
8811.412164,45.939525,15,6,7
2675.974896,47.343873,15,6,7
7912.988709,42.315555,15,6,7
420.050232,30.424395,15,6,7
