Distance,Tx Power,Bandwidth,Subband BW,Subband Offset
7843.360403,41.291221,75,28,1
982.489332,37.790888,75,28,1
1542.527867,21.041166,75,28,1
1259.787655,20.451729,75,28,1
5330.831372,57.300770,75,28,1
8025.132721,54.538733,75,28,1
6819.246095,34.257550,75,28,1
7376.986631,19.362360,75,28,1
5521.518626,18.617453,75,28,1
