Distance,Tx Power,Bandwidth,Subband BW,Subband Offset
9876.323620,34.334388,25,13,3
4971.339250,59.576228,25,13,3
5098.845642,42.273470,25,13,3
6848.256183,38.735316,25,13,3
6002.338953,29.702800,25,13,3
4947.004831,33.196047,25,13,3
4226.378074,42.263134,25,13,3
2467.426263,54.380237,25,13,3
1858.777992,54.128659,25,13,3
