Distance,Tx Power,Bandwidth,Subband BW,Subband Offset
1027.815411,24.492954,50,15,9
5506.206181,27.891459,50,15,9
6507.356807,55.941832,50,15,9
7869.089822,46.944717,50,15,9
7753.153824,46.329287,50,15,9
3105.060343,18.821269,50,15,9
1189.347862,36.933378,50,15,9
2376.162977,21.984320,50,15,9
5085.210075,33.664748,50,15,9
