Distance,Tx Power,Bandwidth,Subband BW,Subband Offset
2121.579896,18.601136,15,11,1
4175.796995,38.446606,15,11,1
5197.428467,52.156170,15,11,1
3520.404724,28.819938,15,11,1
2162.572793,31.240894,15,11,1
4778.472790,33.186266,15,11,1
5318.913760,22.214731,15,11,1
3799.608013,41.249679,15,11,1
5523.941819,25.860640,15,11,1
