Distance,Tx Power,Bandwidth,Subband BW,Subband Offset
4489.633024,27.600536,50,46,2
5393.309698,38.253857,50,46,2
6558.450210,26.799949,50,46,2
6429.635810,24.684246,50,46,2
5348.850756,20.371302,50,46,2
5143.723919,24.490344,50,46,2
6227.712091,32.547072,50,46,2
7139.501188,42.478449,50,46,2
1679.875701,58.791808,50,46,2
