Distance,Tx Power,Bandwidth,Subband BW,Subband Offset
5930.869633,17.808120,25,8,2
8769.366877,49.990398,25,8,2
3257.575410,44.078039,25,8,2
4138.836358,27.610637,25,8,2
6578.265113,20.875046,25,8,2
4645.197814,30.286525,25,8,2
8114.023290,26.204618,25,8,2
8188.277289,32.185684,25,8,2
5381.931193,24.771702,25,8,2
