Distance,Tx Power,Bandwidth,Subband BW,Subband Offset
7415.179821,31.747042,50,48,2
3029.445069,52.790567,50,48,2
3066.111946,32.648950,50,48,2
1610.971442,37.585508,50,48,2
8504.790503,43.196191,50,48,2
3629.279178,18.391801,50,48,2
4617.761572,20.089127,50,48,2
6496.288888,56.479209,50,48,2
8068.833519,39.608014,50,48,2
