Distance,Tx Power,Bandwidth,Subband BW,Subband Offset
9446.581426,38.513778,15,9,6
7914.978690,21.786476,15,9,6
8006.941231,55.142071,15,9,6
8992.972857,19.298851,15,9,6
4139.241067,35.438619,15,9,6
5855.004398,19.226223,15,9,6
6681.920627,31.293929,15,9,6
5324.197093,27.397249,15,9,6
2962.020389,36.403090,15,9,6
