Distance,Tx Power,Bandwidth,Subband BW,Subband Offset
1963.406174,27.307040,100,65,7
1266.686055,53.288832,100,65,7
3059.431791,47.847759,100,65,7
1524.430802,59.596453,100,65,7
5514.111889,44.944624,100,65,7
4309.385331,17.384532,100,65,7
6520.748074,41.656161,100,65,7
4232.726542,23.899811,100,65,7
6968.887223,50.808178,100,65,7
