Distance,Tx Power,Bandwidth,Subband BW,Subband Offset
1250.502604,23.624061,50,13,13
4431.545092,18.473589,50,13,13
2820.169682,19.361553,50,13,13
1681.780054,27.228972,50,13,13
7214.091619,25.230810,50,13,13
2750.175434,18.915473,50,13,13
4290.260364,21.273932,50,13,13
149.484139,44.096786,50,13,13
1746.806543,16.756614,50,13,13
