Distance,Tx Power,Bandwidth,Subband BW,Subband Offset
6728.034361,40.430199,75,26,13
1147.690112,37.125089,75,26,13
8807.365302,56.548166,75,26,13
8176.803876,50.145414,75,26,13
1653.554303,45.084087,75,26,13
5821.498202,22.901884,75,26,13
5889.205925,25.817685,75,26,13
959.202336,40.470190,75,26,13
8504.370461,17.475346,75,26,13
