Distance,Tx Power,Bandwidth,Subband BW,Subband Offset
1065.720760,53.957926,50,13,3
431.975033,20.719073,50,13,3
9983.897837,28.879328,50,13,3
1420.641466,55.145889,50,13,3
2454.355285,43.665269,50,13,3
7022.513422,22.358159,50,13,3
9958.570846,47.679649,50,13,3
6804.694656,21.708948,50,13,3
9006.603433,50.134087,50,13,3
