Distance,Tx Power,Bandwidth,Subband BW,Subband Offset
5161.070733,19.841103,100,72,0
2544.562770,16.897652,100,72,0
8195.689134,56.362233,100,72,0
3842.481760,17.658292,100,72,0
5053.140094,26.632759,100,72,0
3712.383924,26.932776,100,72,0
9602.146833,57.813767,100,72,0
6317.393733,49.359408,100,72,0
7692.021609,49.909044,100,72,0
