Distance,Tx Power,Bandwidth,Subband BW,Subband Offset
545.536068,42.405726,50,28,13
5496.832400,15.661998,50,28,13
8108.885287,59.372019,50,28,13
392.142035,42.080508,50,28,13
3962.923986,28.263944,50,28,13
7657.480150,46.738161,50,28,13
5313.501752,36.031853,50,28,13
312.479390,19.483929,50,28,13
9987.716586,27.192997,50,28,13
