Distance,Tx Power,Bandwidth,Subband BW,Subband Offset
2256.300035,53.298579,100,73,19
7099.305697,57.074649,100,73,19
181.357777,53.219037,100,73,19
7576.754915,39.871462,100,73,19
8135.989863,19.239580,100,73,19
