Distance,Tx Power,Bandwidth,Subband BW,Subband Offset
4413.359464,32.162406,75,60,9
7332.207016,56.678557,75,60,9
1449.127020,40.167256,75,60,9
6106.732660,54.540315,75,60,9
4495.228013,40.788201,75,60,9
