Distance,Tx Power,Bandwidth,Subband BW,Subband Offset
7806.781701,36.760216,15,6,5
8600.406614,37.770808,15,6,5
3520.242010,33.510576,15,6,5
2784.877178,37.723229,15,6,5
2773.092730,33.370595,15,6,5
