Distance,Tx Power,Bandwidth,Subband BW,Subband Offset
1970.024285,21.860833,25,10,9
5364.801622,19.627006,25,10,9
2415.496346,23.798242,25,10,9
8739.847056,39.796955,25,10,9
3805.314388,17.336006,25,10,9
