Distance,Tx Power,Bandwidth,Subband BW,Subband Offset
5544.081219,47.747646,75,23,11
4577.117511,30.048275,75,23,11
7145.634747,30.494238,75,23,11
1341.802644,26.306093,75,23,11
2002.299053,43.277109,75,23,11
