Distance,Tx Power,Bandwidth,Subband BW,Subband Offset
1097.485804,49.843707,15,8,7
2645.141868,50.247223,15,8,7
9192.193175,46.390063,15,8,7
5351.107531,58.363355,15,8,7
4432.236665,50.916175,15,8,7
