Distance,Tx Power,Bandwidth,Subband BW,Subband Offset
6585.087726,21.798291,25,18,4
5274.771660,35.278985,25,18,4
624.573216,59.835852,25,18,4
7675.748040,36.527161,25,18,4
2345.931315,18.892360,25,18,4
