Distance,Tx Power,Bandwidth,Subband BW,Subband Offset
9960.622634,38.738866,100,29,60
7796.760445,22.627181,100,29,60
736.973573,48.305168,100,29,60
4617.234157,17.084949,100,29,60
9967.489078,49.338472,100,29,60
