Distance,Tx Power,Bandwidth,Subband BW,Subband Offset
2295.450480,16.344762,15,10,2
9186.512819,58.407560,15,10,2
8776.546385,16.988499,15,10,2
7147.977318,17.372626,15,10,2
1640.621360,32.247617,15,10,2
