Distance,Tx Power,Bandwidth,Subband BW,Subband Offset
4459.152915,22.584561,75,26,44
9418.826004,38.323147,75,26,44
9769.452814,37.573150,75,26,44
7140.052446,48.447626,75,26,44
6028.815896,21.722715,75,26,44
