Distance,Tx Power,Bandwidth,Subband BW,Subband Offset
2214.043442,41.885857,25,15,3
3378.494312,48.833154,25,15,3
3088.660451,41.734072,25,15,3
8475.641550,26.612240,25,15,3
9121.472777,28.688347,25,15,3
