Distance,Tx Power,Bandwidth,Subband BW,Subband Offset
1247.682306,39.679470,100,27,21
8569.464076,30.318977,100,27,21
9920.210222,41.522965,100,27,21
3905.255812,20.604190,100,27,21
8519.237090,48.257533,100,27,21
