Distance,Tx Power,Bandwidth,Subband BW,Subband Offset
5186.140590,34.188018,50,32,8
7643.586009,38.077054,50,32,8
2004.598705,33.855165,50,32,8
2174.404670,58.635303,50,32,8
4190.207408,44.659658,50,32,8
