Distance,Tx Power,Bandwidth,Subband BW,Subband Offset
2389.012961,38.289629,15,14,1
8464.728345,35.881042,15,14,1
3251.415894,34.683819,15,14,1
3072.290844,30.434613,15,14,1
6517.947888,57.466147,15,14,1
