Distance,Tx Power,Bandwidth,Subband BW,Subband Offset
9346.451281,27.498016,25,13,3
1037.534282,53.836130,25,13,3
3559.380303,43.892810,25,13,3
324.502312,33.549276,25,13,3
6135.234981,41.037197,25,13,3
