Distance,Tx Power,Bandwidth,Subband BW,Subband Offset
1343.005380,59.357770,25,13,9
1596.529335,15.668860,25,13,9
2585.315854,27.975521,25,13,9
2933.118050,37.069481,25,13,9
5092.609038,30.481760,25,13,9
