Distance,Tx Power,Bandwidth,Subband BW,Subband Offset
5038.655763,21.882382,25,22,3
7722.650953,43.140267,25,22,3
1579.184416,37.719697,25,22,3
4371.588225,46.618933,25,22,3
9103.112967,22.302722,25,22,3
