Distance,Tx Power,Bandwidth,Subband BW,Subband Offset
6751.261785,32.332548,15,15,0
742.341801,31.445092,15,15,0
6350.555747,19.361664,15,15,0
2990.321097,38.203161,15,15,0
7660.062435,35.941337,15,15,0
