Distance,Tx Power,Bandwidth,Subband BW,Subband Offset
458.040241,32.842903,15,6,9
8060.805960,38.767701,15,6,9
5952.019504,16.849193,15,6,9
6817.530107,19.684560,15,6,9
7209.521105,49.999014,15,6,9
