Distance,Tx Power,Bandwidth,Subband BW,Subband Offset
3698.798031,16.488492,50,50,0
2413.290774,57.266276,50,50,0
1426.881704,33.925658,50,50,0
7011.810984,25.387777,50,50,0
9617.025558,37.100737,50,50,0
