Distance,Tx Power,Bandwidth,Subband BW,Subband Offset
1231.639453,17.483939,50,9,41
3258.602709,42.015424,50,9,41
7628.548632,22.247237,50,9,41
2520.890630,24.792462,50,9,41
1060.911208,59.750438,50,9,41
