Distance,Tx Power,Bandwidth,Subband BW,Subband Offset
7032.445295,43.803887,25,20,5
8507.966175,17.431026,25,20,5
5848.901658,21.813862,25,20,5
5475.118323,21.634093,25,20,5
7433.319679,26.078300,25,20,5
