Distance,Tx Power,Bandwidth,Subband BW,Subband Offset
4815.883191,45.612784,50,17,1
5916.556502,24.458462,50,17,1
3983.481766,42.168694,50,17,1
9202.165329,39.668158,50,17,1
7400.970973,21.400588,50,17,1
