Distance,Tx Power,Bandwidth,Subband BW,Subband Offset
9218.164769,52.963965,100,20,45
1627.494796,55.109603,100,20,45
4600.564000,31.340352,100,20,45
674.968811,15.238080,100,20,45
1967.202077,21.266830,100,20,45
