Distance,Tx Power,Bandwidth,Subband BW,Subband Offset
1046.364431,58.133927,25,9,13
7679.424189,39.860677,25,9,13
9145.929933,29.873893,25,9,13
6479.973758,51.191810,25,9,13
5742.052712,24.792914,25,9,13
