Distance,Tx Power,Bandwidth,Subband BW,Subband Offset
6128.304250,22.300010,50,20,17
5237.338686,19.015274,50,20,17
3774.271805,36.600416,50,20,17
9731.998836,31.089006,50,20,17
4263.389810,15.930391,50,20,17
