Distance,Tx Power,Bandwidth,Subband BW,Subband Offset
7705.817491,48.180903,100,36,54
223.989280,38.444916,100,36,54
9192.364628,33.662960,100,36,54
6854.065509,18.162485,100,36,54
1639.771451,45.770794,100,36,54
