Distance,Tx Power,Bandwidth,Subband BW,Subband Offset
4507.666560,48.527733,25,9,8
1861.367496,57.910259,25,9,8
2337.139640,42.286899,25,9,8
7516.061787,36.713839,25,9,8
5930.150748,32.051111,25,9,8
