Distance,Tx Power,Bandwidth,Subband BW,Subband Offset
6026.206281,24.998596,100,24,48
4853.145701,32.800581,100,24,48
6645.451583,17.596154,100,24,48
5215.658614,22.759725,100,24,48
2130.410617,37.252977,100,24,48
