Distance,Tx Power,Bandwidth,Subband BW,Subband Offset
3508.103614,25.160427,100,32,41
5886.141624,57.464799,100,32,41
459.547436,45.544263,100,32,41
5181.311457,54.034536,100,32,41
837.443614,56.808389,100,32,41
