Distance,Tx Power,Bandwidth,Subband BW,Subband Offset
5678.767907,27.450609,50,15,3
1294.646922,55.004368,50,15,3
5601.366148,59.964164,50,15,3
5982.273381,22.336723,50,15,3
7745.176288,56.477485,50,15,3
