Distance,Tx Power,Bandwidth,Subband BW,Subband Offset
716.374680,57.539584,25,17,5
7118.120216,22.752174,25,17,5
7141.923797,33.675157,25,17,5
5886.237642,41.954814,25,17,5
3450.232213,49.541581,25,17,5
