Distance,Tx Power,Bandwidth,Subband BW,Subband Offset
1949.592091,53.218450,25,10,14
8166.817945,19.793224,25,10,14
9973.721636,38.916766,25,10,14
3791.800634,30.556339,25,10,14
1629.293694,30.532566,25,10,14
