Distance,Tx Power,Bandwidth,Subband BW,Subband Offset
5856.775859,42.997159,100,39,59
5913.061318,58.257511,100,39,59
2594.915646,56.411055,100,39,59
2192.495742,27.268866,100,39,59
6055.940763,23.452404,100,39,59
