Distance,Tx Power,Bandwidth,Subband BW,Subband Offset
7890.979224,59.633659,100,45,5
7817.038548,38.396284,100,45,5
225.452506,28.021376,100,45,5
788.490980,26.954768,100,45,5
8692.047706,53.784711,100,45,5
