Distance,Tx Power,Bandwidth,Subband BW,Subband Offset
4590.077312,44.554716,75,18,30
570.998677,43.362915,75,18,30
5211.919968,59.348647,75,18,30
1693.419199,24.984918,75,18,30
7774.240807,25.064378,75,18,30
