Distance,Tx Power,Bandwidth,Subband BW,Subband Offset
3316.041445,42.169487,100,14,43
6834.433729,18.629789,100,14,43
4744.685536,23.854557,100,14,43
7474.100034,20.238342,100,14,43
9864.052860,42.335028,100,14,43
