Distance,Tx Power,Bandwidth,Subband BW,Subband Offset
1024.528262,31.561643,100,59,30
4677.399622,40.455965,100,59,30
1030.536479,16.910295,100,59,30
5813.275370,42.929537,100,59,30
963.108948,19.817591,100,59,30
