Distance,Tx Power,Bandwidth,Subband BW,Subband Offset
6327.754243,51.185652,100,9,12
915.320483,15.927399,100,9,12
7098.498425,31.120506,100,9,12
9094.567060,43.101339,100,9,12
1930.578403,59.883140,100,9,12
