Distance,Tx Power,Bandwidth,Subband BW,Subband Offset
2709.600369,33.824049,50,14,25
9234.447729,49.436926,50,14,25
7442.620207,41.325353,50,14,25
7604.701674,21.807669,50,14,25
735.005612,54.356036,50,14,25
