Distance,Tx Power,Bandwidth,Subband BW,Subband Offset
9473.616440,37.299906,75,38,25
1567.818824,54.087037,75,38,25
2530.709769,32.433358,75,38,25
6999.571254,58.814563,75,38,25
125.345305,31.426656,75,38,25
