Distance,Tx Power,Bandwidth,Subband BW,Subband Offset
3902.479470,43.068196,50,18,14
6602.347135,19.278884,50,18,14
7080.728306,48.983533,50,18,14
2181.688717,46.702139,50,18,14
3461.859446,20.445170,50,18,14
