Distance,Tx Power,Bandwidth,Subband BW,Subband Offset
5292.497539,54.867882,75,27,18
420.271774,43.087104,75,27,18
1404.196047,30.221095,75,27,18
6250.834811,28.199395,75,27,18
6325.927544,45.471473,75,27,18
