Distance,Tx Power,Bandwidth,Subband BW,Subband Offset
3472.203050,51.554616,100,41,35
690.047265,15.571287,100,41,35
9148.038511,29.085192,100,41,35
5942.822938,53.360863,100,41,35
3956.873389,50.094468,100,41,35
