Distance,Tx Power,Bandwidth,Subband BW,Subband Offset
5547.674280,16.109462,100,69,14
9298.622264,22.338503,100,69,14
4290.710666,31.000003,100,69,14
9233.194991,53.938419,100,69,14
9315.658935,55.732875,100,69,14
