Distance,Tx Power,Bandwidth,Subband BW,Subband Offset
3933.284859,33.859296,75,38,10
7122.788425,44.985250,75,38,10
2347.552908,57.096667,75,38,10
6452.133083,34.655216,75,38,10
3589.674909,59.183361,75,38,10
