Distance,Tx Power,Bandwidth,Subband BW,Subband Offset
628.029506,33.217138,15,10,3
5631.704242,51.218501,15,10,3
3009.824970,21.440825,15,10,3
7821.252058,57.539181,15,10,3
8296.553033,23.516988,15,10,3
