Distance,Tx Power,Bandwidth,Subband BW,Subband Offset
1967.528452,28.035870,15,12,1
6082.666511,55.505879,15,12,1
6383.794086,51.327706,15,12,1
2067.829272,55.453667,15,12,1
643.445487,26.491409,15,12,1
