Distance,Tx Power,Bandwidth,Subband BW,Subband Offset
4599.234144,41.798213,15,14,0
2632.947513,32.421952,15,14,0
4632.214433,51.615886,15,14,0
5420.130928,38.890542,15,14,0
3398.287354,35.461481,15,14,0
