Distance,Tx Power,Bandwidth,Subband BW,Subband Offset
1388.962916,59.494523,25,11,10
8196.967288,32.376297,25,11,10
8063.816385,53.848327,25,11,10
7049.842400,26.028398,25,11,10
1324.613372,57.907481,25,11,10
