Distance,Tx Power,Bandwidth,Subband BW,Subband Offset
5676.543113,37.210978,25,13,12
7417.244039,57.007213,25,13,12
2906.676160,33.759704,25,13,12
1327.166678,58.015980,25,13,12
5106.242646,38.359946,25,13,12
