Distance,Tx Power,Bandwidth,Subband BW,Subband Offset
2299.662180,57.291955,100,12,41
3837.742663,25.406332,100,12,41
9115.073417,55.624387,100,12,41
5251.844291,16.020367,100,12,41
4018.903176,24.337286,100,12,41
