Distance,Tx Power,Bandwidth,Subband BW,Subband Offset
5465.396637,29.342188,100,65,9
521.690993,57.625606,100,65,9
1750.989568,43.042092,100,65,9
4980.122089,17.869010,100,65,9
6299.098288,26.860829,100,65,9
