Distance,Tx Power,Bandwidth,Subband BW,Subband Offset
1091.744224,49.178141,75,32,42
3928.452935,31.342714,75,32,42
9733.505334,16.692788,75,32,42
9006.733743,41.421509,75,32,42
7939.283441,46.020530,75,32,42
