Distance,Tx Power,Bandwidth,Subband BW,Subband Offset
3374.540022,42.302255,15,6,1
6590.986522,37.449283,15,6,1
5154.472193,25.886390,15,6,1
9057.453430,45.650328,15,6,1
2434.368089,22.195430,15,6,1
