Distance,Tx Power,Bandwidth,Subband BW,Subband Offset
7942.134844,37.668120,50,10,21
8443.645430,20.129488,50,10,21
9354.116098,40.517694,50,10,21
9288.539153,56.044488,50,10,21
4375.837085,17.227423,50,10,21
