Distance,Tx Power,Bandwidth,Subband BW,Subband Offset
3545.073203,29.892770,15,12,3
3941.016833,39.768240,15,12,3
8414.518085,19.699210,15,12,3
7305.928494,56.339977,15,12,3
239.332340,58.218265,15,12,3
