Distance,Tx Power,Bandwidth,Subband BW,Subband Offset
4888.183709,44.433176,75,28,20
8971.165787,48.757842,75,28,20
1177.975370,32.838106,75,28,20
3213.204931,23.348315,75,28,20
8431.244023,52.574318,75,28,20
