Distance,Tx Power,Bandwidth,Subband BW,Subband Offset
8868.342971,22.757573,100,87,9
6048.715584,15.900486,100,87,9
4726.955576,39.658838,100,87,9
2452.798148,38.775624,100,87,9
1202.440589,56.775725,100,87,9
