Distance,Tx Power,Bandwidth,Subband BW,Subband Offset
5956.978313,17.769109,15,8,5
3012.128299,30.679342,15,8,5
225.237315,30.254593,15,8,5
7968.604803,18.971348,15,8,5
9633.344966,40.712398,15,8,5
