Distance,Tx Power,Bandwidth,Subband BW,Subband Offset
2055.831806,45.213497,100,6,6
5254.441955,34.442463,100,6,6
7363.316979,26.091402,100,6,6
8543.756640,22.695358,100,6,6
2804.699028,59.013847,100,6,6
