Distance,Tx Power,Bandwidth,Subband BW,Subband Offset
7368.377171,17.539353,75,28,36
6953.973604,58.103173,75,28,36
3310.371811,19.797759,75,28,36
1570.709824,45.202986,75,28,36
5986.783948,40.734887,75,28,36
