Distance,Tx Power,Bandwidth,Subband BW,Subband Offset
1502.255068,22.828735,100,11,83
7504.433769,20.937629,100,11,83
7928.506908,48.857425,100,11,83
4761.897777,59.908956,100,11,83
6636.750675,17.428496,100,11,83
