Distance,Tx Power,Bandwidth,Subband BW,Subband Offset
7136.531654,33.957744,50,20,7
1749.095321,40.527570,50,20,7
2250.158831,54.546955,50,20,7
6382.467221,17.186240,50,20,7
919.768069,38.280731,50,20,7
