Distance,Tx Power,Bandwidth,Subband BW,Subband Offset
9579.678753,52.670060,50,22,13
4445.451038,34.862797,50,22,13
1829.649937,19.794057,50,22,13
6504.734199,19.636179,50,22,13
2239.883862,17.830207,50,22,13
