Distance,Tx Power,Bandwidth,Subband BW,Subband Offset
6126.448372,54.313218,15,7,2
2113.385866,31.647860,15,7,2
5133.594689,17.501533,15,7,2
6426.525562,31.333990,15,7,2
1657.988417,31.832652,15,7,2
