Distance,Tx Power,Bandwidth,Subband BW,Subband Offset
9545.905266,27.668399,75,35,3
6944.342222,29.211015,75,35,3
8553.996177,26.668642,75,35,3
5702.111829,38.938091,75,35,3
1434.720249,28.185982,75,35,3
