Distance,Tx Power,Bandwidth,Subband BW,Subband Offset
1936.533801,32.351536,50,32,10
7535.030455,45.007042,50,32,10
2546.824213,51.612269,50,32,10
2852.631858,36.397308,50,32,10
9044.613354,28.186271,50,32,10
