Distance,Tx Power,Bandwidth,Subband BW,Subband Offset
1398.989203,23.418191,50,27,19
3061.915062,46.251741,50,27,19
7299.626660,45.030760,50,27,19
6557.859558,15.685408,50,27,19
5273.619031,30.875084,50,27,19
