Distance,Tx Power,Bandwidth,Subband BW,Subband Offset
4251.230060,45.661147,25,19,0
1039.730807,18.463607,25,19,0
979.762534,28.324327,25,19,0
2224.576957,19.272948,25,19,0
5271.930174,51.379758,25,19,0
