Distance,Tx Power,Bandwidth,Subband BW,Subband Offset
9952.860725,52.335576,50,18,25
8640.081769,42.986589,50,18,25
6174.091095,41.981012,50,18,25
3972.217614,23.365429,50,18,25
7202.496286,26.571306,50,18,25
