Distance,Tx Power,Bandwidth,Subband BW,Subband Offset
9491.710451,22.823792,25,12,6
8339.778405,40.583905,25,12,6
3689.524950,53.935582,25,12,6
4357.577128,55.044531,25,12,6
1271.140165,24.385051,25,12,6
