Distance,Tx Power,Bandwidth,Subband BW,Subband Offset
6254.879567,15.879661,25,8,14
6160.788250,25.198815,25,8,14
776.752499,38.643732,25,8,14
1099.305414,37.787058,25,8,14
8584.348420,38.352511,25,8,14
