Distance,Tx Power,Bandwidth,Subband BW,Subband Offset
3625.110289,20.893391,100,54,19
5300.846881,56.988746,100,54,19
7447.680961,42.014478,100,54,19
275.341530,56.632700,100,54,19
2180.118437,21.597134,100,54,19
