Distance,Tx Power,Bandwidth,Subband BW,Subband Offset
4476.849487,44.949039,100,48,13
6226.157256,46.847151,100,48,13
8172.773780,17.335871,100,48,13
664.359992,43.607995,100,48,13
281.972567,27.673666,100,48,13
