Distance,Tx Power,Bandwidth,Subband BW,Subband Offset
1621.707684,33.606685,100,38,34
9269.414990,32.956263,100,38,34
3768.656272,52.630417,100,38,34
8343.191494,38.127012,100,38,34
667.219558,47.769943,100,38,34
