Distance,Tx Power,Bandwidth,Subband BW,Subband Offset
4849.293093,46.103624,75,52,4
5035.389699,19.999015,75,52,4
5895.453086,34.486632,75,52,4
8349.645082,18.415732,75,52,4
4108.691098,21.114757,75,52,4
