Distance,Tx Power,Bandwidth,Subband BW,Subband Offset
2306.639827,59.740527,50,7,12
8087.141693,27.701201,50,7,12
5149.695990,31.652442,50,7,12
1167.201820,29.730082,50,7,12
9884.920140,31.920100,50,7,12
