Distance,Tx Power,Bandwidth,Subband BW,Subband Offset
9165.798653,36.133459,15,9,2
781.595284,53.922287,15,9,2
5784.779584,52.570953,15,9,2
8734.369417,56.847820,15,9,2
9028.369003,24.169223,15,9,2
