Distance,Tx Power,Bandwidth,Subband BW,Subband Offset
8232.436171,23.285974,15,7,7
111.004144,17.460925,15,7,7
9284.545444,39.252395,15,7,7
956.665795,33.351475,15,7,7
8869.104539,46.498623,15,7,7
