Distance,Tx Power,Bandwidth,Subband BW,Subband Offset
9054.011571,28.717667,75,13,4
9181.182103,33.823696,75,13,4
1163.039038,53.783749,75,13,4
3872.187527,46.826133,75,13,4
3167.701645,32.968296,75,13,4
