Distance,Tx Power,Bandwidth,Subband BW,Subband Offset
4219.426408,59.000950,75,21,47
7891.280182,39.156642,75,21,47
9807.063098,21.782502,75,21,47
6874.927944,42.703789,75,21,47
9128.181857,26.284055,75,21,47
