Distance,Tx Power,Bandwidth,Subband BW,Subband Offset
8460.303568,57.986812,100,35,53
9533.487767,43.478238,100,35,53
8119.823327,16.026704,100,35,53
2542.352164,57.341692,100,35,53
5155.341264,24.788898,100,35,53
