Distance,Tx Power,Bandwidth,Subband BW,Subband Offset
5176.478014,25.798771,15,7,3
7187.239737,55.747808,15,7,3
9108.776531,46.486427,15,7,3
1040.652083,52.383915,15,7,3
327.585749,49.874366,15,7,3
