Distance,Tx Power,Bandwidth,Subband BW,Subband Offset
8948.002090,53.872498,15,11,4
6817.552297,45.633304,15,11,4
4748.377278,32.500186,15,11,4
6987.113877,34.243358,15,11,4
5856.097050,52.594995,15,11,4
