Distance,Tx Power,Bandwidth,Subband BW,Subband Offset
9971.386557,22.412899,25,15,0
8224.990259,23.934888,25,15,0
9129.926903,31.372349,25,15,0
3658.548735,15.312548,25,15,0
7698.265927,55.574212,25,15,0
