Distance,Tx Power,Bandwidth,Subband BW,Subband Offset
2331.408005,29.549256,15,8,1
1648.513366,23.147848,15,8,1
6131.148515,35.300763,15,8,1
7850.703890,23.089699,15,8,1
4334.412386,22.108820,15,8,1
