Distance,Tx Power,Bandwidth,Subband BW,Subband Offset
6368.587964,46.228380,100,22,17
4193.191828,23.991500,100,22,17
9372.209212,34.061347,100,22,17
2913.452174,32.197047,100,22,17
946.201265,49.369239,100,22,17
