Distance,Tx Power,Bandwidth,Subband BW,Subband Offset
4724.633334,19.777375,75,22,7
3000.279495,41.615802,75,22,7
2817.437613,24.728068,75,22,7
6494.718001,15.479120,75,22,7
1731.030684,44.974377,75,22,7
