Distance,Tx Power,Bandwidth,Subband BW,Subband Offset
9108.612183,35.831554,100,58,10
5972.272144,58.081531,100,58,10
9896.106928,45.071204,100,58,10
3514.387022,59.688489,100,58,10
6081.673948,32.239227,100,58,10
