Distance,Tx Power,Bandwidth,Subband BW,Subband Offset
7333.291196,19.742751,25,17,3
3014.253409,36.143080,25,17,3
5792.084589,36.127595,25,17,3
4622.278245,31.621843,25,17,3
154.514416,17.966674,25,17,3
