Distance,Tx Power,Bandwidth,Subband BW,Subband Offset
5186.441810,50.115466,100,22,60
6835.190112,18.342596,100,22,60
4481.541878,53.847004,100,22,60
8040.209235,44.735058,100,22,60
9661.954275,48.378884,100,22,60
