Distance,Tx Power,Bandwidth,Subband BW,Subband Offset
2905.609702,34.993823,75,72,2
4175.061377,29.192386,75,72,2
1441.137143,34.272562,75,72,2
7370.657457,47.171595,75,72,2
1405.286277,18.319690,75,72,2
