Distance,Tx Power,Bandwidth,Subband BW,Subband Offset
4295.558246,31.691769,75,9,58
9951.849224,48.094990,75,9,58
5635.825625,35.557331,75,9,58
4455.468803,45.964434,75,9,58
2868.626844,27.037206,75,9,58
