Distance,Tx Power,Bandwidth,Subband BW,Subband Offset
5146.038948,24.019932,100,24,46
7412.275859,57.399651,100,24,46
5087.279823,55.193862,100,24,46
4074.935040,43.153757,100,24,46
4062.786633,23.856245,100,24,46
