Distance,Tx Power,Bandwidth,Subband BW,Subband Offset
4854.978977,41.594553,50,15,35
4377.706576,56.164023,50,15,35
7996.371272,42.847961,50,15,35
5426.929007,33.160965,50,15,35
3782.231594,32.100240,50,15,35
