Distance,Tx Power,Bandwidth,Subband BW,Subband Offset
5376.402040,34.849900,50,50,0
5166.623543,26.250568,50,50,0
1990.387543,42.556975,50,50,0
1962.182420,19.873089,50,50,0
436.827100,36.141677,50,50,0
