Distance,Tx Power,Bandwidth,Subband BW,Subband Offset
840.647127,47.083760,25,20,4
7885.109488,23.605949,25,20,4
1081.418202,39.784765,25,20,4
5592.091506,35.140068,25,20,4
1486.119217,32.074839,25,20,4
