Distance,Tx Power,Bandwidth,Subband BW,Subband Offset
4423.444688,36.732196,100,81,10
6173.545711,22.252018,100,81,10
8833.433968,24.039001,100,81,10
5764.454067,52.380329,100,81,10
1647.779643,44.840497,100,81,10
