Distance,Tx Power,Bandwidth,Subband BW,Subband Offset
3144.891280,25.298651,50,17,32
7283.914352,43.374033,50,17,32
8456.642579,53.288577,50,17,32
4051.475263,49.314336,50,17,32
9477.852709,22.832843,50,17,32
