Distance,Tx Power,Bandwidth,Subband BW,Subband Offset
7571.407239,35.175826,50,32,18
5470.772871,49.094915,50,32,18
4377.582179,26.896884,50,32,18
4392.682074,42.075839,50,32,18
8562.634811,44.262866,50,32,18
