Distance,Tx Power,Bandwidth,Subband BW,Subband Offset
8173.337427,23.530875,100,30,24
4588.506918,45.114915,100,30,24
8920.953945,19.906575,100,30,24
5339.757036,30.445266,100,30,24
8705.526195,39.513034,100,30,24
