Distance,Tx Power,Bandwidth,Subband BW,Subband Offset
1938.516285,24.289272,50,11,38
9110.119443,38.138657,50,11,38
1978.639748,31.973603,50,11,38
7716.049432,16.540397,50,11,38
3758.471310,58.902803,50,11,38
