Distance,Tx Power,Bandwidth,Subband BW,Subband Offset
363.207487,22.406209,100,9,51
6469.047940,18.596648,100,9,51
7476.437835,54.903021,100,9,51
9423.302410,44.562034,100,9,51
9346.018963,17.315309,100,9,51
