Distance,Tx Power,Bandwidth,Subband BW,Subband Offset
4495.323020,36.465132,75,33,27
8325.490298,41.776757,75,33,27
9789.085229,56.408314,75,33,27
6408.571262,15.013304,75,33,27
7408.003467,36.612058,75,33,27
