Distance,Tx Power,Bandwidth,Subband BW,Subband Offset
8022.003949,33.681287,15,6,7
9421.680829,40.422277,15,6,7
3840.166376,42.502182,15,6,7
4761.855613,40.700130,15,6,7
9320.981376,36.244544,15,6,7
