Distance,Tx Power,Bandwidth,Subband BW,Subband Offset
6826.606647,50.311595,75,30,15
1262.123044,25.919356,75,30,15
5939.103752,35.949426,75,30,15
8871.351002,18.603932,75,30,15
4363.434218,25.398169,75,30,15
