Distance,Tx Power,Bandwidth,Subband BW,Subband Offset
6386.308922,16.438009,25,18,7
8396.926273,57.569865,25,18,7
8473.137719,56.193057,25,18,7
707.566807,41.036298,25,18,7
1205.283869,56.285941,25,18,7
