Distance,Tx Power,Bandwidth,Subband BW,Subband Offset
7268.079771,16.527716,15,9,4
6288.769873,55.468622,15,9,4
4745.781037,16.375827,15,9,4
7814.839706,29.421487,15,9,4
8804.000373,56.166462,15,9,4
