Distance,Tx Power,Bandwidth,Subband BW,Subband Offset
4908.325089,51.482974,100,27,9
4313.105105,38.618331,100,27,9
7194.597393,50.107177,100,27,9
2051.201003,27.570099,100,27,9
5225.919717,32.221104,100,27,9
