Distance,Tx Power,Bandwidth,Subband BW,Subband Offset
9101.403699,17.437276,25,20,0
2696.979352,42.828153,25,20,0
8158.228209,42.311233,25,20,0
2762.936493,36.461653,25,20,0
1243.979726,32.948557,25,20,0
