Distance,Tx Power,Bandwidth,Subband BW,Subband Offset
2562.768542,36.567765,50,28,10
1492.960117,38.760953,50,28,10
4455.550665,50.868110,50,28,10
1216.229603,25.009687,50,28,10
1411.372700,26.549837,50,28,10
