Distance,Tx Power,Bandwidth,Subband BW,Subband Offset
1766.497022,24.278127,100,34,44
8944.197808,43.031360,100,34,44
7259.626476,30.979961,100,34,44
4914.605310,16.243621,100,34,44
1520.308215,56.683633,100,34,44
