Distance,Tx Power,Bandwidth,Subband BW,Subband Offset
2067.362984,52.220824,75,13,47
6337.268416,57.910181,75,13,47
9391.124384,54.744798,75,13,47
6612.281497,49.219609,75,13,47
229.916562,52.165679,75,13,47
