Distance,Tx Power,Bandwidth,Subband BW,Subband Offset
8540.800989,28.202244,100,29,23
3083.858743,52.438675,100,29,23
9252.896094,27.829824,100,29,23
7935.150380,24.771595,100,29,23
1577.698392,30.583166,100,29,23
