Distance,Tx Power,Bandwidth,Subband BW,Subband Offset
9293.268631,22.240062,15,6,7
4504.096843,38.986084,15,6,7
5887.966421,15.603211,15,6,7
5222.113890,57.123547,15,6,7
5614.970550,21.585024,15,6,7
