Distance,Tx Power,Bandwidth,Subband BW,Subband Offset
7171.784122,44.882613,50,10,12
5006.690083,24.025535,50,10,12
4024.341757,55.985033,50,10,12
8443.134140,31.068481,50,10,12
3783.644518,25.290730,50,10,12
