Distance,Tx Power,Bandwidth,Subband BW,Subband Offset
8508.215856,46.220712,100,57,34
3693.764385,21.046490,100,57,34
309.236573,25.057923,100,57,34
555.373542,33.809712,100,57,34
8485.074948,22.356641,100,57,34
