Distance,Tx Power,Bandwidth,Subband BW,Subband Offset
4858.139144,33.044911,15,10,3
3084.103022,20.266035,15,10,3
1834.533562,19.902790,15,10,3
8973.319692,22.340519,15,10,3
6478.064670,16.246718,15,10,3
