Distance,Tx Power,Bandwidth,Subband BW,Subband Offset
3393.503858,34.099949,100,24,10
9862.802753,35.706996,100,24,10
1563.310614,45.973992,100,24,10
3401.600982,25.778411,100,24,10
9318.736891,25.601776,100,24,10
