Distance,Tx Power,Bandwidth,Subband BW,Subband Offset
180.411002,37.335831,50,19,1
7226.385836,54.277875,50,19,1
3397.212613,54.996308,50,19,1
1153.511711,43.888698,50,19,1
6759.663120,32.986210,50,19,1
