Distance,Tx Power,Bandwidth,Subband BW,Subband Offset
8725.644754,51.783484,100,46,1
6690.926912,29.695988,100,46,1
9866.830491,53.129966,100,46,1
6658.385908,20.463839,100,46,1
6939.484577,43.292239,100,46,1
