Distance,Tx Power,Bandwidth,Subband BW,Subband Offset
4455.637185,44.813418,50,28,6
9708.819922,21.046481,50,28,6
7551.658368,26.669449,50,28,6
5673.153975,21.204859,50,28,6
8977.567472,55.668369,50,28,6
