Distance,Tx Power,Bandwidth,Subband BW,Subband Offset
5528.036385,46.135570,15,13,1
8995.864431,30.411305,15,13,1
2652.369849,25.301820,15,13,1
3749.772858,27.372122,15,13,1
6497.132105,31.296529,15,13,1
