Distance,Tx Power,Bandwidth,Subband BW,Subband Offset
5741.184135,41.256619,100,78,22
168.896671,33.221590,100,78,22
2967.408796,59.157440,100,78,22
4557.644295,54.898231,100,78,22
4021.575560,28.085020,100,78,22
