Distance,Tx Power,Bandwidth,Subband BW,Subband Offset
485.151556,18.928717,50,20,9
8898.984915,17.704993,50,20,9
1728.231972,39.967126,50,20,9
9958.892642,37.305911,50,20,9
7796.960276,52.243291,50,20,9
