Distance,Tx Power,Bandwidth,Subband BW,Subband Offset
4915.723653,37.737516,100,62,12
9058.546484,38.216794,100,62,12
6869.125902,21.694462,100,62,12
6512.092453,33.767477,100,62,12
1207.279277,25.023546,100,62,12
