Distance,Tx Power,Bandwidth,Subband BW,Subband Offset
8138.945150,30.325409,100,75,19
4821.158350,28.886852,100,75,19
650.211675,15.963901,100,75,19
3191.558058,36.444092,100,75,19
8434.965956,18.962183,100,75,19
