Distance,Tx Power,Bandwidth,Subband BW,Subband Offset
9864.686787,35.710302,25,14,9
2538.603097,44.695549,25,14,9
484.762763,44.230280,25,14,9
482.879764,48.943172,25,14,9
9132.291635,19.318478,25,14,9
