Distance,Tx Power,Bandwidth,Subband BW,Subband Offset
2786.473069,34.399002,75,18,39
1854.133649,19.224801,75,18,39
7459.378993,30.271028,75,18,39
8133.218835,54.652682,75,18,39
443.524068,27.136478,75,18,39
