Distance,Tx Power,Bandwidth,Subband BW,Subband Offset
5094.173005,31.164817,100,54,18
4399.517427,25.121285,100,54,18
8878.804272,45.807335,100,54,18
9155.178826,58.448390,100,54,18
7556.772011,45.877498,100,54,18
