Distance,Tx Power,Bandwidth,Subband BW,Subband Offset
470.835892,40.678055,50,16,0
3939.717504,41.729627,50,16,0
9151.525251,25.077180,50,16,0
9805.798144,43.494390,50,16,0
6298.581291,45.434201,50,16,0
