Distance,Tx Power,Bandwidth,Subband BW,Subband Offset
6259.386902,29.497422,100,30,40
2275.293498,55.093364,100,30,40
384.095677,47.808921,100,30,40
2545.046769,22.781963,100,30,40
6839.741430,15.603783,100,30,40
