Distance,Tx Power,Bandwidth,Subband BW,Subband Offset
4595.111663,49.993793,100,67,7
1680.114241,22.024963,100,67,7
8880.434726,59.338261,100,67,7
2324.995524,41.374594,100,67,7
5264.077283,38.861255,100,67,7
