Distance,Tx Power,Bandwidth,Subband BW,Subband Offset
5760.911261,22.441671,75,28,17
9472.312578,52.463804,75,28,17
6930.444820,33.771029,75,28,17
3317.988162,51.503112,75,28,17
8736.783649,52.884989,75,28,17
