Distance,Tx Power,Bandwidth,Subband BW,Subband Offset
223.590292,30.118482,75,20,39
558.220630,43.437236,75,20,39
9558.021999,37.267505,75,20,39
8969.120170,56.450649,75,20,39
475.009257,53.469140,75,20,39
