Distance,Tx Power,Bandwidth,Subband BW,Subband Offset
1564.346455,30.614175,75,19,38
1909.544072,55.622268,75,19,38
2996.018689,27.239060,75,19,38
8094.522063,30.006200,75,19,38
9000.128096,47.837964,75,19,38
