Distance,Tx Power,Bandwidth,Subband BW,Subband Offset
8334.323408,46.332958,75,54,10
8812.852950,36.862365,75,54,10
8650.944061,56.009285,75,54,10
3275.107016,52.404717,75,54,10
8082.115098,59.251805,75,54,10
