Distance,Tx Power,Bandwidth,Subband BW,Subband Offset
6064.901895,20.448563,15,10,3
8060.391523,24.651412,15,10,3
8673.545677,57.455629,15,10,3
9473.090002,56.382951,15,10,3
7181.788488,37.301006,15,10,3
