Distance,Tx Power,Bandwidth,Subband BW,Subband Offset
7020.061292,42.218947,25,11,9
8984.712119,44.128646,25,11,9
5488.144196,50.500897,25,11,9
6584.507860,19.670918,25,11,9
5131.386123,28.997782,25,11,9
