Distance,Tx Power,Bandwidth,Subband BW,Subband Offset
1625.368844,21.773243,15,6,9
8523.145547,25.179260,15,6,9
6480.685713,41.164630,15,6,9
2858.289418,47.972396,15,6,9
3379.784081,48.350585,15,6,9
