Distance,Tx Power,Bandwidth,Subband BW,Subband Offset
7041.104335,36.147748,15,6,3
8008.512271,50.443757,15,6,3
6780.119665,16.847823,15,6,3
3387.037225,41.384793,15,6,3
2622.166744,55.379696,15,6,3
