Distance,Tx Power,Bandwidth,Subband BW,Subband Offset
5379.539103,33.737665,25,22,3
2593.173380,18.559193,25,22,3
9121.318934,39.303845,25,22,3
3245.111237,20.391790,25,22,3
2175.008420,15.047889,25,22,3
