Distance,Tx Power,Bandwidth,Subband BW,Subband Offset
1293.836683,15.251248,15,6,3
3851.563658,25.907262,15,6,3
9043.031492,53.800358,15,6,3
5402.665626,29.439048,15,6,3
2030.894710,56.372272,15,6,3
