Distance,Tx Power,Bandwidth,Subband BW,Subband Offset
9867.123527,35.335249,15,10,2
970.253219,35.957516,15,10,2
8589.440793,47.830325,15,10,2
7538.173592,37.903920,15,10,2
3088.704448,34.329377,15,10,2
