Distance,Tx Power,Bandwidth,Subband BW,Subband Offset
9876.560483,41.238829,50,35,5
3823.550857,56.960689,50,35,5
6576.934155,33.133254,50,35,5
7722.639466,25.624628,50,35,5
3594.943503,30.595273,50,35,5
