Distance,Tx Power,Bandwidth,Subband BW,Subband Offset
6738.445077,43.371392,15,7,4
8285.168748,51.749403,15,7,4
4619.763323,24.871410,15,7,4
6448.547235,18.498548,15,7,4
3607.072614,33.267195,15,7,4
