Distance,Tx Power,Bandwidth,Subband BW,Subband Offset
8348.891326,23.630048,50,30,4
2059.151355,43.339356,50,30,4
1272.187177,46.945741,50,30,4
864.781492,33.695679,50,30,4
3583.338890,54.049687,50,30,4
