Distance,Tx Power,Bandwidth,Subband BW,Subband Offset
6081.245844,29.975873,25,18,0
7484.093545,33.217044,25,18,0
7609.888055,17.496674,25,18,0
2635.526393,30.776344,25,18,0
7616.737517,29.965129,25,18,0
