Distance,Tx Power,Bandwidth,Subband BW,Subband Offset
4129.588604,58.332336,15,13,1
7475.835647,33.883835,15,13,1
6550.637492,49.982256,15,13,1
4670.653880,42.772960,15,13,1
1534.565834,45.704713,15,13,1
