Distance,Tx Power,Bandwidth,Subband BW,Subband Offset
3895.313997,18.360088,100,20,67
6578.210142,21.388312,100,20,67
7897.397244,50.109616,100,20,67
1449.670215,23.444728,100,20,67
5842.749084,16.766641,100,20,67
