Distance,Tx Power,Bandwidth,Subband BW,Subband Offset
1828.838657,22.835065,25,15,10
4743.256891,46.935058,25,15,10
8515.799129,58.827752,25,15,10
8323.310092,38.453271,25,15,10
1095.822304,58.840393,25,15,10
