Distance,Tx Power,Bandwidth,Subband BW,Subband Offset
1525.092756,39.497202,75,13,16
7379.558618,22.182573,75,13,16
8267.314720,41.652367,75,13,16
9746.775486,23.092305,75,13,16
4469.005717,59.264686,75,13,16
