Distance,Tx Power,Bandwidth,Subband BW,Subband Offset
4794.675540,36.997347,25,16,0
3539.846563,24.559788,25,16,0
5181.903962,52.607062,25,16,0
4126.402237,37.192504,25,16,0
5155.474749,41.134569,25,16,0
