Distance,Tx Power,Bandwidth,Subband BW,Subband Offset
1334.760025,16.580592,75,54,17
3531.504743,38.735667,75,54,17
4360.844996,34.210521,75,54,17
8129.743651,47.324322,75,54,17
4865.197340,51.109559,75,54,17
