Distance,Tx Power,Bandwidth,Subband BW,Subband Offset
1472.810992,28.925882,15,8,7
4442.963878,34.182954,15,8,7
5878.095013,52.318568,15,8,7
1596.985370,58.924789,15,8,7
6557.736166,45.856436,15,8,7
