Distance,Tx Power,Bandwidth,Subband BW,Subband Offset
8745.914887,46.179898,50,32,9
5013.089810,16.468523,50,32,9
7273.574706,45.360972,50,32,9
7414.443015,55.026961,50,32,9
172.289833,35.164915,50,32,9
