Distance,Tx Power,Bandwidth,Subband BW,Subband Offset
1389.001273,19.347467,25,18,5
9722.409471,18.045509,25,18,5
7984.797116,36.476168,25,18,5
9103.767908,57.638960,25,18,5
6974.559212,32.747543,25,18,5
