Distance,Tx Power,Bandwidth,Subband BW,Subband Offset
8658.842466,37.126635,50,13,2
4053.212120,33.758862,50,13,2
5728.817973,45.809687,50,13,2
8868.122696,30.667216,50,13,2
7521.036432,45.338796,50,13,2
