Distance,Tx Power,Bandwidth,Subband BW,Subband Offset
8425.635391,54.374161,15,10,4
4261.864809,40.357802,15,10,4
345.829967,18.719776,15,10,4
5672.019646,37.893180,15,10,4
4043.744773,25.263642,15,10,4
