Distance,Tx Power,Bandwidth,Subband BW,Subband Offset
160.521334,54.506400,75,58,13
7049.498778,38.992350,75,58,13
912.183625,39.165603,75,58,13
5987.858337,41.066937,75,58,13
8236.417808,32.710452,75,58,13
