Distance,Tx Power,Bandwidth,Subband BW,Subband Offset
2695.813827,51.416231,15,10,0
9471.538455,53.794820,15,10,0
6979.639997,29.166403,15,10,0
2856.006766,45.235859,15,10,0
4758.220835,38.096247,15,10,0
