Distance,Tx Power,Bandwidth,Subband BW,Subband Offset
961.835301,54.720233,50,39,5
4166.384647,43.701566,50,39,5
6461.027995,56.944663,50,39,5
7189.918940,45.089921,50,39,5
352.004560,48.396280,50,39,5
