Distance,Tx Power,Bandwidth,Subband BW,Subband Offset
9512.874105,45.135994,75,8,34
7821.074914,17.866327,75,8,34
4647.809715,54.307672,75,8,34
9560.396731,33.562962,75,8,34
7436.929358,46.747891,75,8,34
