Distance,Tx Power,Bandwidth,Subband BW,Subband Offset
1541.878852,59.032792,100,48,18
4000.855205,24.399914,100,48,18
4356.740923,51.033357,100,48,18
6272.993454,21.177877,100,48,18
4772.062268,24.159794,100,48,18
