Distance,Tx Power,Bandwidth,Subband BW,Subband Offset
5246.149927,50.911442,50,7,27
2384.661608,45.383474,50,7,27
8142.615586,16.759881,50,7,27
1650.330305,51.917012,50,7,27
2468.831875,27.608452,50,7,27
