Distance,Tx Power,Bandwidth,Subband BW,Subband Offset
4509.653639,17.012159,75,43,20
4195.017810,36.884938,75,43,20
5980.590675,56.998357,75,43,20
4231.078778,15.361073,75,43,20
8281.465224,29.124171,75,43,20
