Distance,Tx Power,Bandwidth,Subband BW,Subband Offset
8448.467936,57.890334,75,16,11
1147.003755,39.760924,75,16,11
3682.952466,52.858808,75,16,11
2588.531239,32.750760,75,16,11
2448.723226,20.170585,75,16,11
