Distance,Tx Power,Bandwidth,Subband BW,Subband Offset
8736.836747,50.402206,100,34,35
1752.105982,50.356179,100,34,35
2630.732582,44.744297,100,34,35
8342.528408,31.388373,100,34,35
2042.225547,40.495325,100,34,35
