Distance,Tx Power,Bandwidth,Subband BW,Subband Offset
9227.369555,43.233197,15,12,1
2443.273948,49.748826,15,12,1
7033.962583,37.253337,15,12,1
7821.265491,45.723939,15,12,1
3931.238396,57.178258,15,12,1
