Distance,Tx Power,Bandwidth,Subband BW,Subband Offset
549.895599,19.736363,15,6,1
5917.164398,32.149555,15,6,1
7832.618436,21.465561,15,6,1
6113.254624,51.631976,15,6,1
2585.910393,46.559826,15,6,1
