Distance,Tx Power,Bandwidth,Subband BW,Subband Offset
4158.897725,27.828020,50,36,2
5399.155229,42.453378,50,36,2
3321.482267,37.961168,50,36,2
6383.185273,56.945284,50,36,2
5301.338286,37.593144,50,36,2
