Distance,Tx Power,Bandwidth,Subband BW,Subband Offset
1943.216023,43.885604,15,8,5
3837.363119,55.714094,15,8,5
1757.812152,38.718466,15,8,5
5472.119457,15.240990,15,8,5
2271.257753,49.293652,15,8,5
