Distance,Tx Power,Bandwidth,Subband BW,Subband Offset
8275.608911,24.848565,100,17,4
7439.553472,35.371683,100,17,4
5246.824327,53.759240,100,17,4
8696.994526,36.268383,100,17,4
562.876412,17.987674,100,17,4
