Distance,Tx Power,Bandwidth,Subband BW,Subband Offset
2939.838054,39.984520,50,11,6
9546.547283,33.487437,50,11,6
6870.532643,59.859686,50,11,6
1766.118038,32.058558,50,11,6
7924.865270,23.957099,50,11,6
