Distance,Tx Power,Bandwidth,Subband BW,Subband Offset
9347.479445,26.517986,25,10,10
658.765716,44.364133,25,10,10
2967.921940,29.764913,25,10,10
1207.207591,16.914504,25,10,10
6420.735772,29.137650,25,10,10
