Distance,Tx Power,Bandwidth,Subband BW,Subband Offset
9066.091469,57.557818,25,10,1
8741.492685,39.084156,25,10,1
4897.567873,29.004020,25,10,1
7830.242896,51.872069,25,10,1
1863.164347,43.916879,25,10,1
