Distance,Tx Power,Bandwidth,Subband BW,Subband Offset
3768.254990,26.759030,75,43,30
4035.525014,25.560564,75,43,30
3369.927158,58.923609,75,43,30
7726.045487,52.014159,75,43,30
2478.585861,51.946575,75,43,30
