Distance,Tx Power,Bandwidth,Subband BW,Subband Offset
430.609300,28.946652,50,14,1
8530.914723,45.634699,50,14,1
3866.003044,20.661754,50,14,1
3453.100287,32.483998,50,14,1
2180.827531,28.768416,50,14,1
