Distance,Tx Power,Bandwidth,Subband BW,Subband Offset
2049.557778,48.597818,50,32,18
3220.739543,44.283503,50,32,18
6503.472320,19.635599,50,32,18
8258.050100,16.383509,50,32,18
3207.289293,37.983956,50,32,18
