Distance,Tx Power,Bandwidth,Subband BW,Subband Offset
458.645209,48.676062,50,22,9
8795.201213,35.348199,50,22,9
6989.332760,22.270227,50,22,9
3854.981263,31.447266,50,22,9
5734.031787,38.061857,50,22,9
