Distance,Tx Power,Bandwidth,Subband BW,Subband Offset
4703.270079,41.486767,25,10,8
3273.169614,37.633976,25,10,8
4210.587022,23.827791,25,10,8
7309.910141,36.811003,25,10,8
175.868533,20.506502,25,10,8
