Distance,Tx Power,Bandwidth,Subband BW,Subband Offset
2408.240777,54.518544,100,36,55
3674.098247,24.379220,100,36,55
3461.301461,32.521737,100,36,55
1541.494618,54.692560,100,36,55
2954.110655,31.984817,100,36,55
