Distance,Tx Power,Bandwidth,Subband BW,Subband Offset
6692.568066,43.787054,15,6,9
7851.436412,18.370607,15,6,9
3807.287882,31.021703,15,6,9
1273.042657,26.852863,15,6,9
5277.992690,41.685177,15,6,9
