Distance,Tx Power,Bandwidth,Subband BW,Subband Offset
5653.452969,48.293729,50,10,17
3782.711863,35.446362,50,10,17
823.087587,44.110342,50,10,17
730.221054,31.685835,50,10,17
9305.866440,45.603359,50,10,17
