Distance,Tx Power,Bandwidth,Subband BW,Subband Offset
4564.092086,44.515825,100,59,28
8536.390984,19.553149,100,59,28
6295.870735,56.564664,100,59,28
7777.378549,20.173729,100,59,28
7375.695433,47.758338,100,59,28
