Distance,Tx Power,Bandwidth,Subband BW,Subband Offset
1879.600239,37.611706,50,11,30
1316.408488,17.154691,50,11,30
9953.869110,30.950569,50,11,30
9260.976444,23.918135,50,11,30
1548.270063,46.304227,50,11,30
