Distance,Tx Power,Bandwidth,Subband BW,Subband Offset
398.170289,15.123394,25,11,5
7888.295697,22.568718,25,11,5
587.438250,52.414173,25,11,5
217.713057,29.946647,25,11,5
1357.227853,16.396714,25,11,5
