Distance,Tx Power,Bandwidth,Subband BW,Subband Offset
8227.646216,15.681220,100,40,27
5798.761252,19.904941,100,40,27
5749.483753,36.955139,100,40,27
7793.902354,31.155814,100,40,27
9984.557319,27.849905,100,40,27
