Distance,Tx Power,Bandwidth,Subband BW,Subband Offset
3369.959291,47.069422,100,20,1
8451.611462,37.616689,100,20,1
8505.438455,55.324123,100,20,1
4608.149402,41.733304,100,20,1
7525.242254,19.019030,100,20,1
