Distance,Tx Power,Bandwidth,Subband BW,Subband Offset
4961.392360,51.683172,75,9,16
8743.318301,58.077966,75,9,16
3860.368578,19.868804,75,9,16
718.288269,47.775430,75,9,16
8615.574107,33.878915,75,9,16
