Distance,Tx Power,Bandwidth,Subband BW,Subband Offset
1193.916713,44.936779,15,11,2
8207.348946,46.912726,15,11,2
1130.452182,40.425439,15,11,2
2815.926376,46.254245,15,11,2
9912.530829,51.440495,15,11,2
