Distance,Tx Power,Bandwidth,Subband BW,Subband Offset
4302.255654,22.949516,50,42,0
7038.940855,32.559220,50,42,0
8904.382281,34.751256,50,42,0
9947.435778,55.676628,50,42,0
6246.980489,29.995062,50,42,0
