Distance,Tx Power,Bandwidth,Subband BW,Subband Offset
8421.691407,55.464281,15,6,0
1925.378649,45.528543,15,6,0
1630.858196,32.067129,15,6,0
8688.287624,27.417962,15,6,0
7239.641352,30.206433,15,6,0
