Distance,Tx Power,Bandwidth,Subband BW,Subband Offset
3552.841885,47.618662,100,54,41
2146.095474,39.213941,100,54,41
283.399374,38.443330,100,54,41
1822.809036,32.217421,100,54,41
9350.680591,27.343700,100,54,41
