Distance,Tx Power,Bandwidth,Subband BW,Subband Offset
8389.985460,43.778445,75,19,11
2570.012478,47.804804,75,19,11
2160.097108,26.235418,75,19,11
7496.208886,20.812567,75,19,11
1907.336202,47.389138,75,19,11
