Distance,Tx Power,Bandwidth,Subband BW,Subband Offset
9050.314547,38.634363,15,9,2
6244.417757,29.444420,15,9,2
2377.535352,23.815220,15,9,2
4686.000135,26.390263,15,9,2
5663.660971,15.341142,15,9,2
