Distance,Tx Power,Bandwidth,Subband BW,Subband Offset
3624.108903,41.720466,75,52,10
6139.045818,23.102079,75,52,10
2507.717863,32.785081,75,52,10
6895.631925,39.536468,75,52,10
1524.112913,37.058431,75,52,10
