Distance,Tx Power,Bandwidth,Subband BW,Subband Offset
2325.363286,17.706540,100,72,17
3341.391033,52.430968,100,72,17
9763.878614,16.793146,100,72,17
9172.332108,32.067096,100,72,17
6075.807186,44.404730,100,72,17
