Distance,Tx Power,Bandwidth,Subband BW,Subband Offset
9440.819247,37.848692,15,12,0
2612.767565,54.144800,15,12,0
7094.132922,49.052869,15,12,0
3917.510985,15.160251,15,12,0
6103.191943,32.513133,15,12,0
