Distance,Tx Power,Bandwidth,Subband BW,Subband Offset
3257.456027,15.295467,50,18,22
1652.682553,21.463272,50,18,22
1292.157702,18.307805,50,18,22
8186.532304,33.672245,50,18,22
433.092433,20.301399,50,18,22
