Distance,Tx Power,Bandwidth,Subband BW,Subband Offset
2379.083512,56.600130,50,16,6
3081.789652,56.032070,50,16,6
2368.717765,59.256647,50,16,6
2230.542039,45.257690,50,16,6
3018.697489,17.640275,50,16,6
