Distance,Tx Power,Bandwidth,Subband BW,Subband Offset
8921.364427,40.333166,75,20,0
2932.348155,45.603338,75,20,0
8673.962944,52.607434,75,20,0
4009.746382,32.523450,75,20,0
8994.257467,46.107267,75,20,0
