Distance,Tx Power,Bandwidth,Subband BW,Subband Offset
7788.440126,21.043085,100,41,2
7266.672896,59.210529,100,41,2
2851.655805,51.434624,100,41,2
782.748419,36.364563,100,41,2
4745.561177,16.130721,100,41,2
