Distance,Tx Power,Bandwidth,Subband BW,Subband Offset
6611.882646,47.238033,75,6,23
8943.148672,53.141920,75,6,23
1599.969237,32.077873,75,6,23
1369.729673,38.236220,75,6,23
3983.071966,17.629626,75,6,23
