Distance,Tx Power,Bandwidth,Subband BW,Subband Offset
8448.371938,46.293705,100,9,53
5513.490323,47.478235,100,9,53
2495.448241,59.710577,100,9,53
8715.285961,35.708869,100,9,53
6762.220692,55.187109,100,9,53
