Distance,Tx Power,Bandwidth,Subband BW,Subband Offset
6480.811181,31.414452,100,7,37
1914.470530,47.339708,100,7,37
3426.342248,43.112209,100,7,37
5323.116940,22.528603,100,7,37
2629.296970,35.441259,100,7,37
