Distance,Tx Power,Bandwidth,Subband BW,Subband Offset
5513.014263,21.223386,25,8,14
391.220723,50.854773,25,8,14
4238.287989,32.535507,25,8,14
8907.301927,55.096026,25,8,14
4508.381121,49.835275,25,8,14
