Distance,Tx Power,Bandwidth,Subband BW,Subband Offset
3650.697561,43.916335,15,7,0
4159.212277,23.089189,15,7,0
2772.924797,57.388679,15,7,0
8302.192769,22.776208,15,7,0
2929.503896,15.423063,15,7,0
