Distance,Tx Power,Bandwidth,Subband BW,Subband Offset
2673.549321,40.425819,100,48,5
2576.014622,31.162809,100,48,5
497.835633,34.251736,100,48,5
4935.154115,29.340336,100,48,5
9952.342893,21.508765,100,48,5
