Distance,Tx Power,Bandwidth,Subband BW,Subband Offset
2392.104119,33.133958,50,11,7
1432.031021,18.623251,50,11,7
4691.330473,45.872291,50,11,7
1847.652352,34.513468,50,11,7
1814.881473,28.672913,50,11,7
