Distance,Tx Power,Bandwidth,Subband BW,Subband Offset
7368.377476,15.360689,75,59,3
1208.662548,59.892899,75,59,3
7418.940623,49.633068,75,59,3
6824.967957,49.223111,75,59,3
3992.186122,40.509172,75,59,3
