Distance,Tx Power,Bandwidth,Subband BW,Subband Offset
6252.924200,57.447722,25,14,3
6335.574739,20.128917,25,14,3
3810.854314,31.205097,25,14,3
4772.132420,35.853799,25,14,3
6829.369745,58.270976,25,14,3
