Distance,Tx Power,Bandwidth,Subband BW,Subband Offset
1079.078538,31.818279,75,57,7
7109.161335,30.870333,75,57,7
8862.004514,40.592798,75,57,7
7544.945639,24.062476,75,57,7
7132.478154,40.265166,75,57,7
