Distance,Tx Power,Bandwidth,Subband BW,Subband Offset
5836.450842,47.242460,50,8,18
4382.147186,59.338533,50,8,18
9749.676662,29.262956,50,8,18
925.304474,52.275946,50,8,18
1571.175845,51.625390,50,8,18
