Distance,Tx Power,Bandwidth,Subband BW,Subband Offset
6384.172924,22.315067,15,6,2
4850.285707,24.793554,15,6,2
436.966346,44.695025,15,6,2
3279.136592,40.683161,15,6,2
9209.097456,17.572201,15,6,2
