Distance,Tx Power,Bandwidth,Subband BW,Subband Offset
9059.971603,31.572987,75,19,36
7262.807355,54.811480,75,19,36
7565.573031,23.634659,75,19,36
8722.183116,53.234173,75,19,36
4020.778088,35.322601,75,19,36
