Distance,Tx Power,Bandwidth,Subband BW,Subband Offset
2368.342403,39.444436,25,8,4
8355.457021,54.792852,25,8,4
7337.583682,53.733078,25,8,4
563.522976,52.533484,25,8,4
6109.022736,49.302574,25,8,4
