Distance,Tx Power,Bandwidth,Subband BW,Subband Offset
4933.159952,44.817572,100,41,30
697.764187,45.317735,100,41,30
4778.475315,50.379542,100,41,30
7683.581227,16.782821,100,41,30
5716.740862,48.220558,100,41,30
