Distance,Tx Power,Bandwidth,Subband BW,Subband Offset
9264.672428,46.764553,25,7,6
9946.612717,21.723381,25,7,6
4544.618455,35.346260,25,7,6
3936.407098,33.678827,25,7,6
5629.707699,53.648174,25,7,6
