Distance,Tx Power,Bandwidth,Subband BW,Subband Offset
3708.812662,32.804439,25,6,14
7615.404034,41.989073,25,6,14
3841.110307,17.890289,25,6,14
320.641301,19.786714,25,6,14
8761.694406,54.430009,25,6,14
