Distance,Tx Power,Bandwidth,Subband BW,Subband Offset
7096.347927,55.894869,25,13,5
8060.902814,44.346700,25,13,5
3975.164483,22.646381,25,13,5
8486.774560,46.422123,25,13,5
1091.285781,17.524328,25,13,5
