Distance,Tx Power,Bandwidth,Subband BW,Subband Offset
5987.069028,15.895709,100,14,17
5611.732323,16.381822,100,14,17
6138.159511,26.552214,100,14,17
213.139284,30.105097,100,14,17
9895.881840,28.379654,100,14,17
