Distance,Tx Power,Bandwidth,Subband BW,Subband Offset
3883.304586,59.451593,100,37,53
6067.805480,27.967110,100,37,53
2600.181861,25.621388,100,37,53
8287.267620,18.215386,100,37,53
1024.672502,17.324297,100,37,53
