Distance,Tx Power,Bandwidth,Subband BW,Subband Offset
3494.075450,56.157848,75,41,11
3722.729585,23.314138,75,41,11
5285.699470,49.551755,75,41,11
9054.759529,28.395902,75,41,11
3655.841001,34.314013,75,41,11
