Distance,Tx Power,Bandwidth,Subband BW,Subband Offset
4454.511110,32.216493,25,9,11
4816.176782,34.612159,25,9,11
4169.092399,17.173496,25,9,11
7689.047670,53.613376,25,9,11
1840.735974,19.620900,25,9,11
