Distance,Tx Power,Bandwidth,Subband BW,Subband Offset
1704.150981,27.336737,25,21,4
7060.133161,42.464521,25,21,4
3984.999254,53.306422,25,21,4
3269.351725,33.425035,25,21,4
933.186539,49.793613,25,21,4
