Distance,Tx Power,Bandwidth,Subband BW,Subband Offset
7455.832733,42.120048,25,19,1
9498.334359,26.008484,25,19,1
7487.979971,34.092501,25,19,1
5124.215847,30.084775,25,19,1
1340.479758,29.382005,25,19,1
