Distance,Tx Power,Bandwidth,Subband BW,Subband Offset
6347.298959,48.841563,75,50,22
4911.305459,27.617500,75,50,22
9400.059052,48.491411,75,50,22
522.938507,36.652256,75,50,22
3787.745746,30.720664,75,50,22
