Distance,Tx Power,Bandwidth,Subband BW,Subband Offset
1187.429569,54.808783,15,9,2
3663.763123,21.544959,15,9,2
6605.404220,51.855442,15,9,2
5554.453095,53.849118,15,9,2
1219.101156,46.355570,15,9,2
