Distance,Tx Power,Bandwidth,Subband BW,Subband Offset
4993.098608,48.038238,25,9,7
4783.937599,25.502749,25,9,7
2430.464427,57.562020,25,9,7
6488.081041,50.349606,25,9,7
3366.706153,19.035160,25,9,7
