Distance,Tx Power,Bandwidth,Subband BW,Subband Offset
1899.614954,30.275593,75,16,41
7278.588732,21.942780,75,16,41
9775.065923,45.573795,75,16,41
4462.549018,37.791877,75,16,41
4660.719160,44.687018,75,16,41
