Distance,Tx Power,Bandwidth,Subband BW,Subband Offset
7184.377366,37.667865,75,11,2
7130.932289,15.119667,75,11,2
6712.855874,17.221293,75,11,2
815.648717,28.292061,75,11,2
9677.076137,53.302282,75,11,2
