Distance,Tx Power,Bandwidth,Subband BW,Subband Offset
630.049457,32.146740,25,11,5
4243.224690,28.657734,25,11,5
3508.878897,48.134868,25,11,5
3259.089303,18.048971,25,11,5
3396.225690,52.965434,25,11,5
