Distance,Tx Power,Bandwidth,Subband BW,Subband Offset
2304.518452,33.266843,25,21,1
537.041961,15.482323,25,21,1
5127.298559,47.044193,25,21,1
1414.301551,37.333063,25,21,1
6880.008363,39.805770,25,21,1
