Distance,Tx Power,Bandwidth,Subband BW,Subband Offset
2971.345933,34.251866,25,15,6
336.288628,30.747655,25,15,6
2415.117363,39.831200,25,15,6
2269.622671,39.008498,25,15,6
4541.206246,38.725869,25,15,6
