Distance,Tx Power,Bandwidth,Subband BW,Subband Offset
4352.520871,34.326384,50,24,11
5119.638655,52.453030,50,24,11
7068.833263,40.589347,50,24,11
5130.291898,19.064734,50,24,11
8764.173390,16.999367,50,24,11
