Distance,Tx Power,Bandwidth,Subband BW,Subband Offset
7161.664425,18.785113,100,12,15
6303.358547,26.473063,100,12,15
6338.468310,49.842360,100,12,15
7774.463344,36.388379,100,12,15
3647.821420,52.398732,100,12,15
