Distance,Tx Power,Bandwidth,Subband BW,Subband Offset
3176.689566,28.091692,25,19,4
8761.385002,56.345978,25,19,4
5478.667535,56.110458,25,19,4
1970.872813,47.185662,25,19,4
6904.213105,52.194941,25,19,4
