Distance,Tx Power,Bandwidth,Subband BW,Subband Offset
7254.980564,32.566967,100,63,26
4715.485487,15.460909,100,63,26
2262.689041,40.941147,100,63,26
3971.964850,31.194867,100,63,26
1264.322875,26.566974,100,63,26
