Distance,Tx Power,Bandwidth,Subband BW,Subband Offset
3995.463097,55.119208,25,23,0
2571.643098,25.323293,25,23,0
2348.050973,39.953577,25,23,0
6005.275344,49.029690,25,23,0
3910.552811,34.962680,25,23,0
