Distance,Tx Power,Bandwidth,Subband BW,Subband Offset
2476.466553,58.063344,100,15,39
2087.708948,59.330049,100,15,39
3310.232333,44.368785,100,15,39
8569.581609,57.468541,100,15,39
3227.891588,19.323725,100,15,39
