Distance,Tx Power,Bandwidth,Subband BW,Subband Offset
8128.223412,30.744984,15,9,5
3355.519243,57.436356,15,9,5
7485.217194,41.115892,15,9,5
6663.480851,54.758768,15,9,5
1067.844809,26.752373,15,9,5
