Distance,Tx Power,Bandwidth,Subband BW,Subband Offset
1190.575091,23.271349,100,58,21
6827.731635,51.328144,100,58,21
4017.940218,35.260355,100,58,21
2732.215945,23.588091,100,58,21
1679.559967,38.043928,100,58,21
