Distance,Tx Power,Bandwidth,Subband BW,Subband Offset
5837.069313,25.738331,50,15,5
1318.167938,50.736249,50,15,5
3036.332065,16.456493,50,15,5
4184.164113,57.667985,50,15,5
5717.908055,21.488742,50,15,5
