Distance,Tx Power,Bandwidth,Subband BW,Subband Offset
5478.308187,25.245057,25,13,9
3377.419254,24.447701,25,13,9
8535.798182,45.032170,25,13,9
6761.047032,44.217198,25,13,9
9584.281418,50.356588,25,13,9
