Distance,Tx Power,Bandwidth,Subband BW,Subband Offset
4380.188315,25.262889,100,28,15
7125.586183,48.682273,100,28,15
5645.583042,30.111739,100,28,15
4124.150464,53.747321,100,28,15
6199.876744,32.300805,100,28,15
