Distance,Tx Power,Bandwidth,Subband BW,Subband Offset
7637.484886,23.884201,75,49,10
6001.200212,19.841473,75,49,10
3964.279045,51.539211,75,49,10
2991.968261,15.315766,75,49,10
255.239951,22.179013,75,49,10
