Distance,Tx Power,Bandwidth,Subband BW,Subband Offset
9687.283517,23.814917,15,9,5
3658.918896,26.219459,15,9,5
6041.035664,55.984572,15,9,5
100.037534,54.020800,15,9,5
8940.459044,18.099178,15,9,5
