Distance,Tx Power,Bandwidth,Subband BW,Subband Offset
1279.578714,21.401899,15,12,0
1406.886093,15.215775,15,12,0
6460.513490,20.285034,15,12,0
2871.780251,52.789867,15,12,0
9930.144907,56.063101,15,12,0
