Distance,Tx Power,Bandwidth,Subband BW,Subband Offset
7374.749317,47.415564,75,48,17
282.800111,55.972058,75,48,17
309.301671,33.440796,75,48,17
2225.396339,46.926471,75,48,17
3585.115877,30.134463,75,48,17
