Distance,Tx Power,Bandwidth,Subband BW,Subband Offset
7894.320990,45.333196,75,44,11
8543.333175,22.316529,75,44,11
1954.552593,47.628479,75,44,11
4261.103387,28.976137,75,44,11
535.175239,30.466715,75,44,11
