Distance,Tx Power,Bandwidth,Subband BW,Subband Offset
5070.860735,19.445034,50,14,22
7861.906545,43.060677,50,14,22
6088.200162,53.579094,50,14,22
3866.448852,25.286943,50,14,22
9472.470964,54.988767,50,14,22
