Distance,Tx Power,Bandwidth,Subband BW,Subband Offset
9583.670671,24.221889,100,17,28
5477.293097,22.985149,100,17,28
1971.544489,19.690840,100,17,28
6587.302318,34.700796,100,17,28
9657.024412,15.678302,100,17,28
