Distance,Tx Power,Bandwidth,Subband BW,Subband Offset
6400.645220,42.436257,50,19,1
7649.066531,44.227086,50,19,1
5961.598176,17.348164,50,19,1
392.860544,40.625155,50,19,1
1336.847705,16.720885,50,19,1
