Distance,Tx Power,Bandwidth,Subband BW,Subband Offset
6205.361424,19.377486,25,12,1
6288.289616,57.033256,25,12,1
8853.404187,15.858930,25,12,1
5838.010802,22.088542,25,12,1
8878.866454,27.905566,25,12,1
