Distance,Tx Power,Bandwidth,Subband BW,Subband Offset
2174.993105,26.174269,75,30,38
6410.494020,41.083533,75,30,38
6461.811465,51.081257,75,30,38
8805.113012,35.968207,75,30,38
6086.029708,42.506867,75,30,38
