Distance,Tx Power,Bandwidth,Subband BW,Subband Offset
5856.186955,28.118637,100,67,9
2525.579845,35.590329,100,67,9
6778.979335,41.417215,100,67,9
9921.868321,54.694399,100,67,9
2550.423047,40.271321,100,67,9
