Distance,Tx Power,Bandwidth,Subband BW,Subband Offset
8848.942401,55.259924,50,22,16
7531.009477,25.898964,50,22,16
9962.503926,22.668886,50,22,16
8018.352940,41.958825,50,22,16
2658.464310,25.886415,50,22,16
