Distance,Tx Power,Bandwidth,Subband BW,Subband Offset
1565.317031,52.575176,100,26,64
1351.639910,46.485626,100,26,64
315.053805,27.411541,100,26,64
3473.689044,27.316384,100,26,64
1182.173982,47.150522,100,26,64
