Distance,Tx Power,Bandwidth,Subband BW,Subband Offset
7624.598063,28.785107,15,10,3
1729.730389,31.153707,15,10,3
9145.854703,37.545019,15,10,3
2608.742795,55.537888,15,10,3
8372.882571,39.445490,15,10,3
