Distance,Tx Power,Bandwidth,Subband BW,Subband Offset
7439.621292,34.426670,75,28,33
6395.428531,47.992722,75,28,33
2550.581241,33.768259,75,28,33
7885.137928,58.519065,75,28,33
5743.763480,44.755494,75,28,33
