Distance,Tx Power,Bandwidth,Subband BW,Subband Offset
9202.440540,35.713299,15,15,0
894.540688,26.016946,15,15,0
6978.531132,15.095566,15,15,0
2505.509280,23.196436,15,15,0
9055.121308,55.880579,15,15,0
