Distance,Tx Power,Bandwidth,Subband BW,Subband Offset
1280.974533,58.790735,75,42,2
1645.999911,22.774198,75,42,2
6948.696760,38.163913,75,42,2
1908.660328,29.570024,75,42,2
679.526240,28.886862,75,42,2
