Distance,Tx Power,Bandwidth,Subband BW,Subband Offset
2629.935372,24.989858,75,17,45
6922.899811,49.632227,75,17,45
1034.379980,26.997027,75,17,45
9820.248103,38.800807,75,17,45
7079.719081,44.890961,75,17,45
