Distance,Tx Power,Bandwidth,Subband BW,Subband Offset
8817.642155,59.728707,75,51,0
4516.006543,34.911877,75,51,0
7409.284313,44.346718,75,51,0
6848.764206,35.303521,75,51,0
200.774010,40.867355,75,51,0
