Distance,Tx Power,Bandwidth,Subband BW,Subband Offset
5285.226159,22.525549,100,60,39
7895.525890,21.327509,100,60,39
1364.850825,34.225248,100,60,39
7353.889848,22.630837,100,60,39
7559.199135,17.356035,100,60,39
