Distance,Tx Power,Bandwidth,Subband BW,Subband Offset
2334.678827,40.897642,15,7,0
7168.561593,30.231151,15,7,0
9149.396142,49.392135,15,7,0
9785.471031,49.873012,15,7,0
7673.204193,56.175111,15,7,0
