Distance,Tx Power,Bandwidth,Subband BW,Subband Offset
5302.428713,57.792074,100,64,34
3971.827584,40.680048,100,64,34
8109.309036,47.767861,100,64,34
4621.706920,36.087741,100,64,34
7040.130771,19.082871,100,64,34
