Distance,Tx Power,Bandwidth,Subband BW,Subband Offset
9553.854247,51.498755,50,40,10
6344.790110,18.941873,50,40,10
6858.766451,57.078328,50,40,10
5912.896737,39.350888,50,40,10
3007.815371,58.509543,50,40,10
