Distance,Tx Power,Bandwidth,Subband BW,Subband Offset
5751.284024,15.817280,15,9,6
5156.211581,51.224912,15,9,6
148.713827,57.805937,15,9,6
2200.708964,31.779898,15,9,6
655.101109,46.248992,15,9,6
