Distance,Tx Power,Bandwidth,Subband BW,Subband Offset
7505.171433,23.136384,75,6,38
3672.153962,35.344153,75,6,38
8342.594649,19.971659,75,6,38
7634.471785,25.229248,75,6,38
6115.412752,50.304279,75,6,38
