Distance,Tx Power,Bandwidth,Subband BW,Subband Offset
3255.789023,20.846480,15,14,0
9164.885395,56.216235,15,14,0
3714.835145,47.844044,15,14,0
209.245759,27.488506,15,14,0
5088.557148,27.746300,15,14,0
