Distance,Tx Power,Bandwidth,Subband BW,Subband Offset
4177.941669,57.173246,50,31,19
5402.408612,36.686698,50,31,19
156.730936,59.013762,50,31,19
2261.234019,58.900470,50,31,19
359.619530,16.354208,50,31,19
