Distance,Tx Power,Bandwidth,Subband BW,Subband Offset
7975.091053,41.699370,15,8,5
8106.050602,28.054366,15,8,5
620.528202,41.098806,15,8,5
2837.695821,17.576567,15,8,5
5010.996093,41.061207,15,8,5
