Distance,Tx Power,Bandwidth,Subband BW,Subband Offset
1151.950845,21.355298,75,6,10
1931.652963,41.628057,75,6,10
2979.015173,32.175978,75,6,10
6108.632317,51.719291,75,6,10
1432.421201,28.635819,75,6,10
