Distance,Tx Power,Bandwidth,Subband BW,Subband Offset
242.153758,29.223447,25,16,3
2919.601814,37.279707,25,16,3
4627.766591,37.676215,25,16,3
5711.018366,32.363165,25,16,3
8833.316524,24.417263,25,16,3
