Distance,Tx Power,Bandwidth,Subband BW,Subband Offset
9130.371683,20.132056,75,15,51
3536.122990,35.443123,75,15,51
8018.844706,18.426266,75,15,51
7070.982225,30.767325,75,15,51
1987.585260,49.510843,75,15,51
