Distance,Tx Power,Bandwidth,Subband BW,Subband Offset
5077.842858,58.820551,15,10,0
2858.551547,59.438513,15,10,0
4327.316850,55.479628,15,10,0
794.099946,42.912657,15,10,0
375.253522,43.450506,15,10,0
