Distance,Tx Power,Bandwidth,Subband BW,Subband Offset
5616.220759,29.045194,25,6,8
5077.421958,22.187935,25,6,8
8663.024278,27.502076,25,6,8
8537.380224,37.080183,25,6,8
8637.707846,52.165815,25,6,8
