Distance,Tx Power,Bandwidth,Subband BW,Subband Offset
9202.510132,34.783983,50,10,36
1439.553811,48.140217,50,10,36
5927.849720,31.147478,50,10,36
9584.444254,47.089790,50,10,36
362.562817,47.216680,50,10,36
