Distance,Tx Power,Bandwidth,Subband BW,Subband Offset
4274.544562,31.869097,25,14,3
5909.818292,47.112905,25,14,3
6524.559810,58.659051,25,14,3
6248.179165,39.477774,25,14,3
4838.782798,20.032400,25,14,3
