Distance,Tx Power,Bandwidth,Subband BW,Subband Offset
3295.398920,19.420345,25,6,4
4163.321936,56.791174,25,6,4
2571.005483,27.225923,25,6,4
168.343523,23.073274,25,6,4
8349.678906,39.362072,25,6,4
