Distance,Tx Power,Bandwidth,Subband BW,Subband Offset
6208.663091,18.979016,75,34,12
8878.759825,50.078395,75,34,12
4074.142690,41.921652,75,34,12
8869.708155,22.716819,75,34,12
8702.633295,45.481536,75,34,12
