Distance,Tx Power,Bandwidth,Subband BW,Subband Offset
1614.266241,41.794200,75,24,33
5150.326902,55.049072,75,24,33
7210.761602,37.824034,75,24,33
7885.102120,24.152201,75,24,33
5325.984942,20.507061,75,24,33
