Distance,Tx Power,Bandwidth,Subband BW,Subband Offset
7720.117378,50.527499,25,13,6
3182.781406,46.510108,25,13,6
3794.957786,47.187193,25,13,6
3399.131735,47.415704,25,13,6
9805.654206,30.668691,25,13,6
