Distance,Tx Power,Bandwidth,Subband BW,Subband Offset
1146.866240,19.581363,25,15,10
2432.205178,54.570382,25,15,10
9370.042450,29.421871,25,15,10
8233.724398,19.258834,25,15,10
7860.251325,30.170175,25,15,10
