Distance,Tx Power,Bandwidth,Subband BW,Subband Offset
3945.855629,41.140979,15,13,0
4197.076159,19.791856,15,13,0
1969.944921,46.035497,15,13,0
3432.979168,26.258861,15,13,0
7136.276303,44.096184,15,13,0
