Distance,Tx Power,Bandwidth,Subband BW,Subband Offset
3263.475078,32.085180,50,33,8
2969.705272,20.617932,50,33,8
1110.529607,37.410144,50,33,8
2350.457420,52.617798,50,33,8
9328.425949,48.215468,50,33,8
