Distance,Tx Power,Bandwidth,Subband BW,Subband Offset
7422.655079,31.329465,100,95,1
6119.845686,22.659943,100,95,1
4072.275976,57.038684,100,95,1
2782.718659,31.860601,100,95,1
2083.812731,57.145510,100,95,1
