Distance,Tx Power,Bandwidth,Subband BW,Subband Offset
283.483281,31.987693,100,32,33
7955.716222,22.357192,100,32,33
9707.756729,53.628360,100,32,33
3949.866988,38.884214,100,32,33
2454.901654,15.469755,100,32,33
