Distance,Tx Power,Bandwidth,Subband BW,Subband Offset
8981.132251,36.290705,15,6,3
5957.194832,42.879618,15,6,3
4090.893214,50.837560,15,6,3
9831.206795,35.770591,15,6,3
5829.959358,28.670636,15,6,3
