Distance,Tx Power,Bandwidth,Subband BW,Subband Offset
6987.301446,34.364111,25,9,15
5795.908169,48.676434,25,9,15
6704.141440,16.773104,25,9,15
2193.358225,33.096601,25,9,15
2803.315945,53.720300,25,9,15
