Distance,Tx Power,Bandwidth,Subband BW,Subband Offset
1323.186851,46.473896,50,12,21
9564.418608,22.267553,50,12,21
9352.452168,37.674187,50,12,21
8493.798385,40.011938,50,12,21
470.961280,46.294735,50,12,21
