Distance,Tx Power,Bandwidth,Subband BW,Subband Offset
9662.019135,34.253625,15,11,3
3461.324395,50.376223,15,11,3
8387.051459,29.619727,15,11,3
3469.869757,16.703942,15,11,3
1896.293472,26.422840,15,11,3
