Distance,Tx Power,Bandwidth,Subband BW,Subband Offset
3304.830327,51.849687,50,7,14
6107.827678,27.115832,50,7,14
2661.057925,53.841276,50,7,14
2594.067829,47.407342,50,7,14
9112.835243,44.100993,50,7,14
