Distance,Tx Power,Bandwidth,Subband BW,Subband Offset
2197.166139,46.793372,75,40,32
9414.566296,34.755575,75,40,32
9098.369005,31.762671,75,40,32
6032.712463,26.880297,75,40,32
2977.862631,49.657862,75,40,32
