Distance,Tx Power,Bandwidth,Subband BW,Subband Offset
6968.730271,24.995648,75,64,7
1647.939308,58.680679,75,64,7
5575.264945,33.747615,75,64,7
6188.863879,35.398858,75,64,7
9057.134281,56.497567,75,64,7
