Distance,Tx Power,Bandwidth,Subband BW,Subband Offset
3786.186307,57.368069,75,10,45
5200.972613,40.768748,75,10,45
6408.925098,15.857628,75,10,45
9455.982282,16.740734,75,10,45
7479.815160,43.111199,75,10,45
