Distance,Tx Power,Bandwidth,Subband BW,Subband Offset
4656.835464,43.112699,25,12,5
9116.745192,36.361862,25,12,5
2155.405095,52.726958,25,12,5
7661.014648,37.374208,25,12,5
9250.234890,17.658444,25,12,5
