Distance,Tx Power,Bandwidth,Subband BW,Subband Offset
5528.386142,47.306857,100,50,41
7782.658601,18.237945,100,50,41
3545.168393,44.137510,100,50,41
986.113737,17.430560,100,50,41
7232.445138,23.898503,100,50,41
