Distance,Tx Power,Bandwidth,Subband BW,Subband Offset
5079.304434,16.082472,100,63,24
4185.014804,17.758283,100,63,24
3692.378321,38.896726,100,63,24
9246.895480,17.714958,100,63,24
4192.456916,56.551529,100,63,24
