Distance,Tx Power,Bandwidth,Subband BW,Subband Offset
7481.372424,25.024525,50,42,2
9753.981020,17.611978,50,42,2
2965.453446,48.004925,50,42,2
4535.207569,25.557165,50,42,2
1358.987111,19.206850,50,42,2
