Distance,Tx Power,Bandwidth,Subband BW,Subband Offset
6078.424907,21.086395,50,25,1
3208.660804,42.146135,50,25,1
3867.471569,16.070642,50,25,1
6855.311015,25.171994,50,25,1
5292.585436,41.433302,50,25,1
