Distance,Tx Power,Bandwidth,Subband BW,Subband Offset
5181.427786,47.441269,15,8,0
465.627806,39.110375,15,8,0
8174.859363,31.983504,15,8,0
2281.938387,35.212887,15,8,0
3874.057997,40.911769,15,8,0
