Distance,Tx Power,Bandwidth,Subband BW,Subband Offset
6430.789294,46.298412,50,16,27
3733.107672,51.498097,50,16,27
6046.396658,17.538904,50,16,27
7189.345424,37.191070,50,16,27
221.623085,35.634885,50,16,27
