Distance,Tx Power,Bandwidth,Subband BW,Subband Offset
8951.405758,20.312715,50,9,2
9634.108610,20.164650,50,9,2
252.109361,26.708655,50,9,2
2461.156260,54.035315,50,9,2
2613.646458,33.505877,50,9,2
