Distance,Tx Power,Bandwidth,Subband BW,Subband Offset
2851.925814,56.733645,50,13,14
1917.646868,34.262483,50,13,14
1048.468779,42.662808,50,13,14
5903.602592,36.595258,50,13,14
485.267660,44.658694,50,13,14
