Distance,Tx Power,Bandwidth,Subband BW,Subband Offset
7745.468980,53.213127,75,28,4
6770.637388,37.148041,75,28,4
2828.364336,43.028167,75,28,4
9635.809130,22.117592,75,28,4
2611.860652,43.867598,75,28,4
