Distance,Tx Power,Bandwidth,Subband BW,Subband Offset
677.651165,31.107458,25,6,13
4652.521858,46.613302,25,6,13
5588.391104,25.093930,25,6,13
4948.827989,59.429274,25,6,13
5092.786744,21.035777,25,6,13
