Distance,Tx Power,Bandwidth,Subband BW,Subband Offset
6796.400631,55.429147,50,14,8
3338.520274,59.401815,50,14,8
9703.921200,44.867270,50,14,8
5523.331667,16.150472,50,14,8
5423.672045,23.736964,50,14,8
