Distance,Tx Power,Bandwidth,Subband BW,Subband Offset
7261.640759,31.403271,75,13,41
8456.226328,46.062547,75,13,41
7504.332654,29.774709,75,13,41
6896.829863,56.503927,75,13,41
8384.231319,32.007852,75,13,41
