Distance,Tx Power,Bandwidth,Subband BW,Subband Offset
3740.815095,44.787538,75,40,30
6455.411661,22.724736,75,40,30
9039.795276,32.093378,75,40,30
5587.295593,56.589008,75,40,30
1144.684471,45.779721,75,40,30
