Distance,Tx Power,Bandwidth,Subband BW,Subband Offset
9039.864629,35.528259,25,9,7
9943.312908,54.318274,25,9,7
1401.930751,35.807190,25,9,7
9248.152941,41.479372,25,9,7
6927.597989,21.163239,25,9,7
