Distance,Tx Power,Bandwidth,Subband BW,Subband Offset
3020.809514,49.422596,25,9,12
6432.868824,17.857265,25,9,12
6037.848828,56.862302,25,9,12
7404.128133,44.149534,25,9,12
6464.102984,16.541387,25,9,12
