Distance,Tx Power,Bandwidth,Subband BW,Subband Offset
2537.421667,28.198003,75,24,17
4892.913397,30.272874,75,24,17
8976.465528,42.071498,75,24,17
5728.596267,25.184961,75,24,17
2447.836160,59.354076,75,24,17
