Distance,Tx Power,Bandwidth,Subband BW,Subband Offset
6125.802853,28.910040,50,16,10
1464.642848,20.713970,50,16,10
9072.654377,35.445943,50,16,10
5721.876782,59.922564,50,16,10
3937.776791,22.460397,50,16,10
