Distance,Tx Power,Bandwidth,Subband BW,Subband Offset
1139.349418,57.683104,25,6,15
1422.724524,18.478038,25,6,15
4544.815330,27.830067,25,6,15
2561.378317,17.071027,25,6,15
5330.164020,35.350942,25,6,15
