Distance,Tx Power,Bandwidth,Subband BW,Subband Offset
5896.371462,52.631558,15,10,1
1145.095520,43.527938,15,10,1
9765.691275,32.992869,15,10,1
1260.622973,33.615106,15,10,1
9995.172093,55.480088,15,10,1
