Distance,Tx Power,Bandwidth,Subband BW,Subband Offset
6665.216810,47.475888,75,17,4
9237.506841,47.835894,75,17,4
3565.276262,34.263108,75,17,4
3180.450988,26.873524,75,17,4
115.327699,18.609922,75,17,4
