Distance,Tx Power,Bandwidth,Subband BW,Subband Offset
5000.359587,24.103445,75,53,3
5109.597993,34.267919,75,53,3
1950.172812,24.943815,75,53,3
2612.076085,22.843612,75,53,3
1218.285281,56.746549,75,53,3
