Distance,Tx Power,Bandwidth,Subband BW,Subband Offset
8248.917934,21.318637,50,38,0
1033.867003,33.213068,50,38,0
3999.015533,37.462210,50,38,0
1122.417491,28.593613,50,38,0
6483.128690,25.420545,50,38,0
