Distance,Tx Power,Bandwidth,Subband BW,Subband Offset
1421.675499,42.038491,25,20,3
2401.381203,36.569258,25,20,3
9525.245877,44.165136,25,20,3
1214.041559,44.631601,25,20,3
8055.080340,27.793936,25,20,3
