Distance,Tx Power,Bandwidth,Subband BW,Subband Offset
6737.183602,52.705707,15,6,6
3738.078641,52.502457,15,6,6
6405.747645,21.139725,15,6,6
6937.636616,33.019764,15,6,6
2155.002135,49.664227,15,6,6
