Distance,Tx Power,Bandwidth,Subband BW,Subband Offset
5127.636260,42.798640,50,13,27
2782.842080,54.551018,50,13,27
1485.968190,34.675667,50,13,27
1303.537439,50.693774,50,13,27
5337.263571,48.595936,50,13,27
