Distance,Tx Power,Bandwidth,Subband BW,Subband Offset
1258.742066,58.961013,25,7,15
4482.341466,53.638515,25,7,15
1277.635903,18.379613,25,7,15
2807.774644,33.489639,25,7,15
2702.221503,40.546400,25,7,15
