Distance,Tx Power,Bandwidth,Subband BW,Subband Offset
9385.381870,16.030264,50,12,19
6924.939476,31.644830,50,12,19
2794.218199,54.844895,50,12,19
7930.021991,42.991548,50,12,19
8543.225559,34.981130,50,12,19
