Distance,Tx Power,Bandwidth,Subband BW,Subband Offset
7482.550978,27.763929,100,15,59
9804.551048,59.229865,100,15,59
7792.219248,48.985958,100,15,59
7318.510591,49.728834,100,15,59
8565.423437,33.814946,100,15,59
