Distance,Tx Power,Bandwidth,Subband BW,Subband Offset
4186.931979,40.772241,75,27,7
7094.260348,17.414250,75,27,7
4685.799238,53.064515,75,27,7
8270.146166,39.541658,75,27,7
2442.990484,21.647869,75,27,7
