Distance,Tx Power,Bandwidth,Subband BW,Subband Offset
8047.777027,54.169532,50,34,8
8537.646114,36.291701,50,34,8
5579.472427,36.426813,50,34,8
8051.007088,57.716815,50,34,8
2024.992617,48.236528,50,34,8
