Distance,Tx Power,Bandwidth,Subband BW,Subband Offset
3103.872514,16.871805,25,6,13
8598.722155,49.404488,25,6,13
7521.842484,37.039095,25,6,13
801.003173,42.702906,25,6,13
4419.158756,45.017154,25,6,13
