Distance,Tx Power,Bandwidth,Subband BW,Subband Offset
5996.928345,48.015493,50,12,21
2503.890321,32.522831,50,12,21
9376.179265,45.168567,50,12,21
3503.906160,48.540015,50,12,21
726.539850,15.467415,50,12,21
