Distance,Tx Power,Bandwidth,Subband BW,Subband Offset
4637.557015,32.578413,50,13,33
6634.529525,52.417285,50,13,33
2754.462989,15.509702,50,13,33
5020.474875,58.930937,50,13,33
7800.250814,45.314249,50,13,33
