Distance,Tx Power,Bandwidth,Subband BW,Subband Offset
9952.286176,36.763968,75,34,23
5853.039962,15.367242,75,34,23
728.083853,37.299628,75,34,23
3349.305969,21.355244,75,34,23
7459.393890,56.973734,75,34,23
