Distance,Tx Power,Bandwidth,Subband BW,Subband Offset
5298.565470,37.923349,100,21,15
5247.214301,53.552090,100,21,15
1122.111369,21.128773,100,21,15
8020.889253,36.778831,100,21,15
5215.301528,31.981967,100,21,15
