Distance,Tx Power,Bandwidth,Subband BW,Subband Offset
4516.389060,51.913913,100,82,1
3301.523591,35.636802,100,82,1
8180.221150,48.161050,100,82,1
1838.465329,51.588242,100,82,1
4088.926335,55.827563,100,82,1
