Distance,Tx Power,Bandwidth,Subband BW,Subband Offset
6291.545541,56.440818,25,15,4
6100.311728,33.486217,25,15,4
5832.624719,57.752637,25,15,4
9793.232558,32.688054,25,15,4
6030.802214,37.142372,25,15,4
