Distance,Tx Power,Bandwidth,Subband BW,Subband Offset
2299.617804,20.022984,15,6,1
9428.921450,29.284142,15,6,1
5920.349535,25.781101,15,6,1
4293.168454,57.008463,15,6,1
3520.750544,32.662220,15,6,1
