Distance,Tx Power,Bandwidth,Subband BW,Subband Offset
643.342165,20.682853,15,7,8
2361.368253,49.182472,15,7,8
5214.575460,41.943428,15,7,8
7695.123562,48.074653,15,7,8
8100.225311,54.313956,15,7,8
