Distance,Tx Power,Bandwidth,Subband BW,Subband Offset
4758.126749,59.434739,15,11,4
4000.904208,59.369107,15,11,4
7939.697436,51.122705,15,11,4
1136.270251,52.379896,15,11,4
8573.397862,26.163406,15,11,4
