Distance,Tx Power,Bandwidth,Subband BW,Subband Offset
5943.030810,57.407494,100,9,61
6817.329483,30.861454,100,9,61
3996.880512,47.321784,100,9,61
3889.850799,35.609981,100,9,61
9809.227875,43.690920,100,9,61
