Distance,Tx Power,Bandwidth,Subband BW,Subband Offset
8892.003851,18.257088,100,9,14
4369.114560,28.754863,100,9,14
9680.740830,57.361928,100,9,14
547.599639,17.659921,100,9,14
8737.311013,48.519420,100,9,14
