Distance,Tx Power,Bandwidth,Subband BW,Subband Offset
2439.923564,29.695060,25,9,0
7179.997279,55.395080,25,9,0
8002.092775,24.947244,25,9,0
4521.904812,53.512723,25,9,0
9868.889874,17.431304,25,9,0
