Distance,Tx Power,Bandwidth,Subband BW,Subband Offset
7893.639206,37.861127,100,22,55
4860.568896,32.977149,100,22,55
5720.428913,43.212769,100,22,55
211.417777,22.127493,100,22,55
4987.886383,15.557304,100,22,55
