Distance,Tx Power,Bandwidth,Subband BW,Subband Offset
7495.852314,52.285543,25,16,5
5102.013330,15.317861,25,16,5
629.074555,36.062617,25,16,5
4448.032380,21.280536,25,16,5
9527.011064,34.090318,25,16,5
