Distance,Tx Power,Bandwidth,Subband BW,Subband Offset
4519.851570,21.200386,25,15,2
3515.391443,16.974235,25,15,2
5788.419949,49.827296,25,15,2
1447.317848,53.602469,25,15,2
6217.142551,44.282614,25,15,2
