Distance,Tx Power,Bandwidth,Subband BW,Subband Offset
2026.254755,33.601661,100,62,17
9574.905496,36.999650,100,62,17
6052.347862,30.275621,100,62,17
2499.595406,24.518199,100,62,17
8515.123779,19.283064,100,62,17
