Distance,Tx Power,Bandwidth,Subband BW,Subband Offset
8275.930393,52.769867,100,21,17
9799.216415,54.686241,100,21,17
118.993862,55.090324,100,21,17
2339.279095,29.785009,100,21,17
320.947739,59.425536,100,21,17
