Distance,Tx Power,Bandwidth,Subband BW,Subband Offset
7242.483914,25.395571,15,10,2
6711.317549,52.243475,15,10,2
2450.762679,53.226043,15,10,2
5925.822794,34.537793,15,10,2
3694.324768,51.276177,15,10,2
