Distance,Tx Power,Bandwidth,Subband BW,Subband Offset
8445.856878,59.154971,50,30,14
2960.314562,27.699752,50,30,14
4621.070006,35.032822,50,30,14
2191.920871,56.103977,50,30,14
8529.046012,28.074887,50,30,14
