Distance,Tx Power,Bandwidth,Subband BW,Subband Offset
1924.171770,26.664751,25,20,5
7437.700256,46.972268,25,20,5
1109.981736,50.974111,25,20,5
7253.078366,40.420931,25,20,5
5019.451852,18.482786,25,20,5
