Distance,Tx Power,Bandwidth,Subband BW,Subband Offset
3335.971899,34.973891,100,6,11
3052.663650,44.724212,100,6,11
4378.239928,59.685323,100,6,11
1430.908113,18.923959,100,6,11
4742.139459,30.282996,100,6,11
