Distance,Tx Power,Bandwidth,Subband BW,Subband Offset
5369.076061,47.682317,25,9,2
8332.626805,29.060296,25,9,2
6448.430770,56.274384,25,9,2
6914.756834,37.045381,25,9,2
2885.738122,21.736122,25,9,2
