Distance,Tx Power,Bandwidth,Subband BW,Subband Offset
3351.540315,35.658662,25,23,0
4458.138040,48.097085,25,23,0
5823.143614,35.038260,25,23,0
2593.398500,15.017036,25,23,0
4551.384075,49.350153,25,23,0
