Distance,Tx Power,Bandwidth,Subband BW,Subband Offset
8132.559751,47.504462,25,16,5
367.539735,50.889051,25,16,5
4809.662029,26.280271,25,16,5
3192.734452,27.132901,25,16,5
9708.938053,55.760164,25,16,5
