Distance,Tx Power,Bandwidth,Subband BW,Subband Offset
5436.218000,32.234921,50,43,7
3964.753322,21.923339,50,43,7
1321.314053,27.179362,50,43,7
2980.917152,20.410364,50,43,7
6274.422514,34.408142,50,43,7
