Distance,Tx Power,Bandwidth,Subband BW,Subband Offset
8239.482893,41.405618,50,19,23
4913.425966,19.536071,50,19,23
9470.035520,27.460772,50,19,23
7794.306055,43.987107,50,19,23
6565.010229,15.195458,50,19,23
