Distance,Tx Power,Bandwidth,Subband BW,Subband Offset
6159.118538,15.651271,25,17,7
4307.491610,50.790422,25,17,7
1114.990217,18.652841,25,17,7
6120.682949,32.745837,25,17,7
9582.955338,44.002095,25,17,7
