Distance,Tx Power,Bandwidth,Subband BW,Subband Offset
7022.048319,38.501583,75,7,36
9088.330778,59.931570,75,7,36
1548.679417,45.061226,75,7,36
4381.082447,42.634357,75,7,36
9429.175812,29.625981,75,7,36
