Distance,Tx Power,Bandwidth,Subband BW,Subband Offset
8281.605589,47.314799,15,11,4
4447.320368,52.333357,15,11,4
6433.718959,51.562976,15,11,4
3962.338411,34.931992,15,11,4
4193.265501,42.767015,15,11,4
