Distance,Tx Power,Bandwidth,Subband BW,Subband Offset
3503.309773,43.189519,25,12,6
5366.276849,54.707391,25,12,6
316.899780,45.146168,25,12,6
4053.922689,53.135628,25,12,6
1938.028694,19.645448,25,12,6
