Distance,Tx Power,Bandwidth,Subband BW,Subband Offset
2314.988228,48.926458,15,11,4
5490.550168,48.126632,15,11,4
736.520102,19.063369,15,11,4
1447.061930,25.846198,15,11,4
1783.475916,46.627647,15,11,4
