Distance,Tx Power,Bandwidth,Subband BW,Subband Offset
6985.718796,30.448238,75,9,6
6500.245198,32.021752,75,9,6
8375.298284,17.999703,75,9,6
6507.155475,15.257859,75,9,6
1675.039874,36.822426,75,9,6
