Distance,Tx Power,Bandwidth,Subband BW,Subband Offset
4312.219806,22.400671,75,17,19
7776.098497,25.995239,75,17,19
481.564870,46.751136,75,17,19
6088.161455,49.919118,75,17,19
2384.381385,48.323101,75,17,19
