Distance,Tx Power,Bandwidth,Subband BW,Subband Offset
4659.686458,44.659886,25,22,2
7539.323778,47.861409,25,22,2
8308.386424,24.942669,25,22,2
1354.650332,56.431028,25,22,2
7902.121452,17.092966,25,22,2
