Distance,Tx Power,Bandwidth,Subband BW,Subband Offset
478.402900,18.539868,75,48,14
2250.835733,16.148347,75,48,14
3010.287306,50.749354,75,48,14
7757.217548,40.944416,75,48,14
1792.040813,38.941427,75,48,14
