Distance,Tx Power,Bandwidth,Subband BW,Subband Offset
3460.964338,53.046498,50,16,11
6853.786416,49.042366,50,16,11
829.089131,29.827878,50,16,11
1968.371729,19.876372,50,16,11
5430.066260,42.968884,50,16,11
