Distance,Tx Power,Bandwidth,Subband BW,Subband Offset
6628.440519,59.915697,50,14,22
6052.433479,24.115710,50,14,22
5999.955567,46.954635,50,14,22
805.120651,24.108467,50,14,22
8992.685134,38.763181,50,14,22
