Distance,Tx Power,Bandwidth,Subband BW,Subband Offset
6350.390707,16.594206,25,10,8
5156.625608,26.955959,25,10,8
385.990012,31.860032,25,10,8
4633.612552,32.912586,25,10,8
2482.562218,47.145044,25,10,8
