Distance,Tx Power,Bandwidth,Subband BW,Subband Offset
8899.410452,58.925617,50,34,5
8156.490709,24.462903,50,34,5
593.077834,39.571256,50,34,5
5636.976846,31.708180,50,34,5
8295.798107,53.176045,50,34,5
