Distance,Tx Power,Bandwidth,Subband BW,Subband Offset
5211.098982,50.960135,25,18,0
2729.165621,59.887887,25,18,0
3115.822878,44.867409,25,18,0
2402.337399,33.112903,25,18,0
8904.400836,35.655283,25,18,0
