Distance,Tx Power,Bandwidth,Subband BW,Subband Offset
690.747177,19.566136,100,16,21
5646.429490,23.647779,100,16,21
5396.601290,42.790517,100,16,21
9974.168622,15.849328,100,16,21
2359.078468,40.211017,100,16,21
