Distance,Tx Power,Bandwidth,Subband BW,Subband Offset
1475.465049,15.494615,100,78,11
640.166505,19.806545,100,78,11
2280.815319,52.647721,100,78,11
3400.444445,51.811805,100,78,11
9375.942618,54.822229,100,78,11
