Distance,Tx Power,Bandwidth,Subband BW,Subband Offset
2860.003384,36.722792,50,16,16
217.672298,55.212993,50,16,16
3210.669490,30.456826,50,16,16
1103.553926,52.876502,50,16,16
8759.016751,35.923353,50,16,16
