Distance,Tx Power,Bandwidth,Subband BW,Subband Offset
1884.715149,45.017342,25,12,9
542.938892,43.730358,25,12,9
2190.370060,32.793228,25,12,9
3802.573307,51.505308,25,12,9
5479.112373,56.333340,25,12,9
