Distance,Tx Power,Bandwidth,Subband BW,Subband Offset
5106.904619,47.783372,50,8,30
5761.376171,30.603439,50,8,30
8965.136982,15.564118,50,8,30
5982.571993,43.909968,50,8,30
881.407878,24.248381,50,8,30
