Distance,Tx Power,Bandwidth,Subband BW,Subband Offset
3721.155527,57.796180,100,59,31
4114.539034,42.537770,100,59,31
1081.883590,44.531065,100,59,31
8970.292636,31.517107,100,59,31
5863.010397,24.867881,100,59,31
