Distance,Tx Power,Bandwidth,Subband BW,Subband Offset
2190.042236,40.419526,25,6,18
1353.272094,58.148794,25,6,18
7014.330301,54.438246,25,6,18
6546.578160,56.024449,25,6,18
7424.274295,45.417885,25,6,18
