Distance,Tx Power,Bandwidth,Subband BW,Subband Offset
8416.471218,15.495521,75,11,1
1302.296646,34.981501,75,11,1
4656.855727,32.499047,75,11,1
5567.129005,15.349391,75,11,1
1605.689808,55.668488,75,11,1
