Distance,Tx Power,Bandwidth,Subband BW,Subband Offset
2543.353765,29.236671,50,30,12
3412.764217,41.122073,50,30,12
1024.018227,19.445311,50,30,12
3469.810936,54.197914,50,30,12
1682.914895,54.466671,50,30,12
