Distance,Tx Power,Bandwidth,Subband BW,Subband Offset
9190.745202,28.804997,15,9,2
6932.467257,39.812389,15,9,2
1078.525343,17.513904,15,9,2
9759.752893,21.253303,15,9,2
3282.788206,54.690341,15,9,2
