Distance,Tx Power,Bandwidth,Subband BW,Subband Offset
5496.063825,19.364470,15,8,3
4184.758805,46.537726,15,8,3
7477.877980,32.843846,15,8,3
4178.995255,21.957541,15,8,3
7219.467441,52.177492,15,8,3
