Distance,Tx Power,Bandwidth,Subband BW,Subband Offset
7094.548497,23.454291,75,27,2
1386.937723,15.867402,75,27,2
4531.425533,43.630118,75,27,2
2527.010772,54.956707,75,27,2
7786.758946,39.600383,75,27,2
