Distance,Tx Power,Bandwidth,Subband BW,Subband Offset
216.001094,32.282126,15,12,1
6476.351080,47.536747,15,12,1
5067.079515,58.554640,15,12,1
5574.111786,54.864809,15,12,1
5851.202515,53.513116,15,12,1
