Distance,Tx Power,Bandwidth,Subband BW,Subband Offset
4129.587954,35.347292,50,21,24
2085.299326,27.606500,50,21,24
8920.852524,46.290671,50,21,24
6156.892358,47.557244,50,21,24
5203.586400,19.376575,50,21,24
