Distance,Tx Power,Bandwidth,Subband BW,Subband Offset
6242.653460,27.601235,75,19,28
1699.346006,15.194733,75,19,28
6100.582993,39.442412,75,19,28
812.768809,48.039106,75,19,28
1772.617359,42.175438,75,19,28
