Distance,Tx Power,Bandwidth,Subband BW,Subband Offset
866.956179,51.514886,15,7,5
4021.051797,48.346830,15,7,5
7492.113642,17.644765,15,7,5
6357.610093,34.659066,15,7,5
3112.877924,59.265973,15,7,5
