Distance,Tx Power,Bandwidth,Subband BW,Subband Offset
8052.927107,42.169869,75,12,11
6053.903745,46.745373,75,12,11
6938.796316,48.874302,75,12,11
2539.624079,17.268547,75,12,11
3672.647442,58.899916,75,12,11
