Distance,Tx Power,Bandwidth,Subband BW,Subband Offset
9284.596707,36.870387,75,40,5
1797.535872,40.974512,75,40,5
9918.624466,47.730072,75,40,5
3139.179239,21.485142,75,40,5
2421.473718,20.664258,75,40,5
