Distance,Tx Power,Bandwidth,Subband BW,Subband Offset
4205.201448,33.051967,15,8,3
7439.881269,32.081820,15,8,3
126.396007,47.490623,15,8,3
9719.417540,24.485416,15,8,3
3239.063715,31.606867,15,8,3
