Distance,Tx Power,Bandwidth,Subband BW,Subband Offset
2951.933965,22.088989,25,8,8
725.978849,47.664640,25,8,8
1749.679462,30.736433,25,8,8
400.969243,55.707817,25,8,8
2140.940182,46.450133,25,8,8
