Distance,Tx Power,Bandwidth,Subband BW,Subband Offset
9829.293795,49.324212,100,17,2
4826.093271,27.442334,100,17,2
8707.069322,23.720731,100,17,2
2859.944664,34.365851,100,17,2
6461.927876,21.283848,100,17,2
