Distance,Tx Power,Bandwidth,Subband BW,Subband Offset
1732.339831,47.416698,100,32,2
942.232054,28.668432,100,32,2
538.843188,44.545202,100,32,2
2953.183335,56.634037,100,32,2
3874.443053,21.259455,100,32,2
