Distance,Tx Power,Bandwidth,Subband BW,Subband Offset
7961.319973,58.193251,25,16,3
6020.734911,44.071362,25,16,3
5625.594480,29.949208,25,16,3
3915.233055,35.566696,25,16,3
5719.792447,53.048644,25,16,3
