Distance,Tx Power,Bandwidth,Subband BW,Subband Offset
9855.751047,57.079592,25,8,12
4732.164282,44.111122,25,8,12
1478.255686,30.578773,25,8,12
3703.654617,25.047133,25,8,12
7863.825572,36.904422,25,8,12
