Distance,Tx Power,Bandwidth,Subband BW,Subband Offset
1755.851008,21.758395,100,27,35
9332.590767,39.573135,100,27,35
4364.375366,57.633871,100,27,35
6681.711944,42.196818,100,27,35
7244.183327,20.316835,100,27,35
