Distance,Tx Power,Bandwidth,Subband BW,Subband Offset
331.069903,22.095516,75,10,52
5966.076185,38.854626,75,10,52
1321.305733,36.592807,75,10,52
7695.121344,34.690867,75,10,52
1486.930726,23.318637,75,10,52
