Distance,Tx Power,Bandwidth,Subband BW,Subband Offset
6516.598650,34.490609,15,12,0
6516.120393,51.297377,15,12,0
6124.036532,48.879092,15,12,0
8173.959816,27.828231,15,12,0
3895.607476,56.017440,15,12,0
