Distance,Tx Power,Bandwidth,Subband BW,Subband Offset
9132.595419,36.702992,75,48,21
7361.051941,15.497971,75,48,21
5670.393038,40.425306,75,48,21
1785.684573,32.335427,75,48,21
9207.609665,55.599868,75,48,21
