Distance,Tx Power,Bandwidth,Subband BW,Subband Offset
902.811691,18.862218,75,36,11
2431.829820,56.349373,75,36,11
1850.177885,43.532225,75,36,11
7521.595334,50.571514,75,36,11
9019.732844,16.235907,75,36,11
