Distance,Tx Power,Bandwidth,Subband BW,Subband Offset
3443.117848,16.210381,50,8,3
8761.379398,34.777558,50,8,3
4250.312159,32.753854,50,8,3
7284.127932,41.963773,50,8,3
2536.148219,24.750006,50,8,3
