Distance,Tx Power,Bandwidth,Subband BW,Subband Offset
2505.726216,36.405423,50,11,6
4924.226597,30.854782,50,11,6
980.006542,52.368164,50,11,6
474.016615,21.549295,50,11,6
5786.650153,28.311542,50,11,6
