Distance,Tx Power,Bandwidth,Subband BW,Subband Offset
5082.431605,52.755515,15,12,1
3720.317717,42.751943,15,12,1
6999.164198,43.655631,15,12,1
3364.424695,23.219392,15,12,1
784.873071,24.640274,15,12,1
