Distance,Tx Power,Bandwidth,Subband BW,Subband Offset
8101.483317,58.726341,100,83,2
4291.131783,31.549523,100,83,2
3156.377028,48.012830,100,83,2
182.997020,30.081697,100,83,2
4930.077303,52.917828,100,83,2
