Distance,Tx Power,Bandwidth,Subband BW,Subband Offset
5880.260571,49.144240,25,7,10
6012.808349,59.346604,25,7,10
875.160002,53.762487,25,7,10
5801.253129,27.808226,25,7,10
926.106769,34.511994,25,7,10
