Distance,Tx Power,Bandwidth,Subband BW,Subband Offset
9423.852808,45.308140,75,12,27
6850.566400,15.710798,75,12,27
9535.526487,56.878228,75,12,27
3927.753898,21.137614,75,12,27
5249.565171,57.133668,75,12,27
