Distance,Tx Power,Bandwidth,Subband BW,Subband Offset
8294.316382,39.469622,100,70,0
7021.941667,38.582873,100,70,0
4321.046431,29.913728,100,70,0
2048.794340,20.022794,100,70,0
5059.061256,35.416603,100,70,0
