Distance,Tx Power,Bandwidth,Subband BW,Subband Offset
6015.600972,30.085300,50,30,9
5029.156870,46.996096,50,30,9
4531.049803,53.756289,50,30,9
2108.051011,58.077463,50,30,9
9300.757701,17.880962,50,30,9
