Distance,Tx Power,Bandwidth,Subband BW,Subband Offset
8395.529239,43.706788,15,7,3
9973.905920,59.415725,15,7,3
4835.330946,51.645863,15,7,3
221.835291,29.756556,15,7,3
5058.645590,30.924214,15,7,3
