Distance,Tx Power,Bandwidth,Subband BW,Subband Offset
4951.037764,29.758780,25,14,10
8133.372867,53.314035,25,14,10
6879.541117,57.359947,25,14,10
6784.032478,53.241938,25,14,10
6586.907020,48.097596,25,14,10
