Distance,Tx Power,Bandwidth,Subband BW,Subband Offset
5081.439156,49.182125,100,87,3
6149.581459,48.651367,100,87,3
898.679791,26.237695,100,87,3
1684.735426,28.383686,100,87,3
938.802564,20.375675,100,87,3
