Distance,Tx Power,Bandwidth,Subband BW,Subband Offset
4632.343164,50.677343,15,9,4
9433.374630,18.095151,15,9,4
240.209773,33.989423,15,9,4
9995.327679,34.185086,15,9,4
2813.009669,39.420136,15,9,4
