Distance,Tx Power,Bandwidth,Subband BW,Subband Offset
6912.909141,49.885442,25,15,8
5661.538386,49.990275,25,15,8
2080.217076,44.922367,25,15,8
2139.462821,38.289038,25,15,8
4084.460613,55.524057,25,15,8
