Distance,Tx Power,Bandwidth,Subband BW,Subband Offset
6294.208609,22.571241,25,6,6
824.971109,31.023920,25,6,6
3397.117299,41.261823,25,6,6
1572.052088,55.825107,25,6,6
9534.634740,28.591993,25,6,6
