Distance,Tx Power,Bandwidth,Subband BW,Subband Offset
2746.232847,25.123572,100,72,3
489.047778,38.265752,100,72,3
6433.564508,22.460501,100,72,3
6936.956313,31.076003,100,72,3
2217.822874,20.434413,100,72,3
