Distance,Tx Power,Bandwidth,Subband BW,Subband Offset
1593.898911,26.461273,15,13,2
1345.885929,38.337119,15,13,2
4978.955923,39.646690,15,13,2
8153.782011,40.641741,15,13,2
6109.553669,19.563902,15,13,2
