Distance,Tx Power,Bandwidth,Subband BW,Subband Offset
9770.265995,25.691982,50,7,38
7818.676056,24.406586,50,7,38
3602.514057,25.733134,50,7,38
567.748649,28.492048,50,7,38
7138.222494,25.346876,50,7,38
