Distance,Tx Power,Bandwidth,Subband BW,Subband Offset
1353.427145,57.111643,50,8,32
6013.272182,38.924973,50,8,32
2359.252122,37.982204,50,8,32
657.545892,25.129201,50,8,32
2861.435331,42.112100,50,8,32
