Distance,Tx Power,Bandwidth,Subband BW,Subband Offset
1350.095766,34.359222,50,8,2
8483.231121,41.591415,50,8,2
6231.633615,30.700982,50,8,2
8350.924701,43.083033,50,8,2
318.775886,34.922706,50,8,2
