Distance,Tx Power,Bandwidth,Subband BW,Subband Offset
9309.196524,46.524201,100,24,52
7838.019725,36.753337,100,24,52
4917.635013,23.121491,100,24,52
5897.247102,28.365444,100,24,52
5133.558466,39.129861,100,24,52
