Distance,Tx Power,Bandwidth,Subband BW,Subband Offset
4464.134514,52.776743,100,12,61
4529.916365,51.119777,100,12,61
5771.001790,50.634673,100,12,61
379.595797,39.206188,100,12,61
415.592089,16.440605,100,12,61
