Distance,Tx Power,Bandwidth,Subband BW,Subband Offset
7600.124751,59.276944,100,47,50
8648.869685,26.370568,100,47,50
1696.008337,50.116324,100,47,50
8343.706750,33.232830,100,47,50
6675.769282,20.530993,100,47,50
