Distance,Tx Power,Bandwidth,Subband BW,Subband Offset
1257.646954,52.227910,75,12,11
9630.379850,31.903794,75,12,11
872.137763,42.822734,75,12,11
3171.798267,52.902089,75,12,11
895.255354,39.404099,75,12,11
