Distance,Tx Power,Bandwidth,Subband BW,Subband Offset
6270.997870,48.214467,25,18,0
4231.647456,56.092695,25,18,0
6865.792887,26.792254,25,18,0
2921.415155,19.237769,25,18,0
6710.541424,33.564444,25,18,0
