Distance,Tx Power,Bandwidth,Subband BW,Subband Offset
1094.089623,42.507653,75,42,19
3218.870189,38.092348,75,42,19
8020.213798,51.353491,75,42,19
5701.430476,48.739795,75,42,19
3831.301025,52.311958,75,42,19
