Distance,Tx Power,Bandwidth,Subband BW,Subband Offset
4073.168476,30.630114,100,45,36
5840.198272,45.374766,100,45,36
3472.991544,24.387696,100,45,36
8313.169367,25.685260,100,45,36
5970.862051,20.250915,100,45,36
