Distance,Tx Power,Bandwidth,Subband BW,Subband Offset
1668.847153,25.389654,50,31,17
9658.973080,21.064048,50,31,17
9326.381858,31.960826,50,31,17
1166.546056,45.370362,50,31,17
6456.033940,44.003765,50,31,17
