Distance,Tx Power,Bandwidth,Subband BW,Subband Offset
2683.472749,30.223751,75,63,10
2327.862741,55.963431,75,63,10
8989.205568,19.740186,75,63,10
4693.281181,33.702715,75,63,10
7079.849089,50.179576,75,63,10
