Distance,Tx Power,Bandwidth,Subband BW,Subband Offset
3107.300472,19.499751,25,12,12
9931.778325,39.431203,25,12,12
8391.764092,43.449481,25,12,12
5387.101236,58.854977,25,12,12
8872.339881,47.619135,25,12,12
