Distance,Tx Power,Bandwidth,Subband BW,Subband Offset
3880.431872,40.842432,25,13,7
4978.641335,41.375704,25,13,7
3243.822395,50.487634,25,13,7
1280.669259,26.703831,25,13,7
1226.341803,27.779896,25,13,7
