Distance,Tx Power,Bandwidth,Subband BW,Subband Offset
2435.466673,54.238576,100,42,40
3178.162776,34.254527,100,42,40
7044.664204,21.670130,100,42,40
4146.956444,54.182831,100,42,40
4754.940498,39.091730,100,42,40
