Distance,Tx Power,Bandwidth,Subband BW,Subband Offset
8653.314445,36.715038,100,26,9
8887.192536,42.214139,100,26,9
3588.863133,19.471729,100,26,9
6952.567033,35.354718,100,26,9
2626.924249,31.946015,100,26,9
