Distance,Tx Power,Bandwidth,Subband BW,Subband Offset
4530.498864,38.065074,75,34,29
5961.734643,32.190648,75,34,29
4712.772840,24.829278,75,34,29
3629.229299,28.226379,75,34,29
5458.344420,34.026996,75,34,29
