Distance,Tx Power,Bandwidth,Subband BW,Subband Offset
102.387926,50.206183,100,85,6
9920.888761,16.820166,100,85,6
8781.174654,22.639681,100,85,6
7164.156523,41.929191,100,85,6
2535.256753,18.554795,100,85,6
