Distance,Tx Power,Bandwidth,Subband BW,Subband Offset
6099.288137,17.707172,75,19,18
574.601523,18.088645,75,19,18
3617.752405,32.198083,75,19,18
3393.190091,15.100161,75,19,18
2210.044038,32.597732,75,19,18
