Distance,Tx Power,Bandwidth,Subband BW,Subband Offset
1834.620806,19.479866,50,44,1
2458.049015,49.541585,50,44,1
2187.043363,55.888586,50,44,1
1931.765903,35.744976,50,44,1
9647.176407,23.955325,50,44,1
