Distance,Tx Power,Bandwidth,Subband BW,Subband Offset
2124.984134,46.706860,100,40,38
5360.785985,24.465685,100,40,38
2420.970303,27.313779,100,40,38
7326.951480,49.637902,100,40,38
4958.918988,20.854794,100,40,38
