Distance,Tx Power,Bandwidth,Subband BW,Subband Offset
9962.824403,40.099271,100,7,51
3095.928164,18.287667,100,7,51
2941.176227,29.330882,100,7,51
9692.872917,20.766021,100,7,51
7297.102348,44.209698,100,7,51
