Distance,Tx Power,Bandwidth,Subband BW,Subband Offset
9049.915406,49.891991,75,21,22
9608.933926,16.170317,75,21,22
9211.249146,30.133130,75,21,22
5774.483694,20.704739,75,21,22
661.552120,56.815115,75,21,22
