Distance,Tx Power,Bandwidth,Subband BW,Subband Offset
6605.275657,20.986796,25,8,1
2259.462950,48.227875,25,8,1
4268.722096,34.998123,25,8,1
6435.277895,36.037823,25,8,1
5668.372969,38.385667,25,8,1
