Distance,Tx Power,Bandwidth,Subband BW,Subband Offset
9670.447491,59.270420,15,6,3
267.211500,43.756539,15,6,3
461.374858,59.783515,15,6,3
7769.088257,49.128066,15,6,3
3851.198464,57.230959,15,6,3
