Distance,Tx Power,Bandwidth,Subband BW,Subband Offset
7665.032448,30.008265,25,21,0
3510.932137,24.261163,25,21,0
6869.373128,44.257247,25,21,0
5857.546682,56.681292,25,21,0
6113.882586,36.640059,25,21,0
