Distance,Tx Power,Bandwidth,Subband BW,Subband Offset
3526.771851,15.991493,75,59,13
4624.437773,52.916129,75,59,13
1913.254679,38.111371,75,59,13
1587.530526,52.009855,75,59,13
3806.906255,54.790149,75,59,13
