Distance,Tx Power,Bandwidth,Subband BW,Subband Offset
6485.807433,50.139333,75,9,64
8283.482328,21.146242,75,9,64
8383.001401,59.335416,75,9,64
8297.529036,53.915561,75,9,64
1137.212265,31.257195,75,9,64
