Distance,Tx Power,Bandwidth,Subband BW,Subband Offset
4778.099976,17.361240,25,6,0
3523.976783,56.041057,25,6,0
4084.964314,43.653703,25,6,0
358.879028,39.834595,25,6,0
7320.582701,49.131831,25,6,0
