Distance,Tx Power,Bandwidth,Subband BW,Subband Offset
830.577304,21.488629,15,6,0
1481.589791,44.435918,15,6,0
1029.939252,50.028476,15,6,0
2912.015831,19.826592,15,6,0
7242.488959,25.680128,15,6,0
