Distance,Tx Power,Bandwidth,Subband BW,Subband Offset
5129.144756,20.449347,15,9,3
2155.182717,32.509148,15,9,3
5410.420290,48.265173,15,9,3
4153.651123,35.277289,15,9,3
7826.070764,50.602155,15,9,3
