Distance,Tx Power,Bandwidth,Subband BW,Subband Offset
2246.815482,59.334900,75,28,15
7073.635219,30.901724,75,28,15
9259.823478,40.409359,75,28,15
2383.247091,41.391999,75,28,15
8543.522445,44.009185,75,28,15
