Distance,Tx Power,Bandwidth,Subband BW,Subband Offset
637.175122,35.046651,100,74,0
5546.937422,15.999629,100,74,0
6485.717898,21.920367,100,74,0
5017.933050,37.500550,100,74,0
4128.432760,47.363547,100,74,0
