Distance,Tx Power,Bandwidth,Subband BW,Subband Offset
3121.066454,29.420375,50,8,37
9804.659983,45.308298,50,8,37
894.421018,56.067497,50,8,37
1965.189666,54.197839,50,8,37
9432.595868,29.172567,50,8,37
