Distance,Tx Power,Bandwidth,Subband BW,Subband Offset
9750.885562,19.590092,75,47,13
5019.671295,32.888094,75,47,13
819.819443,20.812509,75,47,13
5188.761243,51.130631,75,47,13
9297.760749,31.631890,75,47,13
