Distance,Tx Power,Bandwidth,Subband BW,Subband Offset
1135.820556,51.683083,15,9,0
7819.519859,34.555016,15,9,0
9263.057590,49.590511,15,9,0
6741.789871,23.663245,15,9,0
7854.522007,28.140975,15,9,0
