Distance,Tx Power,Bandwidth,Subband BW,Subband Offset
5419.585325,26.897823,75,26,39
3192.326086,52.459714,75,26,39
8752.343331,17.215888,75,26,39
5208.737730,30.660605,75,26,39
9679.534537,24.554827,75,26,39
