Distance,Tx Power,Bandwidth,Subband BW,Subband Offset
4512.711706,54.341710,100,42,45
4989.405274,29.740358,100,42,45
227.247624,44.543812,100,42,45
4133.346445,56.298980,100,42,45
1219.176303,33.147871,100,42,45
