Distance,Tx Power,Bandwidth,Subband BW,Subband Offset
8663.972006,23.051036,50,6,12
8124.758369,27.012429,50,6,12
874.318999,41.114639,50,6,12
7553.465124,37.595040,50,6,12
3826.002165,19.094097,50,6,12
