Distance,Tx Power,Bandwidth,Subband BW,Subband Offset
9349.779423,29.066660,25,15,10
5081.117893,47.220733,25,15,10
3350.022196,33.397768,25,15,10
3774.626181,42.727645,25,15,10
4741.325826,15.988306,25,15,10
