Distance,Tx Power,Bandwidth,Subband BW,Subband Offset
6452.258622,22.579786,75,65,9
7624.908320,52.014429,75,65,9
1622.642518,15.215275,75,65,9
7118.558504,23.787459,75,65,9
7977.088436,31.156445,75,65,9
