Distance,Tx Power,Bandwidth,Subband BW,Subband Offset
3736.813353,37.349850,75,30,20
1090.594843,30.165922,75,30,20
634.210024,51.269146,75,30,20
9013.890929,27.840795,75,30,20
5672.722054,17.142851,75,30,20
