Distance,Tx Power,Bandwidth,Subband BW,Subband Offset
9349.547762,20.345076,25,7,13
7712.628039,29.839374,25,7,13
5983.540912,43.299238,25,7,13
6550.639722,57.739181,25,7,13
5338.476130,36.299414,25,7,13
