Distance,Tx Power,Bandwidth,Subband BW,Subband Offset
6127.944181,21.941412,75,57,4
2504.619691,24.959909,75,57,4
3961.987806,18.404519,75,57,4
9617.281980,58.128054,75,57,4
7786.375895,27.923717,75,57,4
