Distance,Tx Power,Bandwidth,Subband BW,Subband Offset
2140.731459,31.205847,75,31,0
6386.043456,24.074669,75,31,0
4748.433264,40.047186,75,31,0
5216.286441,51.384691,75,31,0
6109.544909,57.726018,75,31,0
