Distance,Tx Power,Bandwidth,Subband BW,Subband Offset
2725.722665,28.021943,100,27,51
1891.002049,31.714688,100,27,51
7070.651951,44.995925,100,27,51
8638.011812,38.957125,100,27,51
9347.537272,42.147574,100,27,51
