Distance,Tx Power,Bandwidth,Subband BW,Subband Offset
625.923342,55.170469,50,16,21
2287.428852,43.437815,50,16,21
6909.204100,36.522630,50,16,21
755.036977,59.107083,50,16,21
5288.013170,31.397102,50,16,21
