Distance,Tx Power,Bandwidth,Subband BW,Subband Offset
6196.753568,25.738326,15,9,6
370.186364,17.565118,15,9,6
5132.277829,36.070366,15,9,6
3484.823546,55.636444,15,9,6
9333.438803,53.451316,15,9,6
