Distance,Tx Power,Bandwidth,Subband BW,Subband Offset
8762.937744,57.106501,100,21,9
9926.164435,58.315155,100,21,9
7242.344786,17.565964,100,21,9
3779.274634,24.976381,100,21,9
4947.041174,40.844488,100,21,9
