Distance,Tx Power,Bandwidth,Subband BW,Subband Offset
8583.934959,24.347796,25,15,7
8864.560547,37.431566,25,15,7
9333.082656,52.145545,25,15,7
3857.963730,49.432660,25,15,7
6782.723094,28.985768,25,15,7
