Distance,Tx Power,Bandwidth,Subband BW,Subband Offset
4320.326065,37.548014,25,13,4
498.444799,21.661854,25,13,4
7653.835383,52.618770,25,13,4
799.157379,55.993829,25,13,4
3060.721236,54.747526,25,13,4
