Distance,Tx Power,Bandwidth,Subband BW,Subband Offset
8567.549470,24.693185,50,20,2
4938.538038,53.051813,50,20,2
1997.494409,39.913557,50,20,2
142.303519,34.699676,50,20,2
7792.514857,49.256438,50,20,2
