Distance,Tx Power,Bandwidth,Subband BW,Subband Offset
5801.637330,23.829036,75,12,45
3758.617784,59.777786,75,12,45
8535.968285,18.160114,75,12,45
7152.185332,20.460791,75,12,45
9494.754890,55.659318,75,12,45
