Distance,Tx Power,Bandwidth,Subband BW,Subband Offset
2286.941330,23.701309,75,24,12
3318.083499,26.438471,75,24,12
9829.756924,25.556423,75,24,12
2510.673093,41.888975,75,24,12
3887.863003,42.315170,75,24,12
