Distance,Tx Power,Bandwidth,Subband BW,Subband Offset
6032.796939,21.477820,25,6,11
6381.844680,25.283675,25,6,11
8908.680008,40.188555,25,6,11
178.831741,42.157151,25,6,11
4740.652495,25.886683,25,6,11
