Distance,Tx Power,Bandwidth,Subband BW,Subband Offset
7313.944385,48.405214,75,7,62
272.911370,34.414622,75,7,62
7518.189930,28.552357,75,7,62
4880.268226,42.937111,75,7,62
1020.539730,37.690099,75,7,62
