Distance,Tx Power,Bandwidth,Subband BW,Subband Offset
2818.812985,57.643966,50,39,10
4161.844386,49.796786,50,39,10
7306.642612,29.155234,50,39,10
281.748434,32.429098,50,39,10
1785.433156,42.907888,50,39,10
