Distance,Tx Power,Bandwidth,Subband BW,Subband Offset
4521.139715,32.509314,100,52,38
6296.133062,47.230221,100,52,38
9770.795699,49.448038,100,52,38
7133.327489,24.379197,100,52,38
4646.690729,54.423440,100,52,38
