Distance,Tx Power,Bandwidth,Subband BW,Subband Offset
6397.510635,42.015072,100,12,77
8836.460330,39.710403,100,12,77
7193.945434,58.642403,100,12,77
7294.034542,32.258447,100,12,77
1892.111168,19.918538,100,12,77
