Distance,Tx Power,Bandwidth,Subband BW,Subband Offset
4868.994045,27.913189,15,11,1
5130.003776,24.906758,15,11,1
8268.427785,21.338581,15,11,1
8842.106249,20.177393,15,11,1
2072.416508,40.633346,15,11,1
