Distance,Tx Power,Bandwidth,Subband BW,Subband Offset
2746.938124,37.744610,25,9,11
7272.393841,41.881410,25,9,11
4494.688704,17.780709,25,9,11
7871.908357,36.925998,25,9,11
7547.239003,49.617055,25,9,11
