Distance,Tx Power,Bandwidth,Subband BW,Subband Offset
2336.649609,47.940063,25,23,0
1945.713275,26.840706,25,23,0
6376.218890,38.821372,25,23,0
8041.896405,49.373620,25,23,0
3956.757810,58.549374,25,23,0
