Distance,Tx Power,Bandwidth,Subband BW,Subband Offset
3199.545867,49.538271,75,13,21
8464.321942,34.550106,75,13,21
5979.487760,24.893970,75,13,21
4372.356794,41.409864,75,13,21
5457.412727,24.832398,75,13,21
