Distance,Tx Power,Bandwidth,Subband BW,Subband Offset
2913.897792,49.401762,75,14,55
9862.197352,36.389096,75,14,55
8111.731418,37.318904,75,14,55
7544.200847,27.581026,75,14,55
5542.790710,17.409660,75,14,55
