Distance,Tx Power,Bandwidth,Subband BW,Subband Offset
6372.271458,38.963521,75,21,53
8401.280443,18.455737,75,21,53
4754.648053,45.721680,75,21,53
4858.912730,56.445284,75,21,53
2485.999833,17.781924,75,21,53
