Distance,Tx Power,Bandwidth,Subband BW,Subband Offset
8815.672467,35.603156,25,21,2
4251.530141,22.440745,25,21,2
2840.297500,17.454949,25,21,2
4005.181683,27.428292,25,21,2
8836.855716,15.224407,25,21,2
