Distance,Tx Power,Bandwidth,Subband BW,Subband Offset
9040.011622,45.078060,25,12,2
940.540618,46.021098,25,12,2
7159.779964,47.053577,25,12,2
3961.276444,32.184424,25,12,2
447.440491,54.616295,25,12,2
