Distance,Tx Power,Bandwidth,Subband BW,Subband Offset
928.587800,46.660702,50,28,15
8141.128944,52.591302,50,28,15
7814.154255,24.296332,50,28,15
9979.655911,38.790446,50,28,15
4886.467347,43.638390,50,28,15
