Distance,Tx Power,Bandwidth,Subband BW,Subband Offset
6907.911693,25.400933,75,38,10
6805.731718,42.084390,75,38,10
2459.909932,44.669495,75,38,10
6182.215877,15.589492,75,38,10
118.126959,38.390885,75,38,10
