Distance,Tx Power,Bandwidth,Subband BW,Subband Offset
7367.456100,31.244951,100,30,5
2436.933512,23.188447,100,30,5
6006.369805,46.570107,100,30,5
543.795521,36.469609,100,30,5
8604.547363,17.787446,100,30,5
