Distance,Tx Power,Bandwidth,Subband BW,Subband Offset
4312.063047,27.561552,100,68,22
8986.780585,48.475900,100,68,22
3428.195715,59.566387,100,68,22
153.110320,35.174084,100,68,22
8620.071589,19.084622,100,68,22
