Distance,Tx Power,Bandwidth,Subband BW,Subband Offset
5266.163413,32.190444,75,39,33
6413.262163,52.644917,75,39,33
2194.948642,41.928435,75,39,33
4940.964515,40.527207,75,39,33
198.448838,16.767011,75,39,33
