Distance,Tx Power,Bandwidth,Subband BW,Subband Offset
2220.779843,44.842680,100,6,7
5122.808934,26.023500,100,6,7
5949.320271,18.933688,100,6,7
3624.034841,47.420372,100,6,7
8433.135554,53.549527,100,6,7
