Distance,Tx Power,Bandwidth,Subband BW,Subband Offset
4613.745554,54.671951,25,8,5
4538.522422,38.028975,25,8,5
3364.239828,39.035031,25,8,5
6918.561051,59.600745,25,8,5
382.502192,37.055767,25,8,5
