Distance,Tx Power,Bandwidth,Subband BW,Subband Offset
1921.724507,15.616266,50,7,16
258.261625,40.998844,50,7,16
3729.472300,48.652568,50,7,16
1752.496271,19.226020,50,7,16
9994.638586,57.953053,50,7,16
