Distance,Tx Power,Bandwidth,Subband BW,Subband Offset
8298.671491,58.315164,100,20,56
1128.912844,24.056172,100,20,56
5944.562162,49.120685,100,20,56
5414.443328,19.269619,100,20,56
8811.355042,44.884509,100,20,56
