Distance,Tx Power,Bandwidth,Subband BW,Subband Offset
3443.289718,43.175729,25,8,10
9843.793769,20.808105,25,8,10
5972.418842,22.673818,25,8,10
5457.546324,42.198762,25,8,10
1189.066767,27.788580,25,8,10
