Distance,Tx Power,Bandwidth,Subband BW,Subband Offset
414.080145,50.086178,25,11,13
1518.910257,35.378624,25,11,13
257.156561,20.109665,25,11,13
6348.591950,51.519023,25,11,13
6903.929465,16.981009,25,11,13
