Distance,Tx Power,Bandwidth,Subband BW,Subband Offset
8246.261549,19.206001,100,19,56
2244.135922,16.713639,100,19,56
4384.289705,29.367177,100,19,56
7327.164675,46.043770,100,19,56
4472.014391,32.700500,100,19,56
