Distance,Tx Power,Bandwidth,Subband BW,Subband Offset
460.908673,22.150541,75,54,8
3149.427572,45.740842,75,54,8
1416.536821,33.295291,75,54,8
4291.005865,58.311245,75,54,8
8666.458348,39.150216,75,54,8
