Distance,Tx Power,Bandwidth,Subband BW,Subband Offset
6486.890591,15.421030,25,13,0
7554.217725,30.033253,25,13,0
4399.684040,24.468306,25,13,0
1771.596466,53.961774,25,13,0
4576.335283,21.290948,25,13,0
