Distance,Tx Power,Bandwidth,Subband BW,Subband Offset
6241.230222,51.254225,15,15,0
6341.983253,30.530077,15,15,0
1199.361412,59.223442,15,15,0
2456.221601,30.199992,15,15,0
8279.874251,31.442146,15,15,0
