Distance,Tx Power,Bandwidth,Subband BW,Subband Offset
2481.243223,32.986484,25,21,0
5300.532985,51.929759,25,21,0
6930.813963,29.451524,25,21,0
8878.588961,41.185992,25,21,0
5131.275456,40.418122,25,21,0
