Distance,Tx Power,Bandwidth,Subband BW,Subband Offset
3315.559484,53.923082,100,55,42
8647.076535,17.657891,100,55,42
2882.076763,21.173765,100,55,42
2557.022482,53.012718,100,55,42
7614.097741,38.055476,100,55,42
