Distance,Tx Power,Bandwidth,Subband BW,Subband Offset
6112.417779,46.849409,15,12,2
8246.480422,42.998820,15,12,2
5837.195835,47.736074,15,12,2
7945.453718,23.230110,15,12,2
7904.969392,15.976312,15,12,2
