Distance,Tx Power,Bandwidth,Subband BW,Subband Offset
6954.470085,33.827657,50,11,21
5562.062882,20.496242,50,11,21
1766.445206,55.648288,50,11,21
7529.511558,31.313335,50,11,21
2917.483439,56.353736,50,11,21
