Distance,Tx Power,Bandwidth,Subband BW,Subband Offset
7046.757891,43.022824,50,21,15
3714.714226,32.848888,50,21,15
9640.831480,51.454149,50,21,15
5762.433574,44.374942,50,21,15
4181.658825,56.631651,50,21,15
