Distance,Tx Power,Bandwidth,Subband BW,Subband Offset
8879.650440,38.508682,50,20,7
253.945664,37.916002,50,20,7
3587.097199,34.212731,50,20,7
2961.246934,22.587539,50,20,7
2300.620392,22.986369,50,20,7
