Distance,Tx Power,Bandwidth,Subband BW,Subband Offset
9060.712502,27.484771,15,15,0
8119.733708,26.483852,15,15,0
6193.855319,35.750406,15,15,0
2438.786336,16.625647,15,15,0
3696.001261,38.702959,15,15,0
