Distance,Tx Power,Bandwidth,Subband BW,Subband Offset
6534.481599,29.226119,100,34,0
6002.735601,46.945443,100,34,0
9498.274896,44.000535,100,34,0
1002.186113,56.069818,100,34,0
7095.004166,40.103092,100,34,0
