Distance,Tx Power,Bandwidth,Subband BW,Subband Offset
370.302271,32.012578,25,7,2
9097.548403,35.224903,25,7,2
1711.103007,20.445901,25,7,2
1624.822150,59.038924,25,7,2
1476.213129,52.392804,25,7,2
