Distance,Tx Power,Bandwidth,Subband BW,Subband Offset
5724.853570,53.018646,75,39,25
6975.027368,43.256269,75,39,25
615.150726,20.469395,75,39,25
3509.234339,36.365694,75,39,25
2463.911488,25.784841,75,39,25
