Distance,Tx Power,Bandwidth,Subband BW,Subband Offset
8743.102181,32.619658,75,49,22
6299.086813,52.766588,75,49,22
5312.357567,57.670839,75,49,22
4075.473446,56.575401,75,49,22
8514.699738,59.797340,75,49,22
