Distance,Tx Power,Bandwidth,Subband BW,Subband Offset
909.477670,57.861255,75,42,20
7149.686384,38.242726,75,42,20
1479.729058,56.676955,75,42,20
8815.732714,29.966589,75,42,20
477.479795,25.101130,75,42,20
