Distance,Tx Power,Bandwidth,Subband BW,Subband Offset
1942.909302,19.100319,75,63,0
9825.948985,26.452843,75,63,0
8411.062995,18.648075,75,63,0
1487.017439,19.607425,75,63,0
6080.422105,50.942430,75,63,0
