Distance,Tx Power,Bandwidth,Subband BW,Subband Offset
1623.087092,34.546410,75,12,35
139.201549,45.993490,75,12,35
2995.001995,41.215732,75,12,35
8577.019200,43.036946,75,12,35
7960.636624,41.015922,75,12,35
