Distance,Tx Power,Bandwidth,Subband BW,Subband Offset
6000.584010,44.128148,75,21,42
456.373828,49.071286,75,21,42
7376.410878,18.834434,75,21,42
842.260950,19.523450,75,21,42
6579.588614,43.928318,75,21,42
