Distance,Tx Power,Bandwidth,Subband BW,Subband Offset
9735.106086,30.290021,100,8,53
3841.873846,54.661158,100,8,53
7942.436983,20.862604,100,8,53
7363.041587,56.701373,100,8,53
5140.924539,27.980927,100,8,53
