Distance,Tx Power,Bandwidth,Subband BW,Subband Offset
8742.547079,45.657335,75,19,10
8924.730834,50.304875,75,19,10
420.004232,44.743495,75,19,10
2149.484405,22.531315,75,19,10
5333.705378,36.295326,75,19,10
