Distance,Tx Power,Bandwidth,Subband BW,Subband Offset
5824.352954,43.911655,100,60,16
2164.133393,54.778796,100,60,16
3113.835217,30.965830,100,60,16
9430.184823,45.964260,100,60,16
2952.263394,21.983302,100,60,16
