Distance,Tx Power,Bandwidth,Subband BW,Subband Offset
6388.807605,54.175071,75,54,18
3670.984280,57.287177,75,54,18
1054.065560,15.057587,75,54,18
1767.659769,57.750796,75,54,18
8801.605462,34.828356,75,54,18
