Distance,Tx Power,Bandwidth,Subband BW,Subband Offset
2257.777354,45.007856,15,9,0
4026.131412,17.317829,15,9,0
6635.932724,17.287349,15,9,0
1915.195274,19.705520,15,9,0
8259.282697,15.826654,15,9,0
