Distance,Tx Power,Bandwidth,Subband BW,Subband Offset
8420.679260,49.340378,100,64,2
995.871138,35.383707,100,64,2
8858.549757,15.276482,100,64,2
8697.142756,16.050139,100,64,2
5985.464168,33.607022,100,64,2
