Distance,Tx Power,Bandwidth,Subband BW,Subband Offset
9731.295197,17.804056,15,9,5
3847.968922,30.264841,15,9,5
7236.720493,46.818992,15,9,5
3579.143982,18.572373,15,9,5
902.017861,39.086592,15,9,5
