Distance,Tx Power,Bandwidth,Subband BW,Subband Offset
1161.264234,51.151152,75,45,26
2360.795677,26.097750,75,45,26
351.714267,34.894283,75,45,26
8665.567133,47.511156,75,45,26
2338.149142,15.199448,75,45,26
