Distance,Tx Power,Bandwidth,Subband BW,Subband Offset
5074.524243,51.703147,75,46,24
8772.357929,22.231572,75,46,24
3858.503721,54.776451,75,46,24
6532.272770,35.157680,75,46,24
5573.583936,47.782117,75,46,24
