Distance,Tx Power,Bandwidth,Subband BW,Subband Offset
1299.145056,52.950782,75,21,29
2323.505685,44.507034,75,21,29
1683.027579,17.412230,75,21,29
3832.311948,28.060524,75,21,29
4895.262497,53.017218,75,21,29
