Distance,Tx Power,Bandwidth,Subband BW,Subband Offset
5027.846047,51.857144,75,33,4
7185.118395,28.153353,75,33,4
8327.299692,40.444471,75,33,4
4876.751005,59.120116,75,33,4
994.114414,58.302804,75,33,4
