Distance,Tx Power,Bandwidth,Subband BW,Subband Offset
6467.926763,21.398455,100,33,48
1740.603206,54.528716,100,33,48
9527.585118,28.313625,100,33,48
8975.958722,21.101936,100,33,48
4988.925088,16.461530,100,33,48
