Distance,Tx Power,Bandwidth,Subband BW,Subband Offset
3828.732346,57.607975,100,74,14
3758.040053,21.884995,100,74,14
3842.548091,58.478315,100,74,14
9097.839546,58.944686,100,74,14
5543.733188,19.808088,100,74,14
