Distance,Tx Power,Bandwidth,Subband BW,Subband Offset
2843.192316,37.636798,75,33,25
2654.454625,58.719323,75,33,25
2309.495604,54.994865,75,33,25
5515.644141,17.428567,75,33,25
7051.275224,59.625361,75,33,25
