Distance,Tx Power,Bandwidth,Subband BW,Subband Offset
7960.863441,47.562798,50,32,4
2324.430072,23.165533,50,32,4
3286.467854,17.153533,50,32,4
2428.676113,41.944682,50,32,4
2043.456606,29.602200,50,32,4
