Distance,Tx Power,Bandwidth,Subband BW,Subband Offset
8579.718585,21.544228,100,36,22
6473.622666,21.332939,100,36,22
4100.139560,36.933128,100,36,22
2398.782525,46.749110,100,36,22
1132.542325,28.176832,100,36,22
