Distance,Tx Power,Bandwidth,Subband BW,Subband Offset
286.706285,43.830339,15,6,7
7471.029427,18.152763,15,6,7
5116.828830,25.684107,15,6,7
1186.812989,21.126257,15,6,7
6684.737166,49.804152,15,6,7
