Distance,Tx Power,Bandwidth,Subband BW,Subband Offset
3604.453465,34.674537,100,48,23
4208.682645,33.694229,100,48,23
7019.756588,36.594921,100,48,23
5710.161749,41.958062,100,48,23
3977.160332,36.950091,100,48,23
