Distance,Tx Power,Bandwidth,Subband BW,Subband Offset
5944.678804,53.606152,75,19,53
4211.792823,58.074742,75,19,53
1779.834262,16.255448,75,19,53
2607.947598,24.500812,75,19,53
9088.978797,39.212518,75,19,53
