Distance,Tx Power,Bandwidth,Subband BW,Subband Offset
8425.191193,56.476597,50,13,15
5007.858282,42.375310,50,13,15
4575.610166,52.703640,50,13,15
1033.250267,25.673814,50,13,15
9788.988824,45.353319,50,13,15
