Distance,Tx Power,Bandwidth,Subband BW,Subband Offset
7264.883019,50.219755,25,7,12
573.209677,18.639328,25,7,12
6211.623713,36.386165,25,7,12
5309.835197,20.302887,25,7,12
8580.956627,34.793781,25,7,12
