Distance,Tx Power,Bandwidth,Subband BW,Subband Offset
7799.497884,39.581665,15,10,1
9026.612399,36.162984,15,10,1
9925.229133,26.597735,15,10,1
9981.920829,23.237698,15,10,1
8625.634714,24.759432,15,10,1
