Distance,Tx Power,Bandwidth,Subband BW,Subband Offset
3257.412747,25.052085,50,38,7
4546.542879,21.417004,50,38,7
4534.900589,59.438689,50,38,7
4985.049382,38.933287,50,38,7
8833.856696,43.133224,50,38,7
