Distance,Tx Power,Bandwidth,Subband BW,Subband Offset
8625.075904,24.255177,25,8,5
915.598256,56.207682,25,8,5
7522.572949,15.942900,25,8,5
2960.745218,52.968772,25,8,5
4786.609175,32.471902,25,8,5
