Distance,Tx Power,Bandwidth,Subband BW,Subband Offset
6390.930171,24.343638,100,66,27
9749.652675,18.747012,100,66,27
4644.835421,15.831894,100,66,27
6502.768029,37.274021,100,66,27
4217.080911,15.891984,100,66,27
