Distance,Tx Power,Bandwidth,Subband BW,Subband Offset
2608.219011,51.915973,75,42,25
4729.041045,35.372840,75,42,25
681.231195,36.772609,75,42,25
9903.146263,47.878158,75,42,25
6930.343972,25.313383,75,42,25
