Distance,Tx Power,Bandwidth,Subband BW,Subband Offset
1687.762495,28.841790,100,46,3
8113.273470,25.923748,100,46,3
6992.005593,28.729194,100,46,3
2919.150216,42.258651,100,46,3
3576.336309,54.201840,100,46,3
