Distance,Tx Power,Bandwidth,Subband BW,Subband Offset
6745.590953,16.624833,75,51,24
1085.096227,59.399884,75,51,24
6738.533465,39.965276,75,51,24
5580.789816,19.582424,75,51,24
7316.569334,43.099251,75,51,24
