Distance,Tx Power,Bandwidth,Subband BW,Subband Offset
4100.678145,51.244371,75,46,29
7230.659376,19.831890,75,46,29
5148.035660,29.560078,75,46,29
6352.462264,50.172840,75,46,29
8845.283598,32.323248,75,46,29
