Distance,Tx Power,Bandwidth,Subband BW,Subband Offset
4736.091016,55.375533,75,31,16
9768.491173,58.880373,75,31,16
747.017807,47.336708,75,31,16
1450.183348,54.489797,75,31,16
9852.147460,18.711692,75,31,16
