Distance,Tx Power,Bandwidth,Subband BW,Subband Offset
7732.103579,38.808492,100,52,31
9091.187926,24.801690,100,52,31
9666.176770,24.783747,100,52,31
7250.136622,17.118119,100,52,31
7486.124215,51.014106,100,52,31
