Distance,Tx Power,Bandwidth,Subband BW,Subband Offset
3305.966693,16.194810,25,11,4
4187.105103,55.792896,25,11,4
6373.027372,58.059429,25,11,4
4521.704405,50.853092,25,11,4
3876.580176,26.497480,25,11,4
