Distance,Tx Power,Bandwidth,Subband BW,Subband Offset
502.857646,36.129664,75,46,23
9002.760865,39.805582,75,46,23
6491.576241,59.016994,75,46,23
7720.251837,21.064578,75,46,23
5265.640350,43.891120,75,46,23
