Distance,Tx Power,Bandwidth,Subband BW,Subband Offset
9308.302667,54.401545,15,11,4
1176.329192,41.956657,15,11,4
7394.599818,20.484228,15,11,4
8971.477130,19.493461,15,11,4
5984.734701,49.806685,15,11,4
