Distance,Tx Power,Bandwidth,Subband BW,Subband Offset
9858.060551,39.177138,75,20,2
2279.098243,36.395072,75,20,2
3418.491558,59.774239,75,20,2
4440.238621,25.052243,75,20,2
935.525724,52.140865,75,20,2
