Distance,Tx Power,Bandwidth,Subband BW,Subband Offset
4060.979646,17.169976,50,14,3
9405.344966,35.813913,50,14,3
1074.895463,23.388098,50,14,3
9129.713714,28.079402,50,14,3
8541.815689,59.161615,50,14,3
