Distance,Tx Power,Bandwidth,Subband BW,Subband Offset
4959.787400,36.238408,15,7,4
6724.233556,57.034153,15,7,4
2887.819169,48.841404,15,7,4
6265.208049,56.741589,15,7,4
4783.096777,45.140799,15,7,4
