Distance,Tx Power,Bandwidth,Subband BW,Subband Offset
6326.202919,45.542360,15,9,6
6921.174530,43.400858,15,9,6
3825.981279,45.667270,15,9,6
4544.147606,49.880912,15,9,6
135.502142,17.332471,15,9,6
