Distance,Tx Power,Bandwidth,Subband BW,Subband Offset
1493.214271,19.698574,100,13,47
4527.953657,27.271909,100,13,47
2143.701417,47.577059,100,13,47
6727.908714,52.916126,100,13,47
3812.240282,23.614533,100,13,47
