Distance,Tx Power,Bandwidth,Subband BW,Subband Offset
7184.836515,29.010400,100,47,7
4528.565885,41.548938,100,47,7
7307.864006,42.418068,100,47,7
792.350135,59.049241,100,47,7
5839.699289,25.933612,100,47,7
