Distance,Tx Power,Bandwidth,Subband BW,Subband Offset
7524.904959,35.255611,25,16,7
5903.377974,46.110123,25,16,7
6209.515512,50.823918,25,16,7
4081.469428,25.301415,25,16,7
6836.830515,34.757102,25,16,7
