Distance,Tx Power,Bandwidth,Subband BW,Subband Offset
9131.042948,20.402181,25,18,2
1477.390515,16.143905,25,18,2
6650.719745,26.670944,25,18,2
7662.590808,54.296880,25,18,2
7273.153920,54.108647,25,18,2
