Distance,Tx Power,Bandwidth,Subband BW,Subband Offset
5975.044677,27.989008,50,10,16
7277.221895,49.475571,50,10,16
2886.082646,33.529951,50,10,16
5003.914588,24.607654,50,10,16
3944.172281,22.236047,50,10,16
