Distance,Tx Power,Bandwidth,Subband BW,Subband Offset
2412.002678,40.251908,25,6,8
6853.979867,51.147722,25,6,8
2454.815204,26.451680,25,6,8
2355.518314,41.198865,25,6,8
6065.505760,46.138840,25,6,8
