Distance,Tx Power,Bandwidth,Subband BW,Subband Offset
9339.690364,57.353302,25,6,2
1977.526580,58.166197,25,6,2
3327.636045,31.899544,25,6,2
2430.641398,27.606188,25,6,2
2823.595598,53.984763,25,6,2
