Distance,Tx Power,Bandwidth,Subband BW,Subband Offset
4397.193913,50.905784,100,25,59
3204.789925,21.773401,100,25,59
6400.072464,40.825648,100,25,59
4175.945528,46.821345,100,25,59
7681.235003,53.191349,100,25,59
