Distance,Tx Power,Bandwidth,Subband BW,Subband Offset
1931.554458,35.147916,50,7,2
7264.671525,22.554808,50,7,2
2227.722799,46.410970,50,7,2
828.704056,43.867246,50,7,2
2724.835632,32.984386,50,7,2
