Distance,Tx Power,Bandwidth,Subband BW,Subband Offset
5916.960152,25.677063,25,6,12
5460.166225,54.195099,25,6,12
1481.148353,49.522598,25,6,12
9429.607650,30.856045,25,6,12
5031.016615,40.436588,25,6,12
