Distance,Tx Power,Bandwidth,Subband BW,Subband Offset
6873.840935,45.526039,100,15,49
9489.186831,30.941512,100,15,49
102.198068,17.782960,100,15,49
5328.108772,42.221267,100,15,49
1066.802042,46.041524,100,15,49
