Distance,Tx Power,Bandwidth,Subband BW,Subband Offset
5939.000673,51.595497,100,51,25
3939.125103,47.633589,100,51,25
197.561920,33.884738,100,51,25
9405.936452,15.189959,100,51,25
8338.075203,15.311630,100,51,25
