Distance,Tx Power,Bandwidth,Subband BW,Subband Offset
3721.763213,48.843297,50,10,2
7341.056684,16.130917,50,10,2
7858.185571,29.774200,50,10,2
3115.907382,59.690576,50,10,2
6659.450939,36.163477,50,10,2
