Distance,Tx Power,Bandwidth,Subband BW,Subband Offset
6644.403914,30.443776,50,38,6
2086.918648,50.786294,50,38,6
1196.817305,46.372593,50,38,6
3141.839971,38.095291,50,38,6
8145.228595,26.944480,50,38,6
