Distance,Tx Power,Bandwidth,Subband BW,Subband Offset
5429.937806,55.718567,75,18,42
9794.747510,28.629652,75,18,42
579.508958,57.728729,75,18,42
9599.213823,23.969294,75,18,42
6702.502259,17.434230,75,18,42
