Distance,Tx Power,Bandwidth,Subband BW,Subband Offset
3865.611662,26.752143,75,59,13
7038.923368,44.293563,75,59,13
1623.395855,15.590012,75,59,13
9160.935954,24.842726,75,59,13
3211.726410,49.292407,75,59,13
