Distance,Tx Power,Bandwidth,Subband BW,Subband Offset
152.508540,46.801034,100,38,39
1989.263073,34.078824,100,38,39
2161.467899,36.288139,100,38,39
4638.391417,55.622416,100,38,39
1104.692735,31.926947,100,38,39
