Distance,Tx Power,Bandwidth,Subband BW,Subband Offset
2544.172791,54.696400,25,10,4
4046.998718,43.131461,25,10,4
5917.575740,44.223189,25,10,4
6081.639519,17.151061,25,10,4
4887.102331,20.374086,25,10,4
