Distance,Tx Power,Bandwidth,Subband BW,Subband Offset
8491.529595,35.801234,75,28,27
4939.878133,55.232244,75,28,27
6686.880338,36.914437,75,28,27
5052.113494,34.641997,75,28,27
9566.687064,35.577237,75,28,27
