Distance,Tx Power,Bandwidth,Subband BW,Subband Offset
1268.772744,53.637681,25,17,2
2829.394122,50.773387,25,17,2
5265.001050,31.679896,25,17,2
8998.883329,40.298667,25,17,2
7492.273139,42.627053,25,17,2
