Distance,Tx Power,Bandwidth,Subband BW,Subband Offset
8284.391410,45.681344,25,8,7
7844.347081,59.240925,25,8,7
1583.025367,55.472604,25,8,7
3952.023788,27.548807,25,8,7
9228.680082,42.471073,25,8,7
