Distance,Tx Power,Bandwidth,Subband BW,Subband Offset
4767.716621,30.008607,100,47,28
3188.334282,58.184062,100,47,28
9727.023448,53.197222,100,47,28
6422.436013,21.285508,100,47,28
975.450393,27.856162,100,47,28
