Distance,Tx Power,Bandwidth,Subband BW,Subband Offset
2621.009433,44.708257,50,44,4
6655.055845,59.333054,50,44,4
8882.283029,36.105579,50,44,4
6511.390173,24.277671,50,44,4
8934.667246,31.308078,50,44,4
