Distance,Tx Power,Bandwidth,Subband BW,Subband Offset
6509.035652,54.599634,100,30,65
3941.302113,27.438987,100,30,65
4256.751175,45.856128,100,30,65
1154.486373,48.019504,100,30,65
5517.674197,16.432335,100,30,65
