Distance,Tx Power,Bandwidth,Subband BW,Subband Offset
8162.939105,19.137978,50,14,10
2944.312192,35.317418,50,14,10
297.306115,56.887581,50,14,10
1093.602069,44.577681,50,14,10
9174.711072,35.352197,50,14,10
