Distance,Tx Power,Bandwidth,Subband BW,Subband Offset
871.656478,26.754059,75,37,9
7936.000952,51.809489,75,37,9
8750.988245,44.784018,75,37,9
6623.107014,24.344572,75,37,9
1797.372971,57.409237,75,37,9
