Distance,Tx Power,Bandwidth,Subband BW,Subband Offset
5439.087374,36.820595,100,9,52
5123.915288,44.858140,100,9,52
694.938108,47.277403,100,9,52
5639.869129,55.132772,100,9,52
6522.914623,40.970969,100,9,52
