Distance,Tx Power,Bandwidth,Subband BW,Subband Offset
5012.182231,53.463113,15,7,1
1159.996639,51.739053,15,7,1
1348.312205,48.858051,15,7,1
343.185764,36.084007,15,7,1
6269.448221,24.095941,15,7,1
