Distance,Tx Power,Bandwidth,Subband BW,Subband Offset
8899.094794,38.297987,50,6,18
3999.394183,33.410982,50,6,18
5768.170522,25.519019,50,6,18
1185.773737,57.009609,50,6,18
9196.161913,33.046423,50,6,18
