Distance,Tx Power,Bandwidth,Subband BW,Subband Offset
8823.222486,55.335934,75,34,13
9647.070627,38.664641,75,34,13
8835.811618,49.946221,75,34,13
7761.523882,16.546254,75,34,13
1326.094936,51.627466,75,34,13
