Distance,Tx Power,Bandwidth,Subband BW,Subband Offset
6781.285030,37.876030,25,22,0
517.575572,43.901639,25,22,0
5166.119173,26.615369,25,22,0
4625.997353,51.289173,25,22,0
1076.998296,31.913403,25,22,0
