Distance,Tx Power,Bandwidth,Subband BW,Subband Offset
6217.406032,56.193513,15,15,0
8006.305479,44.358071,15,15,0
8183.867534,54.735559,15,15,0
2305.434341,32.481732,15,15,0
6159.972656,59.664701,15,15,0
