Distance,Tx Power,Bandwidth,Subband BW,Subband Offset
5896.095212,20.928454,50,14,15
4657.905925,36.214794,50,14,15
7232.714943,30.064972,50,14,15
791.159271,28.051934,50,14,15
4654.612063,53.569382,50,14,15
