Distance,Tx Power,Bandwidth,Subband BW,Subband Offset
4040.532543,28.276485,75,29,7
9076.830534,40.954158,75,29,7
8648.505373,36.449776,75,29,7
4886.652710,18.207500,75,29,7
9321.741237,46.869287,75,29,7
