Distance,Tx Power,Bandwidth,Subband BW,Subband Offset
5492.914436,19.528610,50,13,5
6695.785102,58.665903,50,13,5
8922.338561,53.588173,50,13,5
1584.354707,50.215820,50,13,5
8597.518693,44.454395,50,13,5
