Distance,Tx Power,Bandwidth,Subband BW,Subband Offset
6134.604797,19.374167,75,54,21
6619.741253,39.725122,75,54,21
7257.868352,18.045749,75,54,21
7581.870680,30.334198,75,54,21
4233.437401,40.722753,75,54,21
