Distance,Tx Power,Bandwidth,Subband BW,Subband Offset
3045.778240,36.171560,25,12,12
9504.971427,24.635287,25,12,12
657.561126,38.964230,25,12,12
5515.772925,50.570242,25,12,12
3775.456646,16.032863,25,12,12
