Distance,Tx Power,Bandwidth,Subband BW,Subband Offset
777.944236,29.268829,100,49,1
4032.339828,47.035189,100,49,1
650.907007,40.614620,100,49,1
8422.838070,16.606774,100,49,1
5392.904278,19.020116,100,49,1
