Distance,Tx Power,Bandwidth,Subband BW,Subband Offset
8200.377893,34.072535,100,13,76
9951.417894,33.785355,100,13,76
5017.379669,40.126509,100,13,76
4582.106423,21.489847,100,13,76
6680.262154,49.045580,100,13,76
