Distance,Tx Power,Bandwidth,Subband BW,Subband Offset
1405.059256,26.074235,15,10,0
5005.153248,59.122976,15,10,0
3770.518284,16.950212,15,10,0
9230.420220,41.906928,15,10,0
8357.122109,58.709238,15,10,0
