Distance,Tx Power,Bandwidth,Subband BW,Subband Offset
9197.823633,29.982324,15,6,6
6118.573407,53.532542,15,6,6
6952.954058,26.271991,15,6,6
3654.472049,52.902157,15,6,6
9837.919617,27.833743,15,6,6
