Distance,Tx Power,Bandwidth,Subband BW,Subband Offset
9486.425555,35.820974,75,57,9
8399.341750,35.616252,75,57,9
925.158522,50.780266,75,57,9
8341.043818,16.509433,75,57,9
2950.428396,39.992308,75,57,9
