Distance,Tx Power,Bandwidth,Subband BW,Subband Offset
4064.726114,51.423115,100,34,6
9838.985657,57.554157,100,34,6
6147.359921,36.539273,100,34,6
7933.826300,53.462955,100,34,6
5262.819348,58.367460,100,34,6
