Distance,Tx Power,Bandwidth,Subband BW,Subband Offset
3490.306682,32.894359,25,21,0
8486.015062,23.956098,25,21,0
3697.643872,51.874328,25,21,0
6473.696231,33.926339,25,21,0
2363.587418,53.214693,25,21,0
