Distance,Tx Power,Bandwidth,Subband BW,Subband Offset
8334.927701,26.748021,50,8,31
9118.270632,20.356662,50,8,31
981.529531,49.973227,50,8,31
6883.795235,23.628648,50,8,31
290.377557,19.338437,50,8,31
