Distance,Tx Power,Bandwidth,Subband BW,Subband Offset
9024.192332,25.934396,25,12,10
207.628201,41.440004,25,12,10
5959.328407,36.725665,25,12,10
3512.605266,29.238109,25,12,10
9119.547168,18.701104,25,12,10
