Distance,Tx Power,Bandwidth,Subband BW,Subband Offset
2229.927244,22.309261,25,9,13
4229.791610,43.379559,25,9,13
5042.315137,30.825970,25,9,13
9348.286497,20.824352,25,9,13
9285.164988,26.380836,25,9,13
