Distance,Tx Power,Bandwidth,Subband BW,Subband Offset
6901.842848,22.439868,50,8,22
6564.609086,18.750314,50,8,22
6895.678022,57.985297,50,8,22
6544.014978,22.310253,50,8,22
9538.283038,30.512459,50,8,22
