Distance,Tx Power,Bandwidth,Subband BW,Subband Offset
1761.885686,32.040224,25,10,0
9821.936048,48.125536,25,10,0
255.237710,56.967996,25,10,0
5603.383373,37.345847,25,10,0
820.993836,47.790475,25,10,0
