Distance,Tx Power,Bandwidth,Subband BW,Subband Offset
3105.529443,46.426852,100,32,27
2901.038532,26.010665,100,32,27
3809.657673,23.902164,100,32,27
6410.980704,21.450258,100,32,27
8728.560701,26.540166,100,32,27
