Distance,Tx Power,Bandwidth,Subband BW,Subband Offset
598.248888,45.175626,75,47,18
3664.092986,34.407354,75,47,18
7790.928242,24.216426,75,47,18
1725.999310,57.641662,75,47,18
2109.813071,51.362692,75,47,18
