Distance,Tx Power,Bandwidth,Subband BW,Subband Offset
6730.866969,16.626815,75,45,11
8816.466525,38.380941,75,45,11
5008.597940,46.565694,75,45,11
4920.815773,36.335895,75,45,11
486.082956,20.783244,75,45,11
