Distance,Tx Power,Bandwidth,Subband BW,Subband Offset
1353.561202,45.777158,75,16,14
8174.438826,28.354776,75,16,14
1105.715078,16.486091,75,16,14
7879.012474,34.394895,75,16,14
1271.903151,43.138568,75,16,14
