Distance,Tx Power,Bandwidth,Subband BW,Subband Offset
5697.382694,38.694885,75,13,1
1231.405294,21.247822,75,13,1
4594.289251,34.604295,75,13,1
3458.886234,30.777981,75,13,1
3129.519554,22.626610,75,13,1
