Distance,Tx Power,Bandwidth,Subband BW,Subband Offset
3404.540739,42.533024,50,27,4
4409.369542,15.325730,50,27,4
7954.455112,51.030688,50,27,4
1051.499099,55.332104,50,27,4
9701.562250,40.416952,50,27,4
