Distance,Tx Power,Bandwidth,Subband BW,Subband Offset
6167.454404,23.768708,75,26,17
9833.943359,44.515917,75,26,17
1689.025936,33.279974,75,26,17
2958.282390,29.305269,75,26,17
8161.171177,49.977664,75,26,17
