Distance,Tx Power,Bandwidth,Subband BW,Subband Offset
9609.047004,41.594407,15,9,2
916.905305,46.277407,15,9,2
4805.817957,45.667675,15,9,2
9340.381487,42.883117,15,9,2
3977.643721,20.732428,15,9,2
