Distance,Tx Power,Bandwidth,Subband BW,Subband Offset
7593.523148,18.037584,75,8,60
375.939499,58.911477,75,8,60
5234.584041,50.209666,75,8,60
9381.635925,16.964116,75,8,60
4592.926065,44.247721,75,8,60
