Distance,Tx Power,Bandwidth,Subband BW,Subband Offset
7792.283598,26.578303,75,32,39
1208.774622,23.922916,75,32,39
5099.294044,59.219163,75,32,39
7396.685590,35.477118,75,32,39
8630.333259,26.118973,75,32,39
