Distance,Tx Power,Bandwidth,Subband BW,Subband Offset
8685.736059,30.451648,100,38,41
1254.516301,38.041765,100,38,41
7425.459008,24.772165,100,38,41
4038.933957,21.121832,100,38,41
4890.461156,34.376230,100,38,41
