Distance,Tx Power,Bandwidth,Subband BW,Subband Offset
4132.913241,47.985802,15,10,2
9177.412186,29.213045,15,10,2
5802.764240,19.701971,15,10,2
1652.068668,59.149732,15,10,2
1544.187255,24.337891,15,10,2
