Distance,Tx Power,Bandwidth,Subband BW,Subband Offset
3843.873727,53.210208,25,20,4
1406.672282,15.494538,25,20,4
3366.842236,40.971795,25,20,4
8080.238251,52.304281,25,20,4
7152.994475,17.303456,25,20,4
