Distance,Tx Power,Bandwidth,Subband BW,Subband Offset
7443.094605,42.336102,50,7,19
4310.672507,39.870369,50,7,19
5937.561448,27.905094,50,7,19
623.183513,24.646997,50,7,19
1689.436943,17.687237,50,7,19
