Distance,Tx Power,Bandwidth,Subband BW,Subband Offset
5369.893636,37.365695,75,16,23
6793.522744,37.449822,75,16,23
6827.639097,43.990513,75,16,23
5805.783433,23.853758,75,16,23
2558.090427,21.189855,75,16,23
