Distance,Tx Power,Bandwidth,Subband BW,Subband Offset
7228.393008,38.452944,50,36,4
108.185153,34.003959,50,36,4
6815.878965,30.081208,50,36,4
9334.055201,39.201350,50,36,4
1537.141065,50.577379,50,36,4
