Distance,Tx Power,Bandwidth,Subband BW,Subband Offset
680.009117,26.356129,50,13,19
8437.310908,54.861316,50,13,19
6664.948907,42.737026,50,13,19
4852.375301,53.349309,50,13,19
3794.233256,22.987554,50,13,19
