Distance,Tx Power,Bandwidth,Subband BW,Subband Offset
3981.023092,37.181837,75,8,9
8027.893820,43.965096,75,8,9
1221.823228,36.355796,75,8,9
9498.997015,41.852116,75,8,9
8960.636916,17.910097,75,8,9
