Distance,Tx Power,Bandwidth,Subband BW,Subband Offset
2613.664849,20.970366,50,33,6
6229.559888,54.985102,50,33,6
8767.763032,27.550828,50,33,6
4567.814134,33.049102,50,33,6
4328.099749,40.098793,50,33,6
