Distance,Tx Power,Bandwidth,Subband BW,Subband Offset
8725.892362,23.095658,100,40,26
7766.821978,30.735185,100,40,26
5758.099864,45.051657,100,40,26
6885.138788,57.292796,100,40,26
7791.391283,56.678445,100,40,26
