Distance,Tx Power,Bandwidth,Subband BW,Subband Offset
9243.175086,15.322026,75,47,27
228.132937,38.551920,75,47,27
8949.537531,16.949771,75,47,27
7075.839139,52.126924,75,47,27
697.992704,55.484033,75,47,27
