Distance,Tx Power,Bandwidth,Subband BW,Subband Offset
2128.840754,49.322004,25,22,2
6807.927189,25.433188,25,22,2
4073.491407,54.120689,25,22,2
7872.355706,20.290903,25,22,2
5476.513810,39.120737,25,22,2
