Distance,Tx Power,Bandwidth,Subband BW,Subband Offset
1846.574644,29.649013,75,16,58
7498.961415,38.141204,75,16,58
5418.732151,48.640882,75,16,58
1838.125617,30.872170,75,16,58
8657.609860,19.237282,75,16,58
