Distance,Tx Power,Bandwidth,Subband BW,Subband Offset
8636.133790,34.364765,50,17,3
5844.017345,41.147530,50,17,3
9078.809511,15.736224,50,17,3
6767.237804,45.002747,50,17,3
9701.256531,17.573621,50,17,3
