Distance,Tx Power,Bandwidth,Subband BW,Subband Offset
8786.479407,48.363870,100,11,72
1765.688318,41.526331,100,11,72
1954.524934,37.810958,100,11,72
902.951730,27.645760,100,11,72
781.379065,19.140517,100,11,72
