Distance,Tx Power,Bandwidth,Subband BW,Subband Offset
641.126772,26.067025,75,9,60
4597.017325,49.940370,75,9,60
3153.871836,49.121116,75,9,60
787.120634,26.684742,75,9,60
9499.603416,26.996761,75,9,60
