Distance,Tx Power,Bandwidth,Subband BW,Subband Offset
4900.826426,18.089842,50,30,5
8899.861944,25.245086,50,30,5
8781.034475,57.884577,50,30,5
1107.526070,19.521807,50,30,5
8090.573228,42.832964,50,30,5
