Distance,Tx Power,Bandwidth,Subband BW,Subband Offset
2409.297737,15.051720,25,7,10
8238.053409,27.536264,25,7,10
6885.763640,40.638896,25,7,10
2386.167131,50.593710,25,7,10
2733.096804,51.731083,25,7,10
