Distance,Tx Power,Bandwidth,Subband BW,Subband Offset
1048.442706,20.486530,25,12,0
9232.282414,19.143969,25,12,0
8517.632311,34.199316,25,12,0
4304.897859,18.033280,25,12,0
1990.894956,50.750951,25,12,0
