Distance,Tx Power,Bandwidth,Subband BW,Subband Offset
9796.781627,46.553208,75,26,6
2277.932530,36.665389,75,26,6
8316.542687,20.423150,75,26,6
4982.335004,56.682557,75,26,6
4846.213422,36.215693,75,26,6
