Distance,Tx Power,Bandwidth,Subband BW,Subband Offset
7247.903122,47.763647,25,18,6
9093.235650,43.085209,25,18,6
4939.924477,39.195438,25,18,6
2975.384489,31.177239,25,18,6
3664.908350,36.612946,25,18,6
