Distance,Tx Power,Bandwidth,Subband BW,Subband Offset
4345.274605,45.152405,15,13,1
7829.524132,50.265088,15,13,1
693.180382,58.441577,15,13,1
6984.238403,48.770908,15,13,1
383.653011,48.573520,15,13,1
