Distance,Tx Power,Bandwidth,Subband BW,Subband Offset
4466.122863,46.858658,75,33,33
5232.856158,23.083576,75,33,33
1159.874622,41.590231,75,33,33
5921.371967,22.023160,75,33,33
7275.378822,25.759398,75,33,33
