Distance,Tx Power,Bandwidth,Subband BW,Subband Offset
7756.653806,23.970528,25,13,0
5210.094636,23.872931,25,13,0
5749.404680,55.219273,25,13,0
7606.522852,33.105495,25,13,0
7581.548783,15.676146,25,13,0
