Distance,Tx Power,Bandwidth,Subband BW,Subband Offset
2877.430592,31.496600,100,68,6
9312.019041,33.872690,100,68,6
1012.165203,55.239768,100,68,6
6065.978423,41.452703,100,68,6
3703.154800,32.547100,100,68,6
