Distance,Tx Power,Bandwidth,Subband BW,Subband Offset
4838.029292,43.991063,75,46,13
4894.856489,59.783194,75,46,13
2134.844127,28.675100,75,46,13
6048.986074,44.988317,75,46,13
9617.009072,30.718228,75,46,13
