Distance,Tx Power,Bandwidth,Subband BW,Subband Offset
6537.106714,53.579878,25,7,5
7987.674184,28.225457,25,7,5
2970.480506,28.774468,25,7,5
6812.868062,57.615937,25,7,5
7242.223921,27.722682,25,7,5
