Distance,Tx Power,Bandwidth,Subband BW,Subband Offset
8018.832750,58.600228,100,35,58
9564.142515,58.127042,100,35,58
6402.791283,53.887744,100,35,58
9760.950879,16.974685,100,35,58
4789.354402,19.879969,100,35,58
