Distance,Tx Power,Bandwidth,Subband BW,Subband Offset
1213.870752,17.107962,50,21,1
3475.735393,55.115402,50,21,1
8023.899677,53.809969,50,21,1
1723.891026,57.009147,50,21,1
8942.644498,49.117673,50,21,1
