Distance,Tx Power,Bandwidth,Subband BW,Subband Offset
7695.447851,44.611389,100,8,81
9159.102065,56.553790,100,8,81
2457.157272,15.088485,100,8,81
5194.942823,53.691216,100,8,81
6016.600833,36.731968,100,8,81
