Distance,Tx Power,Bandwidth,Subband BW,Subband Offset
691.913334,52.543545,15,11,4
9192.847178,39.326874,15,11,4
7889.634830,34.182539,15,11,4
1437.657377,16.573313,15,11,4
7291.450345,52.555639,15,11,4
