Distance,Tx Power,Bandwidth,Subband BW,Subband Offset
7329.844651,50.847387,75,6,64
6868.326610,20.294916,75,6,64
6693.635539,25.109930,75,6,64
9481.638532,52.063153,75,6,64
5540.106461,20.445548,75,6,64
