Distance,Tx Power,Bandwidth,Subband BW,Subband Offset
2741.809891,46.401115,50,30,15
9491.176890,49.029026,50,30,15
835.366583,48.144957,50,30,15
3368.044354,19.315838,50,30,15
8711.787432,40.626447,50,30,15
