Distance,Tx Power,Bandwidth,Subband BW,Subband Offset
7467.586389,47.820656,15,9,3
9143.954185,30.870813,15,9,3
567.643235,27.184680,15,9,3
362.227887,53.681688,15,9,3
1212.353243,23.227069,15,9,3
