Distance,Tx Power,Bandwidth,Subband BW,Subband Offset
7578.347706,25.156284,100,20,1
8845.908784,53.055505,100,20,1
1274.246200,33.817117,100,20,1
9415.164509,53.968114,100,20,1
9491.436754,44.793581,100,20,1
