Distance,Tx Power,Bandwidth,Subband BW,Subband Offset
1129.359917,40.664449,75,52,8
2937.137467,39.776984,75,52,8
1217.626712,49.202742,75,52,8
6804.670496,37.144640,75,52,8
2927.185996,25.885214,75,52,8
