Distance,Tx Power,Bandwidth,Subband BW,Subband Offset
2348.777648,59.570093,100,62,9
8492.422306,58.673278,100,62,9
8620.367615,59.476611,100,62,9
6083.122959,26.882942,100,62,9
9463.651506,20.319967,100,62,9
