Distance,Tx Power,Bandwidth,Subband BW,Subband Offset
4768.128252,39.022268,50,20,27
2851.954800,47.064718,50,20,27
566.832893,41.332466,50,20,27
8869.849191,26.111234,50,20,27
1302.307523,49.207676,50,20,27
