Distance,Tx Power,Bandwidth,Subband BW,Subband Offset
750.150867,54.372200,75,12,46
9590.996880,58.361095,75,12,46
5063.114459,21.614592,75,12,46
8359.467074,53.814716,75,12,46
9630.646767,59.696481,75,12,46
