Distance,Tx Power,Bandwidth,Subband BW,Subband Offset
4985.758060,52.689023,75,16,7
9606.724069,30.202187,75,16,7
1472.757439,41.509647,75,16,7
9153.335595,52.413061,75,16,7
350.955984,34.146023,75,16,7
