Distance,Tx Power,Bandwidth,Subband BW,Subband Offset
2058.408448,33.130739,50,26,24
5384.268639,56.539271,50,26,24
9084.679337,33.108724,50,26,24
7098.137662,56.372871,50,26,24
7911.229916,56.082436,50,26,24
