Distance,Tx Power,Bandwidth,Subband BW,Subband Offset
3775.333385,16.612345,75,45,9
7223.983138,15.421040,75,45,9
2873.366829,40.072143,75,45,9
5432.969191,58.437532,75,45,9
9142.568317,58.431309,75,45,9
