Distance,Tx Power,Bandwidth,Subband BW,Subband Offset
2854.044241,39.249907,15,6,1
6178.592793,39.412220,15,6,1
6091.462094,36.948245,15,6,1
1900.684243,31.950218,15,6,1
5548.733010,18.834633,15,6,1
