Distance,Tx Power,Bandwidth,Subband BW,Subband Offset
921.437788,58.830267,100,16,67
3581.052870,47.428537,100,16,67
6842.765306,49.488390,100,16,67
7462.922251,28.463235,100,16,67
5031.687519,40.749561,100,16,67
