Distance,Tx Power,Bandwidth,Subband BW,Subband Offset
6422.071068,21.957816,50,20,23
3317.741270,45.115401,50,20,23
396.301095,57.416255,50,20,23
6994.512744,42.268694,50,20,23
8811.684420,38.515694,50,20,23
