Distance,Tx Power,Bandwidth,Subband BW,Subband Offset
7485.644785,43.817749,75,25,30
2954.407983,43.288650,75,25,30
220.465097,44.648987,75,25,30
2515.626431,22.210418,75,25,30
4597.463553,59.006209,75,25,30
