Distance,Tx Power,Bandwidth,Subband BW,Subband Offset
7731.450968,58.419712,15,8,4
9889.339229,20.905552,15,8,4
4608.416348,58.552066,15,8,4
2027.979890,49.075012,15,8,4
4863.994068,59.004651,15,8,4
