Distance,Tx Power,Bandwidth,Subband BW,Subband Offset
6436.201616,29.588412,50,35,12
4237.227836,44.641508,50,35,12
3227.685964,51.263139,50,35,12
7335.566432,30.186145,50,35,12
2008.006710,26.564573,50,35,12
