Distance,Tx Power,Bandwidth,Subband BW,Subband Offset
311.286016,51.096886,100,38,36
2086.409261,25.317013,100,38,36
9687.627797,19.047157,100,38,36
3828.551391,36.031485,100,38,36
5257.836510,47.725536,100,38,36
