Distance,Tx Power,Bandwidth,Subband BW,Subband Offset
7459.515604,23.164544,100,72,27
8832.754457,34.029926,100,72,27
1104.919834,21.304256,100,72,27
5526.099124,21.847498,100,72,27
9971.446880,55.310550,100,72,27
