Distance,Tx Power,Bandwidth,Subband BW,Subband Offset
7901.612977,45.970173,50,9,41
6301.931262,33.115185,50,9,41
3471.788028,43.402599,50,9,41
7276.932945,28.225660,50,9,41
9555.196090,21.845097,50,9,41
