Distance,Tx Power,Bandwidth,Subband BW,Subband Offset
3836.229216,38.473940,50,21,23
2297.301197,45.678289,50,21,23
8519.485598,33.760950,50,21,23
6740.972539,43.489234,50,21,23
1535.979631,40.545659,50,21,23
