Distance,Tx Power,Bandwidth,Subband BW,Subband Offset
7216.666525,23.775430,100,7,42
3384.519419,43.619453,100,7,42
402.117812,39.773492,100,7,42
2943.982173,16.580495,100,7,42
7621.681011,17.422309,100,7,42
