Distance,Tx Power,Bandwidth,Subband BW,Subband Offset
8299.816473,15.888476,15,8,1
4937.529712,27.941001,15,8,1
9461.242837,41.141088,15,8,1
6128.853472,32.063117,15,8,1
2893.595291,34.176190,15,8,1
