Distance,Tx Power,Bandwidth,Subband BW,Subband Offset
1219.031968,41.631001,50,34,9
7300.192665,35.694010,50,34,9
3096.895290,41.810844,50,34,9
3362.016196,36.532365,50,34,9
838.269570,21.587089,50,34,9
