Distance,Tx Power,Bandwidth,Subband BW,Subband Offset
7356.674689,32.411998,75,36,37
251.470206,25.645923,75,36,37
9750.416457,29.587848,75,36,37
6927.491916,34.359433,75,36,37
1267.540789,51.468490,75,36,37
