Distance,Tx Power,Bandwidth,Subband BW,Subband Offset
9963.364883,15.064302,50,22,6
7100.810033,47.172897,50,22,6
7184.558531,38.962959,50,22,6
9960.836418,34.395570,50,22,6
4005.099048,41.985630,50,22,6
