Distance,Tx Power,Bandwidth,Subband BW,Subband Offset
311.392794,56.333349,50,42,0
2435.690473,16.632722,50,42,0
9460.181812,52.025604,50,42,0
8975.883449,45.038031,50,42,0
5037.941192,32.911196,50,42,0
