Distance,Tx Power,Bandwidth,Subband BW,Subband Offset
5580.496158,25.770113,15,9,3
6691.534939,42.883142,15,9,3
6506.585897,54.669957,15,9,3
7266.707038,59.451001,15,9,3
3810.550186,51.505258,15,9,3
