Distance,Tx Power,Bandwidth,Subband BW,Subband Offset
8176.237186,51.740856,50,17,24
6474.997881,35.751504,50,17,24
9111.816503,49.771620,50,17,24
8144.609156,39.752272,50,17,24
3585.455324,49.667953,50,17,24
