Distance,Tx Power,Bandwidth,Subband BW,Subband Offset
8285.442751,37.801753,75,10,9
4364.681412,44.185724,75,10,9
6538.249916,45.264328,75,10,9
7733.195083,55.814580,75,10,9
4786.800964,57.321037,75,10,9
