Distance,Tx Power,Bandwidth,Subband BW,Subband Offset
2792.946621,20.767819,100,24,41
1115.584135,34.527089,100,24,41
741.480601,43.011238,100,24,41
4171.055700,53.684732,100,24,41
6223.748612,33.780389,100,24,41
