Distance,Tx Power,Bandwidth,Subband BW,Subband Offset
878.732963,48.096125,15,6,3
8673.895506,41.197399,15,6,3
8339.277494,16.935644,15,6,3
6188.869940,28.712717,15,6,3
6881.280147,37.976211,15,6,3
