Distance,Tx Power,Bandwidth,Subband BW,Subband Offset
3896.027853,51.144721,100,55,31
4706.345654,50.402293,100,55,31
7887.815088,38.672239,100,55,31
9830.246506,36.054962,100,55,31
2216.896751,20.121451,100,55,31
