Distance,Tx Power,Bandwidth,Subband BW,Subband Offset
8004.249369,54.465667,50,40,0
2895.519777,29.048985,50,40,0
895.927652,50.707484,50,40,0
6414.014047,19.416529,50,40,0
239.985612,20.055442,50,40,0
