Distance,Tx Power,Bandwidth,Subband BW,Subband Offset
7200.487052,54.723779,100,36,10
2348.319006,24.925090,100,36,10
3993.669637,55.117166,100,36,10
9793.488618,51.472225,100,36,10
3457.144934,41.381870,100,36,10
