Distance,Tx Power,Bandwidth,Subband BW,Subband Offset
1514.196354,24.298604,15,6,7
5692.385084,42.204956,15,6,7
9957.324827,50.639235,15,6,7
2721.318656,26.720417,15,6,7
9763.542869,21.746328,15,6,7
