Distance,Tx Power,Bandwidth,Subband BW,Subband Offset
7698.808546,28.310607,75,48,5
4498.315822,30.289795,75,48,5
1853.175545,46.019975,75,48,5
9685.377313,30.892323,75,48,5
776.882739,41.848926,75,48,5
