Distance,Tx Power,Bandwidth,Subband BW,Subband Offset
231.666409,23.648221,100,41,5
9899.743103,24.583471,100,41,5
8188.130920,29.944926,100,41,5
665.710917,54.249995,100,41,5
9037.774062,47.367564,100,41,5
