Distance,Tx Power,Bandwidth,Subband BW,Subband Offset
2338.377520,26.841312,50,17,11
7258.177383,57.092311,50,17,11
7004.035269,28.236573,50,17,11
5477.658741,29.011882,50,17,11
2087.728908,53.450269,50,17,11
