Distance,Tx Power,Bandwidth,Subband BW,Subband Offset
3925.039381,52.074195,100,60,36
9644.700621,21.747496,100,60,36
9184.193697,57.790563,100,60,36
4838.497853,34.381260,100,60,36
7768.900563,52.202257,100,60,36
