Distance,Tx Power,Bandwidth,Subband BW,Subband Offset
5822.245938,43.144659,50,22,23
8595.225000,40.202815,50,22,23
9123.787921,59.559114,50,22,23
8865.619220,58.721335,50,22,23
8501.983700,30.635721,50,22,23
