Distance,Tx Power,Bandwidth,Subband BW,Subband Offset
6626.154363,24.745860,75,50,21
4459.637673,33.482450,75,50,21
6655.163700,33.006522,75,50,21
1192.237406,20.546363,75,50,21
7902.118456,39.658318,75,50,21
