Distance,Tx Power,Bandwidth,Subband BW,Subband Offset
3669.401810,52.342366,100,44,15
884.180840,51.419311,100,44,15
9798.604689,15.677377,100,44,15
2436.847521,33.831482,100,44,15
5021.872248,48.527253,100,44,15
