Distance,Tx Power,Bandwidth,Subband BW,Subband Offset
7204.687338,34.541979,25,9,8
1058.433928,39.597697,25,9,8
3766.549238,29.904352,25,9,8
407.373690,40.219988,25,9,8
8767.938872,51.535764,25,9,8
