Distance,Tx Power,Bandwidth,Subband BW,Subband Offset
579.724732,30.927902,50,28,22
2660.415548,53.455607,50,28,22
8196.243506,48.365933,50,28,22
3065.816288,17.577963,50,28,22
392.295946,43.465562,50,28,22
