Distance,Tx Power,Bandwidth,Subband BW,Subband Offset
8217.341574,17.959533,25,9,6
5550.854915,16.448572,25,9,6
1766.470097,56.140862,25,9,6
2639.227199,17.753817,25,9,6
3101.797617,34.406907,25,9,6
