Distance,Tx Power,Bandwidth,Subband BW,Subband Offset
7236.893307,46.156940,25,14,5
9448.378873,33.872779,25,14,5
1837.967290,24.049379,25,14,5
3897.011471,19.810583,25,14,5
6446.592738,31.437049,25,14,5
