Distance,Tx Power,Bandwidth,Subband BW,Subband Offset
9949.156313,56.744775,15,8,3
1249.639482,18.012542,15,8,3
4648.754919,53.100189,15,8,3
1403.054449,47.323448,15,8,3
2010.029850,24.235101,15,8,3
