Distance,Tx Power,Bandwidth,Subband BW,Subband Offset
872.926152,18.547789,100,42,8
3228.225466,51.950335,100,42,8
4385.391290,45.840670,100,42,8
2638.199844,57.592268,100,42,8
4752.983493,52.631619,100,42,8
