Distance,Tx Power,Bandwidth,Subband BW,Subband Offset
6511.546747,49.696104,25,7,16
6616.847568,25.030568,25,7,16
7065.828603,26.195707,25,7,16
3092.131207,33.847937,25,7,16
4587.471692,55.299044,25,7,16
