Distance,Tx Power,Bandwidth,Subband BW,Subband Offset
3726.173066,39.252514,100,48,19
2035.899528,25.545182,100,48,19
2787.174267,48.023373,100,48,19
130.329677,29.687555,100,48,19
3069.782643,18.786240,100,48,19
