Distance,Tx Power,Bandwidth,Subband BW,Subband Offset
9459.501502,28.315752,100,46,17
402.260482,23.637185,100,46,17
3250.009535,33.707423,100,46,17
3744.655716,57.833891,100,46,17
4100.491632,51.230681,100,46,17
