Distance,Tx Power,Bandwidth,Subband BW,Subband Offset
279.319000,47.092556,75,13,31
8301.165935,25.811144,75,13,31
3885.695274,47.012930,75,13,31
7271.970672,22.137868,75,13,31
5274.761249,59.109979,75,13,31
