Distance,Tx Power,Bandwidth,Subband BW,Subband Offset
7569.630190,51.810352,100,53,4
3091.014134,39.721720,100,53,4
4360.905373,15.809551,100,53,4
2778.456953,51.620166,100,53,4
3809.148924,40.412977,100,53,4
