Distance,Tx Power,Bandwidth,Subband BW,Subband Offset
5402.487947,33.255147,100,61,11
2677.309063,36.171310,100,61,11
7924.356340,19.906709,100,61,11
3554.933304,54.096446,100,61,11
5638.982367,18.544663,100,61,11
