Distance,Tx Power,Bandwidth,Subband BW,Subband Offset
5109.575220,29.301990,50,20,4
3605.058062,31.630061,50,20,4
2888.164789,18.544346,50,20,4
4569.581765,15.967868,50,20,4
2833.144436,22.476897,50,20,4
