Distance,Tx Power,Bandwidth,Subband BW,Subband Offset
9138.747195,56.485861,15,11,1
9053.746079,58.299689,15,11,1
5445.810917,23.082654,15,11,1
1848.577027,18.790396,15,11,1
4653.573614,28.483681,15,11,1
