Distance,Tx Power,Bandwidth,Subband BW,Subband Offset
9175.074031,30.972585,25,21,0
4845.499626,40.066323,25,21,0
8171.667830,51.744480,25,21,0
2823.096499,18.132573,25,21,0
1819.584717,36.562323,25,21,0
