Distance,Tx Power,Bandwidth,Subband BW,Subband Offset
6239.366632,26.526351,100,31,63
8510.708964,40.742261,100,31,63
1536.409596,30.302747,100,31,63
1704.322930,54.015309,100,31,63
8289.904133,25.855375,100,31,63
