Distance,Tx Power,Bandwidth,Subband BW,Subband Offset
8911.020617,35.599458,75,40,31
4951.538633,21.457000,75,40,31
3473.173321,15.424886,75,40,31
5990.379018,56.421101,75,40,31
4817.635051,59.366533,75,40,31
