Distance,Tx Power,Bandwidth,Subband BW,Subband Offset
4442.502266,42.124684,25,23,1
2418.579486,39.771464,25,23,1
7025.500899,32.195961,25,23,1
4057.745720,37.607361,25,23,1
9751.234647,34.570695,25,23,1
