Distance,Tx Power,Bandwidth,Subband BW,Subband Offset
2502.091760,35.357615,75,25,9
3831.004985,40.817665,75,25,9
953.640015,43.292868,75,25,9
1637.126329,47.946807,75,25,9
6853.568323,53.786239,75,25,9
