Distance,Tx Power,Bandwidth,Subband BW,Subband Offset
9324.755743,38.787501,75,36,36
9162.749699,19.494818,75,36,36
895.111769,54.724188,75,36,36
5207.492078,35.382179,75,36,36
6067.967129,28.786790,75,36,36
