Distance,Tx Power,Bandwidth,Subband BW,Subband Offset
2195.667670,28.138702,25,15,9
6262.628588,42.025416,25,15,9
209.706398,56.022787,25,15,9
6719.068216,35.398906,25,15,9
9832.048219,23.975582,25,15,9
