Distance,Tx Power,Bandwidth,Subband BW,Subband Offset
8038.151152,25.951846,100,7,88
108.979246,25.010979,100,7,88
8594.542353,18.151283,100,7,88
7909.192741,32.452230,100,7,88
292.082810,59.594033,100,7,88
