Distance,Tx Power,Bandwidth,Subband BW,Subband Offset
540.981094,20.957503,25,9,16
5274.268329,23.865539,25,9,16
6874.267269,54.051860,25,9,16
7681.769283,42.148671,25,9,16
3379.336571,39.724634,25,9,16
