Distance,Tx Power,Bandwidth,Subband BW,Subband Offset
5407.991922,51.020232,75,25,20
6704.200273,20.403336,75,25,20
6859.833941,54.247324,75,25,20
5852.296677,28.166573,75,25,20
6944.966000,18.710914,75,25,20
