Distance,Tx Power,Bandwidth,Subband BW,Subband Offset
9560.637550,23.022129,100,66,19
4382.187148,50.182831,100,66,19
5117.915756,38.458535,100,66,19
6390.234835,57.065164,100,66,19
1882.007030,33.837974,100,66,19
