Distance,Tx Power,Bandwidth,Subband BW,Subband Offset
9830.868594,44.947320,75,57,18
2583.487428,23.885695,75,57,18
3288.417834,15.829772,75,57,18
6916.727765,58.242328,75,57,18
7744.977167,26.555120,75,57,18
