Distance,Tx Power,Bandwidth,Subband BW,Subband Offset
3173.830762,42.924187,15,10,5
3169.481224,53.439639,15,10,5
6026.495208,20.862556,15,10,5
4795.864704,31.571952,15,10,5
6075.845801,55.866183,15,10,5
