Distance,Tx Power,Bandwidth,Subband BW,Subband Offset
1835.414574,34.679737,75,58,11
9987.488294,25.292499,75,58,11
449.516909,50.868457,75,58,11
3353.929319,21.539752,75,58,11
6161.488701,37.615854,75,58,11
