Distance,Tx Power,Bandwidth,Subband BW,Subband Offset
1542.394800,26.408021,100,47,26
7023.535375,21.257495,100,47,26
7696.295806,49.508276,100,47,26
937.343202,50.631954,100,47,26
5503.831438,58.751553,100,47,26
