Distance,Tx Power,Bandwidth,Subband BW,Subband Offset
2256.951355,58.142867,100,7,47
2987.334891,28.191011,100,7,47
6523.975379,46.888387,100,7,47
2760.175073,37.484953,100,7,47
8374.008114,47.992116,100,7,47
