Distance,Tx Power,Bandwidth,Subband BW,Subband Offset
3268.651164,46.792122,50,29,17
8339.792023,36.967505,50,29,17
4723.566865,48.023190,50,29,17
8787.946420,27.434877,50,29,17
4567.365755,50.098526,50,29,17
