Distance,Tx Power,Bandwidth,Subband BW,Subband Offset
1168.795032,18.112180,100,33,11
4522.902065,30.616106,100,33,11
9710.223192,24.207781,100,33,11
8196.988790,48.100077,100,33,11
1556.583422,23.329479,100,33,11
