Distance,Tx Power,Bandwidth,Subband BW,Subband Offset
1036.101189,15.610638,50,27,10
8920.758560,17.111652,50,27,10
9837.406243,21.624226,50,27,10
9080.177032,17.215933,50,27,10
629.289379,31.844988,50,27,10
