Distance,Tx Power,Bandwidth,Subband BW,Subband Offset
3378.446525,20.655182,75,45,30
3950.858585,49.903329,75,45,30
3885.242677,53.679702,75,45,30
5854.059988,29.985054,75,45,30
3515.168060,38.233921,75,45,30
