Distance,Tx Power,Bandwidth,Subband BW,Subband Offset
7954.584996,25.691065,50,9,18
3065.373650,56.735401,50,9,18
8512.241085,22.014529,50,9,18
4011.284691,18.262589,50,9,18
1327.482425,41.423304,50,9,18
