Distance,Tx Power,Bandwidth,Subband BW,Subband Offset
8025.262533,40.071644,75,29,9
5859.416735,33.548388,75,29,9
1948.542108,19.049928,75,29,9
6867.953624,20.020025,75,29,9
6223.799290,45.094511,75,29,9
