Distance,Tx Power,Bandwidth,Subband BW,Subband Offset
8173.535965,52.276026,15,11,1
1241.138141,58.207593,15,11,1
599.154261,31.361095,15,11,1
6064.914409,53.645272,15,11,1
8257.953028,35.433263,15,11,1
