Distance,Tx Power,Bandwidth,Subband BW,Subband Offset
3844.161314,54.095346,100,14,53
3411.863558,48.161437,100,14,53
8496.303379,40.327930,100,14,53
5509.275632,21.755703,100,14,53
7920.246800,35.016860,100,14,53
