Distance,Tx Power,Bandwidth,Subband BW,Subband Offset
5213.052427,54.113427,75,28,18
4110.271576,34.042674,75,28,18
3898.391739,25.696386,75,28,18
7192.694229,32.999831,75,28,18
1779.796474,49.047030,75,28,18
