Distance,Tx Power,Bandwidth,Subband BW,Subband Offset
6712.054155,22.717732,50,10,9
6789.285201,52.791290,50,10,9
8691.218081,38.810377,50,10,9
7706.089286,16.228509,50,10,9
9501.006719,34.240778,50,10,9
