Distance,Tx Power,Bandwidth,Subband BW,Subband Offset
5412.931202,53.435439,75,43,19
1141.304623,33.305799,75,43,19
6209.616005,38.754032,75,43,19
6635.479856,40.438561,75,43,19
3307.504406,24.170302,75,43,19
