Distance,Tx Power,Bandwidth,Subband BW,Subband Offset
5371.861274,54.105741,100,6,37
1946.131792,18.989905,100,6,37
8526.424354,31.884437,100,6,37
2684.361616,37.625270,100,6,37
3138.477350,32.899587,100,6,37
