Distance,Tx Power,Bandwidth,Subband BW,Subband Offset
2721.593989,37.593000,75,14,19
6708.876280,33.379390,75,14,19
2991.937342,59.909824,75,14,19
4981.359054,34.541381,75,14,19
2391.109969,43.546300,75,14,19
