Distance,Tx Power,Bandwidth,Subband BW,Subband Offset
3011.694202,38.877241,100,15,14
6905.705492,40.927576,100,15,14
4171.277292,16.056631,100,15,14
4433.434523,36.398260,100,15,14
3639.582119,59.711178,100,15,14
