Distance,Tx Power,Bandwidth,Subband BW,Subband Offset
7681.127194,42.664955,25,24,0
9401.234698,28.472662,25,24,0
7547.180833,23.695156,25,24,0
2206.228216,53.293105,25,24,0
2693.076182,27.907153,25,24,0
