Distance,Tx Power,Bandwidth,Subband BW,Subband Offset
7383.581935,16.444474,25,6,12
3368.362779,23.119446,25,6,12
9278.392312,46.869851,25,6,12
6953.138753,29.178937,25,6,12
8860.301848,18.233258,25,6,12
