Distance,Tx Power,Bandwidth,Subband BW,Subband Offset
1497.349951,22.901567,15,14,0
759.894645,28.150242,15,14,0
6254.422665,32.157703,15,14,0
6738.493413,49.383679,15,14,0
8226.558650,46.972518,15,14,0
