Distance,Tx Power,Bandwidth,Subband BW,Subband Offset
8448.373688,16.701865,100,22,58
933.950895,16.985057,100,22,58
7672.050374,50.924954,100,22,58
253.383152,42.430820,100,22,58
1835.360101,34.508100,100,22,58
