Distance,Tx Power,Bandwidth,Subband BW,Subband Offset
3339.351542,35.355832,100,39,58
3536.973571,32.244935,100,39,58
6264.422842,17.422771,100,39,58
770.986827,58.669129,100,39,58
8478.830775,17.248267,100,39,58
