Distance,Tx Power,Bandwidth,Subband BW,Subband Offset
8568.060328,18.122572,75,13,32
7309.395573,31.212514,75,13,32
2689.150666,45.239231,75,13,32
3280.466230,20.556743,75,13,32
6097.954351,46.533812,75,13,32
