Distance,Tx Power,Bandwidth,Subband BW,Subband Offset
5064.672591,28.407855,75,49,21
230.309674,21.501347,75,49,21
1965.894118,58.306049,75,49,21
2042.324691,52.040936,75,49,21
4440.494088,24.704661,75,49,21
