Distance,Tx Power,Bandwidth,Subband BW,Subband Offset
2841.532441,57.359270,25,15,10
336.116434,42.657805,25,15,10
7317.299644,32.422669,25,15,10
4341.539335,38.188669,25,15,10
1857.765741,26.577623,25,15,10
