Distance,Tx Power,Bandwidth,Subband BW,Subband Offset
4394.738545,39.803620,100,47,40
9579.793533,20.588789,100,47,40
3507.980790,41.951054,100,47,40
3607.569739,32.471601,100,47,40
2217.566489,17.450620,100,47,40
