Distance,Tx Power,Bandwidth,Subband BW,Subband Offset
427.283191,46.926637,100,17,75
626.552565,38.486527,100,17,75
1826.537510,34.750237,100,17,75
2345.038475,50.066725,100,17,75
4080.134364,51.890727,100,17,75
