Distance,Tx Power,Bandwidth,Subband BW,Subband Offset
9076.661651,23.589553,75,18,28
7476.935706,15.801013,75,18,28
591.702277,47.208623,75,18,28
9777.675349,54.351421,75,18,28
5170.122523,19.688553,75,18,28
