Distance,Tx Power,Bandwidth,Subband BW,Subband Offset
1580.385785,25.651651,100,49,42
7172.372440,57.080865,100,49,42
6238.259047,38.088420,100,49,42
1316.212189,39.634432,100,49,42
1097.223733,50.510454,100,49,42
