Distance,Tx Power,Bandwidth,Subband BW,Subband Offset
3155.180612,50.120652,25,19,3
6437.548310,51.000747,25,19,3
8204.522708,41.066085,25,19,3
310.039861,59.014683,25,19,3
955.890104,23.662008,25,19,3
