Distance,Tx Power,Bandwidth,Subband BW,Subband Offset
8359.570103,17.333153,25,7,10
4669.854227,38.606519,25,7,10
720.373524,33.753243,25,7,10
2904.352330,17.793467,25,7,10
8507.570279,27.627333,25,7,10
