Distance,Tx Power,Bandwidth,Subband BW,Subband Offset
5995.597580,18.425621,75,11,33
8154.976025,46.445983,75,11,33
5327.691091,42.116982,75,11,33
1010.499298,53.493688,75,11,33
6290.050854,25.640342,75,11,33
