Distance,Tx Power,Bandwidth,Subband BW,Subband Offset
2831.761155,51.103677,75,8,51
7412.913430,25.095713,75,8,51
4477.463022,55.182300,75,8,51
7451.929126,41.600635,75,8,51
3246.317739,39.785118,75,8,51
