Distance,Tx Power,Bandwidth,Subband BW,Subband Offset
7970.860953,34.386493,75,6,44
9810.032885,48.510657,75,6,44
5618.447402,56.321686,75,6,44
7949.434878,40.953762,75,6,44
9010.996211,28.290662,75,6,44
