Distance,Tx Power,Bandwidth,Subband BW,Subband Offset
764.962427,55.144240,100,21,36
1738.780647,59.751962,100,21,36
4467.125175,29.579921,100,21,36
629.113674,35.700393,100,21,36
8886.968436,17.889350,100,21,36
