Distance,Tx Power,Bandwidth,Subband BW,Subband Offset
6582.055473,21.173650,50,10,12
5974.272936,30.667929,50,10,12
6210.728500,33.930822,50,10,12
5146.230343,39.465031,50,10,12
2932.543894,52.908892,50,10,12
