Distance,Tx Power,Bandwidth,Subband BW,Subband Offset
8313.768985,28.914205,25,19,3
3759.047205,48.243597,25,19,3
704.319016,28.565462,25,19,3
3908.059535,39.000093,25,19,3
5143.398290,25.443889,25,19,3
