Distance,Tx Power,Bandwidth,Subband BW,Subband Offset
6018.876485,49.565306,25,13,4
2639.026321,52.082532,25,13,4
6463.725065,55.339374,25,13,4
4703.673557,21.824030,25,13,4
3592.019368,56.141592,25,13,4
