Distance,Tx Power,Bandwidth,Subband BW,Subband Offset
1157.092917,19.615805,15,9,0
1222.706691,55.792938,15,9,0
3447.084728,53.139169,15,9,0
5177.263233,51.009705,15,9,0
6692.913057,32.838745,15,9,0
