Distance,Tx Power,Bandwidth,Subband BW,Subband Offset
6246.287749,54.211840,75,28,0
7495.960591,44.934059,75,28,0
3342.377253,42.486997,75,28,0
6936.936055,37.086740,75,28,0
2422.672246,43.250775,75,28,0
