Distance,Tx Power,Bandwidth,Subband BW,Subband Offset
6301.033506,17.778858,75,29,27
2960.157349,21.522889,75,29,27
6542.225870,38.987162,75,29,27
8990.416174,59.998507,75,29,27
766.136538,51.818879,75,29,27
