Distance,Tx Power,Bandwidth,Subband BW,Subband Offset
7750.600681,38.045504,100,33,29
4412.308999,36.721944,100,33,29
4930.104074,40.380261,100,33,29
5943.140519,57.688983,100,33,29
4840.286036,24.893111,100,33,29
