Distance,Tx Power,Bandwidth,Subband BW,Subband Offset
6772.882367,23.132802,50,17,9
736.287344,21.328141,50,17,9
3237.909065,37.556168,50,17,9
9232.249577,44.119818,50,17,9
7662.967393,44.993900,50,17,9
