Distance,Tx Power,Bandwidth,Subband BW,Subband Offset
7897.006886,54.545999,50,26,15
8398.138769,47.015423,50,26,15
7723.894733,44.063465,50,26,15
5284.605190,27.025304,50,26,15
5792.313367,51.830066,50,26,15
