Distance,Tx Power,Bandwidth,Subband BW,Subband Offset
4999.570527,25.547681,75,12,2
3964.778862,39.122497,75,12,2
4895.821660,25.387683,75,12,2
6861.305158,41.383643,75,12,2
9909.420946,43.405630,75,12,2
