Distance,Tx Power,Bandwidth,Subband BW,Subband Offset
2429.901144,26.270172,75,6,37
9876.419824,33.339866,75,6,37
347.378534,42.257180,75,6,37
1869.758158,50.043463,75,6,37
848.682779,46.285590,75,6,37
