Distance,Tx Power,Bandwidth,Subband BW,Subband Offset
7028.782188,41.268217,100,56,30
6862.224305,27.539077,100,56,30
139.016736,17.941355,100,56,30
9604.009450,15.708840,100,56,30
7754.502274,33.697142,100,56,30
