Distance,Tx Power,Bandwidth,Subband BW,Subband Offset
4995.155022,28.191758,100,35,42
4668.204895,21.104730,100,35,42
5969.103048,23.110886,100,35,42
6718.746890,37.997404,100,35,42
5999.329146,29.237527,100,35,42
