Distance,Tx Power,Bandwidth,Subband BW,Subband Offset
5529.031313,30.658108,50,14,1
7819.181771,56.819025,50,14,1
5313.773293,54.271612,50,14,1
6029.333973,43.270731,50,14,1
5548.837124,33.916512,50,14,1
