Distance,Tx Power,Bandwidth,Subband BW,Subband Offset
875.226092,16.765561,25,14,4
7049.932416,47.941422,25,14,4
3737.284474,49.569829,25,14,4
4121.578010,25.843025,25,14,4
2593.586973,31.045298,25,14,4
