Distance,Tx Power,Bandwidth,Subband BW,Subband Offset
8892.765641,31.725086,25,17,4
4829.852513,47.464838,25,17,4
8612.148720,40.918322,25,17,4
1540.850487,40.046467,25,17,4
1040.748384,35.602522,25,17,4
