Distance,Tx Power,Bandwidth,Subband BW,Subband Offset
3554.614939,19.680288,50,15,29
602.857954,57.781570,50,15,29
5332.123228,46.181776,50,15,29
7304.929312,50.248050,50,15,29
2437.787336,36.495876,50,15,29
