Distance,Tx Power,Bandwidth,Subband BW,Subband Offset
8816.994973,53.676424,25,22,3
9367.186283,26.205274,25,22,3
9949.103388,36.481739,25,22,3
4253.722688,37.586596,25,22,3
1984.164042,48.127263,25,22,3
