Distance,Tx Power,Bandwidth,Subband BW,Subband Offset
5269.670750,42.335368,50,33,15
7641.776811,15.838037,50,33,15
5890.481028,27.263691,50,33,15
1087.419215,18.490950,50,33,15
8197.915613,47.885101,50,33,15
