Distance,Tx Power,Bandwidth,Subband BW,Subband Offset
8905.496757,57.293107,15,9,2
5600.922989,45.014827,15,9,2
7235.952028,54.289592,15,9,2
5214.009097,35.336257,15,9,2
3200.397373,37.562981,15,9,2
