Distance,Tx Power,Bandwidth,Subband BW,Subband Offset
1940.212729,24.310785,75,46,15
5040.051784,16.327375,75,46,15
4765.559399,21.767367,75,46,15
2741.685416,16.436246,75,46,15
6372.997953,26.181347,75,46,15
