Distance,Tx Power,Bandwidth,Subband BW,Subband Offset
1897.363083,38.774506,50,27,5
2673.498971,30.498057,50,27,5
4058.404085,55.320625,50,27,5
6440.652852,34.149782,50,27,5
4953.754616,58.275691,50,27,5
