Distance,Tx Power,Bandwidth,Subband BW,Subband Offset
852.629782,16.143259,50,16,19
3307.254407,31.563888,50,16,19
2371.452906,51.789548,50,16,19
7959.676760,53.236477,50,16,19
4109.462310,19.847963,50,16,19
