Distance,Tx Power,Bandwidth,Subband BW,Subband Offset
7165.356484,48.225036,75,64,4
3491.349820,33.742852,75,64,4
3492.160089,51.770688,75,64,4
8432.411751,23.165866,75,64,4
7480.409859,41.398957,75,64,4
