Distance,Tx Power,Bandwidth,Subband BW,Subband Offset
873.274382,47.111198,15,6,5
9682.969302,41.426925,15,6,5
2164.849260,26.706697,15,6,5
2219.828617,36.819819,15,6,5
9919.509623,29.799964,15,6,5
