Distance,Tx Power,Bandwidth,Subband BW,Subband Offset
2183.888306,46.238577,50,11,32
3081.017830,26.726097,50,11,32
8941.480003,19.062674,50,11,32
5914.711434,34.592768,50,11,32
5778.584123,53.706774,50,11,32
