Distance,Tx Power,Bandwidth,Subband BW,Subband Offset
3820.419472,16.766795,15,8,4
1854.150315,48.836288,15,8,4
7096.535731,34.694880,15,8,4
8744.169361,56.925686,15,8,4
8984.734204,50.369956,15,8,4
