Distance,Tx Power,Bandwidth,Subband BW,Subband Offset
1804.603215,53.228235,75,55,13
5157.824367,40.868996,75,55,13
3779.887763,41.290191,75,55,13
9268.993167,37.596019,75,55,13
6733.496913,59.159541,75,55,13
