Distance,Tx Power,Bandwidth,Subband BW,Subband Offset
6398.380339,59.206364,75,49,15
4750.257597,42.992559,75,49,15
842.177068,18.493985,75,49,15
448.156353,24.209307,75,49,15
9344.050774,38.112951,75,49,15
