Distance,Tx Power,Bandwidth,Subband BW,Subband Offset
6977.246944,52.565838,25,9,8
1509.656222,45.722912,25,9,8
5840.660764,47.283572,25,9,8
4360.804178,31.006697,25,9,8
4855.416762,57.991409,25,9,8
