Distance,Tx Power,Bandwidth,Subband BW,Subband Offset
7905.500324,58.575579,50,42,3
5099.861973,34.997115,50,42,3
1282.917783,47.378310,50,42,3
3702.739674,16.729595,50,42,3
828.325322,59.281233,50,42,3
