Distance,Tx Power,Bandwidth,Subband BW,Subband Offset
5396.236271,30.279916,100,77,0
4919.069115,20.718952,100,77,0
6087.401915,43.519248,100,77,0
6967.525479,57.928464,100,77,0
4689.614109,52.188530,100,77,0
