Distance,Tx Power,Bandwidth,Subband BW,Subband Offset
6350.015337,17.878288,100,6,31
7438.593911,40.911689,100,6,31
9161.163543,30.456628,100,6,31
1648.072897,48.237751,100,6,31
4094.663706,51.690312,100,6,31
