Distance,Tx Power,Bandwidth,Subband BW,Subband Offset
2900.887662,18.150717,50,16,7
5369.745032,47.327309,50,16,7
2304.487169,21.364831,50,16,7
2953.596942,36.528707,50,16,7
3246.118688,47.207681,50,16,7
