Distance,Tx Power,Bandwidth,Subband BW,Subband Offset
7916.122469,20.946572,50,12,12
3411.666317,31.645263,50,12,12
9833.316035,36.762805,50,12,12
759.045836,47.898559,50,12,12
6460.815020,29.671841,50,12,12
