Distance,Tx Power,Bandwidth,Subband BW,Subband Offset
4455.134667,27.830084,25,11,6
2302.436277,27.853222,25,11,6
3744.302304,23.912910,25,11,6
2268.880453,43.466402,25,11,6
4230.162164,25.556720,25,11,6
