Distance,Tx Power,Bandwidth,Subband BW,Subband Offset
8280.527312,35.910426,75,45,22
6056.755642,23.153557,75,45,22
8932.376277,37.203948,75,45,22
4390.452308,50.687266,75,45,22
6938.205785,54.719578,75,45,22
