Distance,Tx Power,Bandwidth,Subband BW,Subband Offset
7028.400706,56.082656,25,15,6
906.398796,38.000103,25,15,6
1995.336071,46.743681,25,15,6
6216.017820,18.597374,25,15,6
6742.753933,22.736617,25,15,6
