Distance,Tx Power,Bandwidth,Subband BW,Subband Offset
7873.703715,22.318890,75,55,15
4511.869360,22.349140,75,55,15
3461.415230,53.257273,75,55,15
7353.167966,30.339910,75,55,15
2320.568938,38.861915,75,55,15
