Distance,Tx Power,Bandwidth,Subband BW,Subband Offset
3975.309653,31.459800,50,10,20
1847.784019,56.139168,50,10,20
3747.617414,19.845902,50,10,20
8389.159641,15.144343,50,10,20
7148.493762,55.112375,50,10,20
