Distance,Tx Power,Bandwidth,Subband BW,Subband Offset
9108.896855,36.171986,25,13,1
2313.047172,31.000658,25,13,1
3379.160973,57.948470,25,13,1
9354.134236,18.284176,25,13,1
1965.848311,22.283120,25,13,1
