Distance,Tx Power,Bandwidth,Subband BW,Subband Offset
168.589605,38.704517,75,11,53
2752.017754,52.106509,75,11,53
7235.366158,52.702328,75,11,53
7909.615343,15.076246,75,11,53
1670.534207,45.278532,75,11,53
