Distance,Tx Power,Bandwidth,Subband BW,Subband Offset
1203.434803,27.367875,50,10,3
7913.546525,30.036326,50,10,3
1591.503361,51.771517,50,10,3
3797.602181,51.260672,50,10,3
4133.030698,56.217213,50,10,3
