Distance,Tx Power,Bandwidth,Subband BW,Subband Offset
6277.446373,21.489174,50,9,37
8807.513646,28.963317,50,9,37
2315.967426,18.908748,50,9,37
2568.019957,46.624537,50,9,37
3513.634367,49.591796,50,9,37
