Distance,Tx Power,Bandwidth,Subband BW,Subband Offset
2452.731991,54.255930,100,68,8
6966.844190,15.214088,100,68,8
8968.042898,27.943620,100,68,8
5928.344401,52.860857,100,68,8
2241.350087,52.980780,100,68,8
