Distance,Tx Power,Bandwidth,Subband BW,Subband Offset
8561.708958,29.996562,75,20,25
6095.038629,25.807608,75,20,25
5445.262916,59.910717,75,20,25
9327.600999,43.911171,75,20,25
4905.904957,26.497592,75,20,25
