Distance,Tx Power,Bandwidth,Subband BW,Subband Offset
2131.776479,16.899308,75,13,47
4821.339281,23.423643,75,13,47
7431.002128,57.040642,75,13,47
3765.490738,34.468218,75,13,47
5501.733215,25.172039,75,13,47
