Distance,Tx Power,Bandwidth,Subband BW,Subband Offset
8172.312454,47.837326,50,16,3
2318.929872,56.379831,50,16,3
8340.014362,31.202778,50,16,3
5134.961226,59.907307,50,16,3
7077.603586,55.958659,50,16,3
