Distance,Tx Power,Bandwidth,Subband BW,Subband Offset
908.317926,32.806614,15,11,0
1837.681531,57.242438,15,11,0
4186.244352,59.850704,15,11,0
2559.679462,31.042717,15,11,0
2292.478235,24.201848,15,11,0
