Distance,Tx Power,Bandwidth,Subband BW,Subband Offset
4956.324115,56.214385,50,7,4
7813.891794,25.948465,50,7,4
5168.406265,40.642474,50,7,4
4930.613987,26.575920,50,7,4
3678.867648,33.786786,50,7,4
