Distance,Tx Power,Bandwidth,Subband BW,Subband Offset
2084.952116,28.669363,100,25,66
5002.814320,31.529097,100,25,66
2103.074513,30.659514,100,25,66
3862.039237,34.184615,100,25,66
2136.191075,56.613886,100,25,66
