Distance,Tx Power,Bandwidth,Subband BW,Subband Offset
6481.793795,41.884968,25,15,0
5981.476235,40.376054,25,15,0
4926.914295,27.779957,25,15,0
7327.715752,18.242118,25,15,0
9140.898621,38.817799,25,15,0
