Distance,Tx Power,Bandwidth,Subband BW,Subband Offset
7446.774261,31.945384,25,13,3
2691.932489,21.286547,25,13,3
4060.227295,35.886814,25,13,3
5557.995624,44.725585,25,13,3
4334.869747,15.666838,25,13,3
