Distance,Tx Power,Bandwidth,Subband BW,Subband Offset
4930.534366,57.469896,25,8,13
6149.496820,20.095759,25,8,13
7497.449312,16.146092,25,8,13
3556.565703,38.598289,25,8,13
8522.226235,52.974218,25,8,13
