Distance,Tx Power,Bandwidth,Subband BW,Subband Offset
5760.007406,55.338514,100,47,15
9634.236002,50.180101,100,47,15
9713.299842,34.468690,100,47,15
4426.405458,26.334917,100,47,15
4410.028942,59.099480,100,47,15
