Distance,Tx Power,Bandwidth,Subband BW,Subband Offset
2591.910351,42.579446,50,14,6
6089.006856,49.313080,50,14,6
8918.792603,27.274924,50,14,6
7321.908251,46.565148,50,14,6
4268.124780,54.483067,50,14,6
