Distance,Tx Power,Bandwidth,Subband BW,Subband Offset
257.446026,19.560383,100,86,1
3049.821466,23.559059,100,86,1
3842.253352,24.851656,100,86,1
4688.149851,46.685276,100,86,1
5300.479986,21.520907,100,86,1
