Distance,Tx Power,Bandwidth,Subband BW,Subband Offset
6297.622775,43.477821,100,64,6
430.790527,48.714865,100,64,6
3471.938668,56.762394,100,64,6
840.925944,58.382474,100,64,6
8054.640184,43.778824,100,64,6
