Distance,Tx Power,Bandwidth,Subband BW,Subband Offset
7884.695624,34.203852,100,43,25
6681.877818,20.065001,100,43,25
8075.180026,46.745428,100,43,25
3110.682660,22.024464,100,43,25
9700.164777,25.099003,100,43,25
