Distance,Tx Power,Bandwidth,Subband BW,Subband Offset
1783.444316,40.896790,25,9,15
2135.589312,29.663958,25,9,15
6236.087391,44.404189,25,9,15
535.138387,17.000373,25,9,15
6692.266694,44.748430,25,9,15
