Distance,Tx Power,Bandwidth,Subband BW,Subband Offset
2247.838058,44.742693,25,8,13
8948.914694,58.894445,25,8,13
4284.837511,20.851389,25,8,13
2917.727509,53.832094,25,8,13
8319.423341,20.407019,25,8,13
