Distance,Tx Power,Bandwidth,Subband BW,Subband Offset
3893.373956,55.962060,75,59,6
3179.477222,27.644612,75,59,6
3211.609085,18.473601,75,59,6
1616.529870,17.620376,75,59,6
8219.997352,39.377477,75,59,6
