Distance,Tx Power,Bandwidth,Subband BW,Subband Offset
4575.276733,56.082387,100,27,15
966.828329,39.015930,100,27,15
500.376537,48.195575,100,27,15
2342.516474,27.878468,100,27,15
3274.833029,25.986205,100,27,15
