Distance,Tx Power,Bandwidth,Subband BW,Subband Offset
9587.699825,44.932649,50,13,25
3653.586038,27.780229,50,13,25
5146.156932,46.680064,50,13,25
8240.110203,50.395959,50,13,25
8257.211556,28.613160,50,13,25
