Distance,Tx Power,Bandwidth,Subband BW,Subband Offset
2911.432244,51.730195,100,66,6
234.846231,46.612520,100,66,6
4989.681160,41.513031,100,66,6
1316.939921,24.970843,100,66,6
2627.734234,23.405183,100,66,6
