Distance,Tx Power,Bandwidth,Subband BW,Subband Offset
4171.757274,52.564709,15,13,0
4852.701020,36.181516,15,13,0
2075.047181,15.575633,15,13,0
1919.685710,21.430496,15,13,0
2077.275853,38.150910,15,13,0
