Distance,Tx Power,Bandwidth,Subband BW,Subband Offset
7496.251860,30.102902,100,20,5
6684.602025,19.195315,100,20,5
5027.869598,19.393255,100,20,5
6343.000367,45.421042,100,20,5
3573.777765,59.228546,100,20,5
