Distance,Tx Power,Bandwidth,Subband BW,Subband Offset
8678.227125,49.192848,75,20,40
5716.104130,57.020428,75,20,40
8399.842718,18.217134,75,20,40
620.178919,17.854466,75,20,40
1599.796205,31.476208,75,20,40
