Distance,Tx Power,Bandwidth,Subband BW,Subband Offset
2558.571066,39.582148,50,8,5
5572.949240,15.019253,50,8,5
1937.391567,17.659379,50,8,5
1663.300641,49.486592,50,8,5
8427.431133,31.099962,50,8,5
