Distance,Tx Power,Bandwidth,Subband BW,Subband Offset
185.606185,21.301712,15,15,0
180.425253,39.289220,15,15,0
9926.998942,52.270283,15,15,0
2637.647860,42.542727,15,15,0
8627.002117,24.680419,15,15,0
