Distance,Tx Power,Bandwidth,Subband BW,Subband Offset
6595.059200,55.041011,100,51,40
4497.582967,45.634033,100,51,40
8399.391548,40.743676,100,51,40
2839.490926,40.228050,100,51,40
7255.447636,35.670933,100,51,40
