Distance,Tx Power,Bandwidth,Subband BW,Subband Offset
1052.639719,46.556113,25,8,1
596.666964,46.385148,25,8,1
9999.279688,59.465394,25,8,1
9822.388233,55.839365,25,8,1
6940.777634,42.464500,25,8,1
