Distance,Tx Power,Bandwidth,Subband BW,Subband Offset
7983.045413,23.666651,100,12,4
6986.635824,32.179513,100,12,4
1175.654732,15.419812,100,12,4
5745.360010,29.639627,100,12,4
8982.458456,35.733549,100,12,4
