Distance,Tx Power,Bandwidth,Subband BW,Subband Offset
8371.189478,34.170419,15,6,6
1479.934827,19.142897,15,6,6
9150.113596,50.181410,15,6,6
1315.047069,40.368590,15,6,6
2916.715063,16.449241,15,6,6
