Distance,Tx Power,Bandwidth,Subband BW,Subband Offset
7622.975419,52.056209,15,8,3
5927.200275,15.505451,15,8,3
9606.379893,34.807463,15,8,3
8478.888901,28.420046,15,8,3
4749.847198,17.181161,15,8,3
