Distance,Tx Power,Bandwidth,Subband BW,Subband Offset
3491.449261,31.536412,15,6,6
4344.559227,45.668551,15,6,6
836.512674,49.398946,15,6,6
9502.272476,52.549212,15,6,6
4485.612792,49.183754,15,6,6
