Distance,Tx Power,Bandwidth,Subband BW,Subband Offset
5494.181997,47.333728,75,19,8
1221.168309,52.654567,75,19,8
5626.236837,21.364972,75,19,8
1087.651644,33.414904,75,19,8
3806.844474,26.514644,75,19,8
