Distance,Tx Power,Bandwidth,Subband BW,Subband Offset
2894.893281,57.332003,75,13,26
2128.696126,34.430373,75,13,26
2706.363108,18.859042,75,13,26
1447.358542,18.654781,75,13,26
4723.328578,38.008276,75,13,26
