Distance,Tx Power,Bandwidth,Subband BW,Subband Offset
2607.999477,46.327050,25,22,1
1497.078110,52.718660,25,22,1
8119.462283,40.286237,25,22,1
4300.451999,19.192091,25,22,1
3319.586190,30.721385,25,22,1
