Distance,Tx Power,Bandwidth,Subband BW,Subband Offset
796.373672,48.682833,100,53,1
2091.448451,47.412416,100,53,1
6547.510806,56.185164,100,53,1
978.210748,49.228455,100,53,1
4708.740981,16.791088,100,53,1
