Distance,Tx Power,Bandwidth,Subband BW,Subband Offset
2109.504590,20.903750,100,20,15
4069.151719,22.868229,100,20,15
8926.755855,53.792927,100,20,15
8855.138664,34.692259,100,20,15
2868.946185,18.226568,100,20,15
