Distance,Tx Power,Bandwidth,Subband BW,Subband Offset
191.624047,22.350601,50,23,1
9921.045679,44.505284,50,23,1
1959.908817,18.431843,50,23,1
5318.695672,35.957122,50,23,1
9055.066892,56.821999,50,23,1
