Distance,Tx Power,Bandwidth,Subband BW,Subband Offset
3886.045406,49.006874,75,14,1
2245.628993,54.980694,75,14,1
7153.933829,45.868408,75,14,1
779.135572,49.899658,75,14,1
2631.061713,55.776066,75,14,1
