Distance,Tx Power,Bandwidth,Subband BW,Subband Offset
2285.938602,43.384185,50,47,3
8182.317629,15.438643,50,47,3
6550.620138,18.245382,50,47,3
3572.460734,27.574767,50,47,3
6220.764952,56.625147,50,47,3
