Distance,Tx Power,Bandwidth,Subband BW,Subband Offset
3931.343857,21.337359,100,66,7
8143.741622,18.584895,100,66,7
2045.980180,17.750372,100,66,7
4961.735343,34.139036,100,66,7
3591.967488,25.748330,100,66,7
