Distance,Tx Power,Bandwidth,Subband BW,Subband Offset
2014.304745,25.540119,75,40,0
5745.619282,33.549279,75,40,0
7064.823752,16.524956,75,40,0
3753.965965,20.938163,75,40,0
8315.776931,55.405978,75,40,0
