Distance,Tx Power,Bandwidth,Subband BW,Subband Offset
2510.421649,44.293911,25,13,5
347.035801,24.062461,25,13,5
5596.303898,18.335804,25,13,5
7236.067130,33.927147,25,13,5
9885.208100,31.031480,25,13,5
