Distance,Tx Power,Bandwidth,Subband BW,Subband Offset
462.231544,54.499654,50,11,15
6812.957736,44.936350,50,11,15
8445.375813,52.362460,50,11,15
3237.359093,28.779353,50,11,15
6879.192919,34.353546,50,11,15
