Distance,Tx Power,Bandwidth,Subband BW,Subband Offset
3083.554858,22.782394,100,11,0
5323.152519,59.408524,100,11,0
3257.733373,21.542427,100,11,0
5590.547134,54.816902,100,11,0
949.727501,16.214913,100,11,0
