Distance,Tx Power,Bandwidth,Subband BW,Subband Offset
8017.189827,18.690544,25,8,7
5733.845104,52.635790,25,8,7
153.856351,34.080362,25,8,7
9521.221607,42.848538,25,8,7
8058.396186,44.223518,25,8,7
