Distance,Tx Power,Bandwidth,Subband BW,Subband Offset
1794.071976,57.760660,50,26,24
2904.178346,31.444149,50,26,24
6852.900002,42.881046,50,26,24
4076.657575,43.995063,50,26,24
7096.370920,50.491188,50,26,24
