Distance,Tx Power,Bandwidth,Subband BW,Subband Offset
2406.537963,25.186106,75,25,38
8321.690277,49.364972,75,25,38
4312.618735,54.750001,75,25,38
7211.281632,41.671616,75,25,38
6468.503416,16.067656,75,25,38
