Distance,Tx Power,Bandwidth,Subband BW,Subband Offset
6766.081784,34.134957,100,18,79
5828.212238,41.954916,100,18,79
9211.144373,16.087722,100,18,79
6227.878879,16.649421,100,18,79
9574.330090,38.090554,100,18,79
