Distance,Tx Power,Bandwidth,Subband BW,Subband Offset
4421.179722,26.953084,100,48,48
872.681536,28.478137,100,48,48
2984.092142,59.305441,100,48,48
9710.132769,25.228348,100,48,48
6898.617075,33.862201,100,48,48
