Distance,Tx Power,Bandwidth,Subband BW,Subband Offset
4768.771738,51.818906,100,59,19
598.388690,51.119081,100,59,19
9659.890236,50.629476,100,59,19
4520.497691,44.282003,100,59,19
4518.723616,43.672027,100,59,19
