Distance,Tx Power,Bandwidth,Subband BW,Subband Offset
2054.555395,41.200327,25,9,12
8322.789265,34.070501,25,9,12
8014.187152,19.740609,25,9,12
3443.884917,37.873642,25,9,12
5927.228937,20.082961,25,9,12
