Distance,Tx Power,Bandwidth,Subband BW,Subband Offset
5781.997178,33.243096,15,6,3
5019.241422,16.408900,15,6,3
6282.195372,49.856813,15,6,3
4223.544214,52.489745,15,6,3
2102.850679,46.493862,15,6,3
