Distance,Tx Power,Bandwidth,Subband BW,Subband Offset
6454.234204,19.494542,25,7,17
6187.727049,55.005196,25,7,17
2064.289770,50.775542,25,7,17
5926.505486,57.026869,25,7,17
8930.905568,35.831294,25,7,17
