Distance,Tx Power,Bandwidth,Subband BW,Subband Offset
8730.672490,29.216176,100,46,44
5210.433724,15.101487,100,46,44
2666.301196,19.124669,100,46,44
722.975598,54.411324,100,46,44
4715.138254,28.797570,100,46,44
