Distance,Tx Power,Bandwidth,Subband BW,Subband Offset
1491.668679,57.066309,50,10,37
3920.062071,21.467759,50,10,37
527.280435,17.720642,50,10,37
9916.294875,38.233822,50,10,37
4863.852386,26.786140,50,10,37
