Distance,Tx Power,Bandwidth,Subband BW,Subband Offset
6294.349004,43.799888,50,20,27
9159.519653,45.023320,50,20,27
7676.410926,31.159568,50,20,27
9104.748848,17.395381,50,20,27
3273.475912,20.957010,50,20,27
