Distance,Tx Power,Bandwidth,Subband BW,Subband Offset
7668.003753,55.971082,50,32,15
6612.753776,15.484238,50,32,15
6347.640511,36.259368,50,32,15
7032.548749,41.084448,50,32,15
2036.826835,38.196640,50,32,15
