Distance,Tx Power,Bandwidth,Subband BW,Subband Offset
7180.109598,30.652357,50,26,4
5174.332367,25.630773,50,26,4
9991.817136,55.042323,50,26,4
5590.876161,21.711420,50,26,4
9128.174923,42.864327,50,26,4
