Distance,Tx Power,Bandwidth,Subband BW,Subband Offset
4613.618301,49.985527,75,38,24
8200.801568,50.387863,75,38,24
1614.623887,42.387734,75,38,24
3485.124575,52.661516,75,38,24
211.469519,35.702147,75,38,24
