Distance,Tx Power,Bandwidth,Subband BW,Subband Offset
2405.714730,31.984634,100,22,69
8836.029959,58.225931,100,22,69
8965.044501,23.924939,100,22,69
8114.131736,54.726399,100,22,69
5958.438198,21.950166,100,22,69
