Distance,Tx Power,Bandwidth,Subband BW,Subband Offset
1135.001678,45.399347,15,13,1
9702.538300,22.883160,15,13,1
6591.621797,55.886440,15,13,1
9025.742976,29.126708,15,13,1
7520.778807,50.688827,15,13,1
