Distance,Tx Power,Bandwidth,Subband BW,Subband Offset
5542.267957,45.429207,100,39,22
3425.497424,53.915740,100,39,22
3770.593041,44.932181,100,39,22
9141.197029,27.308832,100,39,22
6637.715729,52.545472,100,39,22
