Distance,Tx Power,Bandwidth,Subband BW,Subband Offset
1210.514176,55.284272,100,50,20
509.185189,27.595007,100,50,20
8840.761288,37.145670,100,50,20
553.891552,43.573412,100,50,20
8157.163058,29.849748,100,50,20
