Distance,Tx Power,Bandwidth,Subband BW,Subband Offset
4919.776633,34.127313,50,32,2
5462.961547,44.298417,50,32,2
8529.758216,21.671708,50,32,2
2215.588600,20.775460,50,32,2
657.905357,57.337247,50,32,2
