Distance,Tx Power,Bandwidth,Subband BW,Subband Offset
9930.614737,33.358778,100,33,52
1065.957852,21.012757,100,33,52
5806.941135,52.233212,100,33,52
5574.674176,42.583970,100,33,52
3092.525776,48.413133,100,33,52
