Distance,Tx Power,Bandwidth,Subband BW,Subband Offset
872.586025,26.201778,50,45,2
4262.509128,59.651662,50,45,2
1354.924430,53.630569,50,45,2
9720.912997,34.167460,50,45,2
8739.790299,22.126060,50,45,2
