Distance,Tx Power,Bandwidth,Subband BW,Subband Offset
4184.640298,37.081722,50,19,21
3913.107807,46.664332,50,19,21
9019.983730,52.401138,50,19,21
5181.244723,38.146387,50,19,21
5858.970974,57.883502,50,19,21
