Distance,Tx Power,Bandwidth,Subband BW,Subband Offset
6983.199502,42.375412,75,52,13
5320.209078,38.273175,75,52,13
492.675097,44.635808,75,52,13
9428.202932,44.044427,75,52,13
6972.649171,51.227286,75,52,13
