Distance,Tx Power,Bandwidth,Subband BW,Subband Offset
365.151198,36.475896,100,47,36
8210.179212,17.077203,100,47,36
991.247234,15.571728,100,47,36
3067.086441,36.846411,100,47,36
9240.536290,48.028920,100,47,36
