Distance,Tx Power,Bandwidth,Subband BW,Subband Offset
3355.764737,24.479571,100,60,8
1737.715725,42.252042,100,60,8
8428.837614,35.305673,100,60,8
2341.776046,27.086224,100,60,8
7380.380536,28.292645,100,60,8
