Distance,Tx Power,Bandwidth,Subband BW,Subband Offset
1231.425516,36.893013,75,29,9
8556.588515,53.011362,75,29,9
5172.966209,24.826578,75,29,9
3562.532816,25.150274,75,29,9
6233.376024,45.495761,75,29,9
