Distance,Tx Power,Bandwidth,Subband BW,Subband Offset
9397.886495,27.195813,15,10,3
3436.269434,27.399306,15,10,3
7948.369189,49.866579,15,10,3
6860.926357,24.130548,15,10,3
2538.026185,18.144585,15,10,3
