Distance,Tx Power,Bandwidth,Subband BW,Subband Offset
3717.421746,51.438909,100,68,32
1767.045337,43.947167,100,68,32
393.378623,40.825540,100,68,32
7358.954722,21.886974,100,68,32
5976.547931,17.301317,100,68,32
