Distance,Tx Power,Bandwidth,Subband BW,Subband Offset
9021.254305,21.390850,15,11,2
2522.971841,37.624745,15,11,2
5337.992413,53.028053,15,11,2
4854.305845,39.631049,15,11,2
3906.171617,57.143243,15,11,2
