Distance,Tx Power,Bandwidth,Subband BW,Subband Offset
8984.961907,27.072371,100,92,1
9029.340115,34.697911,100,92,1
7735.592801,58.692607,100,92,1
9396.549408,53.059114,100,92,1
9366.708756,35.081154,100,92,1
