Distance,Tx Power,Bandwidth,Subband BW,Subband Offset
3005.622189,23.903334,100,59,14
7953.527124,23.690436,100,59,14
9426.048324,50.735363,100,59,14
1059.714206,42.258863,100,59,14
1661.969713,23.363012,100,59,14
