Distance,Tx Power,Bandwidth,Subband BW,Subband Offset
8916.405779,16.153073,75,13,24
6856.663355,19.945806,75,13,24
2662.096001,42.497383,75,13,24
6650.075675,30.615795,75,13,24
5294.827236,57.507677,75,13,24
