Distance,Tx Power,Bandwidth,Subband BW,Subband Offset
6381.260888,40.193620,100,58,7
3325.927219,24.366356,100,58,7
8485.256299,27.152822,100,58,7
7588.892484,25.985773,100,58,7
2294.076130,52.127476,100,58,7
