Distance,Tx Power,Bandwidth,Subband BW,Subband Offset
8449.998443,42.745745,100,26,62
6865.641212,30.072754,100,26,62
732.412508,53.310811,100,26,62
4918.349035,29.415074,100,26,62
360.276748,36.854610,100,26,62
