Distance,Tx Power,Bandwidth,Subband BW,Subband Offset
2970.791378,27.640339,25,17,3
7938.715814,48.856267,25,17,3
7701.181401,30.045835,25,17,3
3761.138454,22.543833,25,17,3
880.590892,28.577034,25,17,3
