Distance,Tx Power,Bandwidth,Subband BW,Subband Offset
5439.696845,57.156242,75,29,44
9016.714301,48.558433,75,29,44
7163.723524,25.178357,75,29,44
6014.988696,18.022629,75,29,44
6850.384932,46.969016,75,29,44
