Distance,Tx Power,Bandwidth,Subband BW,Subband Offset
3973.399409,56.547412,75,15,22
431.691534,24.315687,75,15,22
2612.156357,40.498439,75,15,22
3831.670546,33.414421,75,15,22
4963.854415,31.324255,75,15,22
