Distance,Tx Power,Bandwidth,Subband BW,Subband Offset
8294.199051,33.611729,50,12,0
2115.685848,26.818440,50,12,0
1420.530487,44.619501,50,12,0
1070.511668,53.515847,50,12,0
3909.711682,34.853244,50,12,0
