Distance,Tx Power,Bandwidth,Subband BW,Subband Offset
9877.495243,39.466636,50,49,0
3768.718496,47.571318,50,49,0
2045.551047,36.210116,50,49,0
6657.455116,43.087969,50,49,0
2033.497206,24.131747,50,49,0
