Distance,Tx Power,Bandwidth,Subband BW,Subband Offset
4920.530938,50.733501,75,17,52
9130.531634,15.530328,75,17,52
1444.152543,40.786288,75,17,52
5180.028531,28.862180,75,17,52
7045.089414,41.720504,75,17,52
