Distance,Tx Power,Bandwidth,Subband BW,Subband Offset
600.485947,44.135232,100,17,13
7275.304128,42.814531,100,17,13
5854.161311,27.947946,100,17,13
3416.005524,47.785211,100,17,13
5116.713017,56.709912,100,17,13
