Distance,Tx Power,Bandwidth,Subband BW,Subband Offset
6044.235872,34.537887,100,40,13
4968.444527,34.862129,100,40,13
8742.369045,38.548912,100,40,13
1488.081836,38.402099,100,40,13
2934.778292,45.371026,100,40,13
