Distance,Tx Power,Bandwidth,Subband BW,Subband Offset
3004.892080,20.809192,100,44,35
4217.168507,48.895093,100,44,35
1141.639925,43.320838,100,44,35
5085.576573,24.573440,100,44,35
3707.583965,36.727226,100,44,35
