Distance,Tx Power,Bandwidth,Subband BW,Subband Offset
6809.512493,55.704802,100,63,29
393.870383,36.825976,100,63,29
9276.487096,31.353334,100,63,29
687.758587,16.901392,100,63,29
8161.919098,48.178424,100,63,29
