Distance,Tx Power,Bandwidth,Subband BW,Subband Offset
5472.589081,33.020454,75,37,10
2105.226336,21.134462,75,37,10
4032.852768,54.818211,75,37,10
3460.836760,50.892810,75,37,10
5778.675513,32.095776,75,37,10
