Distance,Tx Power,Bandwidth,Subband BW,Subband Offset
4023.572615,25.273101,50,36,6
4425.391212,24.321702,50,36,6
1654.010628,42.123354,50,36,6
9330.705455,30.552263,50,36,6
5869.037542,51.968497,50,36,6
