Distance,Tx Power,Bandwidth,Subband BW,Subband Offset
3272.592403,36.664725,50,13,6
3832.758830,16.269789,50,13,6
9409.117574,27.046255,50,13,6
8634.914145,37.666649,50,13,6
7502.321854,58.590928,50,13,6
