Distance,Tx Power,Bandwidth,Subband BW,Subband Offset
9045.200887,30.273500,50,20,10
6123.320008,46.587888,50,20,10
8575.935618,16.109550,50,20,10
9586.097240,23.093234,50,20,10
6407.018614,37.912301,50,20,10
