Distance,Tx Power,Bandwidth,Subband BW,Subband Offset
7299.394463,39.141893,100,44,0
5416.621513,47.599417,100,44,0
7100.388542,54.906202,100,44,0
9618.696336,37.990144,100,44,0
2707.673209,57.110740,100,44,0
