Distance,Tx Power,Bandwidth,Subband BW,Subband Offset
3346.741722,36.006837,100,11,27
4831.123853,21.645889,100,11,27
3013.993888,46.341509,100,11,27
7403.392143,45.272932,100,11,27
6525.884073,38.575592,100,11,27
