Distance,Tx Power,Bandwidth,Subband BW,Subband Offset
4149.799390,17.614832,25,16,6
3374.856246,38.763675,25,16,6
1038.698846,41.499827,25,16,6
6513.601873,44.324277,25,16,6
7085.022580,36.700973,25,16,6
