Distance,Tx Power,Bandwidth,Subband BW,Subband Offset
8688.060394,58.460519,15,7,1
874.807692,26.343277,15,7,1
7772.590486,47.708422,15,7,1
5058.856411,20.399434,15,7,1
2568.174773,23.157944,15,7,1
