Distance,Tx Power,Bandwidth,Subband BW,Subband Offset
2672.985368,18.309529,25,6,9
5318.323442,35.487598,25,6,9
6005.626429,23.642567,25,6,9
9293.394419,46.154544,25,6,9
9193.315961,49.027570,25,6,9
