Distance,Tx Power,Bandwidth,Subband BW,Subband Offset
5385.746534,44.059953,100,7,12
6819.654851,20.658835,100,7,12
1645.136709,38.840437,100,7,12
4497.211161,58.266893,100,7,12
5449.500801,25.003804,100,7,12
