Distance,Tx Power,Bandwidth,Subband BW,Subband Offset
4545.752093,28.905200,75,37,35
1062.070094,40.591683,75,37,35
8603.551612,41.853209,75,37,35
2774.025624,44.523833,75,37,35
7662.261635,45.552284,75,37,35
