Distance,Tx Power,Bandwidth,Subband BW,Subband Offset
9936.836367,59.699005,15,6,0
4674.891573,57.815980,15,6,0
7543.303474,26.945725,15,6,0
4317.571322,24.012935,15,6,0
9468.709710,26.925098,15,6,0
