Distance,Tx Power,Bandwidth,Subband BW,Subband Offset
8082.506912,31.774890,50,37,1
4126.270713,22.975892,50,37,1
5286.464915,47.561901,50,37,1
2471.418761,28.740914,50,37,1
389.126763,45.951880,50,37,1
