Distance,Tx Power,Bandwidth,Subband BW,Subband Offset
4599.411982,20.478027,15,7,0
3386.647262,50.590038,15,7,0
3074.091428,34.739143,15,7,0
6938.311299,30.753077,15,7,0
8821.321769,55.520468,15,7,0
