Distance,Tx Power,Bandwidth,Subband BW,Subband Offset
5227.129334,47.964777,15,10,0
7490.823617,19.132529,15,10,0
3472.254408,28.849006,15,10,0
9511.036408,37.508549,15,10,0
3333.191505,17.276013,15,10,0
