Distance,Tx Power,Bandwidth,Subband BW,Subband Offset
3234.419778,21.013920,100,8,64
4132.285165,16.868041,100,8,64
1292.318054,35.567526,100,8,64
3078.598220,41.771795,100,8,64
6923.246582,20.231199,100,8,64
