Distance,Tx Power,Bandwidth,Subband BW,Subband Offset
396.633530,55.513312,50,32,14
478.488558,51.719678,50,32,14
3858.509536,22.306046,50,32,14
9512.471494,25.380582,50,32,14
8100.171779,47.900576,50,32,14
