Distance,Tx Power,Bandwidth,Subband BW,Subband Offset
7242.595103,24.191230,25,7,18
8224.824543,58.803069,25,7,18
6479.498128,31.042154,25,7,18
2144.234773,45.687450,25,7,18
3203.118158,44.515865,25,7,18
