Distance,Tx Power,Bandwidth,Subband BW,Subband Offset
4476.052863,58.012600,100,16,50
8620.399875,18.239025,100,16,50
3368.260256,16.517753,100,16,50
364.165579,55.983733,100,16,50
4224.867824,51.965887,100,16,50
