Distance,Tx Power,Bandwidth,Subband BW,Subband Offset
5421.680251,52.358368,25,9,11
6216.083329,31.915582,25,9,11
7016.163076,38.721916,25,9,11
5317.099537,32.643532,25,9,11
6006.471917,58.044997,25,9,11
