Distance,Tx Power,Bandwidth,Subband BW,Subband Offset
475.539156,21.542503,50,12,12
682.436400,20.969107,50,12,12
2940.987633,23.030878,50,12,12
3913.077780,27.960035,50,12,12
9970.091463,43.579494,50,12,12
