Distance,Tx Power,Bandwidth,Subband BW,Subband Offset
9011.270029,19.008506,100,72,1
2155.560470,19.966308,100,72,1
9346.591421,20.323899,100,72,1
2950.484783,46.211520,100,72,1
5108.412007,59.364573,100,72,1
