Distance,Tx Power,Bandwidth,Subband BW,Subband Offset
6942.784100,50.825077,15,11,4
2387.222652,53.922653,15,11,4
1020.870091,50.020417,15,11,4
2774.911354,45.726220,15,11,4
8894.581605,36.083695,15,11,4
