Distance,Tx Power,Bandwidth,Subband BW,Subband Offset
7186.762448,54.618031,15,6,5
5217.992588,16.551848,15,6,5
6903.433210,45.995285,15,6,5
6990.999477,29.352876,15,6,5
4010.012811,50.489618,15,6,5
