Distance,Tx Power,Bandwidth,Subband BW,Subband Offset
6286.812655,42.011710,50,31,15
7036.860096,27.932296,50,31,15
3711.356195,19.643348,50,31,15
9800.832770,28.651737,50,31,15
2768.074050,50.741237,50,31,15
