Distance,Tx Power,Bandwidth,Subband BW,Subband Offset
771.978936,24.867747,50,11,31
7521.243673,49.932848,50,11,31
5488.306550,58.510269,50,11,31
603.236603,31.895745,50,11,31
1179.585782,58.357737,50,11,31
