Distance,Tx Power,Bandwidth,Subband BW,Subband Offset
8464.521227,29.036278,15,6,6
7038.492699,50.208075,15,6,6
6041.334128,49.635711,15,6,6
4444.543086,15.180674,15,6,6
3729.051582,50.185732,15,6,6
