Distance,Tx Power,Bandwidth,Subband BW,Subband Offset
4026.122850,25.212815,100,17,24
293.269071,52.934037,100,17,24
6514.479990,38.182253,100,17,24
3204.103793,15.137984,100,17,24
6610.214475,26.228200,100,17,24
