Distance,Tx Power,Bandwidth,Subband BW,Subband Offset
6088.735450,29.011283,75,42,14
2415.432253,46.711906,75,42,14
3089.288461,50.528442,75,42,14
8042.657312,32.398309,75,42,14
599.467038,46.049964,75,42,14
