Distance,Tx Power,Bandwidth,Subband BW,Subband Offset
8567.262697,42.759813,15,6,6
8595.802732,54.774361,15,6,6
6053.036373,56.773996,15,6,6
5283.646861,36.512811,15,6,6
7971.127413,51.151011,15,6,6
