Distance,Tx Power,Bandwidth,Subband BW,Subband Offset
3291.391108,27.406054,25,13,4
4884.716571,18.398223,25,13,4
7318.065896,19.857876,25,13,4
7105.681111,55.469113,25,13,4
9294.793533,38.813416,25,13,4
