Distance,Tx Power,Bandwidth,Subband BW,Subband Offset
8084.352762,23.671648,15,11,1
1546.996816,15.009305,15,11,1
5661.612017,53.882904,15,11,1
5784.473358,33.674532,15,11,1
8475.064370,41.365772,15,11,1
