Distance,Tx Power,Bandwidth,Subband BW,Subband Offset
2871.484508,38.566608,100,16,63
5887.559294,27.142441,100,16,63
9114.207874,57.928871,100,16,63
6816.944780,53.264517,100,16,63
5592.657356,51.356176,100,16,63
