Distance,Tx Power,Bandwidth,Subband BW,Subband Offset
231.565629,58.857128,50,19,14
929.273352,51.310421,50,19,14
7383.705274,19.242429,50,19,14
4685.731035,20.236409,50,19,14
9366.865029,17.967383,50,19,14
