Distance,Tx Power,Bandwidth,Subband BW,Subband Offset
6825.446984,54.177271,25,16,2
1344.570760,26.409944,25,16,2
4190.671842,37.774823,25,16,2
3593.453233,52.657985,25,16,2
8045.622394,58.332119,25,16,2
