Distance,Tx Power,Bandwidth,Subband BW,Subband Offset
2299.195962,20.347364,75,61,11
173.481326,57.719715,75,61,11
7441.765071,47.134162,75,61,11
8308.547344,37.705540,75,61,11
9509.603249,18.704182,75,61,11
