Distance,Tx Power,Bandwidth,Subband BW,Subband Offset
2836.646852,23.807560,15,11,0
423.491117,37.984740,15,11,0
2922.739655,54.471084,15,11,0
1090.309042,18.434859,15,11,0
3601.039317,24.573168,15,11,0
