Distance,Tx Power,Bandwidth,Subband BW,Subband Offset
5652.762929,53.270735,50,27,0
6143.070355,59.108310,50,27,0
6882.142288,58.695080,50,27,0
6776.804001,57.941555,50,27,0
5757.834719,34.154769,50,27,0
