Distance,Tx Power,Bandwidth,Subband BW,Subband Offset
5213.860800,45.720030,15,10,1
2154.480766,50.900837,15,10,1
5838.750697,56.093782,15,10,1
8861.488008,23.472224,15,10,1
1164.086830,36.916260,15,10,1
