Distance,Tx Power,Bandwidth,Subband BW,Subband Offset
3364.662970,27.309948,100,17,5
4382.995120,15.400128,100,17,5
6770.645615,18.147137,100,17,5
6091.657058,34.699401,100,17,5
3416.858583,55.747036,100,17,5
