Distance,Tx Power,Bandwidth,Subband BW,Subband Offset
8760.120897,51.390539,25,16,8
8184.625087,40.153163,25,16,8
7206.876994,42.907551,25,16,8
6539.514809,41.931860,25,16,8
2541.167124,35.044426,25,16,8
