Distance,Tx Power,Bandwidth,Subband BW,Subband Offset
7687.357787,18.308130,15,10,4
3266.232356,29.297629,15,10,4
7295.039146,23.594371,15,10,4
9295.850542,45.253933,15,10,4
7880.113738,39.186101,15,10,4
