Distance,Tx Power,Bandwidth,Subband BW,Subband Offset
6039.166987,29.849812,75,41,19
1203.482018,44.483601,75,41,19
2093.777796,18.916680,75,41,19
2312.627092,27.997689,75,41,19
4087.402811,45.657684,75,41,19
