Distance,Tx Power,Bandwidth,Subband BW,Subband Offset
8991.981758,51.017901,75,67,7
9429.638513,42.343303,75,67,7
4029.049915,47.747414,75,67,7
4348.242187,52.468220,75,67,7
7153.852639,32.230605,75,67,7
