Distance,Tx Power,Bandwidth,Subband BW,Subband Offset
5845.394593,17.132814,75,7,6
5417.622880,56.048580,75,7,6
9715.566410,45.069662,75,7,6
7612.946459,46.356174,75,7,6
8967.173347,26.816684,75,7,6
