Distance,Tx Power,Bandwidth,Subband BW,Subband Offset
1469.843714,45.588664,50,30,5
9048.787642,24.999444,50,30,5
2014.743676,49.559466,50,30,5
9482.732764,29.177626,50,30,5
6121.650782,47.158301,50,30,5
