Distance,Tx Power,Bandwidth,Subband BW,Subband Offset
4312.355353,59.095103,100,49,8
2151.457372,43.089507,100,49,8
9550.567557,57.256826,100,49,8
7072.933391,41.987082,100,49,8
9892.937909,30.270966,100,49,8
