Distance,Tx Power,Bandwidth,Subband BW,Subband Offset
5795.919449,37.276769,50,33,9
4707.361535,36.811292,50,33,9
8009.914317,15.519864,50,33,9
6147.574055,30.194950,50,33,9
5553.432751,27.892667,50,33,9
