Distance,Tx Power,Bandwidth,Subband BW,Subband Offset
3359.644706,15.729932,15,11,0
9135.690854,52.824417,15,11,0
1683.162839,17.286369,15,11,0
2585.979049,57.938076,15,11,0
5000.209921,45.215295,15,11,0
