Distance,Tx Power,Bandwidth,Subband BW,Subband Offset
8624.601689,57.781334,25,7,15
5378.882566,51.238132,25,7,15
7046.560830,44.938912,25,7,15
8117.228181,33.591877,25,7,15
1910.690485,57.305681,25,7,15
