Distance,Tx Power,Bandwidth,Subband BW,Subband Offset
9230.511952,57.581562,15,15,0
246.234313,55.646384,15,15,0
4350.343670,53.761170,15,15,0
8269.718640,31.567580,15,15,0
239.374769,40.810510,15,15,0
