Distance,Tx Power,Bandwidth,Subband BW,Subband Offset
470.786523,21.702272,75,58,17
8102.711354,29.485794,75,58,17
495.663598,19.267295,75,58,17
9345.788832,23.982575,75,58,17
5135.908235,57.588713,75,58,17
