Distance,Tx Power,Bandwidth,Subband BW,Subband Offset
963.790624,25.324177,15,6,9
5510.147830,27.929016,15,6,9
1386.843045,29.934073,15,6,9
4514.953587,21.165723,15,6,9
5878.062651,41.369649,15,6,9
