Distance,Tx Power,Bandwidth,Subband BW,Subband Offset
7869.506333,52.250786,15,14,1
6788.909203,37.758166,15,14,1
3277.894994,55.842099,15,14,1
5271.144682,36.374403,15,14,1
3107.868781,30.464172,15,14,1
