Distance,Tx Power,Bandwidth,Subband BW,Subband Offset
4681.057922,25.295337,15,8,3
4222.967643,49.463535,15,8,3
3478.909837,44.589988,15,8,3
3282.024584,56.291675,15,8,3
885.195257,31.375344,15,8,3
