Distance,Tx Power,Bandwidth,Subband BW,Subband Offset
4922.870559,59.281628,15,7,1
6548.996677,28.592584,15,7,1
6267.657773,30.214484,15,7,1
8047.107239,43.609710,15,7,1
5409.935193,33.120606,15,7,1
