Distance,Tx Power,Bandwidth,Subband BW,Subband Offset
3610.232407,19.086911,15,6,8
5579.092820,35.764470,15,6,8
464.771834,34.963926,15,6,8
252.663646,34.669136,15,6,8
3674.766366,34.876047,15,6,8
