Distance,Tx Power,Bandwidth,Subband BW,Subband Offset
3063.432299,26.230281,50,15,21
6187.187714,15.374398,50,15,21
906.180205,37.889147,50,15,21
7382.009182,25.012249,50,15,21
4010.897788,54.722083,50,15,21
