Distance,Tx Power,Bandwidth,Subband BW,Subband Offset
3640.998734,22.816988,50,15,35
9091.827732,32.298936,50,15,35
1142.083759,30.110417,50,15,35
2335.326437,58.995736,50,15,35
3048.990278,40.700885,50,15,35
