Distance,Tx Power,Bandwidth,Subband BW,Subband Offset
114.254456,37.950728,25,9,10
3343.538278,32.376630,25,9,10
147.848340,42.424382,25,9,10
702.097117,39.071415,25,9,10
1377.754657,49.654287,25,9,10
