Distance,Tx Power,Bandwidth,Subband BW,Subband Offset
7376.274359,24.908515,75,15,17
6168.719311,53.108809,75,15,17
5030.124889,47.328551,75,15,17
6874.999771,52.927958,75,15,17
5978.294298,49.291701,75,15,17
