Distance,Tx Power,Bandwidth,Subband BW,Subband Offset
1665.975519,30.388978,75,12,11
2126.414957,38.139108,75,12,11
6251.956414,19.536326,75,12,11
8447.095795,45.429856,75,12,11
4467.779680,17.018887,75,12,11
