Distance,Tx Power,Bandwidth,Subband BW,Subband Offset
7484.943616,41.724338,15,6,2
4740.340812,42.976074,15,6,2
8915.399145,32.821277,15,6,2
6397.194454,45.062760,15,6,2
6519.972041,26.421347,15,6,2
