Distance,Tx Power,Bandwidth,Subband BW,Subband Offset
8144.528704,46.654858,75,34,34
9621.701293,53.393755,75,34,34
1521.765874,50.545125,75,34,34
4943.239952,45.685995,75,34,34
4352.937271,27.400185,75,34,34
