Distance,Tx Power,Bandwidth,Subband BW,Subband Offset
7191.206997,23.062734,75,36,16
5787.345495,54.338638,75,36,16
2947.100877,19.286730,75,36,16
2897.088774,56.228782,75,36,16
329.419946,41.214605,75,36,16
