Distance,Tx Power,Bandwidth,Subband BW,Subband Offset
6763.045972,33.607738,25,7,9
3325.187463,37.500711,25,7,9
6655.118677,34.371082,25,7,9
5093.202410,42.419736,25,7,9
4590.987360,47.391569,25,7,9
