Distance,Tx Power,Bandwidth,Subband BW,Subband Offset
2246.984569,49.433494,75,20,13
2010.283713,34.485452,75,20,13
9219.396447,19.765358,75,20,13
7760.981310,23.162704,75,20,13
1159.118424,37.181078,75,20,13
