Distance,Tx Power,Bandwidth,Subband BW,Subband Offset
4307.105591,17.587420,25,23,1
6246.580603,43.463722,25,23,1
6794.614549,25.781626,25,23,1
9818.614544,48.777889,25,23,1
5149.144248,49.464350,25,23,1
