Distance,Tx Power,Bandwidth,Subband BW,Subband Offset
1420.167589,55.795835,15,9,0
5455.933183,19.879037,15,9,0
4598.152273,27.958427,15,9,0
4254.614372,35.558696,15,9,0
5219.096909,35.559387,15,9,0
