Distance,Tx Power,Bandwidth,Subband BW,Subband Offset
6594.622320,30.529201,50,8,4
5880.720061,41.957683,50,8,4
197.619006,56.558278,50,8,4
6914.491441,24.066997,50,8,4
2511.577767,49.297179,50,8,4
