Distance,Tx Power,Bandwidth,Subband BW,Subband Offset
6025.649198,36.658416,100,39,15
980.913524,31.533619,100,39,15
2995.953434,56.536202,100,39,15
2824.241054,32.901450,100,39,15
5136.189548,47.748822,100,39,15
