Distance,Tx Power,Bandwidth,Subband BW,Subband Offset
2099.323066,38.745087,100,39,54
5392.824657,39.724034,100,39,54
9356.453346,59.349631,100,39,54
8504.792245,31.235578,100,39,54
6136.739618,50.418575,100,39,54
