Distance,Tx Power,Bandwidth,Subband BW,Subband Offset
7242.006983,44.523689,100,84,12
3547.509145,26.144050,100,84,12
9397.750146,47.596061,100,84,12
6098.508868,46.171856,100,84,12
4430.061912,48.362346,100,84,12
