Distance,Tx Power,Bandwidth,Subband BW,Subband Offset
1389.258163,27.319218,50,25,6
9528.573446,26.945191,50,25,6
6657.800681,37.210675,50,25,6
5352.957052,36.298800,50,25,6
3056.780053,33.582030,50,25,6
