Distance,Tx Power,Bandwidth,Subband BW,Subband Offset
5121.937931,57.613180,75,24,42
3980.021227,30.513047,75,24,42
8861.001042,31.962991,75,24,42
5974.097810,58.836800,75,24,42
3150.681460,44.742731,75,24,42
