Distance,Tx Power,Bandwidth,Subband BW,Subband Offset
4706.763153,31.379758,75,26,47
8434.269378,51.816394,75,26,47
5547.632629,55.170993,75,26,47
5077.384289,54.879582,75,26,47
8180.666223,23.668702,75,26,47
