Distance,Tx Power,Bandwidth,Subband BW,Subband Offset
2901.087806,43.347059,50,29,0
813.228684,27.708482,50,29,0
7317.673395,36.470405,50,29,0
5425.342136,59.310009,50,29,0
3973.532568,53.006075,50,29,0
