Distance,Tx Power,Bandwidth,Subband BW,Subband Offset
4094.181200,22.552266,50,7,16
8709.652583,52.394060,50,7,16
6912.031324,55.569665,50,7,16
1258.058380,56.397075,50,7,16
1318.282922,47.606936,50,7,16
