Distance,Tx Power,Bandwidth,Subband BW,Subband Offset
4543.449975,25.276152,25,17,1
6550.250307,40.295923,25,17,1
616.945029,20.834742,25,17,1
1561.488752,21.455708,25,17,1
5946.349723,48.773992,25,17,1
