Distance,Tx Power,Bandwidth,Subband BW,Subband Offset
8861.462269,29.978955,15,6,5
8958.989393,19.205765,15,6,5
8753.282787,35.511545,15,6,5
398.165683,41.838006,15,6,5
4132.021078,52.106947,15,6,5
