Distance,Tx Power,Bandwidth,Subband BW,Subband Offset
5606.075552,54.417447,100,15,59
8275.903419,49.793185,100,15,59
4519.123709,34.280674,100,15,59
8073.457978,30.219444,100,15,59
1956.144092,26.107479,100,15,59
