Distance,Tx Power,Bandwidth,Subband BW,Subband Offset
1722.221860,25.685110,75,42,8
432.402096,48.414294,75,42,8
3603.642472,37.591560,75,42,8
4064.499498,51.130326,75,42,8
6330.645126,33.446595,75,42,8
