Distance,Tx Power,Bandwidth,Subband BW,Subband Offset
5027.632511,58.575956,25,18,1
4434.354603,59.190553,25,18,1
5220.206216,57.797978,25,18,1
716.299219,46.860719,25,18,1
1323.150003,20.531075,25,18,1
