Distance,Tx Power,Bandwidth,Subband BW,Subband Offset
7998.825944,40.240663,25,8,10
2531.922492,58.577182,25,8,10
4168.734692,47.865856,25,8,10
7933.490000,52.272213,25,8,10
8856.476135,15.942922,25,8,10
