Distance,Tx Power,Bandwidth,Subband BW,Subband Offset
3898.777244,22.892009,50,34,11
9833.492433,43.048961,50,34,11
2516.262845,28.982828,50,34,11
