Distance,Tx Power,Bandwidth,Subband BW,Subband Offset
8456.705181,42.894829,75,16,7
5002.661535,21.993520,75,16,7
2916.197183,16.769277,75,16,7
