Distance,Tx Power,Bandwidth,Subband BW,Subband Offset
8627.589147,51.915897,100,9,40
9728.677549,58.118248,100,9,40
1179.930510,37.016473,100,9,40
