Distance,Tx Power,Bandwidth,Subband BW,Subband Offset
6519.891842,41.252483,100,58,30
5301.889770,43.622301,100,58,30
2100.119920,38.996831,100,58,30
