Distance,Tx Power,Bandwidth,Subband BW,Subband Offset
769.554777,33.675283,100,8,73
3640.120654,16.521735,100,8,73
7838.149913,24.130754,100,8,73
