Distance,Tx Power,Bandwidth,Subband BW,Subband Offset
2895.688755,18.800377,50,8,23
6770.585115,58.962061,50,8,23
1549.959413,28.706107,50,8,23
