Distance,Tx Power,Bandwidth,Subband BW,Subband Offset
1153.047661,27.127215,15,10,5
2675.706399,57.898696,15,10,5
8916.946993,34.643574,15,10,5
