Distance,Tx Power,Bandwidth,Subband BW,Subband Offset
4945.292491,22.004319,100,30,54
1699.985341,57.242221,100,30,54
7896.051428,30.918126,100,30,54
