Distance,Tx Power,Bandwidth,Subband BW,Subband Offset
2058.998279,19.170884,75,35,34
5446.736214,16.390878,75,35,34
7466.765613,29.008642,75,35,34
