Distance,Tx Power,Bandwidth,Subband BW,Subband Offset
3398.302292,48.377577,50,25,4
3192.322480,49.574033,50,25,4
3007.159008,50.260149,50,25,4
