Distance,Tx Power,Bandwidth,Subband BW,Subband Offset
2196.745108,37.340106,100,7,76
9694.621750,22.404056,100,7,76
9534.498792,56.713546,100,7,76
