Distance,Tx Power,Bandwidth,Subband BW,Subband Offset
5994.327709,30.804085,75,28,46
130.635278,46.653296,75,28,46
5001.092512,35.862364,75,28,46
