Distance,Tx Power,Bandwidth,Subband BW,Subband Offset
9251.495354,35.654451,75,6,36
6036.208762,40.206391,75,6,36
8427.114651,54.138870,75,6,36
