Distance,Tx Power,Bandwidth,Subband BW,Subband Offset
3529.847347,46.328925,75,39,26
5784.670473,36.620295,75,39,26
3773.913188,18.351776,75,39,26
