Distance,Tx Power,Bandwidth,Subband BW,Subband Offset
5253.206837,34.417274,15,9,6
8944.232311,27.993878,15,9,6
491.647999,31.545093,15,9,6
