Distance,Tx Power,Bandwidth,Subband BW,Subband Offset
4820.563285,57.291104,25,7,16
7024.896584,46.717267,25,7,16
340.339242,32.921456,25,7,16
