Distance,Tx Power,Bandwidth,Subband BW,Subband Offset
4541.378531,23.638261,25,17,4
8293.200659,23.633763,25,17,4
623.891334,35.987356,25,17,4
