Distance,Tx Power,Bandwidth,Subband BW,Subband Offset
7624.812085,37.600538,50,23,27
4354.137078,55.582756,50,23,27
382.864583,16.631345,50,23,27
