Distance,Tx Power,Bandwidth,Subband BW,Subband Offset
6895.020766,58.837988,15,8,1
5014.691874,20.235429,15,8,1
3639.515418,58.578522,15,8,1
