Distance,Tx Power,Bandwidth,Subband BW,Subband Offset
6478.684361,21.538492,100,31,16
653.766273,54.149804,100,31,16
3295.623210,48.324625,100,31,16
