Distance,Tx Power,Bandwidth,Subband BW,Subband Offset
657.580156,42.774516,15,14,0
2220.231084,27.176575,15,14,0
2028.621645,32.028207,15,14,0
