Distance,Tx Power,Bandwidth,Subband BW,Subband Offset
3045.844620,43.954184,50,12,29
7426.721929,32.374186,50,12,29
3062.006431,53.873428,50,12,29
