Distance,Tx Power,Bandwidth,Subband BW,Subband Offset
3730.555708,38.320373,100,15,7
4722.735253,46.201003,100,15,7
9434.980957,27.004546,100,15,7
