Distance,Tx Power,Bandwidth,Subband BW,Subband Offset
3857.477237,15.334727,50,18,8
7615.611343,53.309287,50,18,8
2836.366845,31.853972,50,18,8
