Distance,Tx Power,Bandwidth,Subband BW,Subband Offset
278.918846,39.822946,100,33,47
6056.881018,34.739585,100,33,47
150.829539,15.585989,100,33,47
