Distance,Tx Power,Bandwidth,Subband BW,Subband Offset
3723.592671,15.993632,50,9,16
8284.069569,53.179903,50,9,16
4217.764596,59.085242,50,9,16
