Distance,Tx Power,Bandwidth,Subband BW,Subband Offset
8239.167237,15.074737,25,11,12
5793.778905,34.433683,25,11,12
8199.029317,30.916363,25,11,12
