Distance,Tx Power,Bandwidth,Subband BW,Subband Offset
7629.016664,23.401898,15,6,3
639.681005,29.428487,15,6,3
4377.976988,29.428727,15,6,3
