Distance,Tx Power,Bandwidth,Subband BW,Subband Offset
5364.849514,26.842946,15,7,0
4645.790583,19.915806,15,7,0
1005.677851,29.576895,15,7,0
