Distance,Tx Power,Bandwidth,Subband BW,Subband Offset
2175.703345,40.283656,100,12,4
1299.278247,23.305157,100,12,4
512.992525,56.121503,100,12,4
