Distance,Tx Power,Bandwidth,Subband BW,Subband Offset
8806.998796,26.322891,25,8,3
4534.080339,32.300735,25,8,3
4341.849195,25.203681,25,8,3
