Distance,Tx Power,Bandwidth,Subband BW,Subband Offset
7323.698194,53.575428,15,13,1
225.487870,18.737244,15,13,1
5641.262495,28.194895,15,13,1
