Distance,Tx Power,Bandwidth,Subband BW,Subband Offset
6782.111122,58.864450,100,9,75
6280.010055,35.570829,100,9,75
9949.915802,53.013636,100,9,75
