Distance,Tx Power,Bandwidth,Subband BW,Subband Offset
8940.257244,55.201281,25,19,0
881.808763,58.270324,25,19,0
8372.598456,53.545602,25,19,0
