Distance,Tx Power,Bandwidth,Subband BW,Subband Offset
7351.107722,24.401941,15,6,2
7886.996399,22.754244,15,6,2
3989.360911,57.116732,15,6,2
