Distance,Tx Power,Bandwidth,Subband BW,Subband Offset
4868.190064,39.461607,100,13,1
6274.181085,43.043076,100,13,1
5244.686747,50.443829,100,13,1
