Distance,Tx Power,Bandwidth,Subband BW,Subband Offset
8944.538128,45.820312,50,19,9
6993.961680,19.489028,50,19,9
2177.955963,51.890603,50,19,9
