Distance,Tx Power,Bandwidth,Subband BW,Subband Offset
7481.980529,57.811454,100,26,3
3100.684770,56.765183,100,26,3
6768.270910,44.318769,100,26,3
