Distance,Tx Power,Bandwidth,Subband BW,Subband Offset
2625.784058,47.394524,100,49,28
4522.978622,31.987618,100,49,28
8723.380463,30.381938,100,49,28
