Distance,Tx Power,Bandwidth,Subband BW,Subband Offset
3404.747983,39.705657,25,22,1
5726.357599,18.794270,25,22,1
4627.581510,38.960776,25,22,1
