Distance,Tx Power,Bandwidth,Subband BW,Subband Offset
8743.123770,36.317203,50,10,35
6013.369194,49.117496,50,10,35
4233.660385,23.749702,50,10,35
