Distance,Tx Power,Bandwidth,Subband BW,Subband Offset
6879.277071,19.439384,75,45,3
1979.168455,25.092236,75,45,3
7848.802286,28.801815,75,45,3
