Distance,Tx Power,Bandwidth,Subband BW,Subband Offset
5618.920072,52.324767,75,25,15
1658.095032,53.359179,75,25,15
9107.095889,18.366621,75,25,15
