Distance,Tx Power,Bandwidth,Subband BW,Subband Offset
9856.819380,37.545913,100,10,17
1273.942330,32.677535,100,10,17
816.688277,42.419664,100,10,17
