Distance,Tx Power,Bandwidth,Subband BW,Subband Offset
3812.163707,37.112745,75,21,7
1868.757966,38.224257,75,21,7
7221.946740,33.686788,75,21,7
