Distance,Tx Power,Bandwidth,Subband BW,Subband Offset
5516.704871,17.908221,75,29,35
279.462085,48.916576,75,29,35
1521.324383,57.237644,75,29,35
