Distance,Tx Power,Bandwidth,Subband BW,Subband Offset
4459.780213,56.030610,75,22,15
2961.431776,32.287927,75,22,15
7111.694584,24.013472,75,22,15
