Distance,Tx Power,Bandwidth,Subband BW,Subband Offset
5141.620609,44.483009,15,6,9
3634.078580,52.018220,15,6,9
8657.590848,15.473871,15,6,9
