Distance,Tx Power,Bandwidth,Subband BW,Subband Offset
1326.307213,51.280807,25,20,0
7687.860626,37.869282,25,20,0
4596.994599,57.126843,25,20,0
