Distance,Tx Power,Bandwidth,Subband BW,Subband Offset
788.045992,30.951040,25,14,1
321.747658,27.577943,25,14,1
7506.217978,47.319581,25,14,1
