Distance,Tx Power,Bandwidth,Subband BW,Subband Offset
6528.550886,43.973445,50,40,0
569.026848,38.031034,50,40,0
9781.887298,17.833734,50,40,0
