Distance,Tx Power,Bandwidth,Subband BW,Subband Offset
5045.837910,48.394719,50,24,13
8468.003080,48.099527,50,24,13
2307.357253,25.857373,50,24,13
