Distance,Tx Power,Bandwidth,Subband BW,Subband Offset
7505.447899,21.903354,50,16,11
5995.805300,55.205168,50,16,11
4853.310678,34.638502,50,16,11
