Distance,Tx Power,Bandwidth,Subband BW,Subband Offset
6592.626929,46.928036,75,62,6
4192.621798,59.543700,75,62,6
3216.485846,17.160085,75,62,6
