Distance,Tx Power,Bandwidth,Subband BW,Subband Offset
2012.498452,34.438638,75,14,3
7108.497414,54.091520,75,14,3
2588.035320,46.685515,75,14,3
