Distance,Tx Power,Bandwidth,Subband BW,Subband Offset
513.679035,41.891129,75,34,13
8055.725936,51.001445,75,34,13
4824.371689,29.042433,75,34,13
