Distance,Tx Power,Bandwidth,Subband BW,Subband Offset
3459.672965,38.623288,100,14,65
4330.062600,44.560939,100,14,65
2301.614757,36.428306,100,14,65
