Distance,Tx Power,Bandwidth,Subband BW,Subband Offset
1084.953774,29.398094,50,17,31
6473.375117,28.361587,50,17,31
2104.300223,17.565281,50,17,31
