Distance,Tx Power,Bandwidth,Subband BW,Subband Offset
5470.193757,48.017494,75,43,21
4147.069422,27.275425,75,43,21
7196.904975,42.820657,75,43,21
