Distance,Tx Power,Bandwidth,Subband BW,Subband Offset
2764.422772,44.282509,25,9,8
4639.457541,57.981594,25,9,8
4237.144038,59.852185,25,9,8
