Distance,Tx Power,Bandwidth,Subband BW,Subband Offset
6180.126232,42.211202,15,7,8
2132.360626,42.950635,15,7,8
4755.102146,25.972388,15,7,8
