Distance,Tx Power,Bandwidth,Subband BW,Subband Offset
9205.039535,35.023524,75,35,5
7229.122984,24.266565,75,35,5
4847.816518,47.768930,75,35,5
