Distance,Tx Power,Bandwidth,Subband BW,Subband Offset
7331.390441,20.464432,100,22,73
2237.323675,24.971499,100,22,73
8226.461213,50.583460,100,22,73
