Distance,Tx Power,Bandwidth,Subband BW,Subband Offset
5753.393568,41.602940,50,24,8
3249.169201,16.202026,50,24,8
8856.003281,24.312651,50,24,8
