Distance,Tx Power,Bandwidth,Subband BW,Subband Offset
7645.250711,20.680773,100,42,18
9884.802447,28.672254,100,42,18
1995.710136,59.669007,100,42,18
