Distance,Tx Power,Bandwidth,Subband BW,Subband Offset
8178.239092,50.347625,100,57,27
8320.588238,49.168153,100,57,27
971.043352,24.665986,100,57,27
