Distance,Tx Power,Bandwidth,Subband BW,Subband Offset
4970.031047,26.406626,75,58,15
7961.110344,42.094317,75,58,15
4148.967052,46.225299,75,58,15
