Distance,Tx Power,Bandwidth,Subband BW,Subband Offset
4194.174450,40.967347,15,12,3
8177.631205,56.579380,15,12,3
5092.726207,41.404950,15,12,3
