Distance,Tx Power,Bandwidth,Subband BW,Subband Offset
3484.244117,35.066566,75,10,11
5324.962559,25.885816,75,10,11
1587.379912,55.147847,75,10,11
