Distance,Tx Power,Bandwidth,Subband BW,Subband Offset
5275.273436,32.361602,75,24,37
301.870151,51.441504,75,24,37
5989.855331,37.567199,75,24,37
