Distance,Tx Power,Bandwidth,Subband BW,Subband Offset
565.860482,55.394982,50,21,27
4289.895433,54.489384,50,21,27
9454.811306,32.142624,50,21,27
