Distance,Tx Power,Bandwidth,Subband BW,Subband Offset
3432.847820,23.133725,75,34,28
8017.686009,57.690571,75,34,28
338.061726,24.981444,75,34,28
