Distance,Tx Power,Bandwidth,Subband BW,Subband Offset
8577.282745,50.117838,75,38,6
4203.040330,35.172321,75,38,6
3019.087348,59.554902,75,38,6
