Distance,Tx Power,Bandwidth,Subband BW,Subband Offset
4611.888937,50.687099,15,7,2
4636.573268,33.225087,15,7,2
3175.465680,34.957164,15,7,2
