Distance,Tx Power,Bandwidth,Subband BW,Subband Offset
7288.857272,31.313812,75,7,38
4285.075439,52.431816,75,7,38
5596.091927,40.125025,75,7,38
