Distance,Tx Power,Bandwidth,Subband BW,Subband Offset
8977.579640,26.065596,75,25,25
3298.104912,50.548151,75,25,25
3928.165294,39.117189,75,25,25
