Distance,Tx Power,Bandwidth,Subband BW,Subband Offset
9437.885783,44.630895,75,29,18
9781.827275,21.360399,75,29,18
7216.975250,43.056917,75,29,18
