Distance,Tx Power,Bandwidth,Subband BW,Subband Offset
4059.368177,48.233928,50,16,14
9293.223158,19.213305,50,16,14
7243.929817,41.043032,50,16,14
