Distance,Tx Power,Bandwidth,Subband BW,Subband Offset
5623.472417,42.451708,25,15,6
1331.318915,27.640089,25,15,6
7887.979112,19.762113,25,15,6
