Distance,Tx Power,Bandwidth,Subband BW,Subband Offset
1711.512529,44.215987,100,32,58
2248.521534,30.671756,100,32,58
1793.220968,35.917315,100,32,58
