Distance,Tx Power,Bandwidth,Subband BW,Subband Offset
9037.953951,34.610503,75,47,23
5579.139081,49.217191,75,47,23
570.509084,16.227185,75,47,23
