Distance,Tx Power,Bandwidth,Subband BW,Subband Offset
656.411429,23.643271,75,35,29
390.856182,57.713316,75,35,29
3700.100117,40.150484,75,35,29
