Distance,Tx Power,Bandwidth,Subband BW,Subband Offset
8516.639838,42.627012,75,14,51
1741.496766,37.500444,75,14,51
1359.755278,31.574377,75,14,51
