Distance,Tx Power,Bandwidth,Subband BW,Subband Offset
7168.171829,31.233496,100,23,34
6814.943513,35.879764,100,23,34
5861.958485,34.205053,100,23,34
