Distance,Tx Power,Bandwidth,Subband BW,Subband Offset
4762.129522,45.843547,100,84,8
4535.456812,34.197277,100,84,8
7504.797158,40.143318,100,84,8
