Distance,Tx Power,Bandwidth,Subband BW,Subband Offset
1768.827544,56.722398,100,49,16
9977.126914,22.899739,100,49,16
2495.694325,47.633033,100,49,16
