Distance,Tx Power,Bandwidth,Subband BW,Subband Offset
609.348383,58.596329,50,9,6
5023.004767,16.190670,50,9,6
3375.485217,52.949904,50,9,6
