Distance,Tx Power,Bandwidth,Subband BW,Subband Offset
9999.219409,58.561594,100,72,9
2360.226438,30.688519,100,72,9
484.400630,21.559041,100,72,9
