Distance,Tx Power,Bandwidth,Subband BW,Subband Offset
1124.345142,36.113519,15,6,4
8800.369302,46.268246,15,6,4
9720.954661,18.995159,15,6,4
