Distance,Tx Power,Bandwidth,Subband BW,Subband Offset
7218.618450,16.888246,15,6,9
766.002870,41.316343,15,6,9
5638.892302,19.206245,15,6,9
