Distance,Tx Power,Bandwidth,Subband BW,Subband Offset
3638.843906,47.973109,100,21,32
1041.900278,39.994897,100,21,32
4216.745860,16.027581,100,21,32
