Distance,Tx Power,Bandwidth,Subband BW,Subband Offset
6069.567068,22.119523,75,46,6
3918.275613,56.218290,75,46,6
934.292693,41.939212,75,46,6
