Distance,Tx Power,Bandwidth,Subband BW,Subband Offset
4235.855227,51.151060,100,65,33
2564.892241,47.959801,100,65,33
1616.125741,28.301208,100,65,33
