Distance,Tx Power,Bandwidth,Subband BW,Subband Offset
8842.466584,21.400969,100,60,17
7513.887558,58.932165,100,60,17
895.833622,51.993661,100,60,17
