Distance,Tx Power,Bandwidth,Subband BW,Subband Offset
7622.316795,35.501308,75,14,30
1982.722837,22.691723,75,14,30
7057.627217,57.459275,75,14,30
