Distance,Tx Power,Bandwidth,Subband BW,Subband Offset
6067.374116,33.930980,25,10,8
1501.883831,29.791595,25,10,8
3935.951809,56.761014,25,10,8
