Distance,Tx Power,Bandwidth,Subband BW,Subband Offset
5934.674154,53.511382,50,24,23
4793.588967,35.995735,50,24,23
8289.259271,50.756381,50,24,23
