Distance,Tx Power,Bandwidth,Subband BW,Subband Offset
8349.098264,33.661310,25,15,7
5728.601469,56.563158,25,15,7
5232.226852,37.451258,25,15,7
