Distance,Tx Power,Bandwidth,Subband BW,Subband Offset
9666.316862,36.247788,75,14,35
4246.033960,57.343137,75,14,35
5450.605676,19.349079,75,14,35
