Distance,Tx Power,Bandwidth,Subband BW,Subband Offset
1482.026110,53.603379,25,6,7
7928.416429,34.649864,25,6,7
615.068523,50.818650,25,6,7
