Distance,Tx Power,Bandwidth,Subband BW,Subband Offset
7320.012046,51.109125,25,11,3
2534.148030,21.206242,25,11,3
7787.358329,47.707374,25,11,3
