Distance,Tx Power,Bandwidth,Subband BW,Subband Offset
2821.856799,41.750572,100,30,48
6283.750151,30.881406,100,30,48
661.483946,19.506087,100,30,48
