Distance,Tx Power,Bandwidth,Subband BW,Subband Offset
2071.542442,18.463022,75,30,12
4646.266652,23.584713,75,30,12
9035.584681,20.687209,75,30,12
