Distance,Tx Power,Bandwidth,Subband BW,Subband Offset
2004.609596,42.096875,15,6,6
3481.994515,18.049514,15,6,6
2715.187414,23.483473,15,6,6
