Distance,Tx Power,Bandwidth,Subband BW,Subband Offset
6936.545371,42.619298,50,13,11
9969.539175,24.837420,50,13,11
7559.382292,44.997379,50,13,11
