Distance,Tx Power,Bandwidth,Subband BW,Subband Offset
7748.292483,48.211633,50,11,34
629.033155,43.979927,50,11,34
379.009254,17.246781,50,11,34
