Distance,Tx Power,Bandwidth,Subband BW,Subband Offset
5564.913992,26.457593,15,6,6
1287.128158,39.448552,15,6,6
5652.918036,16.915983,15,6,6
