Distance,Tx Power,Bandwidth,Subband BW,Subband Offset
3604.958113,22.467206,50,12,11
8951.815299,26.401904,50,12,11
4407.129198,36.970548,50,12,11
