Distance,Tx Power,Bandwidth,Subband BW,Subband Offset
4978.139804,51.710788,25,6,3
9198.347447,33.203001,25,6,3
2518.881465,50.106172,25,6,3
