Distance,Tx Power,Bandwidth,Subband BW,Subband Offset
6584.487279,48.464355,50,19,2
4623.685407,22.228897,50,19,2
408.883250,52.696684,50,19,2
