Distance,Tx Power,Bandwidth,Subband BW,Subband Offset
1210.264218,31.984211,15,12,0
9475.526828,30.546728,15,12,0
5404.354590,34.470843,15,12,0
