Distance,Tx Power,Bandwidth,Subband BW,Subband Offset
9182.346589,22.102509,100,81,6
1979.077777,52.788025,100,81,6
1266.104311,45.159069,100,81,6
