Distance,Tx Power,Bandwidth,Subband BW,Subband Offset
5017.523030,47.471775,100,7,80
5183.384358,38.853939,100,7,80
8597.137873,40.252470,100,7,80
