Distance,Tx Power,Bandwidth,Subband BW,Subband Offset
2983.402339,59.103424,75,16,41
6534.669175,19.459644,75,16,41
1326.407718,49.036173,75,16,41
