Distance,Tx Power,Bandwidth,Subband BW,Subband Offset
5391.961617,59.439020,75,56,19
9803.778405,24.355642,75,56,19
9102.706982,55.583983,75,56,19
