Distance,Tx Power,Bandwidth,Subband BW,Subband Offset
934.128738,35.688802,50,13,37
5309.389392,24.350233,50,13,37
4401.819922,51.001370,50,13,37
