Distance,Tx Power,Bandwidth,Subband BW,Subband Offset
4034.537971,36.097989,25,21,0
934.513343,30.148598,25,21,0
4955.176375,29.678904,25,21,0
