Distance,Tx Power,Bandwidth,Subband BW,Subband Offset
4040.946802,22.843575,50,7,21
3231.341529,30.232547,50,7,21
1864.519307,23.902334,50,7,21
