Distance,Tx Power,Bandwidth,Subband BW,Subband Offset
5253.027521,43.348562,25,8,13
7078.852054,47.249869,25,8,13
8028.734356,18.877635,25,8,13
