Distance,Tx Power,Bandwidth,Subband BW,Subband Offset
4361.741889,37.827781,75,12,26
3649.683457,56.196904,75,12,26
3037.565546,55.520297,75,12,26
