Distance,Tx Power,Bandwidth,Subband BW,Subband Offset
7925.550155,59.698810,15,6,2
5073.854107,24.400485,15,6,2
7123.519163,24.797632,15,6,2
