Distance,Tx Power,Bandwidth,Subband BW,Subband Offset
3234.682400,35.823884,50,23,15
6768.458531,42.516169,50,23,15
9022.303001,30.359659,50,23,15
