Distance,Tx Power,Bandwidth,Subband BW,Subband Offset
2367.063540,44.008952,100,55,25
5819.484038,41.029938,100,55,25
6329.254917,19.100664,100,55,25
