Distance,Tx Power,Bandwidth,Subband BW,Subband Offset
2149.981464,49.780223,100,36,62
464.675608,44.824083,100,36,62
2530.248858,44.604882,100,36,62
