Distance,Tx Power,Bandwidth,Subband BW,Subband Offset
4077.215516,45.478864,100,8,79
5784.479178,42.609819,100,8,79
9893.406844,54.667710,100,8,79
