Distance,Tx Power,Bandwidth,Subband BW,Subband Offset
4106.906323,56.437657,50,33,17
9029.696908,45.972183,50,33,17
7340.899903,38.612539,50,33,17
