Distance,Tx Power,Bandwidth,Subband BW,Subband Offset
3753.795520,55.388961,75,25,33
8990.391706,21.422185,75,25,33
6657.350883,33.844747,75,25,33
