Distance,Tx Power,Bandwidth,Subband BW,Subband Offset
4688.626932,38.911433,25,16,4
175.239165,54.286056,25,16,4
6940.634651,42.544763,25,16,4
