Distance,Tx Power,Bandwidth,Subband BW,Subband Offset
8390.840538,58.221669,25,18,5
663.985362,23.616517,25,18,5
8802.314019,43.169217,25,18,5
