Distance,Tx Power,Bandwidth,Subband BW,Subband Offset
7059.192099,46.976006,75,15,58
1136.391601,17.197129,75,15,58
4435.695578,28.105330,75,15,58
