Distance,Tx Power,Bandwidth,Subband BW,Subband Offset
7926.519617,33.674737,25,15,8
4218.153672,41.638534,25,15,8
6187.771941,56.987865,25,15,8
