Distance,Tx Power,Bandwidth,Subband BW,Subband Offset
4344.597046,37.866023,100,47,44
3037.137741,48.933966,100,47,44
2617.755161,17.368950,100,47,44
