Distance,Tx Power,Bandwidth,Subband BW,Subband Offset
3331.287546,49.921725,100,75,1
1402.889842,17.387735,100,75,1
7727.291236,19.319176,100,75,1
