Distance,Tx Power,Bandwidth,Subband BW,Subband Offset
2147.837300,52.480558,15,6,4
2532.849413,17.486284,15,6,4
9052.758978,54.537542,15,6,4
