Distance,Tx Power,Bandwidth,Subband BW,Subband Offset
5700.854075,31.787955,15,11,3
7562.516206,29.796127,15,11,3
8655.595227,53.111045,15,11,3
