Distance,Tx Power,Bandwidth,Subband BW,Subband Offset
4210.183256,30.983228,15,14,0
9179.024209,35.709697,15,14,0
7821.501179,28.922255,15,14,0
