Distance,Tx Power,Bandwidth,Subband BW,Subband Offset
7345.828691,57.375680,50,27,6
4020.480881,15.157560,50,27,6
9455.797785,48.642603,50,27,6
