Distance,Tx Power,Bandwidth,Subband BW,Subband Offset
8680.455260,40.450763,15,15,0
7594.793211,30.017443,15,15,0
2710.439231,48.022729,15,15,0
