Distance,Tx Power,Bandwidth,Subband BW,Subband Offset
7811.850293,55.972911,15,11,1
1122.872145,48.839284,15,11,1
8675.823368,56.429412,15,11,1
