Distance,Tx Power,Bandwidth,Subband BW,Subband Offset
7465.771440,56.030212,75,47,20
3958.392856,46.223722,75,47,20
3578.780269,52.054020,75,47,20
