Distance,Tx Power,Bandwidth,Subband BW,Subband Offset
7308.815058,44.580241,75,36,17
4834.446469,39.303271,75,36,17
8370.427772,30.634587,75,36,17
