Distance,Tx Power,Bandwidth,Subband BW,Subband Offset
3531.694134,16.099317,100,14,2
7852.341233,15.987804,100,14,2
8716.119507,33.615563,100,14,2
