Distance,Tx Power,Bandwidth,Subband BW,Subband Offset
5216.990733,31.304129,50,18,21
6048.119204,31.434807,50,18,21
2489.427852,20.495886,50,18,21
