Distance,Tx Power,Bandwidth,Subband BW,Subband Offset
3949.908549,51.364403,50,31,19
2650.650203,24.002947,50,31,19
3375.059990,49.701240,50,31,19
