Distance,Tx Power,Bandwidth,Subband BW,Subband Offset
9077.953004,27.933743,100,11,47
4074.063523,49.592376,100,11,47
452.795826,25.464803,100,11,47
