Distance,Tx Power,Bandwidth,Subband BW,Subband Offset
9232.782015,20.871740,100,57,28
5402.003001,53.996694,100,57,28
2183.176885,17.034759,100,57,28
