Distance,Tx Power,Bandwidth,Subband BW,Subband Offset
3586.443747,33.915319,100,27,36
6871.165192,20.142350,100,27,36
6326.898625,27.360346,100,27,36
