Distance,Tx Power,Bandwidth,Subband BW,Subband Offset
4499.084491,20.384699,100,57,5
5179.484474,38.012126,100,57,5
8929.223797,34.311522,100,57,5
