Distance,Tx Power,Bandwidth,Subband BW,Subband Offset
5355.904396,42.455018,50,38,10
1596.468229,32.288603,50,38,10
9650.515390,52.483208,50,38,10
