Distance,Tx Power,Bandwidth,Subband BW,Subband Offset
7670.013980,44.739531,50,31,7
1989.870574,32.292674,50,31,7
3757.762427,22.393379,50,31,7
