Distance,Tx Power,Bandwidth,Subband BW,Subband Offset
8178.727806,31.303960,15,7,3
7208.323156,57.099831,15,7,3
8075.548399,54.316632,15,7,3
