Distance,Tx Power,Bandwidth,Subband BW,Subband Offset
7295.042181,52.284743,50,11,24
8729.545474,33.616878,50,11,24
4300.014290,37.870150,50,11,24
