Distance,Tx Power,Bandwidth,Subband BW,Subband Offset
523.674577,43.242066,50,17,29
7483.976015,35.549697,50,17,29
4749.095956,39.280578,50,17,29
