Distance,Tx Power,Bandwidth,Subband BW,Subband Offset
359.599222,17.282513,75,44,27
6151.052900,42.624335,75,44,27
937.361567,20.686332,75,44,27
