Distance,Tx Power,Bandwidth,Subband BW,Subband Offset
7028.427704,29.510769,50,11,22
2533.460722,49.563954,50,11,22
5700.201077,23.469935,50,11,22
