Distance,Tx Power,Bandwidth,Subband BW,Subband Offset
5842.015051,50.862662,15,8,3
5839.988102,16.878584,15,8,3
2281.917964,38.746854,15,8,3
