Distance,Tx Power,Bandwidth,Subband BW,Subband Offset
3233.827996,50.992910,15,8,6
2825.201897,52.241161,15,8,6
898.141537,15.027047,15,8,6
