Distance,Tx Power,Bandwidth,Subband BW,Subband Offset
768.825016,56.902957,25,6,15
6643.254174,49.495394,25,6,15
9465.957748,19.866609,25,6,15
