Distance,Tx Power,Bandwidth,Subband BW,Subband Offset
4453.918235,50.545453,25,14,7
9647.763315,37.075925,25,14,7
1944.353108,20.198750,25,14,7
