Distance,Tx Power,Bandwidth,Subband BW,Subband Offset
2443.631870,20.421564,15,13,1
1540.358561,45.193490,15,13,1
1244.741907,44.648283,15,13,1
