Distance,Tx Power,Bandwidth,Subband BW,Subband Offset
9002.798009,38.225104,25,9,14
6369.597579,19.505200,25,9,14
3011.399850,21.132710,25,9,14
