Distance,Tx Power,Bandwidth,Subband BW,Subband Offset
4538.373618,27.744112,100,34,28
7568.228920,28.942833,100,34,28
8417.552789,26.327627,100,34,28
