Distance,Tx Power,Bandwidth,Subband BW,Subband Offset
7343.713398,36.750742,100,25,50
8759.933423,57.452562,100,25,50
2038.922307,18.668684,100,25,50
