Distance,Tx Power,Bandwidth,Subband BW,Subband Offset
1249.537172,47.669634,100,32,6
793.857354,41.519337,100,32,6
3174.046470,16.895101,100,32,6
