Distance,Tx Power,Bandwidth,Subband BW,Subband Offset
5123.664181,41.232782,100,42,52
2644.073346,17.224406,100,42,52
4443.064578,54.794599,100,42,52
