Distance,Tx Power,Bandwidth,Subband BW,Subband Offset
5313.337038,34.060763,75,51,17
1464.600898,17.458606,75,51,17
1453.681008,51.425930,75,51,17
