Distance,Tx Power,Bandwidth,Subband BW,Subband Offset
6200.862235,27.392033,75,40,23
6217.861272,47.605761,75,40,23
3546.541185,27.542105,75,40,23
