Distance,Tx Power,Bandwidth,Subband BW,Subband Offset
7942.013368,42.579733,15,14,1
6074.350097,17.668896,15,14,1
360.259278,29.719161,15,14,1
