Distance,Tx Power,Bandwidth,Subband BW,Subband Offset
6252.185524,49.458247,75,11,56
7030.717039,21.664291,75,11,56
1631.588643,25.450505,75,11,56
