Distance,Tx Power,Bandwidth,Subband BW,Subband Offset
8449.931479,35.621986,50,11,21
1440.457608,26.161594,50,11,21
3365.867989,58.550539,50,11,21
