Distance,Tx Power,Bandwidth,Subband BW,Subband Offset
828.452863,37.835218,100,77,23
4786.433705,22.690146,100,77,23
6477.915860,44.905844,100,77,23
