Distance,Tx Power,Bandwidth,Subband BW,Subband Offset
1891.462203,54.270553,15,6,5
2967.508091,58.833152,15,6,5
7012.708566,30.639932,15,6,5
