Distance,Tx Power,Bandwidth,Subband BW,Subband Offset
7671.372587,36.894250,75,51,8
8531.901167,26.669755,75,51,8
3310.155239,45.880223,75,51,8
