Distance,Tx Power,Bandwidth,Subband BW,Subband Offset
2432.293242,58.273387,50,11,3
500.070924,49.094257,50,11,3
3070.775575,49.867488,50,11,3
