Distance,Tx Power,Bandwidth,Subband BW,Subband Offset
2458.174063,17.747393,25,6,13
6669.529900,38.356193,25,6,13
4129.487961,37.205717,25,6,13
