Distance,Tx Power,Bandwidth,Subband BW,Subband Offset
3965.374821,40.090848,75,24,38
2615.828376,44.385598,75,24,38
2202.329253,19.087512,75,24,38
