Distance,Tx Power,Bandwidth,Subband BW,Subband Offset
340.066618,36.651289,50,30,5
5798.509240,50.690024,50,30,5
1023.727932,19.042456,50,30,5
