Distance,Tx Power,Bandwidth,Subband BW,Subband Offset
1240.568639,54.574068,15,9,1
8984.205110,25.384679,15,9,1
2017.542177,36.635181,15,9,1
