Distance,Tx Power,Bandwidth,Subband BW,Subband Offset
2729.707096,16.177541,75,19,56
338.888369,36.478696,75,19,56
1238.412035,20.595105,75,19,56
