Distance,Tx Power,Bandwidth,Subband BW,Subband Offset
9871.292278,25.431838,15,8,5
2129.053353,28.670388,15,8,5
2068.266294,23.165593,15,8,5
