Distance,Tx Power,Bandwidth,Subband BW,Subband Offset
7452.229066,55.716517,100,38,9
5262.761914,30.369428,100,38,9
6960.087115,31.906090,100,38,9
