Distance,Tx Power,Bandwidth,Subband BW,Subband Offset
5239.329961,28.044893,50,39,11
6842.632003,43.456160,50,39,11
5538.364793,21.700771,50,39,11
