Distance,Tx Power,Bandwidth,Subband BW,Subband Offset
9180.522856,53.563502,75,21,13
7623.210111,19.465337,75,21,13
3121.289953,37.830371,75,21,13
