Distance,Tx Power,Bandwidth,Subband BW,Subband Offset
920.603074,54.158086,15,10,1
1909.265297,44.903515,15,10,1
7471.310132,54.855849,15,10,1
