Distance,Tx Power,Bandwidth,Subband BW,Subband Offset
5982.087364,45.106216,15,11,3
4233.186075,25.312793,15,11,3
1727.168124,40.939402,15,11,3
