Distance,Tx Power,Bandwidth,Subband BW,Subband Offset
9126.641287,38.335684,75,29,39
6227.795779,43.215032,75,29,39
5925.841415,34.538698,75,29,39
