Distance,Tx Power,Bandwidth,Subband BW,Subband Offset
3043.742038,33.667754,75,17,55
9661.464245,48.134618,75,17,55
7847.656309,48.384979,75,17,55
