Distance,Tx Power,Bandwidth,Subband BW,Subband Offset
4852.361814,46.882486,15,8,2
6426.051831,47.511315,15,8,2
3515.831856,44.042404,15,8,2
