Distance,Tx Power,Bandwidth,Subband BW,Subband Offset
8015.924735,28.648471,50,29,5
1291.478725,39.049567,50,29,5
6081.224937,15.402899,50,29,5
