Distance,Tx Power,Bandwidth,Subband BW,Subband Offset
5934.930099,44.949209,50,26,19
9841.738126,17.699909,50,26,19
7153.261041,43.514097,50,26,19
