Distance,Tx Power,Bandwidth,Subband BW,Subband Offset
7822.079612,34.915419,50,41,6
1439.319195,57.324517,50,41,6
111.756478,36.411455,50,41,6
