Distance,Tx Power,Bandwidth,Subband BW,Subband Offset
2657.068422,17.126636,100,69,2
675.137143,49.331909,100,69,2
3312.709420,19.215917,100,69,2
