Distance,Tx Power,Bandwidth,Subband BW,Subband Offset
1639.015496,39.368324,100,58,18
5842.438902,57.211049,100,58,18
2156.519429,38.578046,100,58,18
