Distance,Tx Power,Bandwidth,Subband BW,Subband Offset
3656.492575,43.143431,50,20,16
5156.957107,50.627704,50,20,16
1689.805857,36.469173,50,20,16
