Distance,Tx Power,Bandwidth,Subband BW,Subband Offset
8082.897787,25.889142,75,10,19
7801.092376,40.817665,75,10,19
9600.632659,32.133183,75,10,19
