Distance,Tx Power,Bandwidth,Subband BW,Subband Offset
849.859939,19.920052,50,11,37
3079.169034,58.390118,50,11,37
7561.633015,24.434600,50,11,37
