Distance,Tx Power,Bandwidth,Subband BW,Subband Offset
9990.755902,42.935781,50,33,11
8335.925785,16.232764,50,33,11
1520.813677,52.909587,50,33,11
