Distance,Tx Power,Bandwidth,Subband BW,Subband Offset
4302.784770,56.892664,75,49,9
4333.944066,35.519459,75,49,9
6385.370867,19.534990,75,49,9
