Distance,Tx Power,Bandwidth,Subband BW,Subband Offset
6284.162537,30.167331,75,49,19
7362.813779,26.724976,75,49,19
139.084406,36.010488,75,49,19
