Distance,Tx Power,Bandwidth,Subband BW,Subband Offset
2501.435352,45.384662,25,17,0
5860.399133,57.774487,25,17,0
4695.789825,34.669434,25,17,0
