Distance,Tx Power,Bandwidth,Subband BW,Subband Offset
4981.301086,51.996050,75,45,0
3518.148904,20.601752,75,45,0
6058.528253,46.491421,75,45,0
