Distance,Tx Power,Bandwidth,Subband BW,Subband Offset
5053.491048,27.135170,15,13,1
7764.832294,15.703247,15,13,1
3451.802291,49.527373,15,13,1
