Distance,Tx Power,Bandwidth,Subband BW,Subband Offset
9211.249797,47.879762,15,6,9
6606.549417,31.109281,15,6,9
4674.764499,40.239394,15,6,9
