Distance,Tx Power,Bandwidth,Subband BW,Subband Offset
4631.775293,33.517108,15,10,5
482.325268,52.718129,15,10,5
9563.390177,52.976194,15,10,5
