Distance,Tx Power,Bandwidth,Subband BW,Subband Offset
2272.531402,31.976248,50,22,17
2585.002420,41.707208,50,22,17
2540.027985,30.291166,50,22,17
