Distance,Tx Power,Bandwidth,Subband BW,Subband Offset
7862.811588,37.244985,15,7,0
6145.511989,40.906891,15,7,0
5746.709613,28.670239,15,7,0
