Distance,Tx Power,Bandwidth,Subband BW,Subband Offset
4808.577216,39.710301,15,6,7
1882.644634,59.951988,15,6,7
7991.054473,47.051914,15,6,7
