Distance,Tx Power,Bandwidth,Subband BW,Subband Offset
851.443359,37.288763,50,37,10
1127.963503,40.536526,50,37,10
1620.187096,22.379558,50,37,10
