Distance,Tx Power,Bandwidth,Subband BW,Subband Offset
2815.330408,38.140868,50,11,37
2881.766743,39.234818,50,11,37
6544.255842,36.439520,50,11,37
