Distance,Tx Power,Bandwidth,Subband BW,Subband Offset
7927.031558,55.639998,25,6,8
1643.777156,58.101323,25,6,8
5680.707242,44.800258,25,6,8
