Distance,Tx Power,Bandwidth,Subband BW,Subband Offset
8657.664351,42.146230,100,61,3
969.974187,51.144649,100,61,3
2326.826535,51.655409,100,61,3
