Distance,Tx Power,Bandwidth,Subband BW,Subband Offset
7367.486824,42.136738,100,32,15
6820.807789,17.372567,100,32,15
9934.532669,52.053398,100,32,15
