Distance,Tx Power,Bandwidth,Subband BW,Subband Offset
4024.073784,37.717476,75,24,40
4717.296374,54.283964,75,24,40
9803.802318,18.557831,75,24,40
