Distance,Tx Power,Bandwidth,Subband BW,Subband Offset
5612.793736,46.171741,50,15,10
7312.072249,42.209774,50,15,10
6775.597823,47.403100,50,15,10
