Distance,Tx Power,Bandwidth,Subband BW,Subband Offset
8052.886065,59.665749,100,49,4
3474.972378,46.899983,100,49,4
5363.920594,43.456372,100,49,4
