Distance,Tx Power,Bandwidth,Subband BW,Subband Offset
2047.777415,22.701898,100,55,24
8547.519584,15.147213,100,55,24
9671.408652,36.328270,100,55,24
