Distance,Tx Power,Bandwidth,Subband BW,Subband Offset
6978.850023,35.884842,15,12,3
9115.672023,28.320845,15,12,3
3952.417097,54.182543,15,12,3
