Distance,Tx Power,Bandwidth,Subband BW,Subband Offset
9747.727425,46.213582,15,8,5
9261.631330,48.140955,15,8,5
1286.933625,46.961732,15,8,5
