Distance,Tx Power,Bandwidth,Subband BW,Subband Offset
6447.030653,39.685378,100,53,5
7087.619334,52.777878,100,53,5
8889.572928,50.527332,100,53,5
