Distance,Tx Power,Bandwidth,Subband BW,Subband Offset
8577.798047,25.734192,15,6,1
7257.815491,27.198987,15,6,1
306.203671,31.998242,15,6,1
