Distance,Tx Power,Bandwidth,Subband BW,Subband Offset
4841.537588,43.155034,15,8,6
9969.638214,43.952099,15,8,6
7917.962993,38.842719,15,8,6
