Distance,Tx Power,Bandwidth,Subband BW,Subband Offset
841.123171,51.713860,100,55,3
5154.713673,19.928999,100,55,3
2098.319792,55.355981,100,55,3
