Distance,Tx Power,Bandwidth,Subband BW,Subband Offset
5020.227045,37.810034,50,11,15
8775.077544,15.132029,50,11,15
9879.594217,51.786314,50,11,15
