Distance,Tx Power,Bandwidth,Subband BW,Subband Offset
4177.037560,36.700311,50,21,23
8690.466701,59.704160,50,21,23
8294.644473,54.869863,50,21,23
