Distance,Tx Power,Bandwidth,Subband BW,Subband Offset
513.606344,43.240241,75,13,30
1710.322878,26.701114,75,13,30
9926.800614,50.329209,75,13,30
