Distance,Tx Power,Bandwidth,Subband BW,Subband Offset
4466.200012,38.977257,15,9,1
5742.257885,34.837687,15,9,1
5746.125106,18.561260,15,9,1
