Distance,Tx Power,Bandwidth,Subband BW,Subband Offset
4735.296165,44.385434,25,6,3
1496.565007,18.942883,25,6,3
8436.343305,28.066991,25,6,3
