Distance,Tx Power,Bandwidth,Subband BW,Subband Offset
6471.103254,21.916380,50,31,10
3900.740642,17.333608,50,31,10
7151.693751,29.039448,50,31,10
