Distance,Tx Power,Bandwidth,Subband BW,Subband Offset
7910.768448,30.179402,15,8,2
7855.857098,44.400737,15,8,2
3163.197023,50.339233,15,8,2
