Distance,Tx Power,Bandwidth,Subband BW,Subband Offset
325.832191,23.452912,100,30,55
6546.789587,51.513707,100,30,55
285.708498,31.236194,100,30,55
