Distance,Tx Power,Bandwidth,Subband BW,Subband Offset
6551.627196,28.676394,25,13,9
6444.771412,20.118305,25,13,9
1926.929602,44.959506,25,13,9
