Distance,Tx Power,Bandwidth,Subband BW,Subband Offset
5669.939595,17.531662,75,20,36
9092.655634,56.361917,75,20,36
8254.328630,35.841583,75,20,36
