Distance,Tx Power,Bandwidth,Subband BW,Subband Offset
8032.944441,39.606815,25,10,0
4858.117971,16.914787,25,10,0
5041.092519,34.796335,25,10,0
