Distance,Tx Power,Bandwidth,Subband BW,Subband Offset
864.788606,43.025102,100,38,61
3860.937050,41.650937,100,38,61
7513.060895,34.991699,100,38,61
