Distance,Tx Power,Bandwidth,Subband BW,Subband Offset
2054.173235,49.477571,50,29,19
9517.214259,47.200314,50,29,19
9552.252124,25.319851,50,29,19
