Distance,Tx Power,Bandwidth,Subband BW,Subband Offset
7327.819853,34.683064,75,12,30
845.390314,22.890129,75,12,30
3224.293988,24.301842,75,12,30
