Distance,Tx Power,Bandwidth,Subband BW,Subband Offset
3914.955181,59.134318,50,7,21
8079.816933,24.836736,50,7,21
4293.722393,38.047141,50,7,21
