Distance,Tx Power,Bandwidth,Subband BW,Subband Offset
2558.893555,46.386773,100,19,13
2693.428786,22.277623,100,19,13
9554.191528,37.405235,100,19,13
