Distance,Tx Power,Bandwidth,Subband BW,Subband Offset
8296.834330,30.659584,15,12,1
4385.770039,59.163417,15,12,1
9800.620975,35.518472,15,12,1
