Distance,Tx Power,Bandwidth,Subband BW,Subband Offset
7915.240691,59.983769,25,8,13
8696.122557,38.249603,25,8,13
4630.181512,35.688445,25,8,13
