Distance,Tx Power,Bandwidth,Subband BW,Subband Offset
2479.865555,24.742937,15,11,2
9733.504354,47.145066,15,11,2
4664.575272,49.335103,15,11,2
