Distance,Tx Power,Bandwidth,Subband BW,Subband Offset
7736.675904,16.119268,50,8,38
7157.072030,44.918094,50,8,38
7056.383696,33.496207,50,8,38
