Distance,Tx Power,Bandwidth,Subband BW,Subband Offset
9130.139142,26.414563,100,62,27
417.484826,30.132279,100,62,27
2103.232712,25.587465,100,62,27
