Distance,Tx Power,Bandwidth,Subband BW,Subband Offset
8514.161064,37.240811,50,10,27
5194.863164,33.158673,50,10,27
9916.701899,48.636739,50,10,27
