Distance,Tx Power,Bandwidth,Subband BW,Subband Offset
7853.545320,58.727480,25,8,16
5253.971378,57.870938,25,8,16
8068.223349,56.222037,25,8,16
