Distance,Tx Power,Bandwidth,Subband BW,Subband Offset
2414.931298,33.361390,50,18,29
4656.299780,17.894140,50,18,29
2296.379412,49.154021,50,18,29
