Distance,Tx Power,Bandwidth,Subband BW,Subband Offset
8865.852079,51.213469,75,43,23
2463.169061,15.594605,75,43,23
7292.758108,52.097106,75,43,23
