Distance,Tx Power,Bandwidth,Subband BW,Subband Offset
1503.245183,40.620371,100,13,46
1575.397942,31.427671,100,13,46
7891.943563,37.513697,100,13,46
