Distance,Tx Power,Bandwidth,Subband BW,Subband Offset
9058.700666,20.319358,15,8,0
8599.393372,49.173597,15,8,0
9706.259830,58.629305,15,8,0
