Distance,Tx Power,Bandwidth,Subband BW,Subband Offset
516.550110,56.831041,100,50,3
467.086249,50.866874,100,50,3
3338.937983,50.126239,100,50,3
