Distance,Tx Power,Bandwidth,Subband BW,Subband Offset
6170.816273,30.710244,50,8,5
2846.335937,42.208104,50,8,5
7950.618618,24.033661,50,8,5
