Distance,Tx Power,Bandwidth,Subband BW,Subband Offset
8392.138833,24.719568,100,11,32
6600.661589,26.169293,100,11,32
4666.720344,51.149863,100,11,32
