Distance,Tx Power,Bandwidth,Subband BW,Subband Offset
9425.967246,43.993441,50,21,3
2562.394234,54.730792,50,21,3
3085.466573,50.866921,50,21,3
