Distance,Tx Power,Bandwidth,Subband BW,Subband Offset
1892.069575,40.825510,25,21,0
6283.253490,26.480809,25,21,0
4282.444297,53.583684,25,21,0
