Distance,Tx Power,Bandwidth,Subband BW,Subband Offset
334.898422,29.577600,15,12,3
7196.960268,45.346933,15,12,3
3842.484173,33.178180,15,12,3
