Distance,Tx Power,Bandwidth,Subband BW,Subband Offset
6076.004841,42.213088,100,18,61
2928.147874,39.428138,100,18,61
4311.541649,20.031027,100,18,61
