Distance,Tx Power,Bandwidth,Subband BW,Subband Offset
714.856221,18.832867,100,42,8
4120.707085,56.316383,100,42,8
5556.960593,33.052642,100,42,8
