Distance,Tx Power,Bandwidth,Subband BW,Subband Offset
2497.172805,35.143312,100,41,16
3390.685391,18.274293,100,41,16
8470.799196,37.140932,100,41,16
