Distance,Tx Power,Bandwidth,Subband BW,Subband Offset
9094.431674,41.623189,25,17,7
3946.019165,57.142884,25,17,7
3126.949299,23.004495,25,17,7
