Distance,Tx Power,Bandwidth,Subband BW,Subband Offset
5043.617049,45.389415,15,11,4
457.566532,55.144444,15,11,4
6822.211663,58.980195,15,11,4
