Distance,Tx Power,Bandwidth,Subband BW,Subband Offset
9468.946593,22.060445,50,10,6
4682.318189,59.258408,50,10,6
1818.823424,47.832873,50,10,6
