Distance,Tx Power,Bandwidth,Subband BW,Subband Offset
7470.622940,27.770899,50,22,12
5480.362138,51.935160,50,22,12
3492.736128,19.353293,50,22,12
