Distance,Tx Power,Bandwidth,Subband BW,Subband Offset
5895.685047,40.426263,15,6,8
9244.304738,40.278103,15,6,8
6143.193616,48.602222,15,6,8
