Distance,Tx Power,Bandwidth,Subband BW,Subband Offset
4039.885652,29.807194,25,15,6
4964.913706,16.728753,25,15,6
5249.582704,58.565262,25,15,6
