Distance,Tx Power,Bandwidth,Subband BW,Subband Offset
2980.171263,36.789373,75,6,11
9925.158747,40.092074,75,6,11
8746.001160,39.406130,75,6,11
