Distance,Tx Power,Bandwidth,Subband BW,Subband Offset
2153.238266,17.033928,100,59,33
6461.313473,45.364115,100,59,33
5645.726540,48.781572,100,59,33
