Distance,Tx Power,Bandwidth,Subband BW,Subband Offset
8693.491851,53.455684,50,7,29
3913.867077,36.754329,50,7,29
8700.181361,59.041883,50,7,29
