Distance,Tx Power,Bandwidth,Subband BW,Subband Offset
3745.420135,25.768595,100,15,59
321.702635,33.774490,100,15,59
1075.017452,28.480037,100,15,59
