Distance,Tx Power,Bandwidth,Subband BW,Subband Offset
5695.484067,41.519047,25,12,2
3530.813189,48.613363,25,12,2
9248.533673,39.547997,25,12,2
