Distance,Tx Power,Bandwidth,Subband BW,Subband Offset
610.636471,37.682112,75,59,1
6573.468351,45.802906,75,59,1
5777.480583,41.693042,75,59,1
