Distance,Tx Power,Bandwidth,Subband BW,Subband Offset
3783.921683,55.274606,50,27,18
651.539337,39.359819,50,27,18
248.255165,25.645644,50,27,18
