Distance,Tx Power,Bandwidth,Subband BW,Subband Offset
9074.587713,47.467904,15,12,3
3164.489290,21.017781,15,12,3
3453.489041,54.339339,15,12,3
