Distance,Tx Power,Bandwidth,Subband BW,Subband Offset
7295.289512,15.676423,15,7,5
8868.897042,42.907004,15,7,5
1083.743196,17.915443,15,7,5
