Distance,Tx Power,Bandwidth,Subband BW,Subband Offset
9819.198278,49.743446,15,8,5
2747.674042,31.260110,15,8,5
5627.771193,49.980647,15,8,5
