Distance,Tx Power,Bandwidth,Subband BW,Subband Offset
7943.260802,25.694302,50,6,3
1590.333385,31.492081,50,6,3
7263.128354,36.846977,50,6,3
