Distance,Tx Power,Bandwidth,Subband BW,Subband Offset
5551.090930,28.029063,75,22,23
5677.611683,37.637113,75,22,23
9340.533370,52.157307,75,22,23
