Distance,Tx Power,Bandwidth,Subband BW,Subband Offset
6168.760994,24.428703,25,14,3
9174.092983,31.558710,25,14,3
7417.231629,49.291105,25,14,3
