Distance,Tx Power,Bandwidth,Subband BW,Subband Offset
4469.208321,54.162605,75,39,30
2288.744475,29.992171,75,39,30
6125.080936,18.435974,75,39,30
