Distance,Tx Power,Bandwidth,Subband BW,Subband Offset
2814.823282,16.604436,25,18,3
1057.727860,18.098919,25,18,3
4687.479983,23.230359,25,18,3
