Distance,Tx Power,Bandwidth,Subband BW,Subband Offset
3448.329911,43.828264,15,9,4
4273.097605,25.448592,15,9,4
2885.699066,46.455891,15,9,4
