Distance,Tx Power,Bandwidth,Subband BW,Subband Offset
6818.930224,45.649070,100,76,1
2759.044996,44.761300,100,76,1
8711.155576,44.831032,100,76,1
