Distance,Tx Power,Bandwidth,Subband BW,Subband Offset
2638.523537,27.220058,75,8,45
8138.348346,54.113462,75,8,45
8957.500105,29.837544,75,8,45
