Distance,Tx Power,Bandwidth,Subband BW,Subband Offset
4739.788866,17.745007,50,8,22
4506.471153,27.077806,50,8,22
6540.832120,19.515282,50,8,22
