Distance,Tx Power,Bandwidth,Subband BW,Subband Offset
2706.319790,36.491366,25,13,6
2032.194653,43.328620,25,13,6
4119.924356,30.120836,25,13,6
