Distance,Tx Power,Bandwidth,Subband BW,Subband Offset
9597.457914,49.317489,50,15,25
5367.605014,29.856884,50,15,25
1138.160797,41.714258,50,15,25
