Distance,Tx Power,Bandwidth,Subband BW,Subband Offset
4778.804024,20.996403,100,77,21
2110.000818,32.686812,100,77,21
1616.717443,33.963380,100,77,21
