Distance,Tx Power,Bandwidth,Subband BW,Subband Offset
5797.886261,37.435582,100,38,31
6207.788651,26.650316,100,38,31
3855.599176,35.245707,100,38,31
