Distance,Tx Power,Bandwidth,Subband BW,Subband Offset
401.963725,42.301622,50,13,3
3245.285514,45.457521,50,13,3
7095.393166,19.979334,50,13,3
