Distance,Tx Power,Bandwidth,Subband BW,Subband Offset
2085.451211,36.179408,25,18,5
2822.481657,39.299794,25,18,5
737.550572,23.088135,25,18,5
