Distance,Tx Power,Bandwidth,Subband BW,Subband Offset
7829.445770,31.745081,15,8,5
6552.415919,47.380769,15,8,5
2582.181160,56.995235,15,8,5
