Distance,Tx Power,Bandwidth,Subband BW,Subband Offset
7408.639067,58.345534,100,26,49
6324.678520,39.754735,100,26,49
1841.279611,26.583168,100,26,49
