Distance,Tx Power,Bandwidth,Subband BW,Subband Offset
7370.056889,39.162832,25,8,10
3411.106592,17.430752,25,8,10
3235.390020,45.899275,25,8,10
