Distance,Tx Power,Bandwidth,Subband BW,Subband Offset
8670.863118,22.244414,100,18,29
7023.453258,18.359470,100,18,29
9591.341924,37.885607,100,18,29
