Distance,Tx Power,Bandwidth,Subband BW,Subband Offset
2689.841787,34.026326,75,21,12
5805.453736,45.042879,75,21,12
2272.578446,20.203716,75,21,12
