Distance,Tx Power,Bandwidth,Subband BW,Subband Offset
9847.800681,36.536044,25,9,3
7150.925700,23.926043,25,9,3
2143.703095,53.281686,25,9,3
