Distance,Tx Power,Bandwidth,Subband BW,Subband Offset
5794.327226,22.359201,15,10,3
3755.293989,58.361736,15,10,3
1851.276511,50.161560,15,10,3
