Distance,Tx Power,Bandwidth,Subband BW,Subband Offset
2135.201445,41.096347,75,20,11
4178.364856,54.602954,75,20,11
2151.265780,31.648865,75,20,11
