Distance,Tx Power,Bandwidth,Subband BW,Subband Offset
4395.225415,58.627331,15,9,5
5546.873446,38.682844,15,9,5
1542.462473,51.333228,15,9,5
