Distance,Tx Power,Bandwidth,Subband BW,Subband Offset
8944.407497,29.287617,100,45,31
7444.580288,19.998945,100,45,31
8238.745720,58.132792,100,45,31
