Distance,Tx Power,Bandwidth,Subband BW,Subband Offset
3243.341588,48.530195,100,31,5
1620.106997,25.204646,100,31,5
5222.788216,44.510858,100,31,5
