Distance,Tx Power,Bandwidth,Subband BW,Subband Offset
6774.707576,37.524462,75,19,38
3834.032405,56.660336,75,19,38
6206.668580,21.818672,75,19,38
