Distance,Tx Power,Bandwidth,Subband BW,Subband Offset
8165.536095,15.869008,100,7,53
9957.134543,25.724658,100,7,53
961.344620,31.626158,100,7,53
