Distance,Tx Power,Bandwidth,Subband BW,Subband Offset
5022.830914,53.591478,50,11,18
2884.819385,51.020448,50,11,18
849.876858,59.592018,50,11,18
