Distance,Tx Power,Bandwidth,Subband BW,Subband Offset
6904.283482,49.460934,100,19,68
2285.066102,34.097847,100,19,68
6285.558615,59.473620,100,19,68
