Distance,Tx Power,Bandwidth,Subband BW,Subband Offset
4443.919037,53.702346,100,39,58
6069.988411,50.617898,100,39,58
7216.814668,31.368062,100,39,58
