Distance,Tx Power,Bandwidth,Subband BW,Subband Offset
792.523707,26.508376,50,22,13
133.891215,26.876752,50,22,13
6038.096694,25.732744,50,22,13
