Distance,Tx Power,Bandwidth,Subband BW,Subband Offset
3891.088631,49.975913,25,13,1
5473.007848,24.267258,25,13,1
8842.078465,35.543350,25,13,1
