Distance,Tx Power,Bandwidth,Subband BW,Subband Offset
7496.468435,38.275622,25,12,10
3371.340650,45.984428,25,12,10
7393.598657,43.749714,25,12,10
