Distance,Tx Power,Bandwidth,Subband BW,Subband Offset
6693.515875,30.084550,100,43,5
6261.140891,21.963836,100,43,5
8423.691025,26.322395,100,43,5
