Distance,Tx Power,Bandwidth,Subband BW,Subband Offset
4152.432406,49.418148,15,11,3
806.521664,49.130734,15,11,3
6644.567991,17.501386,15,11,3
