Distance,Tx Power,Bandwidth,Subband BW,Subband Offset
8778.085097,47.393680,75,9,16
3659.906497,58.530897,75,9,16
2679.811123,33.474800,75,9,16
