Distance,Tx Power,Bandwidth,Subband BW,Subband Offset
2568.240834,27.560917,25,6,15
3777.622801,43.202098,25,6,15
9278.870265,41.733715,25,6,15
