Distance,Tx Power,Bandwidth,Subband BW,Subband Offset
6512.445075,41.238532,75,37,23
5179.843415,16.910910,75,37,23
3388.810897,41.017955,75,37,23
