Distance,Tx Power,Bandwidth,Subband BW,Subband Offset
2545.564465,39.836400,15,8,5
6313.131723,42.329998,15,8,5
5279.503961,47.400417,15,8,5
