Distance,Tx Power,Bandwidth,Subband BW,Subband Offset
5573.788682,23.003761,100,35,48
3701.319470,51.718334,100,35,48
8217.680303,51.906494,100,35,48
