Distance,Tx Power,Bandwidth,Subband BW,Subband Offset
6243.621996,58.660217,25,11,4
9857.431332,32.031332,25,11,4
859.025099,41.037244,25,11,4
