Distance,Tx Power,Bandwidth,Subband BW,Subband Offset
5178.214766,56.062153,75,34,32
5796.300938,39.908881,75,34,32
8992.182049,48.516733,75,34,32
