Distance,Tx Power,Bandwidth,Subband BW,Subband Offset
3840.911908,47.859983,15,11,2
3893.464547,51.112247,15,11,2
964.856100,18.790791,15,11,2
