Distance,Tx Power,Bandwidth,Subband BW,Subband Offset
6861.731954,44.115534,50,11,4
6620.599187,37.001849,50,11,4
4182.380517,50.444879,50,11,4
