Distance,Tx Power,Bandwidth,Subband BW,Subband Offset
8477.605375,53.230286,75,14,48
7132.736721,44.751632,75,14,48
463.618560,52.519807,75,14,48
