Distance,Tx Power,Bandwidth,Subband BW,Subband Offset
6626.085016,25.457242,100,30,22
1859.910640,53.965744,100,30,22
1221.499344,56.202775,100,30,22
