Distance,Tx Power,Bandwidth,Subband BW,Subband Offset
3007.743216,18.693738,50,44,2
8773.625486,42.685110,50,44,2
6221.198852,39.663942,50,44,2
