Distance,Tx Power,Bandwidth,Subband BW,Subband Offset
5342.561466,39.442940,75,53,13
1640.673570,40.332883,75,53,13
4928.303117,55.405499,75,53,13
