Distance,Tx Power,Bandwidth,Subband BW,Subband Offset
7827.057437,51.727442,75,29,28
6403.413641,55.343250,75,29,28
6397.997564,23.948681,75,29,28
