Distance,Tx Power,Bandwidth,Subband BW,Subband Offset
2085.192305,49.985600,15,9,0
8611.145973,32.491097,15,9,0
2558.554136,38.650074,15,9,0
