Distance,Tx Power,Bandwidth,Subband BW,Subband Offset
1461.138156,22.365038,100,16,55
2189.174975,29.691529,100,16,55
9964.259141,38.432959,100,16,55
