Distance,Tx Power,Bandwidth,Subband BW,Subband Offset
5668.205166,59.785635,25,14,9
7783.567951,26.934178,25,14,9
9211.527302,21.428398,25,14,9
