Distance,Tx Power,Bandwidth,Subband BW,Subband Offset
918.866866,30.295988,75,33,41
1282.591353,51.163505,75,33,41
2027.790599,22.236468,75,33,41
