Distance,Tx Power,Bandwidth,Subband BW,Subband Offset
6851.736045,50.528692,75,14,38
8091.791383,50.182404,75,14,38
3952.051918,59.892189,75,14,38
