Distance,Tx Power,Bandwidth,Subband BW,Subband Offset
688.734423,57.158696,25,16,9
1378.981232,27.648213,25,16,9
5600.437796,49.617429,25,16,9
