Distance,Tx Power,Bandwidth,Subband BW,Subband Offset
3155.321489,31.475467,25,7,8
6661.326029,20.787808,25,7,8
5676.068569,47.059474,25,7,8
