Distance,Tx Power,Bandwidth,Subband BW,Subband Offset
8546.187081,49.883200,50,19,20
8328.445619,21.567159,50,19,20
2555.033717,20.066439,50,19,20
