Distance,Tx Power,Bandwidth,Subband BW,Subband Offset
6965.973664,26.559264,100,7,75
7915.275630,42.124495,100,7,75
5276.784325,20.275992,100,7,75
