Distance,Tx Power,Bandwidth,Subband BW,Subband Offset
3284.892913,30.832987,100,14,45
8395.864888,42.811201,100,14,45
9803.412483,59.624399,100,14,45
