Distance,Tx Power,Bandwidth,Subband BW,Subband Offset
572.864209,27.202175,50,13,25
4200.826014,35.474667,50,13,25
5403.477565,45.634595,50,13,25
