Distance,Tx Power,Bandwidth,Subband BW,Subband Offset
3988.551380,54.041128,15,7,5
1669.783781,19.717276,15,7,5
7432.300585,59.058311,15,7,5
