Distance,Tx Power,Bandwidth,Subband BW,Subband Offset
6293.364148,23.573648,50,15,18
2792.538780,48.826400,50,15,18
6255.292494,41.684023,50,15,18
