Distance,Tx Power,Bandwidth,Subband BW,Subband Offset
7081.946174,53.061613,15,11,1
1181.689704,50.545685,15,11,1
8229.966457,41.076120,15,11,1
