Distance,Tx Power,Bandwidth,Subband BW,Subband Offset
7176.856801,42.055528,75,45,17
7621.396966,30.338816,75,45,17
6386.443404,37.208053,75,45,17
