Distance,Tx Power,Bandwidth,Subband BW,Subband Offset
1679.267265,26.620206,25,6,2
980.646846,35.228962,25,6,2
9517.658998,33.547467,25,6,2
