Distance,Tx Power,Bandwidth,Subband BW,Subband Offset
4983.418764,42.628417,100,71,10
7688.255531,39.349137,100,71,10
859.021484,36.487401,100,71,10
