Distance,Tx Power,Bandwidth,Subband BW,Subband Offset
6858.750621,23.335303,75,26,5
8020.111690,17.873300,75,26,5
711.515990,50.682081,75,26,5
