Distance,Tx Power,Bandwidth,Subband BW,Subband Offset
822.915594,35.066022,15,6,7
7065.985503,25.786602,15,6,7
8876.328870,17.592354,15,6,7
