Distance,Tx Power,Bandwidth,Subband BW,Subband Offset
3631.098667,25.239246,50,14,16
4809.346395,30.802919,50,14,16
6287.022434,16.359110,50,14,16
