Distance,Tx Power,Bandwidth,Subband BW,Subband Offset
7413.334996,35.360627,75,10,47
9930.241899,25.972045,75,10,47
3462.763191,20.723732,75,10,47
