Distance,Tx Power,Bandwidth,Subband BW,Subband Offset
3793.929473,55.555881,100,90,10
858.802636,56.471802,100,90,10
7903.844923,16.985416,100,90,10
