Distance,Tx Power,Bandwidth,Subband BW,Subband Offset
5004.411843,18.826018,15,14,1
789.744534,59.975946,15,14,1
3772.991675,45.371789,15,14,1
