Distance,Tx Power,Bandwidth,Subband BW,Subband Offset
5345.761950,33.900991,50,14,19
9488.622632,57.329060,50,14,19
1673.880044,43.061412,50,14,19
