Distance,Tx Power,Bandwidth,Subband BW,Subband Offset
5669.702262,36.493913,25,9,0
239.005598,18.971246,25,9,0
4600.526293,51.398092,25,9,0
