Distance,Tx Power,Bandwidth,Subband BW,Subband Offset
3616.635245,32.790173,50,14,30
758.239976,23.529627,50,14,30
4788.217052,16.670863,50,14,30
