Distance,Tx Power,Bandwidth,Subband BW,Subband Offset
1024.941802,17.575043,75,29,38
5619.030132,30.655743,75,29,38
4761.294686,30.673532,75,29,38
