Distance,Tx Power,Bandwidth,Subband BW,Subband Offset
400.979428,34.324233,100,55,32
5167.769413,51.400306,100,55,32
4592.987153,33.145254,100,55,32
