Distance,Tx Power,Bandwidth,Subband BW,Subband Offset
1033.511455,26.235847,75,61,7
543.403377,39.621376,75,61,7
2474.899220,22.895477,75,61,7
