Distance,Tx Power,Bandwidth,Subband BW,Subband Offset
4848.665785,35.231445,100,42,45
7803.064921,31.541444,100,42,45
4008.630551,16.724285,100,42,45
