Distance,Tx Power,Bandwidth,Subband BW,Subband Offset
7925.330603,49.118963,100,40,18
529.805325,27.321076,100,40,18
4815.876746,42.618887,100,40,18
