Distance,Tx Power,Bandwidth,Subband BW,Subband Offset
9407.659562,33.050019,15,7,7
8183.085229,23.962493,15,7,7
880.477922,24.082978,15,7,7
