Distance,Tx Power,Bandwidth,Subband BW,Subband Offset
1131.058103,47.491735,75,20,28
720.967438,24.277523,75,20,28
3398.113275,29.767022,75,20,28
