Distance,Tx Power,Bandwidth,Subband BW,Subband Offset
1345.613320,59.067266,25,20,2
688.747334,22.668496,25,20,2
7903.226907,38.691212,25,20,2
