Distance,Tx Power,Bandwidth,Subband BW,Subband Offset
9842.418598,16.021207,100,47,47
8770.598060,24.917066,100,47,47
7141.515762,58.423888,100,47,47
