Distance,Tx Power,Bandwidth,Subband BW,Subband Offset
7757.850618,46.062552,50,19,26
8315.401877,30.262542,50,19,26
5815.444449,59.551870,50,19,26
