Distance,Tx Power,Bandwidth,Subband BW,Subband Offset
7873.161412,50.724942,25,6,11
2302.473819,32.520762,25,6,11
5138.135294,29.524836,25,6,11
