Distance,Tx Power,Bandwidth,Subband BW,Subband Offset
8493.072277,23.482538,100,17,44
9897.400717,25.405761,100,17,44
6187.411036,56.243696,100,17,44
