Distance,Tx Power,Bandwidth,Subband BW,Subband Offset
1906.055576,29.152768,75,24,21
3372.742005,58.071832,75,24,21
1534.833079,38.270005,75,24,21
