Distance,Tx Power,Bandwidth,Subband BW,Subband Offset
7054.541723,16.768220,50,12,9
1175.570382,31.046456,50,12,9
2040.380865,17.438339,50,12,9
