Distance,Tx Power,Bandwidth,Subband BW,Subband Offset
2528.764634,42.837554,75,9,37
2532.253154,49.067403,75,9,37
9934.482561,16.691907,75,9,37
