Distance,Tx Power,Bandwidth,Subband BW,Subband Offset
241.440364,46.115152,50,40,8
8906.907902,43.858684,50,40,8
7361.524143,27.117136,50,40,8
