Distance,Tx Power,Bandwidth,Subband BW,Subband Offset
9600.791845,45.256937,15,7,1
1156.780462,39.528061,15,7,1
9472.545553,45.657526,15,7,1
