Distance,Tx Power,Bandwidth,Subband BW,Subband Offset
9297.659120,27.959319,75,35,25
5273.010169,17.890225,75,35,25
9340.882974,57.608557,75,35,25
