Distance,Tx Power,Bandwidth,Subband BW,Subband Offset
1668.121563,51.256231,75,44,24
2084.430266,52.782591,75,44,24
1191.374149,33.883165,75,44,24
