Distance,Tx Power,Bandwidth,Subband BW,Subband Offset
2373.341024,58.217448,100,20,72
7788.690637,37.188800,100,20,72
5649.605842,57.696344,100,20,72
