Distance,Tx Power,Bandwidth,Subband BW,Subband Offset
8951.716274,40.979437,15,7,0
8980.287923,31.497408,15,7,0
3761.342907,54.979267,15,7,0
