Distance,Tx Power,Bandwidth,Subband BW,Subband Offset
8558.797156,18.005716,50,29,16
6260.828252,43.475344,50,29,16
8839.694601,53.592088,50,29,16
