Distance,Tx Power,Bandwidth,Subband BW,Subband Offset
9577.101507,26.462401,50,7,6
768.675482,49.502759,50,7,6
8460.500370,56.097044,50,7,6
