Distance,Tx Power,Bandwidth,Subband BW,Subband Offset
5810.199374,53.636306,15,7,3
312.388609,38.938555,15,7,3
3824.267895,31.119186,15,7,3
