Distance,Tx Power,Bandwidth,Subband BW,Subband Offset
9398.344909,37.506684,75,22,38
319.348421,50.309374,75,22,38
5594.801561,28.700608,75,22,38
