Distance,Tx Power,Bandwidth,Subband BW,Subband Offset
3392.844584,33.393257,25,16,4
2001.466705,18.791617,25,16,4
5156.341420,27.015137,25,16,4
