Distance,Tx Power,Bandwidth,Subband BW,Subband Offset
3609.847418,50.668470,50,17,19
9368.404952,47.739635,50,17,19
4953.548244,56.644381,50,17,19
