Distance,Tx Power,Bandwidth,Subband BW,Subband Offset
7504.001716,15.983464,15,8,0
8237.047905,24.841592,15,8,0
219.086325,26.733622,15,8,0
