Distance,Tx Power,Bandwidth,Subband BW,Subband Offset
7336.356762,57.230528,50,19,23
6928.357575,53.874279,50,19,23
1920.854037,49.574424,50,19,23
