Distance,Tx Power,Bandwidth,Subband BW,Subband Offset
3555.345345,25.149373,15,9,3
9868.012709,54.005528,15,9,3
7983.483079,26.501907,15,9,3
