Distance,Tx Power,Bandwidth,Subband BW,Subband Offset
4868.249397,59.054904,100,28,47
5997.733114,51.078276,100,28,47
8508.890343,46.200440,100,28,47
