Distance,Tx Power,Bandwidth,Subband BW,Subband Offset
2063.570545,34.807718,75,25,39
5181.392310,21.452978,75,25,39
7549.425176,53.999081,75,25,39
