Distance,Tx Power,Bandwidth,Subband BW,Subband Offset
6124.441164,57.960250,15,6,7
9507.835308,36.341355,15,6,7
3066.555466,16.459377,15,6,7
