Distance,Tx Power,Bandwidth,Subband BW,Subband Offset
9132.916267,58.607004,75,36,35
144.377457,16.765857,75,36,35
5116.712665,33.832062,75,36,35
