Distance,Tx Power,Bandwidth,Subband BW,Subband Offset
7514.339181,48.633565,75,38,34
561.567039,52.083483,75,38,34
1863.369335,31.395729,75,38,34
