Distance,Tx Power,Bandwidth,Subband BW,Subband Offset
4322.168426,25.876425,50,13,11
7831.834015,35.933824,50,13,11
4017.217892,22.038060,50,13,11
