Distance,Tx Power,Bandwidth,Subband BW,Subband Offset
5570.987918,35.887887,15,14,1
3029.924287,45.913636,15,14,1
756.621294,42.157053,15,14,1
