Distance,Tx Power,Bandwidth,Subband BW,Subband Offset
4025.992647,46.967017,15,8,2
4071.260222,16.537638,15,8,2
5311.727740,28.028624,15,8,2
