Distance,Tx Power,Bandwidth,Subband BW,Subband Offset
5264.029803,30.478409,25,8,4
1757.009422,35.645533,25,8,4
3066.571832,37.221773,25,8,4
