Distance,Tx Power,Bandwidth,Subband BW,Subband Offset
9115.567040,54.443170,50,8,16
2708.438894,34.298730,50,8,16
7801.908420,49.854151,50,8,16
