Distance,Tx Power,Bandwidth,Subband BW,Subband Offset
7130.680155,25.196926,15,13,0
7577.041968,19.753828,15,13,0
5502.430507,44.133658,15,13,0
