Distance,Tx Power,Bandwidth,Subband BW,Subband Offset
9941.798698,36.315772,100,29,9
2264.611290,23.716200,100,29,9
6585.600241,22.893583,100,29,9
