Distance,Tx Power,Bandwidth,Subband BW,Subband Offset
3516.656333,24.517459,15,14,1
1452.516830,51.684339,15,14,1
3169.501942,45.514307,15,14,1
