Distance,Tx Power,Bandwidth,Subband BW,Subband Offset
1801.338751,24.436897,75,61,8
101.165714,28.907039,75,61,8
7644.687895,48.307824,75,61,8
