Distance,Tx Power,Bandwidth,Subband BW,Subband Offset
9419.817397,33.052579,25,6,12
8553.747516,38.185682,25,6,12
3439.920877,31.518440,25,6,12
