Distance,Tx Power,Bandwidth,Subband BW,Subband Offset
2736.026886,44.088285,25,6,11
9591.494868,20.863666,25,6,11
1511.983393,19.081778,25,6,11
