Distance,Tx Power,Bandwidth,Subband BW,Subband Offset
6071.980734,50.553762,100,82,2
9964.462897,21.421601,100,82,2
6393.248179,53.916373,100,82,2
