Distance,Tx Power,Bandwidth,Subband BW,Subband Offset
9050.258623,19.624296,100,50,44
2218.406295,20.447607,100,50,44
5487.896886,16.108068,100,50,44
