Distance,Tx Power,Bandwidth,Subband BW,Subband Offset
2086.314897,41.677229,25,22,1
5448.863517,21.460035,25,22,1
3035.755798,57.929334,25,22,1
