Distance,Tx Power,Bandwidth,Subband BW,Subband Offset
6585.591539,51.817578,15,10,3
8715.745507,59.433639,15,10,3
9746.308133,28.894058,15,10,3
