Distance,Tx Power,Bandwidth,Subband BW,Subband Offset
2112.371556,44.927900,75,32,2
9111.550637,15.029253,75,32,2
8734.716220,44.116565,75,32,2
