Distance,Tx Power,Bandwidth,Subband BW,Subband Offset
3312.843067,41.349958,15,6,9
8727.642084,51.398882,15,6,9
1327.392953,52.443798,15,6,9
