Distance,Tx Power,Bandwidth,Subband BW,Subband Offset
2719.007731,49.082023,50,20,17
7234.396352,26.171355,50,20,17
6570.396221,26.007401,50,20,17
