Distance,Tx Power,Bandwidth,Subband BW,Subband Offset
9216.715226,25.793507,100,93,4
8662.762957,50.650258,100,93,4
8485.945996,51.514437,100,93,4
