Distance,Tx Power,Bandwidth,Subband BW,Subband Offset
8994.456243,29.269109,25,9,7
6481.856145,17.805308,25,9,7
9207.404484,54.081449,25,9,7
