Distance,Tx Power,Bandwidth,Subband BW,Subband Offset
9604.637946,46.772695,75,10,27
8864.150940,51.924171,75,10,27
4922.955631,17.271662,75,10,27
