Distance,Tx Power,Bandwidth,Subband BW,Subband Offset
2415.641144,43.145333,50,24,15
6811.611275,42.811371,50,24,15
6750.240503,58.306274,50,24,15
