Distance,Tx Power,Bandwidth,Subband BW,Subband Offset
8557.908120,52.750282,15,12,3
9588.450683,30.213566,15,12,3
4330.007371,24.549227,15,12,3
