Distance,Tx Power,Bandwidth,Subband BW,Subband Offset
5960.960501,52.640006,25,20,4
4083.749599,45.261376,25,20,4
7843.142551,33.084906,25,20,4
