Distance,Tx Power,Bandwidth,Subband BW,Subband Offset
2686.494710,55.954421,75,15,25
188.136835,29.884456,75,15,25
2234.012227,32.876826,75,15,25
