Distance,Tx Power,Bandwidth,Subband BW,Subband Offset
3990.180391,45.616911,100,41,23
3974.932026,44.503749,100,41,23
858.983133,18.490083,100,41,23
