Distance,Tx Power,Bandwidth,Subband BW,Subband Offset
2497.901020,18.416243,25,13,5
6656.404368,56.040301,25,13,5
6819.590876,53.309067,25,13,5
