Distance,Tx Power,Bandwidth,Subband BW,Subband Offset
8895.546492,42.198073,100,7,9
6966.318363,39.887968,100,7,9
9041.492796,47.946764,100,7,9
