Distance,Tx Power,Bandwidth,Subband BW,Subband Offset
3885.946033,48.755561,100,15,13
7061.530006,27.234325,100,15,13
1283.660094,26.638089,100,15,13
