Distance,Tx Power,Bandwidth,Subband BW,Subband Offset
5898.620606,37.492603,25,15,5
7290.434387,48.930582,25,15,5
9474.594198,33.034361,25,15,5
