Distance,Tx Power,Bandwidth,Subband BW,Subband Offset
4908.948061,46.310512,50,15,18
7811.232763,27.768959,50,15,18
9278.044871,15.606304,50,15,18
