Distance,Tx Power,Bandwidth,Subband BW,Subband Offset
8755.053850,26.072778,25,15,9
2913.966591,51.582846,25,15,9
9754.609854,23.801344,25,15,9
