Distance,Tx Power,Bandwidth,Subband BW,Subband Offset
4462.597577,53.975011,50,26,21
510.060822,43.869398,50,26,21
2837.561661,43.704549,50,26,21
