Distance,Tx Power,Bandwidth,Subband BW,Subband Offset
3435.904829,59.762591,100,13,62
3834.877241,19.493587,100,13,62
7184.731244,20.774605,100,13,62
