Distance,Tx Power,Bandwidth,Subband BW,Subband Offset
8303.337636,44.815242,25,21,2
604.513821,25.155815,25,21,2
1850.663660,49.991382,25,21,2
