Distance,Tx Power,Bandwidth,Subband BW,Subband Offset
984.231940,24.308871,75,6,55
4831.864531,29.029909,75,6,55
2337.583221,21.158994,75,6,55
