Distance,Tx Power,Bandwidth,Subband BW,Subband Offset
881.483570,38.303888,25,11,13
181.173974,20.421127,25,11,13
9186.542778,42.491154,25,11,13
