Distance,Tx Power,Bandwidth,Subband BW,Subband Offset
262.969664,51.068621,100,43,0
953.453490,48.482711,100,43,0
7619.672574,52.995233,100,43,0
