Distance,Tx Power,Bandwidth,Subband BW,Subband Offset
1208.289006,31.382560,25,10,15
8389.130715,53.777663,25,10,15
8506.982378,49.662322,25,10,15
