Distance,Tx Power,Bandwidth,Subband BW,Subband Offset
1789.886157,34.222277,75,38,36
604.684829,36.783941,75,38,36
4515.634287,22.350680,75,38,36
