Distance,Tx Power,Bandwidth,Subband BW,Subband Offset
3996.187095,23.925892,100,23,70
5332.847378,40.211353,100,23,70
6280.342934,58.793494,100,23,70
