Distance,Tx Power,Bandwidth,Subband BW,Subband Offset
2057.415676,56.299530,25,24,0
2964.911078,41.311813,25,24,0
8427.087930,24.336783,25,24,0
