Distance,Tx Power,Bandwidth,Subband BW,Subband Offset
3421.432725,15.943245,50,26,5
9846.453282,29.638737,50,26,5
3012.058404,29.963578,50,26,5
