Distance,Tx Power,Bandwidth,Subband BW,Subband Offset
7261.272372,15.835992,50,24,24
7097.683603,54.423542,50,24,24
6172.342292,55.392829,50,24,24
