Distance,Tx Power,Bandwidth,Subband BW,Subband Offset
715.900103,49.005441,75,12,60
7332.919319,25.500814,75,12,60
2005.228121,48.600407,75,12,60
