Distance,Tx Power,Bandwidth,Subband BW,Subband Offset
9286.869611,45.441181,50,7,14
6361.491285,41.294879,50,7,14
5269.939175,38.878766,50,7,14
