Distance,Tx Power,Bandwidth,Subband BW,Subband Offset
496.070780,32.107185,100,12,54
8521.106594,38.512502,100,12,54
3861.176978,41.102333,100,12,54
