Distance,Tx Power,Bandwidth,Subband BW,Subband Offset
1149.790434,30.615527,50,10,6
5934.903922,33.890077,50,10,6
1737.575842,59.937272,50,10,6
