Distance,Tx Power,Bandwidth,Subband BW,Subband Offset
3836.399204,38.884373,75,12,59
7379.748929,19.534768,75,12,59
465.642930,53.390520,75,12,59
