Distance,Tx Power,Bandwidth,Subband BW,Subband Offset
7120.864682,35.003390,25,10,12
8876.166026,27.695643,25,10,12
3947.263819,44.920733,25,10,12
