Distance,Tx Power,Bandwidth,Subband BW,Subband Offset
7045.738312,31.557814,100,19,9
9613.466465,54.996179,100,19,9
2164.999858,25.037576,100,19,9
