Distance,Tx Power,Bandwidth,Subband BW,Subband Offset
9953.825936,55.266545,25,7,9
9391.582726,44.456937,25,7,9
3870.354382,43.486588,25,7,9
