Distance,Tx Power,Bandwidth,Subband BW,Subband Offset
6469.130290,31.718957,75,34,26
4653.845726,39.678494,75,34,26
5355.020957,45.044930,75,34,26
