Distance,Tx Power,Bandwidth,Subband BW,Subband Offset
7781.828245,18.881554,50,35,10
3702.813381,27.084742,50,35,10
4837.954319,58.146278,50,35,10
