Distance,Tx Power,Bandwidth,Subband BW,Subband Offset
6858.793051,47.549960,25,7,11
1136.359988,40.206536,25,7,11
6262.998780,29.110015,25,7,11
