Distance,Tx Power,Bandwidth,Subband BW,Subband Offset
2274.330292,38.169821,75,39,6
6726.652123,45.902666,75,39,6
775.005150,31.152293,75,39,6
