Distance,Tx Power,Bandwidth,Subband BW,Subband Offset
961.438112,54.014811,50,22,0
5335.208133,43.680469,50,22,0
1315.518741,59.135645,50,22,0
