Distance,Tx Power,Bandwidth,Subband BW,Subband Offset
3453.286294,24.749788,25,18,3
1867.397356,45.121947,25,18,3
5752.979900,42.196727,25,18,3
