Distance,Tx Power,Bandwidth,Subband BW,Subband Offset
7803.206778,20.726070,15,6,9
5745.454194,50.911911,15,6,9
6677.286850,21.687024,15,6,9
