Distance,Tx Power,Bandwidth,Subband BW,Subband Offset
7035.338199,44.999722,50,9,36
4938.822576,16.028836,50,9,36
4106.351225,28.422617,50,9,36
