Distance,Tx Power,Bandwidth,Subband BW,Subband Offset
207.677146,33.610886,75,37,7
4903.766206,53.097351,75,37,7
9082.329298,57.455832,75,37,7
