Distance,Tx Power,Bandwidth,Subband BW,Subband Offset
5416.382978,16.142212,25,9,14
9989.601642,35.488692,25,9,14
2375.870560,28.510979,25,9,14
