Distance,Tx Power,Bandwidth,Subband BW,Subband Offset
7972.773328,38.115838,50,27,5
6285.164978,34.079913,50,27,5
3243.200806,32.976253,50,27,5
