Distance,Tx Power,Bandwidth,Subband BW,Subband Offset
9868.138363,51.333479,100,22,12
8672.174040,52.247607,100,22,12
3825.094282,54.025996,100,22,12
