Distance,Tx Power,Bandwidth,Subband BW,Subband Offset
2839.238917,58.208254,75,7,68
3273.289969,59.637046,75,7,68
1541.671588,56.498791,75,7,68
