Distance,Tx Power,Bandwidth,Subband BW,Subband Offset
1885.131185,27.344883,100,35,13
8718.994243,20.237530,100,35,13
446.330731,56.412749,100,35,13
