Distance,Tx Power,Bandwidth,Subband BW,Subband Offset
8410.735860,33.327755,25,19,5
472.358220,20.379523,25,19,5
4539.116967,23.022962,25,19,5
