Distance,Tx Power,Bandwidth,Subband BW,Subband Offset
9164.867735,57.498934,15,12,0
2744.841427,54.503455,15,12,0
3757.616359,23.107493,15,12,0
