Distance,Tx Power,Bandwidth,Subband BW,Subband Offset
9327.011397,36.295948,100,46,21
818.868229,51.842966,100,46,21
9303.505577,55.178401,100,46,21
