Distance,Tx Power,Bandwidth,Subband BW,Subband Offset
3742.267505,21.118919,75,57,0
880.032900,54.913957,75,57,0
5289.828244,19.662864,75,57,0
