Distance,Tx Power,Bandwidth,Subband BW,Subband Offset
7945.107840,57.404870,75,53,17
4994.749296,28.061418,75,53,17
4849.105093,50.335208,75,53,17
