Distance,Tx Power,Bandwidth,Subband BW,Subband Offset
9626.485429,21.747074,100,84,16
1573.122173,38.059733,100,84,16
2918.735990,46.213611,100,84,16
