Distance,Tx Power,Bandwidth,Subband BW,Subband Offset
4762.084790,43.295816,100,7,55
533.273342,49.821950,100,7,55
7548.361264,18.318296,100,7,55
