Distance,Tx Power,Bandwidth,Subband BW,Subband Offset
5345.762986,35.521629,15,8,6
9378.208554,35.248858,15,8,6
5588.002064,34.120567,15,8,6
