Distance,Tx Power,Bandwidth,Subband BW,Subband Offset
2862.121502,49.796723,100,36,6
8702.495376,15.056664,100,36,6
4626.924820,34.199016,100,36,6
