Distance,Tx Power,Bandwidth,Subband BW,Subband Offset
8003.132067,51.108939,25,22,2
428.761770,47.413945,25,22,2
9239.754482,45.100667,25,22,2
