Distance,Tx Power,Bandwidth,Subband BW,Subband Offset
3409.736084,44.064355,25,16,0
6869.879429,16.132180,25,16,0
8356.976337,48.022033,25,16,0
