Distance,Tx Power,Bandwidth,Subband BW,Subband Offset
4701.181535,53.988153,15,14,0
4325.715305,45.851417,15,14,0
5632.215974,47.316014,15,14,0
