Distance,Tx Power,Bandwidth,Subband BW,Subband Offset
2861.985155,30.721534,15,6,8
9466.684826,58.576693,15,6,8
5085.325868,17.214543,15,6,8
