Distance,Tx Power,Bandwidth,Subband BW,Subband Offset
1952.526307,44.853731,25,6,1
1300.513335,19.641230,25,6,1
4975.236963,53.673533,25,6,1
