Distance,Tx Power,Bandwidth,Subband BW,Subband Offset
2817.797490,15.408689,50,28,16
2101.429189,59.789000,50,28,16
4965.466626,50.263115,50,28,16
