Distance,Tx Power,Bandwidth,Subband BW,Subband Offset
654.397612,41.891558,25,15,5
9938.386218,21.298980,25,15,5
8908.546511,57.018474,25,15,5
