Distance,Tx Power,Bandwidth,Subband BW,Subband Offset
3236.961167,27.569396,25,7,11
2547.124423,59.754703,25,7,11
6568.480411,29.939827,25,7,11
