Distance,Tx Power,Bandwidth,Subband BW,Subband Offset
243.759764,19.893400,75,63,3
7496.201175,55.361880,75,63,3
840.421113,36.643688,75,63,3
