Distance,Tx Power,Bandwidth,Subband BW,Subband Offset
2158.190940,22.273302,100,36,5
9329.274526,58.412808,100,36,5
3931.478483,59.793251,100,36,5
