Distance,Tx Power,Bandwidth,Subband BW,Subband Offset
7155.061960,35.446906,15,9,1
9357.126997,30.508280,15,9,1
3339.687006,50.524104,15,9,1
