Distance,Tx Power,Bandwidth,Subband BW,Subband Offset
348.237446,45.734896,100,83,12
2575.384604,21.417188,100,83,12
6120.259434,47.524527,100,83,12
