Distance,Tx Power,Bandwidth,Subband BW,Subband Offset
510.736298,37.153007,75,19,18
3293.870060,56.886031,75,19,18
1943.300313,48.887351,75,19,18
