Distance,Tx Power,Bandwidth,Subband BW,Subband Offset
7092.792791,16.943619,25,23,0
2743.447586,16.133289,25,23,0
4410.814424,19.681244,25,23,0
