Distance,Tx Power,Bandwidth,Subband BW,Subband Offset
2340.871178,34.563194,75,25,39
2623.425809,38.089317,75,25,39
8915.993553,16.104274,75,25,39
