Distance,Tx Power,Bandwidth,Subband BW,Subband Offset
5867.574401,36.787859,25,16,2
1318.849587,59.972898,25,16,2
5579.769844,22.190049,25,16,2
