Distance,Tx Power,Bandwidth,Subband BW,Subband Offset
8313.661465,39.210483,100,23,58
253.920424,56.255711,100,23,58
3923.807798,24.416585,100,23,58
