Distance,Tx Power,Bandwidth,Subband BW,Subband Offset
3338.013472,23.304881,25,16,2
925.919708,15.167823,25,16,2
7451.266080,27.879986,25,16,2
