Distance,Tx Power,Bandwidth,Subband BW,Subband Offset
2398.207806,55.805435,50,34,5
6289.822551,54.440566,50,34,5
7999.011282,35.416645,50,34,5
