Distance,Tx Power,Bandwidth,Subband BW,Subband Offset
5038.146080,31.872660,15,6,0
8797.040167,29.681353,15,6,0
7713.007489,44.453905,15,6,0
