Distance,Tx Power,Bandwidth,Subband BW,Subband Offset
7452.785490,44.827388,100,21,9
2769.687129,18.262799,100,21,9
2861.041243,39.848500,100,21,9
