Distance,Tx Power,Bandwidth,Subband BW,Subband Offset
1662.393525,34.252362,50,43,3
1485.789560,27.497139,50,43,3
4387.390664,54.993863,50,43,3
