Distance,Tx Power,Bandwidth,Subband BW,Subband Offset
2434.829095,26.773364,50,9,22
3293.270539,22.155246,50,9,22
1252.420076,33.595814,50,9,22
