Distance,Tx Power,Bandwidth,Subband BW,Subband Offset
207.013275,37.407210,50,13,32
9885.964666,38.109181,50,13,32
4635.842008,15.082213,50,13,32
