Distance,Tx Power,Bandwidth,Subband BW,Subband Offset
3551.997062,42.239758,100,9,47
6417.921242,37.424716,100,9,47
3007.493996,28.647744,100,9,47
