Distance,Tx Power,Bandwidth,Subband BW,Subband Offset
1820.839048,44.740147,25,6,12
1150.727549,54.746032,25,6,12
5712.513271,35.394206,25,6,12
