Distance,Tx Power,Bandwidth,Subband BW,Subband Offset
4935.853064,16.324167,75,46,6
646.940507,17.757860,75,46,6
7272.885629,29.516112,75,46,6
