Distance,Tx Power,Bandwidth,Subband BW,Subband Offset
195.496426,35.696438,75,23,11
9591.613301,40.205183,75,23,11
4599.422978,21.382670,75,23,11
