Distance,Tx Power,Bandwidth,Subband BW,Subband Offset
8627.757144,55.153580,50,10,18
7293.199308,50.562555,50,10,18
2034.228686,30.712153,50,10,18
