Distance,Tx Power,Bandwidth,Subband BW,Subband Offset
7134.964561,38.403372,25,21,1
6294.054443,16.521242,25,21,1
4899.466331,47.287507,25,21,1
