Distance,Tx Power,Bandwidth,Subband BW,Subband Offset
3359.683748,25.467798,75,15,13
4924.020801,28.732465,75,15,13
7745.673331,48.593978,75,15,13
