Distance,Tx Power,Bandwidth,Subband BW,Subband Offset
6678.602051,18.306610,50,17,11
2718.176274,16.912776,50,17,11
6997.444749,25.856079,50,17,11
