Distance,Tx Power,Bandwidth,Subband BW,Subband Offset
8848.052384,31.992207,75,37,2
1313.343112,15.772891,75,37,2
6472.482788,53.064354,75,37,2
