Distance,Tx Power,Bandwidth,Subband BW,Subband Offset
2026.474037,53.198086,100,39,44
2954.519804,36.244751,100,39,44
118.242639,49.264169,100,39,44
