Distance,Tx Power,Bandwidth,Subband BW,Subband Offset
1983.376655,56.346801,100,57,38
7152.969215,44.236712,100,57,38
5928.008021,15.541146,100,57,38
