Distance,Tx Power,Bandwidth,Subband BW,Subband Offset
6119.761117,23.216758,25,23,0
9500.429890,15.888384,25,23,0
9351.083849,20.208110,25,23,0
