Distance,Tx Power,Bandwidth,Subband BW,Subband Offset
4327.150815,46.930348,15,7,3
6805.718873,25.105629,15,7,3
1690.142730,26.777300,15,7,3
