Distance,Tx Power,Bandwidth,Subband BW,Subband Offset
9200.166869,36.339553,50,6,1
5052.882707,36.506035,50,6,1
5754.759549,27.007715,50,6,1
