Distance,Tx Power,Bandwidth,Subband BW,Subband Offset
6155.423731,43.217060,50,11,14
5373.859450,41.587384,50,11,14
9489.549290,49.612046,50,11,14
