Distance,Tx Power,Bandwidth,Subband BW,Subband Offset
2194.011963,50.898437,75,23,9
5335.974747,38.805375,75,23,9
6790.285886,15.750924,75,23,9
