Distance,Tx Power,Bandwidth,Subband BW,Subband Offset
8823.406204,20.841272,75,45,23
7926.823765,45.890249,75,45,23
5405.872587,52.522113,75,45,23
