Distance,Tx Power,Bandwidth,Subband BW,Subband Offset
2547.520415,52.141225,25,10,4
4013.301999,40.164565,25,10,4
5481.737588,20.437721,25,10,4
