Distance,Tx Power,Bandwidth,Subband BW,Subband Offset
7356.509191,35.371464,100,43,32
4882.838328,26.800582,100,43,32
3221.985447,23.826328,100,43,32
