Distance,Tx Power,Bandwidth,Subband BW,Subband Offset
6123.341710,49.841075,50,22,18
9703.639044,41.944588,50,22,18
3230.007174,22.859197,50,22,18
