Distance,Tx Power,Bandwidth,Subband BW,Subband Offset
8918.739864,36.842461,25,13,1
2481.151775,54.277816,25,13,1
4825.575434,59.758696,25,13,1
