Distance,Tx Power,Bandwidth,Subband BW,Subband Offset
6118.983840,16.493270,50,7,14
8810.838661,51.254662,50,7,14
3236.624643,53.079916,50,7,14
