Distance,Tx Power,Bandwidth,Subband BW,Subband Offset
9008.971875,38.375884,100,21,9
7966.821438,29.873761,100,21,9
5687.593641,53.685112,100,21,9
