Distance,Tx Power,Bandwidth,Subband BW,Subband Offset
9116.386978,49.649916,100,23,3
3602.813385,51.119056,100,23,3
8125.277555,39.373843,100,23,3
