Distance,Tx Power,Bandwidth,Subband BW,Subband Offset
3728.479422,19.205721,50,45,4
3559.892926,21.284448,50,45,4
660.782864,29.340242,50,45,4
