Distance,Tx Power,Bandwidth,Subband BW,Subband Offset
8819.207583,24.058460,50,29,3
2133.686593,56.529640,50,29,3
1444.015300,28.730166,50,29,3
