Distance,Tx Power,Bandwidth,Subband BW,Subband Offset
613.517998,19.036856,75,36,35
6939.704097,21.443797,75,36,35
8332.300991,44.364656,75,36,35
