Distance,Tx Power,Bandwidth,Subband BW,Subband Offset
7415.290602,32.027917,25,7,2
7768.741360,38.732188,25,7,2
5891.670515,23.711079,25,7,2
