Distance,Tx Power,Bandwidth,Subband BW,Subband Offset
6415.773074,55.030181,15,8,1
7682.367604,59.849438,15,8,1
2856.154409,36.797097,15,8,1
