Distance,Tx Power,Bandwidth,Subband BW,Subband Offset
9293.579658,21.847647,75,51,15
8879.291257,56.943919,75,51,15
4104.037125,31.057121,75,51,15
