Distance,Tx Power,Bandwidth,Subband BW,Subband Offset
4927.851189,22.138379,50,37,6
6664.117760,32.393073,50,37,6
9336.414447,17.232338,50,37,6
