Distance,Tx Power,Bandwidth,Subband BW,Subband Offset
8513.495762,44.238592,15,8,5
3367.167133,52.062936,15,8,5
3889.259310,45.061606,15,8,5
