Distance,Tx Power,Bandwidth,Subband BW,Subband Offset
3625.633003,53.345700,50,14,2
2961.355467,48.719752,50,14,2
6492.964806,19.926809,50,14,2
