Distance,Tx Power,Bandwidth,Subband BW,Subband Offset
3084.046666,29.158617,25,16,6
6067.007603,43.108034,25,16,6
6883.013761,24.098979,25,16,6
