Distance,Tx Power,Bandwidth,Subband BW,Subband Offset
1084.958405,25.842362,100,66,18
3604.741845,17.197338,100,66,18
205.665101,19.612383,100,66,18
