Distance,Tx Power,Bandwidth,Subband BW,Subband Offset
5748.742730,59.669277,100,18,70
188.924718,43.343333,100,18,70
2700.535371,55.927418,100,18,70
