Distance,Tx Power,Bandwidth,Subband BW,Subband Offset
9421.491658,44.810635,50,14,12
2506.370168,37.998451,50,14,12
3559.275146,25.535513,50,14,12
