Distance,Tx Power,Bandwidth,Subband BW,Subband Offset
3022.820020,17.088870,100,26,63
9517.217287,32.894091,100,26,63
3507.797531,36.073687,100,26,63
