Distance,Tx Power,Bandwidth,Subband BW,Subband Offset
5940.384215,29.960478,50,29,19
9088.595074,27.968619,50,29,19
2665.199740,34.442463,50,29,19
