Distance,Tx Power,Bandwidth,Subband BW,Subband Offset
8714.319096,44.166715,25,10,13
4780.345265,57.024114,25,10,13
5947.431114,54.121001,25,10,13
