Distance,Tx Power,Bandwidth,Subband BW,Subband Offset
189.885934,35.024564,100,28,63
5111.127017,24.231068,100,28,63
4294.213811,53.966768,100,28,63
