Distance,Tx Power,Bandwidth,Subband BW,Subband Offset
5245.251747,22.324018,15,6,2
6151.860110,37.890029,15,6,2
2658.500757,36.822239,15,6,2
