Distance,Tx Power,Bandwidth,Subband BW,Subband Offset
4783.410657,46.259758,75,39,18
6300.806527,45.985051,75,39,18
392.145933,42.027516,75,39,18
