Distance,Tx Power,Bandwidth,Subband BW,Subband Offset
9174.106953,16.387393,100,21,37
9164.138816,47.004170,100,21,37
2933.288580,31.146972,100,21,37
