Distance,Tx Power,Bandwidth,Subband BW,Subband Offset
2069.779042,20.807650,25,12,6
8327.138253,36.091910,25,12,6
1953.622373,31.587238,25,12,6
