Distance,Tx Power,Bandwidth,Subband BW,Subband Offset
7523.581521,43.638684,100,30,40
6049.876918,56.254534,100,30,40
9839.981245,41.456057,100,30,40
