Distance,Tx Power,Bandwidth,Subband BW,Subband Offset
9810.922869,21.810845,50,41,3
4924.189645,24.246754,50,41,3
6339.012219,26.023276,50,41,3
