Distance,Tx Power,Bandwidth,Subband BW,Subband Offset
5618.588047,30.406761,75,39,21
2125.062327,51.796128,75,39,21
6390.294143,50.620306,75,39,21
