Distance,Tx Power,Bandwidth,Subband BW,Subband Offset
9445.905945,16.374844,25,17,1
3167.051713,43.395818,25,17,1
7577.899517,25.841011,25,17,1
