Distance,Tx Power,Bandwidth,Subband BW,Subband Offset
6979.434422,35.608152,50,16,18
5453.717653,17.166755,50,16,18
2706.876537,28.735035,50,16,18
