Distance,Tx Power,Bandwidth,Subband BW,Subband Offset
9378.888516,51.206705,50,20,4
9737.788838,19.711331,50,20,4
3896.620843,50.031459,50,20,4
