Distance,Tx Power,Bandwidth,Subband BW,Subband Offset
949.159000,35.966153,100,56,35
6388.334363,40.946739,100,56,35
3554.486338,45.255788,100,56,35
