Distance,Tx Power,Bandwidth,Subband BW,Subband Offset
8044.984041,49.051444,25,10,13
2561.819354,50.679723,25,10,13
7816.962570,28.906013,25,10,13
