Distance,Tx Power,Bandwidth,Subband BW,Subband Offset
1585.956414,37.914190,50,11,4
8363.116148,56.306943,50,11,4
3183.213018,53.858553,50,11,4
