Distance,Tx Power,Bandwidth,Subband BW,Subband Offset
6327.328636,35.386714,50,6,24
8442.133173,57.481923,50,6,24
8065.194491,37.031142,50,6,24
