Distance,Tx Power,Bandwidth,Subband BW,Subband Offset
3160.193569,31.888523,100,9,82
1803.789435,40.686835,100,9,82
4680.817698,34.537234,100,9,82
