Distance,Tx Power,Bandwidth,Subband BW,Subband Offset
1089.841889,28.059724,100,58,2
1004.442675,46.266333,100,58,2
7382.390556,28.493140,100,58,2
