Distance,Tx Power,Bandwidth,Subband BW,Subband Offset
3733.596241,24.208297,75,20,23
8111.881618,59.109304,75,20,23
8254.756998,59.835819,75,20,23
