Distance,Tx Power,Bandwidth,Subband BW,Subband Offset
3545.728682,28.294283,15,8,5
5459.964330,17.671186,15,8,5
7528.234211,50.508316,15,8,5
