Distance,Tx Power,Bandwidth,Subband BW,Subband Offset
3491.717011,32.840079,50,32,8
3449.943715,31.454768,50,32,8
6842.674806,38.527766,50,32,8
