Distance,Tx Power,Bandwidth,Subband BW,Subband Offset
5940.992484,36.534921,25,11,11
5154.516456,20.305591,25,11,11
9847.963406,58.066464,25,11,11
