Distance,Tx Power,Bandwidth,Subband BW,Subband Offset
1470.346427,25.851907,25,24,1
4086.635245,46.375288,25,24,1
5440.912687,29.683521,25,24,1
