Distance,Tx Power,Bandwidth,Subband BW,Subband Offset
9226.229542,25.112449,15,8,1
5665.057898,21.579059,15,8,1
9686.389746,46.342982,15,8,1
