Distance,Tx Power,Bandwidth,Subband BW,Subband Offset
8141.720444,41.493049,75,14,56
8513.436369,31.443522,75,14,56
460.688776,41.462922,75,14,56
