Distance,Tx Power,Bandwidth,Subband BW,Subband Offset
9750.562812,29.188156,50,19,20
4556.174182,34.905802,50,19,20
5407.300334,37.347566,50,19,20
