Distance,Tx Power,Bandwidth,Subband BW,Subband Offset
655.436903,22.409303,50,21,28
6678.947573,45.367365,50,21,28
9087.013202,15.527229,50,21,28
