Distance,Tx Power,Bandwidth,Subband BW,Subband Offset
3638.702827,48.910907,75,24,37
5828.131022,16.523020,75,24,37
9831.416479,53.667552,75,24,37
