Distance,Tx Power,Bandwidth,Subband BW,Subband Offset
2339.196744,26.370696,75,28,32
2439.431764,59.824845,75,28,32
8874.964781,48.155092,75,28,32
