Distance,Tx Power,Bandwidth,Subband BW,Subband Offset
1609.063463,45.515028,15,6,5
4250.154585,25.871802,15,6,5
1400.152027,32.397900,15,6,5
