Distance,Tx Power,Bandwidth,Subband BW,Subband Offset
7829.921168,35.857892,50,9,17
7843.396554,33.548375,50,9,17
4758.184098,47.774311,50,9,17
