Distance,Tx Power,Bandwidth,Subband BW,Subband Offset
8995.903618,19.598956,25,11,2
5902.870228,57.782160,25,11,2
3380.443058,46.944940,25,11,2
