Distance,Tx Power,Bandwidth,Subband BW,Subband Offset
9952.436661,36.157784,75,55,19
3931.902972,25.956566,75,55,19
6505.073430,20.558589,75,55,19
