Distance,Tx Power,Bandwidth,Subband BW,Subband Offset
4846.460853,46.354558,50,20,28
9732.654783,47.842833,50,20,28
8379.116590,26.130761,50,20,28
