Distance,Tx Power,Bandwidth,Subband BW,Subband Offset
6289.135081,47.911022,15,8,3
4247.558760,30.974726,15,8,3
3700.479396,55.112157,15,8,3
