Distance,Tx Power,Bandwidth,Subband BW,Subband Offset
6328.210860,58.482276,100,54,13
9617.551164,28.099269,100,54,13
1343.223018,34.864736,100,54,13
