Distance,Tx Power,Bandwidth,Subband BW,Subband Offset
1657.684950,45.020104,15,6,7
8207.577653,50.209761,15,6,7
8867.810622,40.685461,15,6,7
