Distance,Tx Power,Bandwidth,Subband BW,Subband Offset
7165.758938,55.485256,100,18,64
5818.541437,28.752673,100,18,64
2348.862191,32.649110,100,18,64
