Distance,Tx Power,Bandwidth,Subband BW,Subband Offset
7992.583186,54.338337,25,8,1
8318.115379,45.832032,25,8,1
7950.557030,45.669720,25,8,1
