Distance,Tx Power,Bandwidth,Subband BW,Subband Offset
750.265618,23.601050,50,16,5
6318.166263,43.979063,50,16,5
2860.436371,31.763529,50,16,5
