Distance,Tx Power,Bandwidth,Subband BW,Subband Offset
9633.479930,48.660116,75,19,5
5037.105358,35.901979,75,19,5
5473.091499,32.159970,75,19,5
