Distance,Tx Power,Bandwidth,Subband BW,Subband Offset
2755.543400,40.513517,75,35,26
756.400865,35.366935,75,35,26
7240.397402,39.637819,75,35,26
