Distance,Tx Power,Bandwidth,Subband BW,Subband Offset
8835.164279,43.416831,15,10,0
4323.149215,37.426065,15,10,0
2383.463065,43.912930,15,10,0
