Distance,Tx Power,Bandwidth,Subband BW,Subband Offset
5840.090659,44.961483,75,60,13
1403.725684,32.845001,75,60,13
661.025151,29.504056,75,60,13
