Distance,Tx Power,Bandwidth,Subband BW,Subband Offset
7733.998431,45.603878,15,10,1
8466.334839,45.419454,15,10,1
3823.102578,51.029932,15,10,1
