Distance,Tx Power,Bandwidth,Subband BW,Subband Offset
4833.326989,16.466598,75,23,4
1813.388334,43.123103,75,23,4
1529.936293,18.577040,75,23,4
