Distance,Tx Power,Bandwidth,Subband BW,Subband Offset
4708.658476,55.484054,75,40,35
9325.047595,17.001786,75,40,35
6064.849041,37.079236,75,40,35
