Distance,Tx Power,Bandwidth,Subband BW,Subband Offset
7386.771487,22.411765,50,10,2
3171.734658,35.269166,50,10,2
4675.993456,58.154147,50,10,2
