Distance,Tx Power,Bandwidth,Subband BW,Subband Offset
9252.726842,56.123693,75,35,17
7510.959229,37.414580,75,35,17
6087.010738,42.701489,75,35,17
