Distance,Tx Power,Bandwidth,Subband BW,Subband Offset
6878.245625,25.684131,15,6,8
1847.218338,24.501181,15,6,8
2273.142517,43.023852,15,6,8
