Distance,Tx Power,Bandwidth,Subband BW,Subband Offset
4725.518507,47.928671,100,48,20
8277.680045,35.717031,100,48,20
2777.933275,21.052109,100,48,20
