Distance,Tx Power,Bandwidth,Subband BW,Subband Offset
8680.570533,55.249763,50,17,6
763.876344,59.027091,50,17,6
7442.533604,40.701672,50,17,6
