Distance,Tx Power,Bandwidth,Subband BW,Subband Offset
8878.162507,42.009295,100,70,29
2054.371113,35.946736,100,70,29
2585.494095,25.955463,100,70,29
