Distance,Tx Power,Bandwidth,Subband BW,Subband Offset
5154.790234,32.482443,15,11,0
1687.843776,15.868656,15,11,0
354.562014,50.833744,15,11,0
