Distance,Tx Power,Bandwidth,Subband BW,Subband Offset
1036.280529,54.901697,15,7,2
7998.208719,49.564441,15,7,2
1588.242041,44.193970,15,7,2
