Distance,Tx Power,Bandwidth,Subband BW,Subband Offset
1363.559499,22.039919,100,51,28
6559.530726,35.363392,100,51,28
2078.846593,52.400165,100,51,28
