Distance,Tx Power,Bandwidth,Subband BW,Subband Offset
3217.599476,48.711241,50,28,14
6032.559400,34.092880,50,28,14
6831.589627,41.120360,50,28,14
