Distance,Tx Power,Bandwidth,Subband BW,Subband Offset
5733.649567,43.974637,100,9,11
9571.931813,40.441361,100,9,11
1034.942602,45.718540,100,9,11
