Distance,Tx Power,Bandwidth,Subband BW,Subband Offset
4606.215753,22.366182,25,15,2
8489.193733,16.967686,25,15,2
8092.938902,50.541798,25,15,2
