Distance,Tx Power,Bandwidth,Subband BW,Subband Offset
5892.564551,47.868604,50,30,1
987.310450,35.142746,50,30,1
5309.644029,41.353317,50,30,1
