Distance,Tx Power,Bandwidth,Subband BW,Subband Offset
998.054526,45.594992,75,15,56
2579.692401,51.639595,75,15,56
7884.157738,53.403951,75,15,56
