Distance,Tx Power,Bandwidth,Subband BW,Subband Offset
9722.438286,34.423246,25,17,0
7887.899920,57.763641,25,17,0
3267.359459,34.938708,25,17,0
