Distance,Tx Power,Bandwidth,Subband BW,Subband Offset
6806.263157,47.520183,100,17,17
8795.191444,50.991951,100,17,17
9480.129010,54.442123,100,17,17
