Distance,Tx Power,Bandwidth,Subband BW,Subband Offset
845.662891,21.798206,75,25,44
7182.371466,37.894681,75,25,44
1225.289349,53.254915,75,25,44
