Distance,Tx Power,Bandwidth,Subband BW,Subband Offset
7007.223124,54.761620,25,7,14
9237.746678,55.848422,25,7,14
9365.079799,42.809317,25,7,14
