Distance,Tx Power,Bandwidth,Subband BW,Subband Offset
6198.857434,54.749719,75,33,0
1689.265905,16.435888,75,33,0
4556.000142,19.723529,75,33,0
