Distance,Tx Power,Bandwidth,Subband BW,Subband Offset
4562.324708,53.480654,50,36,0
2439.410054,20.700370,50,36,0
6320.160650,55.149742,50,36,0
