Distance,Tx Power,Bandwidth,Subband BW,Subband Offset
803.155455,49.868050,25,19,3
7518.731088,41.308249,25,19,3
243.266326,26.508337,25,19,3
