Distance,Tx Power,Bandwidth,Subband BW,Subband Offset
6582.004977,26.199736,15,7,8
5428.128378,16.628416,15,7,8
2951.845042,26.060672,15,7,8
