Distance,Tx Power,Bandwidth,Subband BW,Subband Offset
3054.973555,31.276656,25,12,7
3141.413566,50.514901,25,12,7
5153.719000,25.690975,25,12,7
