Distance,Tx Power,Bandwidth,Subband BW,Subband Offset
3687.049505,24.869813,75,11,17
796.937474,21.149861,75,11,17
3291.709654,52.970464,75,11,17
