Distance,Tx Power,Bandwidth,Subband BW,Subband Offset
840.584332,40.872822,15,12,0
6550.410733,42.224515,15,12,0
7726.283653,53.524576,15,12,0
