Distance,Tx Power,Bandwidth,Subband BW,Subband Offset
7560.757666,54.807242,25,20,5
9085.951045,58.477950,25,20,5
5661.566968,29.650413,25,20,5
