Distance,Tx Power,Bandwidth,Subband BW,Subband Offset
5527.935794,45.155755,100,7,27
907.086008,25.595589,100,7,27
9859.439838,56.566330,100,7,27
