Distance,Tx Power,Bandwidth,Subband BW,Subband Offset
4487.678787,42.013246,50,6,1
3552.401055,56.576558,50,6,1
1292.412190,47.390081,50,6,1
