Distance,Tx Power,Bandwidth,Subband BW,Subband Offset
2156.617873,52.863169,50,24,17
7772.960036,21.767416,50,24,17
5808.895209,54.927421,50,24,17
