Distance,Tx Power,Bandwidth,Subband BW,Subband Offset
1633.141695,46.169946,15,10,4
6554.455065,56.098984,15,10,4
773.739896,19.672240,15,10,4
