Distance,Tx Power,Bandwidth,Subband BW,Subband Offset
9604.844062,50.130998,25,14,11
8383.367852,23.901731,25,14,11
3274.082895,58.923628,25,14,11
