Distance,Tx Power,Bandwidth,Subband BW,Subband Offset
5403.457516,26.319776,25,13,9
8052.827616,18.806678,25,13,9
9473.736560,51.778064,25,13,9
