Distance,Tx Power,Bandwidth,Subband BW,Subband Offset
1945.534528,55.867264,25,10,14
1138.439248,53.846289,25,10,14
3981.008617,32.118571,25,10,14
