Distance,Tx Power,Bandwidth,Subband BW,Subband Offset
331.730176,28.132440,25,7,13
3910.996340,35.730934,25,7,13
8790.836606,27.451863,25,7,13
