Distance,Tx Power,Bandwidth,Subband BW,Subband Offset
6885.733898,38.210982,25,14,3
6048.065904,23.074342,25,14,3
7995.529523,54.710910,25,14,3
