Distance,Tx Power,Bandwidth,Subband BW,Subband Offset
9658.453775,27.726494,75,28,45
4826.854549,53.637493,75,28,45
9393.895298,16.579643,75,28,45
