Distance,Tx Power,Bandwidth,Subband BW,Subband Offset
677.766673,25.777955,100,23,35
2305.886396,48.441548,100,23,35
7635.287470,28.333074,100,23,35
