Distance,Tx Power,Bandwidth,Subband BW,Subband Offset
8706.997373,56.518080,50,41,0
7964.706866,42.855956,50,41,0
2017.817759,16.542568,50,41,0
