Distance,Tx Power,Bandwidth,Subband BW,Subband Offset
7565.077820,27.816915,75,11,54
5273.497361,58.146192,75,11,54
1641.594407,30.126894,75,11,54
