Distance,Tx Power,Bandwidth,Subband BW,Subband Offset
3666.462250,59.322514,50,30,14
7754.337212,42.955281,50,30,14
1627.469150,46.448474,50,30,14
