Distance,Tx Power,Bandwidth,Subband BW,Subband Offset
8980.121454,28.687021,25,18,4
9573.709736,27.057565,25,18,4
2285.216924,38.493231,25,18,4
