Distance,Tx Power,Bandwidth,Subband BW,Subband Offset
3849.720499,37.358054,25,12,10
7338.497606,43.128921,25,12,10
9061.062323,28.025510,25,12,10
