Distance,Tx Power,Bandwidth,Subband BW,Subband Offset
6643.203560,53.350388,15,10,4
4967.175315,45.401222,15,10,4
7509.007222,40.886137,15,10,4
