Distance,Tx Power,Bandwidth,Subband BW,Subband Offset
9957.148613,43.298629,75,6,39
7099.076982,30.803296,75,6,39
7958.511426,40.149560,75,6,39
