Distance,Tx Power,Bandwidth,Subband BW,Subband Offset
2179.099247,39.215470,25,7,3
8026.712387,51.177870,25,7,3
9112.443687,27.328219,25,7,3
