Distance,Tx Power,Bandwidth,Subband BW,Subband Offset
4296.557828,27.093595,75,13,40
8431.858449,57.652722,75,13,40
6072.540385,37.037456,75,13,40
