Distance,Tx Power,Bandwidth,Subband BW,Subband Offset
6438.060308,43.624679,25,19,2
4773.597753,43.718872,25,19,2
931.031304,54.738733,25,19,2
