Distance,Tx Power,Bandwidth,Subband BW,Subband Offset
420.924774,32.272675,75,52,8
3656.718245,15.887575,75,52,8
9083.000886,36.574086,75,52,8
