Distance,Tx Power,Bandwidth,Subband BW,Subband Offset
4881.218387,57.995671,15,6,7
7554.779990,35.651133,15,6,7
3948.896681,16.591104,15,6,7
