Distance,Tx Power,Bandwidth,Subband BW,Subband Offset
581.113702,42.629046,25,13,5
9357.402110,39.121811,25,13,5
4582.744885,22.517016,25,13,5
