Distance,Tx Power,Bandwidth,Subband BW,Subband Offset
7428.880899,42.072251,50,8,23
2277.080632,55.010917,50,8,23
1044.997557,33.234579,50,8,23
