Distance,Tx Power,Bandwidth,Subband BW,Subband Offset
1208.720511,36.750561,25,18,4
4234.245430,17.835901,25,18,4
7970.364429,32.027447,25,18,4
