Distance,Tx Power,Bandwidth,Subband BW,Subband Offset
6293.214428,32.582100,75,20,34
9572.183844,27.180244,75,20,34
8652.867995,24.643478,75,20,34
