Distance,Tx Power,Bandwidth,Subband BW,Subband Offset
4724.303475,20.919450,100,49,19
8210.185719,23.404206,100,49,19
4458.630479,35.822607,100,49,19
