Distance,Tx Power,Bandwidth,Subband BW,Subband Offset
2584.070296,58.269265,100,14,64
5898.324840,46.373491,100,14,64
6249.629616,18.092780,100,14,64
