Distance,Tx Power,Bandwidth,Subband BW,Subband Offset
4035.114282,31.820072,75,56,5
7131.874023,58.501385,75,56,5
7186.794443,55.884254,75,56,5
