Distance,Tx Power,Bandwidth,Subband BW,Subband Offset
5685.785775,17.489163,25,21,1
2751.146223,45.046789,25,21,1
3723.200233,58.257335,25,21,1
