Distance,Tx Power,Bandwidth,Subband BW,Subband Offset
2250.811010,20.492721,50,10,24
7843.174570,20.423094,50,10,24
921.815399,27.024315,50,10,24
