Distance,Tx Power,Bandwidth,Subband BW,Subband Offset
2294.909702,53.022424,75,23,35
9326.228421,27.059346,75,23,35
1285.327019,53.559321,75,23,35
