Distance,Tx Power,Bandwidth,Subband BW,Subband Offset
5464.397949,52.642683,15,9,6
4790.562894,47.760043,15,9,6
5950.560829,31.260915,15,9,6
