Distance,Tx Power,Bandwidth,Subband BW,Subband Offset
4188.510037,38.277827,50,9,23
8855.724028,23.165131,50,9,23
2124.256069,53.912377,50,9,23
