Distance,Tx Power,Bandwidth,Subband BW,Subband Offset
4913.469702,59.653596,25,16,0
8906.262468,45.019970,25,16,0
712.017413,44.718015,25,16,0
