Distance,Tx Power,Bandwidth,Subband BW,Subband Offset
4289.225877,30.962732,15,11,4
500.364313,56.943543,15,11,4
1540.779313,20.292849,15,11,4
