Distance,Tx Power,Bandwidth,Subband BW,Subband Offset
7878.748385,20.987580,75,56,12
8852.219586,27.517324,75,56,12
5189.094973,27.722166,75,56,12
