Distance,Tx Power,Bandwidth,Subband BW,Subband Offset
8954.089596,30.723375,100,36,25
5258.014152,23.816566,100,36,25
2222.821964,39.477533,100,36,25
