Distance,Tx Power,Bandwidth,Subband BW,Subband Offset
5736.196854,43.622859,100,78,3
7545.037720,20.109824,100,78,3
1231.973548,19.273355,100,78,3
