Distance,Tx Power,Bandwidth,Subband BW,Subband Offset
6542.418408,46.990034,75,60,8
3700.439495,45.727655,75,60,8
3566.981830,55.688463,75,60,8
