Distance,Tx Power,Bandwidth,Subband BW,Subband Offset
9181.790447,46.157834,50,26,21
8776.180492,27.149694,50,26,21
2179.377676,24.467911,50,26,21
