Distance,Tx Power,Bandwidth,Subband BW,Subband Offset
8788.471890,59.253133,75,14,51
876.906984,22.591167,75,14,51
7013.571753,17.264869,75,14,51
