Distance,Tx Power,Bandwidth,Subband BW,Subband Offset
1549.948695,21.905880,50,6,37
6939.585922,39.162043,50,6,37
6952.816402,18.856373,50,6,37
