Distance,Tx Power,Bandwidth,Subband BW,Subband Offset
2290.207764,25.594810,100,40,45
4624.178780,57.044255,100,40,45
7325.824807,59.947140,100,40,45
