Distance,Tx Power,Bandwidth,Subband BW,Subband Offset
6823.000079,33.871985,25,15,7
9435.795080,22.502956,25,15,7
5434.102508,43.164130,25,15,7
