Distance,Tx Power,Bandwidth,Subband BW,Subband Offset
5636.364412,37.879974,25,7,13
3127.837604,31.682119,25,7,13
4195.592214,22.910851,25,7,13
