Distance,Tx Power,Bandwidth,Subband BW,Subband Offset
6420.885884,31.503745,25,7,2
3205.747691,57.959815,25,7,2
2570.834933,21.214235,25,7,2
