Distance,Tx Power,Bandwidth,Subband BW,Subband Offset
2431.887963,24.613138,100,58,37
8722.867001,33.874158,100,58,37
9905.174326,21.561063,100,58,37
