Distance,Tx Power,Bandwidth,Subband BW,Subband Offset
3123.624127,45.438878,50,8,34
6841.882669,40.003170,50,8,34
634.958065,45.131643,50,8,34
