Distance,Tx Power,Bandwidth,Subband BW,Subband Offset
6861.061082,34.159977,100,21,63
623.903169,47.676972,100,21,63
3942.710757,28.295127,100,21,63
