Distance,Tx Power,Bandwidth,Subband BW,Subband Offset
3459.453146,31.832050,100,13,79
7844.907262,26.456779,100,13,79
7817.582080,25.031298,100,13,79
