Distance,Tx Power,Bandwidth,Subband BW,Subband Offset
6802.367032,49.522587,50,30,16
9710.708680,48.687433,50,30,16
2461.175453,30.706358,50,30,16
