Distance,Tx Power,Bandwidth,Subband BW,Subband Offset
8374.289383,57.976341,75,8,7
6450.136575,57.106694,75,8,7
4596.552522,19.049625,75,8,7
