Distance,Tx Power,Bandwidth,Subband BW,Subband Offset
7026.334956,54.412392,75,13,62
5811.805030,19.212285,75,13,62
6863.003477,43.276649,75,13,62
