Distance,Tx Power,Bandwidth,Subband BW,Subband Offset
9480.278784,24.863505,75,34,24
3345.979408,53.029223,75,34,24
6250.058014,38.695430,75,34,24
