Distance,Tx Power,Bandwidth,Subband BW,Subband Offset
7874.434829,18.228928,50,17,25
7801.726910,59.658118,50,17,25
2796.085099,34.473186,50,17,25
