Distance,Tx Power,Bandwidth,Subband BW,Subband Offset
4135.268097,52.917152,25,22,1
719.884088,22.002681,25,22,1
3134.020625,23.420795,25,22,1
