Distance,Tx Power,Bandwidth,Subband BW,Subband Offset
1267.809260,34.937618,25,14,0
4357.164561,51.794505,25,14,0
8019.124850,52.778161,25,14,0
