Distance,Tx Power,Bandwidth,Subband BW,Subband Offset
4504.004643,39.886540,75,16,56
7917.791999,26.212902,75,16,56
3194.705129,28.565440,75,16,56
