Distance,Tx Power,Bandwidth,Subband BW,Subband Offset
8855.789221,31.721697,75,45,2
5845.304621,24.155132,75,45,2
8177.485492,33.816934,75,45,2
