Distance,Tx Power,Bandwidth,Subband BW,Subband Offset
7633.993054,54.946432,75,65,9
7205.680417,49.959705,75,65,9
743.004537,57.714985,75,65,9
