Distance,Tx Power,Bandwidth,Subband BW,Subband Offset
6964.116199,30.147051,50,17,25
4391.151275,33.910542,50,17,25
4246.358687,39.416393,50,17,25
