Distance,Tx Power,Bandwidth,Subband BW,Subband Offset
7963.449126,16.552227,75,58,5
1558.521538,52.798421,75,58,5
1293.765824,21.641688,75,58,5
