Distance,Tx Power,Bandwidth,Subband BW,Subband Offset
3016.744094,17.357067,25,11,5
4510.785834,30.483529,25,11,5
7112.284287,55.980743,25,11,5
