Distance,Tx Power,Bandwidth,Subband BW,Subband Offset
7849.814800,21.169287,75,19,47
5936.069372,29.967793,75,19,47
9781.931905,36.388151,75,19,47
