Distance,Tx Power,Bandwidth,Subband BW,Subband Offset
5006.980823,59.472633,100,36,28
1331.556428,50.643304,100,36,28
2213.172120,44.249022,100,36,28
