Distance,Tx Power,Bandwidth,Subband BW,Subband Offset
6300.160446,17.769830,15,8,6
2048.120154,15.937652,15,8,6
2505.696587,45.250603,15,8,6
