Distance,Tx Power,Bandwidth,Subband BW,Subband Offset
2807.903031,25.851912,75,8,50
4790.072009,20.437423,75,8,50
3024.799352,37.475341,75,8,50
