Distance,Tx Power,Bandwidth,Subband BW,Subband Offset
6644.290009,35.744776,25,12,7
7043.905203,36.180646,25,12,7
6111.449567,56.732505,25,12,7
