Distance,Tx Power,Bandwidth,Subband BW,Subband Offset
8102.653121,54.833274,25,10,8
2723.989381,52.494012,25,10,8
4380.532149,38.582673,25,10,8
