Distance,Tx Power,Bandwidth,Subband BW,Subband Offset
6312.253279,28.450835,100,16,68
8410.005872,58.634428,100,16,68
404.323407,19.655606,100,16,68
