Distance,Tx Power,Bandwidth,Subband BW,Subband Offset
317.500413,35.753573,100,12,73
6616.310576,40.506711,100,12,73
9544.199127,18.768524,100,12,73
