Distance,Tx Power,Bandwidth,Subband BW,Subband Offset
3094.760337,54.247871,75,17,49
8521.448642,37.871763,75,17,49
6561.716678,57.581626,75,17,49
