Distance,Tx Power,Bandwidth,Subband BW,Subband Offset
6341.887215,27.907735,25,17,5
3609.405946,31.490970,25,17,5
7414.591133,18.940771,25,17,5
