Distance,Tx Power,Bandwidth,Subband BW,Subband Offset
7751.768980,17.570169,100,15,73
7258.352533,48.409645,100,15,73
9817.677133,28.334345,100,15,73
