Distance,Tx Power,Bandwidth,Subband BW,Subband Offset
3620.445288,38.423947,75,28,8
2399.444669,21.895864,75,28,8
4037.847739,54.800150,75,28,8
