Distance,Tx Power,Bandwidth,Subband BW,Subband Offset
6168.096426,59.376736,100,15,31
2694.091436,40.463156,100,15,31
6722.438273,15.831307,100,15,31
