Distance,Tx Power,Bandwidth,Subband BW,Subband Offset
8063.176065,43.607887,50,28,15
3338.967148,51.467546,50,28,15
7950.043182,45.798427,50,28,15
