Distance,Tx Power,Bandwidth,Subband BW,Subband Offset
6745.962902,25.830137,100,22,18
697.966018,29.249892,100,22,18
8083.038372,20.882971,100,22,18
