Distance,Tx Power,Bandwidth,Subband BW,Subband Offset
5054.293652,48.616857,25,17,5
8201.468928,39.788809,25,17,5
3352.643330,18.969547,25,17,5
