Distance,Tx Power,Bandwidth,Subband BW,Subband Offset
2448.210245,54.549465,15,8,2
845.186841,53.806251,15,8,2
7457.272165,37.901539,15,8,2
