Distance,Tx Power,Bandwidth,Subband BW,Subband Offset
6616.725917,59.442916,100,51,44
8534.404057,52.878123,100,51,44
9392.576758,36.144054,100,51,44
