Distance,Tx Power,Bandwidth,Subband BW,Subband Offset
9957.597738,16.234649,15,8,6
2734.499691,53.478782,15,8,6
4174.384717,56.947588,15,8,6
