Distance,Tx Power,Bandwidth,Subband BW,Subband Offset
2300.233114,52.905505,75,20,25
9432.221699,42.978873,75,20,25
3898.122263,25.190707,75,20,25
