Distance,Tx Power,Bandwidth,Subband BW,Subband Offset
9540.561683,27.993346,15,7,8
2080.128992,35.400733,15,7,8
1703.923939,40.266353,15,7,8
