Distance,Tx Power,Bandwidth,Subband BW,Subband Offset
6447.824531,56.365666,15,7,5
4780.808169,40.034566,15,7,5
4355.036963,20.950238,15,7,5
