Distance,Tx Power,Bandwidth,Subband BW,Subband Offset
8926.012033,21.739013,25,11,10
6203.864961,32.025327,25,11,10
8594.387989,35.101721,25,11,10
