Distance,Tx Power,Bandwidth,Subband BW,Subband Offset
9898.046493,28.460626,50,9,13
8026.846869,24.292486,50,9,13
6002.346729,53.195131,50,9,13
