Distance,Tx Power,Bandwidth,Subband BW,Subband Offset
7244.358917,27.358115,50,19,25
5092.072101,37.508900,50,19,25
9955.685971,57.089164,50,19,25
