Distance,Tx Power,Bandwidth,Subband BW,Subband Offset
9338.560713,52.799717,100,76,24
6599.017917,32.678497,100,76,24
5896.627070,15.442697,100,76,24
