Distance,Tx Power,Bandwidth,Subband BW,Subband Offset
1611.102364,39.710737,15,7,4
8471.543280,50.408820,15,7,4
879.925686,43.411146,15,7,4
