Distance,Tx Power,Bandwidth,Subband BW,Subband Offset
5904.651448,46.736971,15,7,2
3152.502440,41.339911,15,7,2
2827.976095,32.569970,15,7,2
