Distance,Tx Power,Bandwidth,Subband BW,Subband Offset
3338.631235,22.966333,15,14,0
8941.346323,36.941258,15,14,0
5143.765828,46.401372,15,14,0
