Distance,Tx Power,Bandwidth,Subband BW,Subband Offset
3052.256585,39.802030,25,14,9
2144.710226,44.084135,25,14,9
6576.156641,43.309108,25,14,9
