Distance,Tx Power,Bandwidth,Subband BW,Subband Offset
1019.657311,41.598301,25,12,6
598.991510,43.627361,25,12,6
1338.655445,19.775573,25,12,6
