Distance,Tx Power,Bandwidth,Subband BW,Subband Offset
9837.680700,28.651334,15,7,3
3512.022950,18.994505,15,7,3
8532.695234,39.366150,15,7,3
