Distance,Tx Power,Bandwidth,Subband BW,Subband Offset
6353.644502,45.774915,25,9,10
2215.335795,47.971197,25,9,10
2244.539140,37.525325,25,9,10
