Distance,Tx Power,Bandwidth,Subband BW,Subband Offset
1853.573856,44.260689,75,18,38
3130.138793,37.809136,75,18,38
7287.838237,32.822910,75,18,38
