Distance,Tx Power,Bandwidth,Subband BW,Subband Offset
3083.894940,55.683802,100,8,84
866.848478,58.650372,100,8,84
4693.501670,31.890554,100,8,84
