Distance,Tx Power,Bandwidth,Subband BW,Subband Offset
6021.374078,52.985378,50,6,29
1461.420402,42.524728,50,6,29
8249.113987,16.988634,50,6,29
