Distance,Tx Power,Bandwidth,Subband BW,Subband Offset
4775.867861,17.647444,15,14,1
6351.927327,51.027514,15,14,1
4097.901182,30.057438,15,14,1
