Distance,Tx Power,Bandwidth,Subband BW,Subband Offset
7480.142689,47.494232,100,56,32
9514.670971,21.617706,100,56,32
4484.268817,24.761074,100,56,32
