Distance,Tx Power,Bandwidth,Subband BW,Subband Offset
5245.244379,29.403688,75,8,42
3161.737500,27.776165,75,8,42
5458.162150,33.566116,75,8,42
