Distance,Tx Power,Bandwidth,Subband BW,Subband Offset
8707.754885,15.255357,50,44,0
3393.172306,30.068241,50,44,0
286.138317,44.547170,50,44,0
