Distance,Tx Power,Bandwidth,Subband BW,Subband Offset
7815.613732,39.924815,25,20,4
668.822078,56.227827,25,20,4
8776.847618,38.452314,25,20,4
