Distance,Tx Power,Bandwidth,Subband BW,Subband Offset
9597.690006,56.351676,75,37,16
819.871310,28.134978,75,37,16
6954.124601,32.427237,75,37,16
