Distance,Tx Power,Bandwidth,Subband BW,Subband Offset
6054.932217,23.575703,25,23,2
1018.815983,36.769536,25,23,2
6435.580832,23.627356,25,23,2
