Distance,Tx Power,Bandwidth,Subband BW,Subband Offset
9505.615855,15.145370,75,52,2
3052.777122,31.045011,75,52,2
8743.980034,28.172964,75,52,2
