Distance,Tx Power,Bandwidth,Subband BW,Subband Offset
7798.908226,19.403080,75,42,2
8815.704937,54.576330,75,42,2
6845.237320,53.772553,75,42,2
