Distance,Tx Power,Bandwidth,Subband BW,Subband Offset
5722.903217,36.020478,75,6,31
3619.939667,37.077979,75,6,31
7955.841557,20.393647,75,6,31
