Distance,Tx Power,Bandwidth,Subband BW,Subband Offset
2151.089558,34.231401,25,15,9
2817.296073,53.592854,25,15,9
2844.496507,34.244580,25,15,9
