Distance,Tx Power,Bandwidth,Subband BW,Subband Offset
2788.158845,56.565311,100,12,16
2277.221016,53.216210,100,12,16
874.969864,56.293824,100,12,16
