Distance,Tx Power,Bandwidth,Subband BW,Subband Offset
3281.613296,21.028782,25,21,4
5411.560384,59.971301,25,21,4
1921.024332,22.221686,25,21,4
