Distance,Tx Power,Bandwidth,Subband BW,Subband Offset
944.842055,23.703891,75,27,31
9299.964271,37.585074,75,27,31
6370.115306,22.957607,75,27,31
