Distance,Tx Power,Bandwidth,Subband BW,Subband Offset
5909.184314,53.854554,25,11,12
8952.980326,48.107770,25,11,12
2190.700522,48.173076,25,11,12
