Distance,Tx Power,Bandwidth,Subband BW,Subband Offset
9514.229607,24.560338,50,20,9
6541.734374,18.359491,50,20,9
1968.158691,46.396918,50,20,9
