Distance,Tx Power,Bandwidth,Subband BW,Subband Offset
8407.057604,16.196156,25,6,7
5857.986855,54.387522,25,6,7
5632.424261,34.760045,25,6,7
