Distance,Tx Power,Bandwidth,Subband BW,Subband Offset
2558.492439,16.526538,100,42,29
3674.791601,27.095464,100,42,29
4513.764053,16.937381,100,42,29
