Distance,Tx Power,Bandwidth,Subband BW,Subband Offset
9281.532901,32.358049,15,7,7
5587.200745,45.029174,15,7,7
3059.727078,56.201123,15,7,7
