Distance,Tx Power,Bandwidth,Subband BW,Subband Offset
2872.630461,16.777628,15,10,1
5430.944161,19.572081,15,10,1
8109.436291,33.067525,15,10,1
