Distance,Tx Power,Bandwidth,Subband BW,Subband Offset
9527.483902,25.841439,50,28,0
7893.260653,26.663468,50,28,0
1630.310155,28.805702,50,28,0
