Distance,Tx Power,Bandwidth,Subband BW,Subband Offset
4075.775037,19.412642,100,79,4
3403.575457,40.907794,100,79,4
143.752019,15.501228,100,79,4
