Distance,Tx Power,Bandwidth,Subband BW,Subband Offset
9512.844148,35.675115,25,8,0
4945.942957,30.725494,25,8,0
9434.484458,18.548426,25,8,0
