Distance,Tx Power,Bandwidth,Subband BW,Subband Offset
8952.819076,37.861435,15,13,2
829.352909,51.711720,15,13,2
2815.499243,44.642530,15,13,2
