Distance,Tx Power,Bandwidth,Subband BW,Subband Offset
3037.532010,18.493823,75,29,4
8960.243210,31.338916,75,29,4
7180.843802,25.831011,75,29,4
