Distance,Tx Power,Bandwidth,Subband BW,Subband Offset
7158.588301,16.213359,25,16,3
2001.611993,54.129925,25,16,3
4687.934134,32.822511,25,16,3
