Distance,Tx Power,Bandwidth,Subband BW,Subband Offset
5915.267076,21.486085,50,26,17
4512.012904,49.885186,50,26,17
7070.729920,26.397469,50,26,17
