Distance,Tx Power,Bandwidth,Subband BW,Subband Offset
5496.100669,52.042655,25,11,13
5581.349359,57.711574,25,11,13
7143.840269,40.550739,25,11,13
