Distance,Tx Power,Bandwidth,Subband BW,Subband Offset
3479.530872,41.154779,50,10,3
2338.610121,19.347506,50,10,3
5552.305050,37.564931,50,10,3
