Distance,Tx Power,Bandwidth,Subband BW,Subband Offset
9756.849242,34.036747,75,71,2
3486.687562,15.340632,75,71,2
5828.140254,48.550846,75,71,2
