Distance,Tx Power,Bandwidth,Subband BW,Subband Offset
5534.898690,42.884731,50,36,11
4500.794371,19.072154,50,36,11
5240.126661,27.129445,50,36,11
