Distance,Tx Power,Bandwidth,Subband BW,Subband Offset
5421.643185,49.376017,25,22,0
8651.360690,52.438625,25,22,0
933.317207,29.721055,25,22,0
