Distance,Tx Power,Bandwidth,Subband BW,Subband Offset
3923.998090,38.716213,50,21,20
7242.022187,26.404287,50,21,20
565.985398,57.423395,50,21,20
