Distance,Tx Power,Bandwidth,Subband BW,Subband Offset
8474.259415,17.028076,75,44,7
8864.939021,19.893093,75,44,7
313.759592,53.772496,75,44,7
