Distance,Tx Power,Bandwidth,Subband BW,Subband Offset
2749.771916,29.195494,100,32,36
4214.649882,57.314700,100,32,36
4623.684376,26.033557,100,32,36
