Distance,Tx Power,Bandwidth,Subband BW,Subband Offset
2643.540329,45.896177,100,13,57
9494.039496,36.953867,100,13,57
9907.528023,53.782345,100,13,57
