Distance,Tx Power,Bandwidth,Subband BW,Subband Offset
3475.206678,51.341574,25,13,4
6644.479993,51.706482,25,13,4
6735.705068,34.195491,25,13,4
