Distance,Tx Power,Bandwidth,Subband BW,Subband Offset
5067.407148,21.598487,75,66,2
6795.265802,32.627532,75,66,2
3250.311180,50.255280,75,66,2
