Distance,Tx Power,Bandwidth,Subband BW,Subband Offset
1259.997822,36.442902,15,6,8
4344.813234,33.630155,15,6,8
8995.932746,15.121884,15,6,8
