Distance,Tx Power,Bandwidth,Subband BW,Subband Offset
6021.829789,24.601275,100,18,29
6555.047058,51.275124,100,18,29
6175.561149,26.505057,100,18,29
