Distance,Tx Power,Bandwidth,Subband BW,Subband Offset
1203.454654,19.396546,75,27,18
8960.523340,44.068426,75,27,18
4370.382775,38.898391,75,27,18
