Distance,Tx Power,Bandwidth,Subband BW,Subband Offset
7997.272427,19.249551,25,14,8
9663.376142,57.069711,25,14,8
9200.277565,32.062964,25,14,8
