Distance,Tx Power,Bandwidth,Subband BW,Subband Offset
4167.488737,43.789344,25,17,5
8349.428379,46.262127,25,17,5
2694.147477,37.686469,25,17,5
