Distance,Tx Power,Bandwidth,Subband BW,Subband Offset
7287.430674,16.027178,50,33,13
4219.007808,55.592890,50,33,13
5895.511062,24.961726,50,33,13
