Distance,Tx Power,Bandwidth,Subband BW,Subband Offset
7022.672396,16.967416,100,73,0
5572.983270,40.301890,100,73,0
6954.301826,42.557215,100,73,0
