Distance,Tx Power,Bandwidth,Subband BW,Subband Offset
7305.297337,24.124588,100,52,3
6402.546738,37.818344,100,52,3
7061.546230,44.126359,100,52,3
