Distance,Tx Power,Bandwidth,Subband BW,Subband Offset
9008.161816,24.977771,25,14,10
7973.589491,40.722765,25,14,10
4303.902959,23.967114,25,14,10
