Distance,Tx Power,Bandwidth,Subband BW,Subband Offset
5238.807908,35.341682,75,22,29
3226.141372,28.292175,75,22,29
1547.991025,40.912853,75,22,29
