Distance,Tx Power,Bandwidth,Subband BW,Subband Offset
5328.997205,24.212913,50,18,29
482.186969,59.341724,50,18,29
8068.815992,30.632006,50,18,29
