Distance,Tx Power,Bandwidth,Subband BW,Subband Offset
9257.081711,33.055132,75,11,2
9291.982082,55.824418,75,11,2
6925.255834,16.154750,75,11,2
