Distance,Tx Power,Bandwidth,Subband BW,Subband Offset
3313.732748,32.965812,15,9,3
1461.757664,43.866366,15,9,3
6100.186751,50.349380,15,9,3
