Distance,Tx Power,Bandwidth,Subband BW,Subband Offset
3258.332638,18.726461,100,56,42
1451.367141,32.191988,100,56,42
5233.988305,28.826803,100,56,42
