Distance,Tx Power,Bandwidth,Subband BW,Subband Offset
8200.487583,57.371697,15,6,3
8052.261894,46.159781,15,6,3
3702.370761,54.983399,15,6,3
