Distance,Tx Power,Bandwidth,Subband BW,Subband Offset
5619.032857,19.293406,50,9,3
3538.897483,58.776938,50,9,3
9624.485726,36.701256,50,9,3
