Distance,Tx Power,Bandwidth,Subband BW,Subband Offset
4612.256121,38.136062,75,8,31
9839.468111,42.428386,75,8,31
8842.828662,59.497601,75,8,31
