Distance,Tx Power,Bandwidth,Subband BW,Subband Offset
845.652148,22.093815,25,8,5
6179.307758,41.284995,25,8,5
9791.516106,33.327241,25,8,5
