Distance,Tx Power,Bandwidth,Subband BW,Subband Offset
4558.746999,47.612821,25,8,12
150.185240,45.193007,25,8,12
794.062746,28.745585,25,8,12
