Distance,Tx Power,Bandwidth,Subband BW,Subband Offset
5444.132859,30.666490,50,13,9
8155.630651,18.858476,50,13,9
4839.406760,36.321465,50,13,9
