Distance,Tx Power,Bandwidth,Subband BW,Subband Offset
836.284925,16.064191,50,25,9
9452.722189,41.754007,50,25,9
3245.873861,57.550828,50,25,9
