Distance,Tx Power,Bandwidth,Subband BW,Subband Offset
3092.553326,24.927538,100,33,7
5669.122772,54.360485,100,33,7
1476.042938,25.020161,100,33,7
