Distance,Tx Power,Bandwidth,Subband BW,Subband Offset
8805.705021,54.823874,75,9,3
2814.696325,51.742629,75,9,3
4548.814156,55.564562,75,9,3
