Distance,Tx Power,Bandwidth,Subband BW,Subband Offset
469.353466,48.885064,75,29,39
6504.273703,18.304598,75,29,39
1194.361383,44.484725,75,29,39
