Distance,Tx Power,Bandwidth,Subband BW,Subband Offset
8100.667194,23.524214,100,29,53
8253.487149,20.454006,100,29,53
5677.156581,38.125248,100,29,53
