Distance,Tx Power,Bandwidth,Subband BW,Subband Offset
533.127066,42.134105,100,50,7
5685.862839,42.443894,100,50,7
5798.403958,27.247452,100,50,7
