Distance,Tx Power,Bandwidth,Subband BW,Subband Offset
4344.189781,48.860619,50,41,3
2556.402267,41.671515,50,41,3
2292.818075,27.536209,50,41,3
