Distance,Tx Power,Bandwidth,Subband BW,Subband Offset
1027.239659,36.857432,100,26,30
634.695446,54.805081,100,26,30
8731.665339,45.315322,100,26,30
