Distance,Tx Power,Bandwidth,Subband BW,Subband Offset
8768.726254,39.725798,25,19,5
9772.254765,26.739308,25,19,5
3478.513461,16.376496,25,19,5
