Distance,Tx Power,Bandwidth,Subband BW,Subband Offset
5165.181778,49.193897,75,46,22
701.722648,18.714866,75,46,22
6964.921078,31.597626,75,46,22
