Distance,Tx Power,Bandwidth,Subband BW,Subband Offset
8586.801470,35.303526,50,21,7
1278.000380,23.220348,50,21,7
9141.002214,57.353931,50,21,7
