Distance,Tx Power,Bandwidth,Subband BW,Subband Offset
3106.087731,52.263855,100,24,67
6912.279717,30.211706,100,24,67
194.283474,16.490646,100,24,67
