Distance,Tx Power,Bandwidth,Subband BW,Subband Offset
2047.780705,35.159652,100,47,4
7187.883318,16.786374,100,47,4
5342.789156,30.646832,100,47,4
