Distance,Tx Power,Bandwidth,Subband BW,Subband Offset
5127.250623,34.624971,50,14,2
2808.779612,51.686190,50,14,2
8415.594074,32.030129,50,14,2
