Distance,Tx Power,Bandwidth,Subband BW,Subband Offset
3613.842009,56.056366,15,6,0
7419.035214,24.469465,15,6,0
886.818149,53.181716,15,6,0
