Distance,Tx Power,Bandwidth,Subband BW,Subband Offset
2869.172697,22.477858,50,45,2
8576.675050,55.442853,50,45,2
6368.997508,27.290429,50,45,2
