Distance,Tx Power,Bandwidth,Subband BW,Subband Offset
9989.757336,56.258550,50,12,37
1679.615682,18.693759,50,12,37
4835.129987,15.491105,50,12,37
