Distance,Tx Power,Bandwidth,Subband BW,Subband Offset
957.249374,29.633218,75,19,50
8654.175472,44.691075,75,19,50
8964.136499,44.068602,75,19,50
