Distance,Tx Power,Bandwidth,Subband BW,Subband Offset
371.544690,58.749967,75,27,22
2811.297746,37.864228,75,27,22
8802.036879,15.058264,75,27,22
