Distance,Tx Power,Bandwidth,Subband BW,Subband Offset
2292.614338,15.775767,50,45,4
107.164431,21.310402,50,45,4
3345.498927,34.800958,50,45,4
