Distance,Tx Power,Bandwidth,Subband BW,Subband Offset
6947.290588,17.603875,25,8,1
807.819815,55.559840,25,8,1
9770.723186,32.431377,25,8,1
