Distance,Tx Power,Bandwidth,Subband BW,Subband Offset
5822.465154,27.741136,25,7,17
841.961034,32.772421,25,7,17
9699.237627,33.892988,25,7,17
