Distance,Tx Power,Bandwidth,Subband BW,Subband Offset
6933.508355,16.870254,50,16,23
2571.329067,18.233436,50,16,23
8005.846636,18.557524,50,16,23
