Distance,Tx Power,Bandwidth,Subband BW,Subband Offset
7338.515543,50.904106,50,45,2
3685.532266,40.257659,50,45,2
829.220312,59.245346,50,45,2
