Distance,Tx Power,Bandwidth,Subband BW,Subband Offset
7969.808959,41.937495,100,41,56
5065.716744,43.939687,100,41,56
2529.589592,56.076004,100,41,56
