Distance,Tx Power,Bandwidth,Subband BW,Subband Offset
7177.529301,45.362200,100,58,25
7652.454116,37.992221,100,58,25
8496.289196,32.929856,100,58,25
