Distance,Tx Power,Bandwidth,Subband BW,Subband Offset
4607.272057,46.124235,100,37,2
4942.226180,47.487915,100,37,2
2493.236251,42.995081,100,37,2
