Distance,Tx Power,Bandwidth,Subband BW,Subband Offset
4690.644269,45.256342,75,11,44
5014.446751,24.380992,75,11,44
2871.018768,51.121245,75,11,44
