Distance,Tx Power,Bandwidth,Subband BW,Subband Offset
1041.058825,51.379777,75,6,47
4832.536014,37.686578,75,6,47
5305.294405,53.651358,75,6,47
