Distance,Tx Power,Bandwidth,Subband BW,Subband Offset
198.833383,51.658640,75,37,7
5893.703767,34.930917,75,37,7
2074.450538,50.677558,75,37,7
