Distance,Tx Power,Bandwidth,Subband BW,Subband Offset
870.528832,44.152450,50,17,2
7780.331806,25.082102,50,17,2
5804.213881,17.162024,50,17,2
