Distance,Tx Power,Bandwidth,Subband BW,Subband Offset
8421.383040,34.912766,15,8,0
5605.243538,55.401615,15,8,0
5041.681234,16.171619,15,8,0
