Distance,Tx Power,Bandwidth,Subband BW,Subband Offset
1757.589924,21.004059,15,11,2
1220.119414,15.553519,15,11,2
5124.092901,44.384437,15,11,2
