Distance,Tx Power,Bandwidth,Subband BW,Subband Offset
2128.072714,18.849932,75,64,6
6143.899709,20.703034,75,64,6
9988.773635,49.113936,75,64,6
