Distance,Tx Power,Bandwidth,Subband BW,Subband Offset
4605.010199,49.605314,100,23,56
1852.351545,54.048155,100,23,56
9172.819066,24.733251,100,23,56
