Distance,Tx Power,Bandwidth,Subband BW,Subband Offset
1552.567998,52.509839,15,14,1
9542.464713,28.909064,15,14,1
8424.340720,48.592004,15,14,1
