Distance,Tx Power,Bandwidth,Subband BW,Subband Offset
3935.743350,24.434943,100,32,17
6056.987317,55.815970,100,32,17
3214.584763,20.133296,100,32,17
