Distance,Tx Power,Bandwidth,Subband BW,Subband Offset
4283.683188,32.162350,15,13,2
8829.830528,46.032792,15,13,2
314.174344,30.938768,15,13,2
