Distance,Tx Power,Bandwidth,Subband BW,Subband Offset
169.163841,19.356136,75,8,7
9814.048837,38.145092,75,8,7
5198.174361,48.749058,75,8,7
