Distance,Tx Power,Bandwidth,Subband BW,Subband Offset
4827.924241,16.733450,100,65,1
9871.248195,32.173761,100,65,1
3774.230739,28.566420,100,65,1
