Distance,Tx Power,Bandwidth,Subband BW,Subband Offset
1170.536253,53.690527,100,33,21
6998.824987,25.093965,100,33,21
1594.500520,32.547801,100,33,21
