Distance,Tx Power,Bandwidth,Subband BW,Subband Offset
8572.998905,28.302859,15,6,5
6191.072755,52.942518,15,6,5
6011.727188,43.900712,15,6,5
