Distance,Tx Power,Bandwidth,Subband BW,Subband Offset
9132.944167,59.528751,100,54,18
2196.074159,59.297393,100,54,18
972.904424,35.845838,100,54,18
