Distance,Tx Power,Bandwidth,Subband BW,Subband Offset
3187.725842,21.298739,25,18,7
5744.482604,17.629523,25,18,7
4617.082819,34.877696,25,18,7
