Distance,Tx Power,Bandwidth,Subband BW,Subband Offset
7071.485790,31.481747,50,6,17
3248.961075,40.627670,50,6,17
6523.335370,35.150217,50,6,17
