Distance,Tx Power,Bandwidth,Subband BW,Subband Offset
5640.471900,17.933612,50,19,6
8300.032329,23.587973,50,19,6
7392.774540,34.479631,50,19,6
