Distance,Tx Power,Bandwidth,Subband BW,Subband Offset
8617.667755,27.556366,100,8,57
8441.450015,43.336833,100,8,57
1472.520169,17.759615,100,8,57
