Distance,Tx Power,Bandwidth,Subband BW,Subband Offset
2123.111476,44.912035,100,32,33
7550.464675,45.102413,100,32,33
3548.822461,59.889318,100,32,33
