Distance,Tx Power,Bandwidth,Subband BW,Subband Offset
9827.472760,21.541054,100,11,89
8114.326904,49.253185,100,11,89
2502.001475,38.186747,100,11,89
