Distance,Tx Power,Bandwidth,Subband BW,Subband Offset
1432.319633,18.996510,15,13,2
4324.222971,38.015260,15,13,2
3844.899163,55.162333,15,13,2
