Distance,Tx Power,Bandwidth,Subband BW,Subband Offset
8922.583023,36.517077,50,44,5
4242.761793,51.546978,50,44,5
6391.512979,54.440581,50,44,5
