Distance,Tx Power,Bandwidth,Subband BW,Subband Offset
7620.503898,48.716762,100,46,54
3461.546116,22.654445,100,46,54
9023.682199,22.410677,100,46,54
