Distance,Tx Power,Bandwidth,Subband BW,Subband Offset
2133.321292,29.659522,25,6,13
2113.925956,57.014561,25,6,13
4450.621913,30.137545,25,6,13
