Distance,Tx Power,Bandwidth,Subband BW,Subband Offset
7547.852489,32.670052,50,11,33
7665.653379,17.437561,50,11,33
1547.471190,53.245962,50,11,33
