Distance,Tx Power,Bandwidth,Subband BW,Subband Offset
2300.662574,22.133192,75,54,8
546.027689,19.161376,75,54,8
5052.890078,28.300377,75,54,8
