Distance,Tx Power,Bandwidth,Subband BW,Subband Offset
1292.551514,35.787586,25,10,8
8770.418159,58.447011,25,10,8
7146.028573,44.061018,25,10,8
