Distance,Tx Power,Bandwidth,Subband BW,Subband Offset
2205.997263,52.401730,15,9,1
9151.542924,49.338864,15,9,1
4702.066955,45.144678,15,9,1
