Distance,Tx Power,Bandwidth,Subband BW,Subband Offset
2610.156772,27.292308,100,58,8
7457.205841,27.802948,100,58,8
5351.270525,37.633387,100,58,8
