Distance,Tx Power,Bandwidth,Subband BW,Subband Offset
3450.270275,45.085382,75,41,14
305.588231,35.785171,75,41,14
7352.767777,27.974041,75,41,14
