Distance,Tx Power,Bandwidth,Subband BW,Subband Offset
9031.586262,37.025145,100,22,9
503.856481,58.856437,100,22,9
3304.040784,30.680586,100,22,9
