Distance,Tx Power,Bandwidth,Subband BW,Subband Offset
2424.640425,58.994682,25,6,14
668.065975,42.113463,25,6,14
5111.271045,38.425383,25,6,14
