Distance,Tx Power,Bandwidth,Subband BW,Subband Offset
5094.289966,46.456038,50,23,20
5249.777061,32.390410,50,23,20
6704.262863,30.717993,50,23,20
