Distance,Tx Power,Bandwidth,Subband BW,Subband Offset
5232.370483,26.224029,25,7,3
4130.212524,32.682376,25,7,3
9993.967033,36.027071,25,7,3
