Distance,Tx Power,Bandwidth,Subband BW,Subband Offset
7112.472493,48.631530,75,9,59
3025.587316,35.397738,75,9,59
7512.360316,38.102927,75,9,59
