Distance,Tx Power,Bandwidth,Subband BW,Subband Offset
7362.605923,57.041888,15,12,2
1254.930400,47.536179,15,12,2
5523.837573,21.620009,15,12,2
