Distance,Tx Power,Bandwidth,Subband BW,Subband Offset
5816.570697,23.144424,100,58,21
7519.193267,47.278585,100,58,21
6377.517269,18.518293,100,58,21
