Distance,Tx Power,Bandwidth,Subband BW,Subband Offset
1828.904109,20.082285,50,34,0
5573.438166,33.042592,50,34,0
8362.784979,57.274746,50,34,0
