Distance,Tx Power,Bandwidth,Subband BW,Subband Offset
8969.413735,21.314390,15,13,0
7169.490543,33.017435,15,13,0
7228.821161,20.102572,15,13,0
