Distance,Tx Power,Bandwidth,Subband BW,Subband Offset
9020.486844,50.935529,50,31,7
9321.974975,30.707242,50,31,7
9572.975090,25.103343,50,31,7
