Distance,Tx Power,Bandwidth,Subband BW,Subband Offset
630.907277,59.655001,75,28,34
4652.968218,43.479420,75,28,34
7280.913622,23.779617,75,28,34
