Distance,Tx Power,Bandwidth,Subband BW,Subband Offset
4828.342884,32.096490,25,20,2
5439.627400,16.542549,25,20,2
9157.387396,22.834291,25,20,2
