Distance,Tx Power,Bandwidth,Subband BW,Subband Offset
6973.322466,33.679282,50,10,34
2944.582110,59.477624,50,10,34
2404.846774,32.180144,50,10,34
