Distance,Tx Power,Bandwidth,Subband BW,Subband Offset
5854.197078,27.597621,50,10,3
2111.367561,56.650896,50,10,3
6281.287210,18.334066,50,10,3
