Distance,Tx Power,Bandwidth,Subband BW,Subband Offset
9409.869812,22.454759,15,10,4
9938.942919,40.976054,15,10,4
6950.163736,25.834870,15,10,4
