Distance,Tx Power,Bandwidth,Subband BW,Subband Offset
7296.894188,30.440012,100,6,48
3461.347749,39.068957,100,6,48
7222.890442,25.685679,100,6,48
