Distance,Tx Power,Bandwidth,Subband BW,Subband Offset
7192.633335,36.717950,100,15,58
5528.812519,23.312421,100,15,58
6066.079777,59.321379,100,15,58
