Distance,Tx Power,Bandwidth,Subband BW,Subband Offset
6156.906061,27.232845,50,37,8
4890.040572,24.674557,50,37,8
3529.802684,17.851372,50,37,8
