Distance,Tx Power,Bandwidth,Subband BW,Subband Offset
4174.888119,17.205943,100,43,55
2838.172370,47.624228,100,43,55
6965.556222,25.570632,100,43,55
