Distance,Tx Power,Bandwidth,Subband BW,Subband Offset
5852.941517,47.879966,75,6,32
3554.656869,43.414137,75,6,32
218.927492,29.116646,75,6,32
