Distance,Tx Power,Bandwidth,Subband BW,Subband Offset
8359.419628,56.007926,15,10,4
881.414121,56.649411,15,10,4
5420.304227,55.421376,15,10,4
