Distance,Tx Power,Bandwidth,Subband BW,Subband Offset
5124.474848,52.756256,100,43,32
5857.330409,39.118992,100,43,32
3822.366546,22.544922,100,43,32
