Distance,Tx Power,Bandwidth,Subband BW,Subband Offset
7615.774268,58.840002,100,17,63
882.069104,51.522096,100,17,63
2209.504358,20.868032,100,17,63
