Distance,Tx Power,Bandwidth,Subband BW,Subband Offset
4883.066795,34.422829,100,57,26
2422.271651,46.367376,100,57,26
5267.651450,33.556644,100,57,26
