Distance,Tx Power,Bandwidth,Subband BW,Subband Offset
8018.395903,44.882176,100,14,38
9981.550837,25.052976,100,14,38
6848.620201,43.454899,100,14,38
