Distance,Tx Power,Bandwidth,Subband BW,Subband Offset
6787.573997,38.919990,50,11,0
4851.129414,50.309622,50,11,0
532.018961,38.845148,50,11,0
