Distance,Tx Power,Bandwidth,Subband BW,Subband Offset
3111.093792,18.228097,50,11,33
103.603099,45.366190,50,11,33
5110.421541,28.359737,50,11,33
