Distance,Tx Power,Bandwidth,Subband BW,Subband Offset
8098.455142,46.607090,15,9,6
6695.373168,18.496035,15,9,6
5374.593446,35.234756,15,9,6
