Distance,Tx Power,Bandwidth,Subband BW,Subband Offset
4043.061154,24.049882,100,39,19
3881.827752,17.816143,100,39,19
6570.583797,42.661973,100,39,19
