Distance,Tx Power,Bandwidth,Subband BW,Subband Offset
973.093658,57.121272,50,40,6
3628.869613,44.530785,50,40,6
9747.634394,53.879328,50,40,6
