Distance,Tx Power,Bandwidth,Subband BW,Subband Offset
4328.998844,23.204312,15,9,3
158.022569,35.518760,15,9,3
5358.494499,36.719854,15,9,3
