Distance,Tx Power,Bandwidth,Subband BW,Subband Offset
3276.040479,29.138033,50,12,37
8627.837616,26.649918,50,12,37
5887.080476,50.284527,50,12,37
