Distance,Tx Power,Bandwidth,Subband BW,Subband Offset
6875.025009,33.230896,75,8,3
6129.701456,27.949896,75,8,3
258.178448,23.026789,75,8,3
