Distance,Tx Power,Bandwidth,Subband BW,Subband Offset
7415.888678,44.575928,75,24,31
3499.637440,23.992525,75,24,31
2472.243005,22.770546,75,24,31
