Distance,Tx Power,Bandwidth,Subband BW,Subband Offset
5622.517907,43.469780,75,45,6
6031.222305,35.793497,75,45,6
5544.091323,43.924901,75,45,6
