Distance,Tx Power,Bandwidth,Subband BW,Subband Offset
3903.861953,42.088586,50,18,7
879.659165,36.870629,50,18,7
4501.025656,49.004077,50,18,7
