Distance,Tx Power,Bandwidth,Subband BW,Subband Offset
9566.092715,15.177603,75,18,9
231.386937,29.813071,75,18,9
7308.561263,15.502736,75,18,9
