Distance,Tx Power,Bandwidth,Subband BW,Subband Offset
2027.764025,28.910147,100,54,26
6379.469884,44.022983,100,54,26
1570.864925,41.314486,100,54,26
