Distance,Tx Power,Bandwidth,Subband BW,Subband Offset
8237.623741,52.498505,15,7,7
6873.318444,27.057057,15,7,7
5811.200882,53.544322,15,7,7
