Distance,Tx Power,Bandwidth,Subband BW,Subband Offset
1657.461629,57.972542,25,15,5
5766.958266,28.409263,25,15,5
9654.567323,21.593748,25,15,5
