Distance,Tx Power,Bandwidth,Subband BW,Subband Offset
5560.467781,34.306152,75,22,21
8477.662955,43.184805,75,22,21
6759.038201,44.674409,75,22,21
