Distance,Tx Power,Bandwidth,Subband BW,Subband Offset
1260.145506,42.491718,15,9,4
2879.290477,27.714306,15,9,4
8777.806986,19.693775,15,9,4
