Distance,Tx Power,Bandwidth,Subband BW,Subband Offset
5651.495563,16.717303,50,21,21
6479.790079,34.469880,50,21,21
4984.587708,28.382612,50,21,21
