Distance,Tx Power,Bandwidth,Subband BW,Subband Offset
8220.350110,49.501370,25,13,5
7674.195514,38.873532,25,13,5
2543.572803,22.467658,25,13,5
