Distance,Tx Power,Bandwidth,Subband BW,Subband Offset
178.042639,51.161820,15,7,6
1418.087658,23.851170,15,7,6
3315.438400,32.299632,15,7,6
