Distance,Tx Power,Bandwidth,Subband BW,Subband Offset
7429.503108,53.285069,100,40,37
4515.193526,23.757075,100,40,37
2819.051447,32.148606,100,40,37
