Distance,Tx Power,Bandwidth,Subband BW,Subband Offset
9140.834208,35.626957,100,61,16
7931.516699,44.263137,100,61,16
1821.301580,20.123827,100,61,16
