Distance,Tx Power,Bandwidth,Subband BW,Subband Offset
4224.028880,58.419258,25,10,2
6932.375240,27.302300,25,10,2
9901.572835,16.355427,25,10,2
