Distance,Tx Power,Bandwidth,Subband BW,Subband Offset
8236.709096,37.979163,50,12,7
3552.327764,32.804292,50,12,7
1664.254396,21.030780,50,12,7
