Distance,Tx Power,Bandwidth,Subband BW,Subband Offset
233.990889,39.959022,25,13,11
2334.357325,39.336656,25,13,11
3273.662764,25.477734,25,13,11
