Distance,Tx Power,Bandwidth,Subband BW,Subband Offset
6504.393287,39.088755,15,10,1
5740.010636,24.824399,15,10,1
9035.796471,48.238322,15,10,1
