Distance,Tx Power,Bandwidth,Subband BW,Subband Offset
5559.305396,43.061072,25,11,13
8558.014798,59.048602,25,11,13
2870.908937,29.693602,25,11,13
