Distance,Tx Power,Bandwidth,Subband BW,Subband Offset
322.161314,51.521549,50,42,4
5429.454918,21.803994,50,42,4
1024.570450,55.092311,50,42,4
