Distance,Tx Power,Bandwidth,Subband BW,Subband Offset
113.868742,59.145381,15,13,1
6429.396079,20.367410,15,13,1
5285.167557,19.362342,15,13,1
