Distance,Tx Power,Bandwidth,Subband BW,Subband Offset
1416.339977,33.834062,15,10,5
9346.666580,18.799280,15,10,5
6136.514243,29.152836,15,10,5
