Distance,Tx Power,Bandwidth,Subband BW,Subband Offset
1390.090822,25.071417,100,15,42
8810.636350,42.046580,100,15,42
9142.032035,29.235428,100,15,42
