Distance,Tx Power,Bandwidth,Subband BW,Subband Offset
8133.664657,29.230530,50,31,2
7753.654899,59.113228,50,31,2
6284.315089,31.100136,50,31,2
