Distance,Tx Power,Bandwidth,Subband BW,Subband Offset
1903.176814,31.539122,75,42,12
7370.111133,42.925666,75,42,12
6924.656886,47.513287,75,42,12
