Distance,Tx Power,Bandwidth,Subband BW,Subband Offset
4250.173376,51.974199,25,20,1
8378.253251,40.158882,25,20,1
6295.813513,56.049324,25,20,1
