Distance,Tx Power,Bandwidth,Subband BW,Subband Offset
9615.568136,29.767126,25,10,7
7728.111851,46.093831,25,10,7
1758.267177,34.693241,25,10,7
