Distance,Tx Power,Bandwidth,Subband BW,Subband Offset
2372.957298,48.747998,15,6,0
1568.296186,59.233624,15,6,0
7811.384072,38.708841,15,6,0
