Distance,Tx Power,Bandwidth,Subband BW,Subband Offset
4939.926380,50.619686,100,67,23
6633.486090,46.887353,100,67,23
3535.865962,37.497075,100,67,23
