Distance,Tx Power,Bandwidth,Subband BW,Subband Offset
2678.642608,21.880433,75,12,1
723.642986,39.147522,75,12,1
150.703481,53.993309,75,12,1
