Distance,Tx Power,Bandwidth,Subband BW,Subband Offset
3447.891881,46.570749,75,7,55
754.180462,27.088501,75,7,55
7863.483951,53.995445,75,7,55
