Distance,Tx Power,Bandwidth,Subband BW,Subband Offset
1828.717364,52.104596,50,6,44
7751.211584,24.220490,50,6,44
7285.090089,53.757620,50,6,44
