Distance,Tx Power,Bandwidth,Subband BW,Subband Offset
1809.016857,33.523616,15,7,7
8604.411897,34.917640,15,7,7
7388.731218,47.257833,15,7,7
