Distance,Tx Power,Bandwidth,Subband BW,Subband Offset
4239.605538,42.483445,75,22,4
8566.568726,58.932561,75,22,4
2386.615592,59.582346,75,22,4
