Distance,Tx Power,Bandwidth,Subband BW,Subband Offset
7754.707320,42.647292,50,18,5
1626.368163,32.755660,50,18,5
2846.515109,38.841183,50,18,5
