Distance,Tx Power,Bandwidth,Subband BW,Subband Offset
2472.682681,18.552273,25,9,10
2811.539636,58.444125,25,9,10
2441.866041,49.055557,25,9,10
