Distance,Tx Power,Bandwidth,Subband BW,Subband Offset
3814.047552,22.255590,75,22,14
477.347729,46.970450,75,22,14
5218.843767,36.534335,75,22,14
