Distance,Tx Power,Bandwidth,Subband BW,Subband Offset
4264.712832,33.258212,75,13,42
731.215379,51.725600,75,13,42
8714.890125,38.983882,75,13,42
