Distance,Tx Power,Bandwidth,Subband BW,Subband Offset
7638.826220,16.336498,50,17,33
2263.548364,56.133452,50,17,33
3506.186080,32.462556,50,17,33
