Distance,Tx Power,Bandwidth,Subband BW,Subband Offset
7706.432423,41.263918,100,59,15
2189.867100,26.573972,100,59,15
7668.449141,28.968842,100,59,15
