Distance,Tx Power,Bandwidth,Subband BW,Subband Offset
5508.016921,36.023705,25,9,12
5489.632893,55.810040,25,9,12
8849.446806,36.885361,25,9,12
