Distance,Tx Power,Bandwidth,Subband BW,Subband Offset
8173.415870,46.250516,100,11,22
6798.538870,17.214171,100,11,22
3882.951427,35.399285,100,11,22
