Distance,Tx Power,Bandwidth,Subband BW,Subband Offset
1692.817162,42.150034,50,22,6
8651.741713,36.815644,50,22,6
3202.500332,51.668262,50,22,6
