Distance,Tx Power,Bandwidth,Subband BW,Subband Offset
7607.477072,23.063357,100,25,19
4792.558924,41.450188,100,25,19
5729.026691,24.130831,100,25,19
