Distance,Tx Power,Bandwidth,Subband BW,Subband Offset
3458.444260,42.503097,15,7,7
6549.955194,28.784580,15,7,7
717.046952,39.209941,15,7,7
