Distance,Tx Power,Bandwidth,Subband BW,Subband Offset
2186.374335,34.902736,50,16,0
3153.121900,42.049127,50,16,0
8825.129085,43.189969,50,16,0
