Distance,Tx Power,Bandwidth,Subband BW,Subband Offset
3421.881084,28.897570,75,15,4
1930.272989,33.457284,75,15,4
1824.000791,39.320318,75,15,4
