Distance,Tx Power,Bandwidth,Subband BW,Subband Offset
5395.997420,33.959632,100,56,8
7260.000325,40.662669,100,56,8
2238.471948,45.262794,100,56,8
