Distance,Tx Power,Bandwidth,Subband BW,Subband Offset
5642.178030,20.449136,25,8,1
5547.003286,20.404926,25,8,1
7779.383224,50.037798,25,8,1
