Distance,Tx Power,Bandwidth,Subband BW,Subband Offset
5359.843071,56.399941,75,46,4
9882.121796,34.952662,75,46,4
7890.624031,29.110080,75,46,4
