Distance,Tx Power,Bandwidth,Subband BW,Subband Offset
6537.870206,55.487976,50,12,12
7104.129095,41.748082,50,12,12
2658.939499,30.861385,50,12,12
