Distance,Tx Power,Bandwidth,Subband BW,Subband Offset
8393.236733,43.889124,25,13,1
7701.055176,26.108107,25,13,1
2518.172414,48.451972,25,13,1
