Distance,Tx Power,Bandwidth,Subband BW,Subband Offset
1132.836311,46.138907,25,7,5
1847.398933,59.918958,25,7,5
8231.096268,22.972746,25,7,5
