Distance,Tx Power,Bandwidth,Subband BW,Subband Offset
1282.250516,58.723917,25,22,3
8752.917437,29.987767,25,22,3
6560.263388,41.639748,25,22,3
