Distance,Tx Power,Bandwidth,Subband BW,Subband Offset
3983.492873,20.984731,75,8,19
7708.061836,45.133591,75,8,19
9311.814454,26.483457,75,8,19
