Distance,Tx Power,Bandwidth,Subband BW,Subband Offset
538.595414,36.889990,15,7,4
9826.832693,48.162714,15,7,4
9410.031107,18.303461,15,7,4
