Distance,Tx Power,Bandwidth,Subband BW,Subband Offset
2096.299758,30.499480,50,33,1
4111.453258,19.312545,50,33,1
8895.949131,55.937436,50,33,1
