Distance,Tx Power,Bandwidth,Subband BW,Subband Offset
8781.029425,58.936975,100,24,39
5688.020257,59.508215,100,24,39
4346.003606,17.713305,100,24,39
