Distance,Tx Power,Bandwidth,Subband BW,Subband Offset
6627.105585,41.248984,75,41,28
2801.562992,50.150391,75,41,28
7589.319047,16.611491,75,41,28
