Distance,Tx Power,Bandwidth,Subband BW,Subband Offset
7932.040967,15.431195,75,28,7
9213.305946,50.763048,75,28,7
5422.130910,52.541906,75,28,7
