Distance,Tx Power,Bandwidth,Subband BW,Subband Offset
7702.334270,33.239973,50,11,15
7709.030929,53.942588,50,11,15
7335.634648,46.518758,50,11,15
