Distance,Tx Power,Bandwidth,Subband BW,Subband Offset
9217.055776,44.218234,75,6,49
7670.674179,19.296541,75,6,49
8480.470933,39.303416,75,6,49
