Distance,Tx Power,Bandwidth,Subband BW,Subband Offset
1226.869951,54.965404,15,11,2
5016.370386,25.629261,15,11,2
8266.315650,32.961994,15,11,2
