Distance,Tx Power,Bandwidth,Subband BW,Subband Offset
7694.896989,49.910503,50,15,22
9221.654929,55.267543,50,15,22
777.579600,36.222216,50,15,22
