Distance,Tx Power,Bandwidth,Subband BW,Subband Offset
4819.040057,43.832686,50,17,21
2789.680339,59.878548,50,17,21
8863.035900,18.978369,50,17,21
