Distance,Tx Power,Bandwidth,Subband BW,Subband Offset
3463.283605,50.769810,75,60,2
2198.328397,29.866787,75,60,2
8892.274250,31.334036,75,60,2
