Distance,Tx Power,Bandwidth,Subband BW,Subband Offset
9643.152619,38.181340,75,6,44
5760.946129,57.456866,75,6,44
280.900152,57.128839,75,6,44
