Distance,Tx Power,Bandwidth,Subband BW,Subband Offset
6370.388158,30.648267,50,6,10
2194.673791,42.221769,50,6,10
9637.065608,47.404690,50,6,10
