Distance,Tx Power,Bandwidth,Subband BW,Subband Offset
8467.531168,48.875336,100,21,72
734.888676,36.808423,100,21,72
7712.024368,53.202689,100,21,72
