Distance,Tx Power,Bandwidth,Subband BW,Subband Offset
1813.863092,23.294434,100,65,24
3765.366562,31.904774,100,65,24
3511.807818,34.457721,100,65,24
