Distance,Tx Power,Bandwidth,Subband BW,Subband Offset
9957.859606,41.056036,15,6,4
435.965880,21.919900,15,6,4
921.245525,39.657106,15,6,4
