Distance,Tx Power,Bandwidth,Subband BW,Subband Offset
5042.436554,28.221153,75,49,18
1253.530184,45.179500,75,49,18
7540.564445,37.516565,75,49,18
