Distance,Tx Power,Bandwidth,Subband BW,Subband Offset
6922.457033,32.672322,100,45,30
6964.065858,27.264256,100,45,30
6126.520504,26.248178,100,45,30
