Distance,Tx Power,Bandwidth,Subband BW,Subband Offset
7828.842685,20.946327,50,11,3
5988.730589,36.487544,50,11,3
9815.686625,15.991344,50,11,3
