Distance,Tx Power,Bandwidth,Subband BW,Subband Offset
558.093575,59.106179,25,13,1
3328.184041,52.044731,25,13,1
5378.563428,52.344754,25,13,1
