Distance,Tx Power,Bandwidth,Subband BW,Subband Offset
7242.716689,35.550722,25,6,19
7765.955637,29.105332,25,6,19
6565.818880,29.372129,25,6,19
