Distance,Tx Power,Bandwidth,Subband BW,Subband Offset
860.520449,41.999942,100,9,75
3182.735600,18.034681,100,9,75
2107.808394,38.797648,100,9,75
