Distance,Tx Power,Bandwidth,Subband BW,Subband Offset
9325.838997,25.389147,15,10,2
4358.044768,28.470559,15,10,2
2911.273705,19.047055,15,10,2
