Distance,Tx Power,Bandwidth,Subband BW,Subband Offset
7317.637784,23.502715,100,11,50
662.732378,59.434653,100,11,50
7193.478287,49.724378,100,11,50
