Distance,Tx Power,Bandwidth,Subband BW,Subband Offset
4205.800604,28.469140,75,50,14
5264.564610,42.574570,75,50,14
4876.808258,54.152184,75,50,14
