Distance,Tx Power,Bandwidth,Subband BW,Subband Offset
4811.760711,57.817911,25,7,18
442.668680,21.283891,25,7,18
4432.479545,29.778386,25,7,18
