Distance,Tx Power,Bandwidth,Subband BW,Subband Offset
8728.331075,29.074070,25,10,2
7385.814512,20.236732,25,10,2
5903.055650,43.898624,25,10,2
