Distance,Tx Power,Bandwidth,Subband BW,Subband Offset
6139.691551,41.689455,15,9,5
379.249390,42.606817,15,9,5
2605.859098,19.853277,15,9,5
