Distance,Tx Power,Bandwidth,Subband BW,Subband Offset
1934.448240,43.848593,25,22,2
4673.292843,35.259317,25,22,2
832.105402,21.892453,25,22,2
