Distance,Tx Power,Bandwidth,Subband BW,Subband Offset
541.518020,47.383828,15,9,6
8149.701756,47.629160,15,9,6
3556.846480,35.632443,15,9,6
