Distance,Tx Power,Bandwidth,Subband BW,Subband Offset
2118.605584,37.931175,15,10,2
5652.680732,39.128407,15,10,2
7283.809094,45.758997,15,10,2
