Distance,Tx Power,Bandwidth,Subband BW,Subband Offset
5153.088091,49.260186,50,29,7
1802.285801,59.146937,50,29,7
3217.929836,43.917324,50,29,7
