Distance,Tx Power,Bandwidth,Subband BW,Subband Offset
7487.756811,24.518262,100,22,20
5277.221997,52.590515,100,22,20
790.752723,58.878430,100,22,20
