Distance,Tx Power,Bandwidth,Subband BW,Subband Offset
6937.729254,30.969960,15,10,2
1466.545472,30.783186,15,10,2
7787.062029,31.151210,15,10,2
