Distance,Tx Power,Bandwidth,Subband BW,Subband Offset
322.726870,48.886129,50,37,4
5258.953400,36.765877,50,37,4
6156.688437,53.818636,50,37,4
