Distance,Tx Power,Bandwidth,Subband BW,Subband Offset
9375.355076,37.529521,25,8,16
6019.297631,47.297787,25,8,16
2489.758065,35.381361,25,8,16
