Distance,Tx Power,Bandwidth,Subband BW,Subband Offset
8700.736253,52.831011,75,18,1
8615.452959,47.506508,75,18,1
838.365309,49.985576,75,18,1
