Distance,Tx Power,Bandwidth,Subband BW,Subband Offset
9266.693786,38.838899,15,6,5
7484.643718,27.002168,15,6,5
2533.234462,25.125535,15,6,5
