Distance,Tx Power,Bandwidth,Subband BW,Subband Offset
954.816738,44.915877,75,28,45
7872.473876,50.744198,75,28,45
8465.631282,25.583873,75,28,45
