Distance,Tx Power,Bandwidth,Subband BW,Subband Offset
3178.692453,56.289016,50,7,2
7359.496776,49.321968,50,7,2
5875.694502,37.378385,50,7,2
