Distance,Tx Power,Bandwidth,Subband BW,Subband Offset
8953.064887,30.749966,25,9,8
1362.300757,47.006090,25,9,8
590.108034,54.066175,25,9,8
