Distance,Tx Power,Bandwidth,Subband BW,Subband Offset
7826.332821,18.761164,100,37,38
6085.929604,26.286400,100,37,38
7785.687013,57.215408,100,37,38
