Distance,Tx Power,Bandwidth,Subband BW,Subband Offset
1901.123236,26.543838,75,25,48
4206.677811,22.520187,75,25,48
6177.501999,16.475034,75,25,48
