Distance,Tx Power,Bandwidth,Subband BW,Subband Offset
1154.643545,58.161576,15,11,2
1512.223795,53.994741,15,11,2
4361.901744,24.400108,15,11,2
