Distance,Tx Power,Bandwidth,Subband BW,Subband Offset
6116.253254,49.880305,25,21,0
6226.570464,45.244690,25,21,0
2852.849673,18.071776,25,21,0
