Distance,Tx Power,Bandwidth,Subband BW,Subband Offset
5906.686118,49.844582,50,23,3
1648.787528,24.086667,50,23,3
556.933786,19.205115,50,23,3
