Distance,Tx Power,Bandwidth,Subband BW,Subband Offset
5579.253591,57.246133,100,90,9
6078.100559,41.637844,100,90,9
306.157289,19.791616,100,90,9
