Distance,Tx Power,Bandwidth,Subband BW,Subband Offset
9017.277282,19.007642,25,8,1
4689.058176,43.134730,25,8,1
2518.053431,15.960432,25,8,1
