Distance,Tx Power,Bandwidth,Subband BW,Subband Offset
3627.454641,27.805464,50,39,2
3640.243076,34.514681,50,39,2
8864.834526,29.857441,50,39,2
