Distance,Tx Power,Bandwidth,Subband BW,Subband Offset
8987.900626,25.350321,100,83,3
7062.616792,31.757099,100,83,3
9950.552446,15.715626,100,83,3
