Distance,Tx Power,Bandwidth,Subband BW,Subband Offset
3852.738536,54.437464,50,35,6
3117.268993,53.579115,50,35,6
231.241398,23.475843,50,35,6
