Distance,Tx Power,Bandwidth,Subband BW,Subband Offset
1443.187844,39.898044,25,20,4
3728.394888,38.726813,25,20,4
2261.328365,47.438010,25,20,4
