Distance,Tx Power,Bandwidth,Subband BW,Subband Offset
2857.111842,49.394505,50,28,0
3975.283398,44.107025,50,28,0
6074.092458,20.230576,50,28,0
