Distance,Tx Power,Bandwidth,Subband BW,Subband Offset
3140.649348,41.556425,15,6,2
4231.880839,49.154376,15,6,2
8288.238789,16.935191,15,6,2
