Distance,Tx Power,Bandwidth,Subband BW,Subband Offset
5314.612472,15.411596,75,44,10
823.512342,53.733959,75,44,10
7341.044959,35.088595,75,44,10
