Distance,Tx Power,Bandwidth,Subband BW,Subband Offset
7231.046840,16.866502,75,55,5
3232.846756,27.212125,75,55,5
8165.858533,30.822062,75,55,5
