Distance,Tx Power,Bandwidth,Subband BW,Subband Offset
2161.181662,29.936175,25,7,18
1437.357111,41.419975,25,7,18
582.374913,47.015575,25,7,18
