Distance,Tx Power,Bandwidth,Subband BW,Subband Offset
8876.268062,23.922655,100,12,17
8231.872336,35.427263,100,12,17
9282.574542,22.763240,100,12,17
