Distance,Tx Power,Bandwidth,Subband BW,Subband Offset
3825.915322,56.565677,25,8,3
2241.251274,16.688694,25,8,3
1609.206010,27.044844,25,8,3
