Distance,Tx Power,Bandwidth,Subband BW,Subband Offset
1598.283233,34.416744,75,16,33
5925.015130,36.492151,75,16,33
4852.228074,41.191559,75,16,33
