Distance,Tx Power,Bandwidth,Subband BW,Subband Offset
1788.437427,56.959185,25,7,17
5221.471742,53.028563,25,7,17
2822.617569,43.214654,25,7,17
