Distance,Tx Power,Bandwidth,Subband BW,Subband Offset
3464.810221,52.052320,75,40,7
9171.696429,22.065706,75,40,7
6805.485988,42.207883,75,40,7
