Distance,Tx Power,Bandwidth,Subband BW,Subband Offset
1571.231745,28.331046,25,24,0
8829.146583,48.480484,25,24,0
4455.164971,27.269833,25,24,0
