Distance,Tx Power,Bandwidth,Subband BW,Subband Offset
1524.760093,38.378731,25,19,0
9784.128084,34.587731,25,19,0
101.033064,37.555731,25,19,0
