Distance,Tx Power,Bandwidth,Subband BW,Subband Offset
589.589113,58.353395,15,6,4
6183.724294,25.573972,15,6,4
6409.433967,57.106286,15,6,4
