Distance,Tx Power,Bandwidth,Subband BW,Subband Offset
2528.069894,51.699667,50,14,8
3835.503711,30.789313,50,14,8
1678.822686,52.206736,50,14,8
