Distance,Tx Power,Bandwidth,Subband BW,Subband Offset
7060.100708,45.632776,100,26,22
7771.478646,23.072836,100,26,22
4686.227942,33.412202,100,26,22
