Distance,Tx Power,Bandwidth,Subband BW,Subband Offset
5691.097192,15.853674,25,9,5
5393.740964,49.682398,25,9,5
706.870236,35.548810,25,9,5
