Distance,Tx Power,Bandwidth,Subband BW,Subband Offset
6595.755163,17.502009,25,6,9
9832.026248,15.014663,25,6,9
4828.875321,38.904344,25,6,9
