Distance,Tx Power,Bandwidth,Subband BW,Subband Offset
9064.291578,31.401042,75,52,3
1807.224109,32.471546,75,52,3
2272.891277,36.730605,75,52,3
