Distance,Tx Power,Bandwidth,Subband BW,Subband Offset
9541.191940,30.329320,25,14,9
7349.583416,41.462259,25,14,9
235.348757,32.282959,25,14,9
