Distance,Tx Power,Bandwidth,Subband BW,Subband Offset
1601.594613,48.215381,75,24,6
9893.418502,41.685689,75,24,6
9193.553621,35.570758,75,24,6
