Distance,Tx Power,Bandwidth,Subband BW,Subband Offset
7101.307889,43.001868,50,40,9
2716.221805,52.265350,50,40,9
1320.916744,46.566177,50,40,9
