Distance,Tx Power,Bandwidth,Subband BW,Subband Offset
3060.593530,50.936846,15,6,6
3943.947109,37.465284,15,6,6
7022.609856,45.101520,15,6,6
