Distance,Tx Power,Bandwidth,Subband BW,Subband Offset
4055.402655,36.258879,75,10,52
3422.449562,28.710597,75,10,52
586.139311,47.842017,75,10,52
