Distance,Tx Power,Bandwidth,Subband BW,Subband Offset
707.772526,49.080438,15,13,2
572.137248,28.750291,15,13,2
4493.757766,30.790202,15,13,2
