Distance,Tx Power,Bandwidth,Subband BW,Subband Offset
7750.293877,34.163960,50,21,26
7384.110865,55.672832,50,21,26
2666.027169,18.499182,50,21,26
