Distance,Tx Power,Bandwidth,Subband BW,Subband Offset
1277.992085,51.090189,75,60,6
6561.652867,18.927533,75,60,6
143.864772,45.948603,75,60,6
