Distance,Tx Power,Bandwidth,Subband BW,Subband Offset
9670.086005,35.343948,75,41,2
9975.311390,58.532692,75,41,2
9656.372573,35.099631,75,41,2
