Distance,Tx Power,Bandwidth,Subband BW,Subband Offset
935.173799,40.720336,50,26,2
2630.641099,47.327664,50,26,2
6936.658996,36.119126,50,26,2
