Distance,Tx Power,Bandwidth,Subband BW,Subband Offset
8475.400527,49.747423,100,51,4
1521.884280,25.987116,100,51,4
513.827827,25.101463,100,51,4
