Distance,Tx Power,Bandwidth,Subband BW,Subband Offset
8704.559074,49.609116,100,22,26
4129.467606,41.161396,100,22,26
7358.664965,32.065278,100,22,26
