Distance,Tx Power,Bandwidth,Subband BW,Subband Offset
7826.609310,50.746529,75,15,25
5437.730315,34.165100,75,15,25
622.943289,45.060776,75,15,25
