Distance,Tx Power,Bandwidth,Subband BW,Subband Offset
3967.624832,47.691296,100,22,17
5447.582172,21.838727,100,22,17
4126.212537,41.328155,100,22,17
