Distance,Tx Power,Bandwidth,Subband BW,Subband Offset
6463.945491,48.772745,75,7,34
2845.539777,33.900390,75,7,34
4269.650190,51.427747,75,7,34
