Distance,Tx Power,Bandwidth,Subband BW,Subband Offset
7330.048128,54.280910,25,11,3
5291.144202,39.622279,25,11,3
9838.172215,25.515421,25,11,3
