Distance,Tx Power,Bandwidth,Subband BW,Subband Offset
5540.080091,31.353038,100,52,27
8481.110507,33.130983,100,52,27
8002.205808,16.826491,100,52,27
