Distance,Tx Power,Bandwidth,Subband BW,Subband Offset
8523.050817,42.592131,100,47,45
7103.108087,52.496596,100,47,45
3012.355062,28.479726,100,47,45
