Distance,Tx Power,Bandwidth,Subband BW,Subband Offset
102.132762,31.025301,15,13,0
5645.232420,36.371912,15,13,0
5971.113096,18.538647,15,13,0
