Distance,Tx Power,Bandwidth,Subband BW,Subband Offset
2629.031986,17.016915,50,26,17
1245.443829,48.365347,50,26,17
486.371456,22.748010,50,26,17
