Distance,Tx Power,Bandwidth,Subband BW,Subband Offset
9561.421801,42.716792,15,7,8
891.933665,36.716012,15,7,8
355.905211,39.460333,15,7,8
