Distance,Tx Power,Bandwidth,Subband BW,Subband Offset
3923.928746,16.260117,100,69,5
2415.450545,53.631943,100,69,5
7580.145545,32.817950,100,69,5
