Distance,Tx Power,Bandwidth,Subband BW,Subband Offset
6220.479402,58.950514,100,52,47
8264.627669,30.610707,100,52,47
7490.690284,29.279514,100,52,47
