Distance,Tx Power,Bandwidth,Subband BW,Subband Offset
4396.470368,35.063342,15,7,4
8620.540848,32.988594,15,7,4
2550.599091,56.256316,15,7,4
