Distance,Tx Power,Bandwidth,Subband BW,Subband Offset
3584.017427,42.714896,50,42,6
9005.796589,30.334000,50,42,6
4339.851578,39.100081,50,42,6
