Distance,Tx Power,Bandwidth,Subband BW,Subband Offset
6373.330230,33.874966,100,15,47
1667.624432,36.552783,100,15,47
9870.009905,44.637825,100,15,47
