Distance,Tx Power,Bandwidth,Subband BW,Subband Offset
9600.135837,52.317618,50,17,15
8626.519042,20.625861,50,17,15
9416.392892,26.305937,50,17,15
