Distance,Tx Power,Bandwidth,Subband BW,Subband Offset
2968.169725,51.551551,50,28,8
792.794220,25.668325,50,28,8
8990.093704,24.194090,50,28,8
