Distance,Tx Power,Bandwidth,Subband BW,Subband Offset
3045.817461,26.909255,100,81,7
5789.002209,23.469234,100,81,7
8480.738855,45.904169,100,81,7
