Distance,Tx Power,Bandwidth,Subband BW,Subband Offset
3618.211630,40.844504,50,7,10
1434.165196,52.351274,50,7,10
5264.488369,39.841161,50,7,10
