Distance,Tx Power,Bandwidth,Subband BW,Subband Offset
3919.111923,57.040652,100,44,8
9596.459010,37.663884,100,44,8
8125.723089,30.679737,100,44,8
