Distance,Tx Power,Bandwidth,Subband BW,Subband Offset
8176.882325,20.998743,100,85,9
719.884801,38.683579,100,85,9
3621.141492,30.095567,100,85,9
