Distance,Tx Power,Bandwidth,Subband BW,Subband Offset
5644.810558,22.081641,100,16,30
8352.031778,50.699393,100,16,30
1432.257500,52.372792,100,16,30
