Distance,Tx Power,Bandwidth,Subband BW,Subband Offset
573.975101,23.630520,100,33,24
7998.705284,18.974013,100,33,24
2315.191608,20.178784,100,33,24
