Distance,Tx Power,Bandwidth,Subband BW,Subband Offset
3746.623655,55.924501,75,18,46
703.250956,58.541344,75,18,46
1542.327700,22.504376,75,18,46
