Distance,Tx Power,Bandwidth,Subband BW,Subband Offset
7968.974197,50.572804,25,6,1
3944.670395,38.109632,25,6,1
8408.424729,37.522610,25,6,1
