Distance,Tx Power,Bandwidth,Subband BW,Subband Offset
7352.554143,55.296768,25,12,6
8825.399370,48.840616,25,12,6
2956.888426,39.495337,25,12,6
