Distance,Tx Power,Bandwidth,Subband BW,Subband Offset
2226.707861,51.676375,100,12,60
4185.477233,41.830764,100,12,60
989.185401,49.990966,100,12,60
