Distance,Tx Power,Bandwidth,Subband BW,Subband Offset
9011.499849,19.830885,75,29,19
3734.937108,28.347455,75,29,19
426.035398,55.547616,75,29,19
