Distance,Tx Power,Bandwidth,Subband BW,Subband Offset
2828.937422,16.509028,50,7,9
8650.690195,30.126111,50,7,9
9285.024101,55.355241,50,7,9
