Distance,Tx Power,Bandwidth,Subband BW,Subband Offset
5578.619112,26.291563,100,78,9
1635.550926,44.884492,100,78,9
6257.196039,39.930470,100,78,9
