Distance,Tx Power,Bandwidth,Subband BW,Subband Offset
3532.225260,32.252365,25,16,9
5106.690301,35.001427,25,16,9
7515.554359,51.028697,25,16,9
