Distance,Tx Power,Bandwidth,Subband BW,Subband Offset
3868.499441,50.295990,75,48,23
3445.974280,17.239052,75,48,23
3416.796390,32.784036,75,48,23
