Distance,Tx Power,Bandwidth,Subband BW,Subband Offset
180.140214,40.115187,25,11,7
2867.115552,28.626799,25,11,7
5229.087305,44.142826,25,11,7
