Distance,Tx Power,Bandwidth,Subband BW,Subband Offset
4405.166786,15.122570,50,11,1
3756.956812,38.414379,50,11,1
7859.445697,55.252118,50,11,1
