Distance,Tx Power,Bandwidth,Subband BW,Subband Offset
6598.713574,28.476580,50,46,3
5632.124628,48.007250,50,46,3
6582.670088,15.632634,50,46,3
