Distance,Tx Power,Bandwidth,Subband BW,Subband Offset
8385.015798,52.828136,50,18,7
7987.763164,32.486327,50,18,7
4606.102540,22.104553,50,18,7
