Distance,Tx Power,Bandwidth,Subband BW,Subband Offset
281.398253,29.524322,50,23,19
5610.150830,50.829937,50,23,19
9835.974965,51.463392,50,23,19
