Distance,Tx Power,Bandwidth,Subband BW,Subband Offset
5565.325119,28.345488,75,17,7
3053.456608,19.682469,75,17,7
4448.412661,47.093109,75,17,7
