Distance,Tx Power,Bandwidth,Subband BW,Subband Offset
9672.847107,54.284079,15,9,0
3962.013010,49.127689,15,9,0
9915.944931,53.441921,15,9,0
