Distance,Tx Power,Bandwidth,Subband BW,Subband Offset
5076.291520,22.510337,25,6,8
2014.915645,51.837856,25,6,8
4474.928392,47.160044,25,6,8
