Distance,Tx Power,Bandwidth,Subband BW,Subband Offset
3660.149898,21.004926,50,29,14
7439.539687,54.607349,50,29,14
3108.384554,40.607976,50,29,14
